timestamp,update_id,symbol,bid_p_1,bid_v_1,ask_p_1,ask_v_1,bid_p_2,bid_v_2,ask_p_2,ask_v_2,bid_p_3,bid_v_3,ask_p_3,ask_v_3,bid_p_4,bid_v_4,ask_p_4,ask_v_4,bid_p_5,bid_v_5,ask_p_5,ask_v_5,bid_p_6,bid_v_6,ask_p_6,ask_v_6,bid_p_7,bid_v_7,ask_p_7,ask_v_7,bid_p_8,bid_v_8,ask_p_8,ask_v_8,bid_p_9,bid_v_9,ask_p_9,ask_v_9,bid_p_10,bid_v_10,ask_p_10,ask_v_10
1710000000.05,100000,BTCUSDT,77217.90000000001,4.278385167658421,77218.00000000001,3.8393550744347227,77217.8,11.244923457919757,77218.10000000002,6.876328614509058,77217.70000000001,7.725000246818361,77218.20000000001,2.883197231996555,77217.6,16.41422990063325,77218.30000000002,9.5457181734187,77217.50000000001,2.9547505009957877,77218.40000000001,2.8027159549986536,77217.40000000001,2.4104456913290284,77218.50000000001,3.0510149178419086,77217.3,4.1757113234434176,77218.60000000002,3.462148267121347,77217.20000000001,2.176891970215766,77218.70000000001,4.5854834955991945,77217.1,1.0009381149093546,77218.80000000002,1.782062048009609,77217.00000000001,1.8251088728833882,77218.90000000001,2.4357387514391
1710000000.1,100001,BTCUSDT,77217.8,4.490943448514761,77218.0,6.4881166201325104,77217.7,6.790018885239043,77218.1,3.3902553990256346,77217.6,6.541332082598441,77218.2,3.547845007909666,77217.5,2.6690557235172174,77218.3,14.294751174027724,77217.40000000001,15.48252136984469,77218.4,8.609326291251506,77217.3,3.053151439875033,77218.5,2.011109260010025,77217.2,5.811003052394647,77218.6,3.5203633703415935,77217.1,1.3206089358177946,77218.7,3.5341889125366004,77217.0,0.5399748857739164,77218.8,10.001691549572095,77216.90000000001,1.1978311073627443,77218.9,4.345023194259921
1710000000.1499999,100002,BTCUSDT,77218.1,4.417554398031623,77218.20000000001,17.571228530944907,77218.0,9.168981508552562,77218.30000000002,14.420377677166329,77217.90000000001,11.808607990136787,77218.40000000001,6.4442176495331,77217.8,12.59774151707762,77218.50000000001,2.770621835812463,77217.70000000001,2.87253877852507,77218.6,2.185127862747328,77217.6,3.1741283472123474,77218.70000000001,3.5685211671768746,77217.5,2.466241772835303,77218.80000000002,8.258231460963735,77217.40000000001,2.5649079981194807,77218.90000000001,2.1192113605369967,77217.3,3.529628332830984,77219.00000000001,1.0075925912825154,77217.20000000001,6.481934383098925,77219.1,0.30990347524523604
1710000000.1999998,100003,BTCUSDT,77218.1,9.517935104966046,77218.40000000001,4.486157762023544,77218.0,3.2221496815037423,77218.50000000001,9.959587109944504,77217.90000000001,7.7083836295481785,77218.6,8.022651635151997,77217.8,8.300858104174054,77218.70000000001,2.7077170620551856,77217.70000000001,3.7755706896649297,77218.8,2.4926004184177986,77217.6,9.55411828663289,77218.90000000001,5.505204766849497,77217.5,2.807275205005204,77219.00000000001,1.4626722632191318,77217.40000000001,2.289953401641415,77219.1,2.3732568527365254,77217.3,5.631503135830964,77219.20000000001,4.45955743570408,77217.20000000001,8.729007649606059,77219.3,2.556264533505239
1710000000.2499998,100004,BTCUSDT,77218.2,6.895549979543315,77218.3,9.495559866885458,77218.09999999999,5.923258926041112,77218.40000000001,6.158715355109068,77218.0,5.031256775633709,77218.5,2.9029910959604552,77217.9,2.8566697407674635,77218.6,2.5277347251722158,77217.8,6.046918203710198,77218.7,3.509586835180399,77217.7,4.44174870853676,77218.8,11.125062119383902,77217.59999999999,2.3469552919331935,77218.90000000001,3.3131278995306905,77217.5,6.434996590154333,77219.0,1.8392206276695762,77217.4,0.7204171142007054,77219.1,1.7685612155482282,77217.3,0.7032334340002514,77219.2,10.619800343522499
1710000000.2999997,100005,BTCUSDT,77218.3,7.613976762082125,77218.5,11.806078922083252,77218.2,9.711875762962226,77218.6,4.0259819054345565,77218.1,11.723253620942245,77218.7,5.9003996078646885,77218.0,8.989393165214265,77218.8,11.456970597144926,77217.90000000001,3.530922865673274,77218.9,2.4663686404954035,77217.8,2.6347469845575255,77219.0,3.8282307709944576,77217.7,8.01531890655578,77219.1,9.085379887519334,77217.6,0.8279056367266027,77219.2,3.659504637354223,77217.5,2.561093283674685,77219.3,1.4046693531032979,77217.40000000001,0.5107215661825872,77219.4,1.6476343194497298
1710000000.3499997,100006,BTCUSDT,77218.3,8.45634790752342,77218.5,5.40789799586785,77218.2,17.471192553166798,77218.6,16.32803945816559,77218.1,3.9602451799688216,77218.7,5.550637113855389,77218.0,3.8317218403161872,77218.8,3.7409987055243272,77217.90000000001,2.15033791106209,77218.9,5.761968283930372,77217.8,4.394078531318554,77219.0,1.81140434952157,77217.7,2.5065036840414776,77219.1,10.755443804357363,77217.6,1.8954422085683083,77219.2,1.426123443941879,77217.5,3.089088437894545,77219.3,17.376147930461038,77217.40000000001,1.1085792542389048,77219.4,4.460620041189173
1710000000.3999996,100007,BTCUSDT,77218.1,4.685332689343223,77218.3,8.810995713969264,77218.0,5.034091197057216,77218.40000000001,7.202014990927085,77217.90000000001,6.815351308550554,77218.5,5.869540999809395,77217.8,2.778516635246484,77218.6,9.614579176985188,77217.70000000001,3.5472411746695864,77218.7,2.825728426430226,77217.6,1.7665190391773808,77218.8,5.175113618378334,77217.5,5.727406937069396,77218.90000000001,1.2669077902338826,77217.40000000001,3.6705223381979533,77219.0,1.8272965882198307,77217.3,4.544497366190768,77219.1,1.166416890156535,77217.20000000001,4.696850110270876,77219.2,1.9558348039244071
1710000000.4499996,100008,BTCUSDT,77218.1,4.081777140147985,77218.3,13.944761588602894,77218.0,11.593334828643975,77218.40000000001,4.393309480245955,77217.90000000001,7.115050956175658,77218.5,9.597936290556886,77217.8,5.640529442746033,77218.6,5.417117640775785,77217.70000000001,3.1075081817516126,77218.7,2.390904561899763,77217.6,10.700492900778091,77218.8,10.827097710593707,77217.5,5.210679677931539,77218.90000000001,2.856186039245296,77217.40000000001,2.5182704632465756,77219.0,5.977861718908472,77217.3,9.49638939642901,77219.1,9.124530277586453,77217.20000000001,6.054248767723613,77219.2,4.10924277427082
1710000000.4999995,100009,BTCUSDT,77218.1,4.305176858733646,77218.20000000001,12.752922000710022,77218.0,6.929975787862358,77218.30000000002,3.236958422443978,77217.90000000001,3.2279876057437975,77218.40000000001,7.156649549160964,77217.8,2.4202977482071883,77218.50000000001,3.1012632644167963,77217.70000000001,5.182791384555727,77218.6,6.709261146619251,77217.6,5.821765928540994,77218.70000000001,2.615799469232098,77217.5,6.181669155594156,77218.80000000002,2.283295036211224,77217.40000000001,2.374539635672338,77218.90000000001,6.289430206663162,77217.3,4.595095257211073,77219.00000000001,7.967824309853604,77217.20000000001,4.28725315267905,77219.1,3.3601772223490296
1710000000.5499995,100010,BTCUSDT,77218.0,4.718800814649685,77218.1,18.049237624651703,77217.9,5.1975499881600955,77218.20000000001,12.104220844994092,77217.8,6.789337542945933,77218.3,9.135301010753599,77217.7,5.193741297555082,77218.40000000001,5.8406236105663405,77217.6,4.713173733366774,77218.5,2.868859581300954,77217.5,6.727047212263216,77218.6,2.918309473465052,77217.4,1.2984659243227545,77218.70000000001,5.347875145181096,77217.3,1.5797342808992907,77218.8,12.084332589093213,77217.2,12.710249651152093,77218.90000000001,10.254039538535366,77217.1,1.8491495859894669,77219.0,0.1
1710000000.5999994,100011,BTCUSDT,77217.90000000001,5.835753108212245,77218.1,17.203368064488224,77217.8,16.454941904520823,77218.20000000001,10.869548068717677,77217.70000000001,4.195104272688641,77218.3,4.745167728394774,77217.6,10.01890660991232,77218.40000000001,3.9245849257228684,77217.50000000001,2.7428744651830193,77218.5,5.254947968240911,77217.40000000001,12.605173883228167,77218.6,6.363302391031748,77217.3,4.576449345742622,77218.70000000001,1.6089127893972917,77217.20000000001,4.618122862070871,77218.8,19.24227899138527,77217.1,1.0036823465690565,77218.90000000001,3.3219812999260148,77217.00000000001,8.394434551603178,77219.0,5.40013699341468
1710000000.6499994,100012,BTCUSDT,77217.90000000001,4.990248337068381,77218.00000000001,10.229498029038849,77217.8,9.845312796348114,77218.10000000002,11.271800189471659,77217.70000000001,12.578463847346546,77218.20000000001,5.664372947731615,77217.6,5.184737510204798,77218.30000000002,8.803799729233951,77217.50000000001,6.198876299551201,77218.40000000001,6.842202594046068,77217.40000000001,7.954477899816819,77218.50000000001,10.429293905387068,77217.3,2.8499296285506173,77218.60000000002,3.0837471549102258,77217.20000000001,1.1947841567494422,77218.70000000001,4.253656106437739,77217.1,0.546416416843428,77218.80000000002,2.9064277927284383,77217.00000000001,3.129178342748504,77218.90000000001,1.35052264125809
1710000000.6999993,100013,BTCUSDT,77218.0,3.723900248405898,77218.1,3.7522539971311577,77217.9,10.117405478152545,77218.20000000001,4.986340096830979,77217.8,3.343556165189712,77218.3,5.754614353116063,77217.7,8.278591761782941,77218.40000000001,3.372472013719614,77217.6,5.900878474625971,77218.5,2.356844115959589,77217.5,1.8122603836412376,77218.6,4.631635762502084,77217.4,4.311641770778969,77218.70000000001,5.258149792818464,77217.3,5.979842251666737,77218.8,15.694228034799972,77217.2,3.305164476921425,77218.90000000001,1.960078856423915,77217.1,6.342615918930745,77219.0,1.2634058617445492
1710000000.7499993,100014,BTCUSDT,77217.90000000001,4.361226144568435,77218.00000000001,4.280482966291417,77217.8,4.352023956506335,77218.10000000002,6.387162593253258,77217.70000000001,7.815397151107103,77218.20000000001,7.117561398787194,77217.6,3.713649045555984,77218.30000000002,14.792413994225226,77217.50000000001,7.356069619500905,77218.40000000001,5.232921927725325,77217.40000000001,5.384121888149741,77218.50000000001,3.7761514621282055,77217.3,2.338645169096254,77218.60000000002,2.9600565172924496,77217.20000000001,6.472727391026853,77218.70000000001,0.8579923188832171,77217.1,0.8935215689599042,77218.80000000002,0.5883775078100821,77217.00000000001,0.1663258076691697,77218.90000000001,7.736812134462634
1710000000.7999992,100015,BTCUSDT,77218.0,6.17113837765157,77218.1,4.011827673791253,77217.9,5.906071863188933,77218.20000000001,5.765801328377485,77217.8,3.5607788512009,77218.3,5.075596525209296,77217.7,4.433346458332828,77218.40000000001,6.2268897316525385,77217.6,6.032458144163648,77218.5,2.185449296082139,77217.5,3.4775360186202464,77218.6,5.532499979130915,77217.4,3.997757810431159,77218.70000000001,8.965397812701756,77217.3,5.099899056219991,77218.8,1.5114114750692293,77217.2,0.6927297450249634,77218.90000000001,4.513576588435565,77217.1,0.10747629066957771,77219.0,3.5253895112291627
1710000000.8499992,100016,BTCUSDT,77217.8,7.723308631379927,77218.0,6.051823896204365,77217.7,6.35525744230528,77218.1,14.552508584931996,77217.6,4.751710109400749,77218.2,15.796367446027016,77217.5,11.830304735079677,77218.3,3.2715850437618004,77217.40000000001,2.2875366212126282,77218.4,2.424901341926521,77217.3,1.673559551388935,77218.5,1.9968200466230166,77217.2,5.795499490308669,77218.6,1.4953985077857084,77217.1,2.336628753179474,77218.7,8.254104160389108,77217.0,0.49418801272284607,77218.8,7.138122024743835,77216.90000000001,1.3243338673585179,77218.9,0.5030004793164305
1710000000.8999991,100017,BTCUSDT,77218.0,7.565596705732881,77218.1,11.997663256347787,77217.9,8.5131743150576,77218.20000000001,9.707983223975912,77217.8,4.125335449226954,77218.3,3.581333184161788,77217.7,7.9550255840216995,77218.40000000001,8.976836732973679,77217.6,20.628019560560922,77218.5,4.12831741661042,77217.5,3.460975647846931,77218.6,7.591818013374349,77217.4,2.866934683723013,77218.70000000001,11.880551697597305,77217.3,8.619356628664997,77218.8,3.041422437768639,77217.2,5.959138865981845,77218.90000000001,6.018531947420069,77217.1,0.4353500752268721,77219.0,9.313782723470528
1710000000.949999,100018,BTCUSDT,77217.90000000001,12.635162058183704,77218.00000000001,5.5719538162406845,77217.8,3.243587226460702,77218.10000000002,12.631629187849814,77217.70000000001,3.1829024421939014,77218.20000000001,4.338614533540156,77217.6,14.387889532753142,77218.30000000002,14.431798160415958,77217.50000000001,5.407989164221055,77218.40000000001,5.996920321562099,77217.40000000001,3.9800586544914305,77218.50000000001,2.988091114984788,77217.3,2.793945338201559,77218.60000000002,5.665294319714025,77217.20000000001,6.383351494652309,77218.70000000001,7.0727816648845945,77217.1,6.635324127394967,77218.80000000002,0.7825477861612777,77217.00000000001,2.728198386293424,77218.90000000001,0.23712682579495117
1710000000.999999,100019,BTCUSDT,77218.0,5.930221099949135,77218.1,12.346474656883204,77217.9,4.928766477871541,77218.20000000001,3.6980239102098036,77217.8,3.4172306181684777,77218.3,8.533722188316375,77217.7,6.25162271899214,77218.40000000001,2.8264348489815423,77217.6,2.3514220866744204,77218.5,6.828833886612399,77217.5,1.9021843581031885,77218.6,8.500743415234325,77217.4,6.09999901252002,77218.70000000001,1.5393950023212484,77217.3,1.1546154711112269,77218.8,18.06183424823237,77217.2,2.2753503302091582,77218.90000000001,2.25222104190125,77217.1,6.702301613130708,77219.0,11.768658151852975
1710000001.049999,100020,BTCUSDT,77217.90000000001,3.948775974791829,77218.20000000001,9.604970161818503,77217.8,6.4694416302459725,77218.30000000002,5.408132501219895,77217.70000000001,12.272950701912363,77218.40000000001,3.2715208318875213,77217.6,5.114020437491817,77218.50000000001,2.445674357730167,77217.50000000001,4.529417478331705,77218.6,2.231801724263703,77217.40000000001,2.105963983724685,77218.70000000001,2.1001049280298254,77217.3,5.3902735456278865,77218.80000000002,6.682390870385891,77217.20000000001,4.302215108811474,77218.90000000001,13.898880836409509,77217.1,2.2791863116810687,77219.00000000001,1.7458766296822348,77217.00000000001,8.118010152680919,77219.1,1.0123282709274135
1710000001.099999,100021,BTCUSDT,77218.0,3.648915777435877,77218.3,17.61010769151793,77217.9,3.3764759944740077,77218.40000000001,12.070884916640036,77217.8,5.800573001397561,77218.5,22.627314431704132,77217.7,2.7066455038178203,77218.6,5.628438654933396,77217.6,15.93430088502402,77218.7,4.961775732724176,77217.5,5.570513161524749,77218.8,6.359604952467096,77217.4,3.6245110227078037,77218.90000000001,5.1506966920320885,77217.3,4.311303447223023,77219.0,10.05693107793059,77217.2,0.5860458469739239,77219.1,1.719370903595034,77217.1,12.015984023443725,77219.2,8.838703313813944
1710000001.149999,100022,BTCUSDT,77218.0,4.433616645744258,77218.1,6.092234395216395,77217.9,4.943814138466934,77218.20000000001,6.704974824026572,77217.8,3.1236891377327396,77218.3,17.45984049009027,77217.7,19.535462302210156,77218.40000000001,7.191455527651158,77217.6,5.07231373764836,77218.5,3.4815172062174398,77217.5,8.323628669951987,77218.6,6.217318334595262,77217.4,1.9098946164019537,77218.70000000001,10.873204367996511,77217.3,7.715978045469085,77218.8,12.766954100133745,77217.2,5.574416016784538,77218.90000000001,4.2016160783654914,77217.1,2.1668100263724535,77219.0,10.796073446188473
1710000001.1999989,100023,BTCUSDT,77218.0,3.785091754612491,77218.2,3.7068832674660457,77217.9,5.089391046333052,77218.3,9.854590891984344,77217.8,20.25710187288067,77218.4,3.452038039737919,77217.7,6.006896520862943,77218.5,4.317894799032385,77217.6,16.01483421750385,77218.59999999999,9.383652829734539,77217.5,8.888760185879429,77218.7,4.129662284559094,77217.4,3.3433397453093963,77218.8,2.477555568600245,77217.3,1.032107855379345,77218.9,8.801704560013242,77217.2,7.104469756999692,77219.0,33.08978239127233,77217.1,22.779493602977333,77219.09999999999,3.242606370565576
1710000001.2499988,100024,BTCUSDT,77217.90000000001,4.153185377252354,77218.1,15.920895145766835,77217.8,6.927390810354472,77218.20000000001,4.238414901673935,77217.70000000001,7.255318156693001,77218.3,6.6506817389722865,77217.6,4.173681849188425,77218.40000000001,2.8821564855938773,77217.50000000001,6.453765134076408,77218.5,4.938441696744151,77217.40000000001,7.519228323842061,77218.6,4.5372394416940605,77217.3,8.847080445233935,77218.70000000001,4.41101647608595,77217.20000000001,4.092458323920589,77218.8,9.171034572919087,77217.1,2.466589255952468,77218.90000000001,0.9755518215611958,77217.00000000001,0.11682008572837874,77219.0,5.628229810650343
1710000001.2999988,100025,BTCUSDT,77217.90000000001,8.470661391191506,77218.00000000001,4.557925973973774,77217.8,3.786450204913115,77218.10000000002,3.2586059050626752,77217.70000000001,4.526749046060277,77218.20000000001,6.365589502659779,77217.6,4.391927470244603,77218.30000000002,4.701278251313726,77217.50000000001,11.380246091925766,77218.40000000001,3.7124104577004466,77217.40000000001,4.486100112289284,77218.50000000001,7.723486950878806,77217.3,3.220320525196719,77218.60000000002,5.092361901412342,77217.20000000001,8.732562574737226,77218.70000000001,12.744761661498671,77217.1,1.0363275172593438,77218.80000000002,10.846651052168315,77217.00000000001,2.7100111239821225,77218.90000000001,1.194941817405583
1710000001.3499987,100026,BTCUSDT,77217.90000000001,5.194464128401999,77218.00000000001,7.613945095830639,77217.8,4.298513870862412,77218.10000000002,3.5155812199049405,77217.70000000001,3.351900878849664,77218.20000000001,3.348073696268029,77217.6,3.0590396062266922,77218.30000000002,2.9978402642700663,77217.50000000001,6.096336204303226,77218.40000000001,2.8029854281379265,77217.40000000001,3.296557263179221,77218.50000000001,10.68389650051343,77217.3,3.769524566586375,77218.60000000002,5.605156334609522,77217.20000000001,1.556514068452866,77218.70000000001,1.6542039239803803,77217.1,0.5669088508702612,77218.80000000002,1.1401893762623234,77217.00000000001,1.306192474524582,77218.90000000001,0.7792472699324318
1710000001.3999987,100027,BTCUSDT,77217.90000000001,4.11422485397341,77218.00000000001,6.0705173734615165,77217.8,4.124368825380387,77218.10000000002,5.011924462043674,77217.70000000001,5.600020738857322,77218.20000000001,7.489829736050169,77217.6,2.560422920400062,77218.30000000002,8.825976975304478,77217.50000000001,5.954374761469186,77218.40000000001,2.341181721505337,77217.40000000001,9.872538793952362,77218.50000000001,11.746774185515712,77217.3,1.4520913102406539,77218.60000000002,2.4967073725146034,77217.20000000001,7.36374073290657,77218.70000000001,6.317428960857233,77217.1,1.2159185282472018,77218.80000000002,1.339596124726133,77217.00000000001,1.851140440097479,77218.90000000001,2.6506502586744576
1710000001.4499986,100028,BTCUSDT,77217.90000000001,9.10491576155937,77218.00000000001,3.7494918092859137,77217.8,4.363746487529589,77218.10000000002,8.197967499824102,77217.70000000001,11.823067017322455,77218.20000000001,5.667116448833603,77217.6,5.4381180094122765,77218.30000000002,2.8534453541626537,77217.50000000001,4.372572984334203,77218.40000000001,5.04242719622116,77217.40000000001,2.710771213042613,77218.50000000001,2.8546984475141755,77217.3,3.094659939209888,77218.60000000002,1.2811014430012582,77217.20000000001,2.354899045024543,77218.70000000001,1.7502277424945194,77217.1,1.9869969209279308,77218.80000000002,0.9102524131391251,77217.00000000001,8.848319599772099,77218.90000000001,3.601595255518239
1710000001.4999986,100029,BTCUSDT,77217.7,9.826836129511165,77217.8,6.360145687395541,77217.59999999999,3.5637283780698237,77217.90000000001,6.28103345317929,77217.5,6.335692231485495,77218.0,8.272866595233637,77217.4,4.660138597531929,77218.1,2.9459386669172494,77217.3,3.3350487210468156,77218.2,3.804459301898494,77217.2,5.752898446487446,77218.3,4.983126884805678,77217.09999999999,2.960827038607225,77218.40000000001,18.42478308867925,77217.0,4.523332033868837,77218.5,1.8831781150271998,77216.9,0.8293720184995474,77218.6,1.0635531703593035,77216.8,1.1292273975805638,77218.7,0.7006594998171761
1710000001.5499985,100030,BTCUSDT,77217.7,12.683005797423661,77217.8,3.934542850368001,77217.59999999999,6.173649400450811,77217.90000000001,5.31322222595721,77217.5,18.954568664063682,77218.0,3.27530938278962,77217.4,4.429031974969722,77218.1,16.35623865650686,77217.3,10.024976247872619,77218.2,8.794652136144718,77217.2,2.7931003341340186,77218.3,2.3495981311459504,77217.09999999999,5.618238394727134,77218.40000000001,11.801540379839821,77217.0,4.054601687618969,77218.5,4.190910245834346,77216.9,1.7139001232426034,77218.6,6.269895033648354,77216.8,0.8283119285842834,77218.7,1.5643512524769305
1710000001.5999985,100031,BTCUSDT,77217.6,6.433939850578794,77217.70000000001,4.710450334278423,77217.5,3.687933088576542,77217.80000000002,6.972798629717426,77217.40000000001,4.162253473746167,77217.90000000001,6.281812273169775,77217.3,3.0706590110827197,77218.00000000001,5.0244855121141105,77217.20000000001,5.042188992516311,77218.1,2.2128586058284854,77217.1,3.2415344055216933,77218.20000000001,2.1773973073277264,77217.0,1.4618890350900997,77218.30000000002,19.604805245581296,77216.90000000001,2.356520090077681,77218.40000000001,7.440282455079594,77216.8,1.5755553371736055,77218.50000000001,4.9765654040814065,77216.70000000001,5.712264891312834,77218.6,3.621786376676559
1710000001.6499984,100032,BTCUSDT,77217.5,14.210224192883123,77217.6,10.702428284567192,77217.4,16.612705557662768,77217.70000000001,3.730914167344422,77217.3,8.05020545384203,77217.8,13.944509061044963,77217.2,3.199823238803191,77217.90000000001,2.675241269889988,77217.1,7.405572612754488,77218.0,5.417708576794679,77217.0,8.976308565285912,77218.1,2.2022329856567704,77216.9,7.544200444127473,77218.20000000001,2.100719092268092,77216.8,1.514860795862072,77218.3,1.517778626239803,77216.7,7.140413130256035,77218.40000000001,4.776854556063876,77216.6,2.9615038253841774,77218.5,1.7778456067122725
1710000001.6999984,100033,BTCUSDT,77217.40000000001,5.59325099878978,77217.6,10.384330651392279,77217.3,5.513099524455521,77217.70000000001,5.092478263270949,77217.20000000001,5.284644239598411,77217.8,4.2345811017225685,77217.1,7.907109251747758,77217.90000000001,5.194411262782385,77217.00000000001,3.056970123988261,77218.0,11.193359398202334,77216.90000000001,3.5373269694348455,77218.1,4.737129528711054,77216.8,10.677982434838505,77218.20000000001,5.115197215429323,77216.70000000001,1.297258463431119,77218.3,12.042466735728837,77216.6,4.352307715739305,77218.40000000001,2.0313052622052377,77216.50000000001,0.5999072824657032,77218.5,6.320005582721068
1710000001.7499983,100034,BTCUSDT,77217.5,9.815960054784288,77217.6,4.257965280505363,77217.4,4.694250205583202,77217.70000000001,4.342678474195352,77217.3,8.249472247473646,77217.8,2.936430159431352,77217.2,5.774854225544573,77217.90000000001,8.149654863439116,77217.1,10.374669377543752,77218.0,3.674698374180371,77217.0,8.487231854164012,77218.1,2.0689755403951096,77216.9,8.69497582884675,77218.20000000001,1.7455185221122835,77216.8,2.825258524839457,77218.3,7.184021453305959,77216.7,1.0496871596816648,77218.40000000001,1.4415720897790036,77216.6,5.124172390579622,77218.5,5.092384687966779
1710000001.7999983,100035,BTCUSDT,77217.5,8.336006836350467,77217.6,6.729876404782553,77217.4,4.360334797037639,77217.70000000001,4.896732775173054,77217.3,3.601605098066128,77217.8,12.363504557294608,77217.2,5.902436218546395,77217.90000000001,4.44898263791609,77217.1,4.479630025284653,77218.0,13.771294947988844,77217.0,2.2658782005140026,77218.1,5.129778436434217,77216.9,4.01997776317271,77218.20000000001,4.981377272012291,77216.8,0.873104721625989,77218.3,9.026774090162787,77216.7,11.159954146765008,77218.40000000001,3.7308618557735906,77216.6,4.771482962103833,77218.5,10.229877431382505
1710000001.8499982,100036,BTCUSDT,77217.5,7.332883428136061,77217.6,5.8074980156912845,77217.4,8.53396121553357,77217.70000000001,14.0947075430499,77217.3,13.19150485221647,77217.8,5.197457185214471,77217.2,2.880714818207137,77217.90000000001,19.156695956482828,77217.1,9.30287244327377,77218.0,2.532583838868254,77217.0,11.745231763853104,77218.1,9.757695724907453,77216.9,4.1262055438745975,77218.20000000001,4.7788551473163,77216.8,2.8366593736360546,77218.3,1.025272596973175,77216.7,2.0330595452029647,77218.40000000001,6.895231644264715,77216.6,0.1,77218.5,1.6228555863606748
1710000001.8999982,100037,BTCUSDT,77217.40000000001,6.683532096495528,77217.50000000001,13.695701904612166,77217.3,4.90070844356316,77217.60000000002,4.9044259438339814,77217.20000000001,8.150035806662263,77217.70000000001,5.207511093969358,77217.1,3.417529894810902,77217.80000000002,4.80912940230462,77217.00000000001,2.607279687725548,77217.90000000001,2.776218012832387,77216.90000000001,4.359552171211271,77218.00000000001,3.771504865024028,77216.8,11.053170941011253,77218.10000000002,3.0001383321589135,77216.70000000001,4.275609535141088,77218.20000000001,4.801563090071392,77216.6,0.4527237793026369,77218.30000000002,4.757072788143956,77216.50000000001,0.7842345607969928,77218.40000000001,12.983993089089706
1710000001.9499981,100038,BTCUSDT,77217.40000000001,26.67232646060304,77217.50000000001,6.3901874626329045,77217.3,6.819277296355783,77217.60000000002,3.477728203313017,77217.20000000001,8.344545020863997,77217.70000000001,3.742411353001053,77217.1,11.533259427246522,77217.80000000002,3.318355312643334,77217.00000000001,2.8462817192352636,77217.90000000001,2.1489373674306886,77216.90000000001,4.155143173181855,77218.00000000001,4.928176414704723,77216.8,1.4718677607166262,77218.10000000002,7.176010374393489,77216.70000000001,3.215338601174487,77218.20000000001,3.7726306183703873,77216.6,2.724725887150321,77218.30000000002,2.4483928050996853,77216.50000000001,3.280653828551499,77218.40000000001,0.6748120270438219
1710000001.999998,100039,BTCUSDT,77217.40000000001,11.515797313184562,77217.50000000001,15.283646837058741,77217.3,5.069208749900555,77217.60000000002,4.462925462770665,77217.20000000001,6.931293060377829,77217.70000000001,4.9019582704289855,77217.1,2.5028565949305883,77217.80000000002,3.0791344131980427,77217.00000000001,7.034733039412182,77217.90000000001,6.302599129270143,77216.90000000001,1.7098794315377606,77218.00000000001,2.6039718954668203,77216.8,2.251046315803724,77218.10000000002,5.657658891311407,77216.70000000001,0.8796295251685576,77218.20000000001,1.2397442344054914,77216.6,6.836073709184967,77218.30000000002,1.1867108378071414,77216.50000000001,4.230796355682307,77218.40000000001,1.088194488835981
1710000002.049998,100040,BTCUSDT,77217.40000000001,11.343345349815719,77217.50000000001,10.693003999902258,77217.3,5.2245699579003535,77217.60000000002,7.61150711361838,77217.20000000001,3.7175736413159233,77217.70000000001,4.187734354450067,77217.1,11.466394514523618,77217.80000000002,2.4523487535851403,77217.00000000001,2.3575485585217963,77217.90000000001,2.932201120959261,77216.90000000001,1.7075621408972677,77218.00000000001,2.400812013161091,77216.8,4.699074914977467,77218.10000000002,3.388745273471202,77216.70000000001,9.72745208328731,77218.20000000001,7.602783612077913,77216.6,2.0730912206761283,77218.30000000002,1.6013050085891143,77216.50000000001,1.910159232434151,77218.40000000001,3.569271000573221
1710000002.099998,100041,BTCUSDT,77217.40000000001,7.5142489821883505,77217.50000000001,5.706544157119245,77217.3,6.412269466059378,77217.60000000002,5.491701580364449,77217.20000000001,4.195199901049333,77217.70000000001,14.661068884608815,77217.1,8.169018014930545,77217.80000000002,3.003817992492084,77217.00000000001,10.114019710877296,77217.90000000001,4.673281318647666,77216.90000000001,10.598157961158973,77218.00000000001,8.034857815719601,77216.8,3.4150264770344294,77218.10000000002,1.2909023579101606,77216.70000000001,2.051602191105947,77218.20000000001,3.920351022719185,77216.6,4.414789327738146,77218.30000000002,1.5930187197157557,77216.50000000001,0.6002976753228622,77218.40000000001,7.205548348649566
1710000002.149998,100042,BTCUSDT,77217.2,4.871505886915731,77217.5,3.674247549643064,77217.09999999999,13.02755411077423,77217.6,3.701124175384812,77217.0,6.236962675472624,77217.7,4.081125314411172,77216.9,5.631342061627942,77217.8,6.615554535944108,77216.8,9.081756769689441,77217.9,2.9248101100181434,77216.7,1.6442269185267888,77218.0,2.188832282749562,77216.59999999999,10.411086115412726,77218.1,9.48240540821249,77216.5,4.43937724078597,77218.2,4.470334874021388,77216.4,4.7749369176300505,77218.3,1.1712881145542087,77216.3,9.832838243085206,77218.4,2.170438537385272
1710000002.199998,100043,BTCUSDT,77217.3,6.526867730490724,77217.40000000001,3.792418657167909,77217.2,3.9274468201970896,77217.50000000001,8.558156361695854,77217.1,3.145713102687375,77217.6,6.496808875940463,77217.0,3.5260001344017633,77217.70000000001,4.372569027700754,77216.90000000001,3.362608767816584,77217.8,3.758193910891414,77216.8,6.6782559465547475,77217.90000000001,3.0102861584222036,77216.7,4.542574122822809,77218.00000000001,3.785439146761047,77216.6,5.158663692370713,77218.1,11.847686590051877,77216.5,5.675621085020172,77218.20000000001,1.3679824529761893,77216.40000000001,0.12671871529703138,77218.3,1.2166772080223516
1710000002.2499979,100044,BTCUSDT,77217.3,7.23371535995024,77217.40000000001,5.227327511752401,77217.2,9.094599836586939,77217.50000000001,3.650875659058712,77217.1,3.112442023168988,77217.6,8.010589640865572,77217.0,5.136680906652275,77217.70000000001,7.064170622932564,77216.90000000001,4.282495996515429,77217.8,3.1315850150341262,77216.8,8.439294794284784,77217.90000000001,8.02608625584076,77216.7,5.945795278836486,77218.00000000001,2.4706144599521283,77216.6,4.368643518893857,77218.1,2.5912399023192885,77216.5,0.7842029384266129,77218.20000000001,10.370799374150566,77216.40000000001,0.5885217952780801,77218.3,12.00196261249105
1710000002.2999978,100045,BTCUSDT,77217.2,4.418921127653864,77217.3,6.722679384606947,77217.09999999999,11.452567177128234,77217.40000000001,8.470431116521894,77217.0,9.37117530429503,77217.5,7.1009508606816105,77216.9,7.114215344566129,77217.6,9.967087952201119,77216.8,3.1489580621604807,77217.7,4.688870664684965,77216.7,2.6000525164244896,77217.8,19.18223366962132,77216.59999999999,12.73385514928166,77217.90000000001,1.3609004048215165,77216.5,5.690926252782916,77218.0,11.174334229901023,77216.4,1.1966113015514002,77218.1,3.756811670583609,77216.3,9.88346105650212,77218.2,0.13814209417684725
1710000002.3499978,100046,BTCUSDT,77217.3,17.769879690489013,77217.40000000001,15.148694724963898,77217.2,5.771445620793833,77217.50000000001,11.123242826941432,77217.1,10.245709093196316,77217.6,4.337362086078137,77217.0,9.462390165578613,77217.70000000001,2.5508391810756392,77216.90000000001,5.628034561151228,77217.8,3.045504964789143,77216.8,2.1139110698865764,77217.90000000001,1.9203013732175311,77216.7,5.966711798752948,77218.00000000001,2.861304052274268,77216.6,5.96054574888151,77218.1,1.0703597419578974,77216.5,1.9150415256707127,77218.20000000001,3.501694057600198,77216.40000000001,6.25638933335195,77218.3,1.5353184281606358
1710000002.3999977,100047,BTCUSDT,77217.2,12.28544663489708,77217.3,7.4270260362883445,77217.09999999999,4.260862571863398,77217.40000000001,3.298813654976621,77217.0,10.963926745496726,77217.5,2.8859954566410457,77216.9,10.708231066416682,77217.6,5.4110548818782185,77216.8,13.191967371170652,77217.7,8.413490092092502,77216.7,26.328777643389305,77217.8,3.3275144673931347,77216.59999999999,7.030101036445831,77217.90000000001,3.2561960104917635,77216.5,3.4147492171407654,77218.0,4.7501316305124615,77216.4,8.67565625612956,77218.1,16.961588147365234,77216.3,5.8487884413569,77218.2,2.1635367743645673
1710000002.4499977,100048,BTCUSDT,77217.2,4.0682666783226455,77217.3,5.351677326376466,77217.09999999999,4.554436425671304,77217.40000000001,4.605658758929223,77217.0,3.8642446638379875,77217.5,2.9720191237493894,77216.9,2.4721424113277966,77217.6,19.999911916449207,77216.8,4.232878987568408,77217.7,3.9401549098212714,77216.7,6.153330594505789,77217.8,2.5849010237637335,77216.59999999999,13.179825014959103,77217.90000000001,7.373571127502345,77216.5,1.174654554564028,77218.0,2.9622590961335593,77216.4,8.851771840563414,77218.1,11.98224641248333,77216.3,2.5199497724055693,77218.2,3.801576690305746
1710000002.4999976,100049,BTCUSDT,77217.2,22.517778744371252,77217.3,4.654152660070733,77217.09999999999,14.640037325975552,77217.40000000001,7.3952522378742405,77217.0,6.543288891488777,77217.5,5.675407010369765,77216.9,3.448940112207851,77217.6,3.1769030800934694,77216.8,2.996339594482027,77217.7,2.8253338542182007,77216.7,7.648963030291187,77217.8,3.3239025642922977,77216.59999999999,1.438332033331074,77217.90000000001,15.108336866107098,77216.5,9.409283880104002,77218.0,11.310618215227018,77216.4,21.520199076198825,77218.1,1.1641347863047413,77216.3,2.018327419575523,77218.2,5.679213901925083
1710000002.5499976,100050,BTCUSDT,77217.3,4.616682668962345,77217.40000000001,4.613471015878572,77217.2,6.279891937163349,77217.50000000001,6.7951780967476765,77217.1,6.27082338211787,77217.6,3.1837836118840555,77217.0,10.797299245165695,77217.70000000001,3.6348059906680623,77216.90000000001,2.554818643877601,77217.8,10.783832393920134,77216.8,14.062705411013116,77217.90000000001,9.525707137899849,77216.7,7.832749878934449,77218.00000000001,5.45965000479448,77216.6,4.001659126279595,77218.1,1.1640195870094032,77216.5,2.5000579996410592,77218.20000000001,2.2652483145224647,77216.40000000001,1.2030896939051379,77218.3,5.141022319988274
1710000002.5999975,100051,BTCUSDT,77217.2,3.938077788942234,77217.3,4.594785044721666,77217.09999999999,7.798680510388996,77217.40000000001,3.5167393607796495,77217.0,10.42079449217682,77217.5,5.533948177248314,77216.9,5.020220549742364,77217.6,5.9899523063523,77216.8,8.964591651777907,77217.7,3.709672535780861,77216.7,6.133015591691404,77217.8,4.936373364139895,77216.59999999999,2.4425925824042833,77217.90000000001,9.635645741761433,77216.5,7.18660053501093,77218.0,5.097066277539504,77216.4,8.004022874166425,77218.1,8.47848255288212,77216.3,4.928981283637244,77218.2,7.25634740248373
1710000002.6499975,100052,BTCUSDT,77217.3,9.188881566504257,77217.40000000001,4.290776701845116,77217.2,11.710185272208612,77217.50000000001,11.418013288571743,77217.1,2.9187340461720885,77217.6,9.790589505101256,77217.0,2.951855629615023,77217.70000000001,4.032587930037234,77216.90000000001,7.4426352126429665,77217.8,2.7010337389182526,77216.8,8.41426968863429,77217.90000000001,8.738361188048895,77216.7,4.032781221238388,77218.00000000001,1.225625394469661,77216.6,2.1533093708474205,77218.1,4.638117977454954,77216.5,16.29265387189763,77218.20000000001,4.396662996356254,77216.40000000001,1.2033587880404681,77218.3,4.020550111766202
1710000002.6999974,100053,BTCUSDT,77217.40000000001,9.653700920517862,77217.50000000001,4.052588069183316,77217.3,8.92563392294593,77217.60000000002,6.317144076279558,77217.20000000001,15.986485111070664,77217.70000000001,4.473424359956445,77217.1,6.405454789380093,77217.80000000002,13.154643902274206,77217.00000000001,2.4326119906610986,77217.90000000001,13.073015707355074,77216.90000000001,6.257543534231877,77218.00000000001,1.8809906011644333,77216.8,2.6322096657129594,77218.10000000002,6.12636398048525,77216.70000000001,1.0789037095790452,77218.20000000001,4.290726916379855,77216.6,2.097876526045445,77218.30000000002,4.279984761899339,77216.50000000001,0.1872849571118194,77218.40000000001,8.20845137950765
1710000002.7499974,100054,BTCUSDT,77217.3,3.6995768891300456,77217.6,3.6894877909378954,77217.2,4.763943080868921,77217.70000000001,5.882750699686721,77217.1,8.685795690335427,77217.8,7.3991429075632755,77217.0,4.7616599495828345,77217.90000000001,3.6787646502336284,77216.90000000001,25.406115046627917,77218.0,4.221767160440137,77216.8,4.001448193698172,77218.1,2.314707169818223,77216.7,7.535266802549233,77218.20000000001,5.932528952146296,77216.6,1.797794117812704,77218.3,1.143892227609515,77216.5,4.963983282948962,77218.40000000001,4.651180377692572,77216.40000000001,1.2767433946949587,77218.5,12.052617625540437
1710000002.7999973,100055,BTCUSDT,77217.40000000001,5.864893890013647,77217.50000000001,15.102273731198618,77217.3,5.3770285707742005,77217.60000000002,7.270260070920411,77217.20000000001,4.827297212036559,77217.70000000001,4.082006920267525,77217.1,18.9350821165271,77217.80000000002,4.506018303381693,77217.00000000001,10.981010027392529,77217.90000000001,3.045223249935562,77216.90000000001,2.558640325515432,77218.00000000001,1.72651619638222,77216.8,5.418383435503959,77218.10000000002,3.0387962166888056,77216.70000000001,8.790952235307175,77218.20000000001,3.363812458811255,77216.6,14.192329364803204,77218.30000000002,1.2208487130433536,77216.50000000001,8.118742018919642,77218.40000000001,5.99510921869719
1710000002.8499973,100056,BTCUSDT,77217.40000000001,7.536355001694256,77217.6,4.16277594371033,77217.3,3.332267653399943,77217.70000000001,13.345533207257056,77217.20000000001,6.6352307577231215,77217.8,9.169090155726558,77217.1,5.027433441079179,77217.90000000001,2.8991166566960325,77217.00000000001,2.534974996465354,77218.0,6.627915259778845,77216.90000000001,3.850622879696761,77218.1,2.4951986995665445,77216.8,3.905904053637324,77218.20000000001,1.4654522031738388,77216.70000000001,4.288821729299802,77218.3,2.05333118644983,77216.6,6.789229160127848,77218.40000000001,1.8863535887207754,77216.50000000001,2.42949403678125,77218.5,0.1
1710000002.8999972,100057,BTCUSDT,77217.5,5.593569988342869,77217.6,6.21523539512005,77217.4,6.865368413967653,77217.70000000001,4.579338860297833,77217.3,7.549536457556744,77217.8,10.667950017612409,77217.2,8.453802554790283,77217.90000000001,2.561700065590813,77217.1,4.619607366008433,77218.0,2.4434142032381847,77217.0,2.708525131138873,77218.1,18.868730620917734,77216.9,1.8149156086922347,77218.20000000001,3.96370382483603,77216.8,4.650969739845146,77218.3,5.648893259430952,77216.7,3.6807296961524423,77218.40000000001,0.4392755815382529,77216.6,1.5808393439914405,77218.5,2.916852374290733
1710000002.9499972,100058,BTCUSDT,77217.5,3.927350758432349,77217.6,5.6228434141423795,77217.4,3.7695540236986456,77217.70000000001,6.553069615672483,77217.3,7.477834252633736,77217.8,9.249502876443037,77217.2,3.293325497031389,77217.90000000001,3.133204540540308,77217.1,2.441795269140303,77218.0,6.047136458816522,77217.0,6.503179758046398,77218.1,1.7283829869441285,77216.9,12.208776217795634,77218.20000000001,1.4134819427160323,77216.8,3.9174035523824884,77218.3,5.738560016244956,77216.7,8.590814209819044,77218.40000000001,5.408269891488105,77216.6,6.472463490386904,77218.5,1.6587309965857344
1710000002.9999971,100059,BTCUSDT,77217.40000000001,3.934025799032651,77217.6,12.608201275140864,77217.3,6.372686731515718,77217.70000000001,9.999590438662075,77217.20000000001,5.208243887740186,77217.8,6.9265560068803556,77217.1,5.389591255835079,77217.90000000001,7.660951339947683,77217.00000000001,2.3406195995558248,77218.0,2.2490001252760603,77216.90000000001,2.7353086301596656,77218.1,2.2952459460606,77216.8,9.416142228009594,77218.20000000001,2.189816632722216,77216.70000000001,15.696411237736374,77218.3,2.443292497325717,77216.6,1.2041484159154114,77218.40000000001,6.63685239037739,77216.50000000001,4.300064821366075,77218.5,2.758180434893735
1710000003.049997,100060,BTCUSDT,77217.40000000001,26.03452492819082,77217.50000000001,18.32255991156038,77217.3,7.403012360530227,77217.60000000002,4.090287113875574,77217.20000000001,7.360591181101475,77217.70000000001,3.0997494873371734,77217.1,2.5245284660944782,77217.80000000002,3.5919150125555865,77217.00000000001,4.484221207493755,77217.90000000001,10.108079700763362,77216.90000000001,6.7956119152715555,77218.00000000001,7.030151618997287,77216.8,3.4169743176296556,77218.10000000002,2.898194130757931,77216.70000000001,2.654742602189188,77218.20000000001,18.376255566066018,77216.6,0.5637429681757147,77218.30000000002,8.470571967022956,77216.50000000001,3.45740696541065,77218.40000000001,2.309396324138638
1710000003.099997,100061,BTCUSDT,77217.40000000001,6.267337214396856,77217.50000000001,11.867625365071067,77217.3,12.438513918481497,77217.60000000002,5.3907948054161,77217.20000000001,4.096431628340568,77217.70000000001,6.389388487763638,77217.1,12.138223758094396,77217.80000000002,3.3462435958000984,77217.00000000001,5.901685830798302,77217.90000000001,5.993912000902174,77216.90000000001,6.883720060507422,77218.00000000001,2.164262518810642,77216.8,6.23265963650844,77218.10000000002,10.78901282515698,77216.70000000001,1.5922582431205783,77218.20000000001,1.884838366748648,77216.6,14.616708155446046,77218.30000000002,1.1985722190206316,77216.50000000001,7.707159071026632,77218.40000000001,2.7112837702141963
1710000003.149997,100062,BTCUSDT,77217.40000000001,6.492919476404472,77217.50000000001,5.380359836711231,77217.3,6.795285370740315,77217.60000000002,3.9142291904705258,77217.20000000001,4.784283625453894,77217.70000000001,16.748632167284576,77217.1,3.5943435216960253,77217.80000000002,6.677029538068411,77217.00000000001,3.5732968175557085,77217.90000000001,7.93956676282866,77216.90000000001,2.161067118440547,77218.00000000001,15.6024418176976,77216.8,3.6190036886589514,77218.10000000002,2.277014173990881,77216.70000000001,1.1053508902237483,77218.20000000001,1.5441517604183757,77216.6,3.333993381718326,77218.30000000002,2.0439403192206664,77216.50000000001,7.06163953648863,77218.40000000001,2.2547087627423696
1710000003.199997,100063,BTCUSDT,77217.5,7.440395666293871,77217.6,8.507290427837379,77217.4,3.9310877907433874,77217.70000000001,3.9338610805230427,77217.3,2.9494429120379313,77217.8,8.133320483159336,77217.2,6.760250100588396,77217.90000000001,4.974616678541171,77217.1,9.4359699627046,77218.0,8.552793284677406,77217.0,5.121324054543686,77218.1,9.70804250611601,77216.9,2.1218874014822946,77218.20000000001,1.6747720855611385,77216.8,2.0574712229124317,77218.3,1.035124426919851,77216.7,3.4300561713357753,77218.40000000001,11.433524821607866,77216.6,0.16055366563752893,77218.5,0.520935519932467
1710000003.249997,100064,BTCUSDT,77217.5,6.430890015085381,77217.6,3.769846932004207,77217.4,3.842286605345676,77217.70000000001,20.459004338133514,77217.3,16.223217231279637,77217.8,2.8198088918953106,77217.2,14.530563194715262,77217.90000000001,6.476838454274004,77217.1,10.097338267906043,77218.0,4.4259690763680375,77217.0,4.499344274791085,77218.1,4.2843419980354405,77216.9,5.596820948262334,77218.20000000001,1.801669816837829,77216.8,0.9217279236798851,77218.3,2.272272352055124,77216.7,5.278793390163358,77218.40000000001,1.3018522177464416,77216.6,4.476473637327916,77218.5,14.014521560916839
1710000003.2999969,100065,BTCUSDT,77217.5,8.066316335618145,77217.6,5.946151359028694,77217.4,11.304126488774067,77217.70000000001,3.9799243962345754,77217.3,7.518759505521416,77217.8,10.083483446390582,77217.2,13.973729549521092,77217.90000000001,6.998544939938489,77217.1,4.7500504504461585,77218.0,5.847739422203766,77217.0,9.727331637471645,77218.1,4.981556368276023,77216.9,1.323433270935621,77218.20000000001,11.891622029196693,77216.8,5.478630144044601,77218.3,5.314390175517956,77216.7,1.371727992072096,77218.40000000001,4.702147974672355,77216.6,2.0026062595834353,77218.5,4.213404542748946
1710000003.3499968,100066,BTCUSDT,77217.6,9.70012022773717,77217.70000000001,6.94822042370621,77217.5,8.564507143410633,77217.80000000002,11.63187640383336,77217.40000000001,4.871000314594811,77217.90000000001,4.384236899164026,77217.3,6.805585268689228,77218.00000000001,8.997831371884294,77217.20000000001,7.746733475282048,77218.1,8.394261905791101,77217.1,3.887849986967546,77218.20000000001,8.411352425543454,77217.0,1.712283850614286,77218.30000000002,4.3453425133771315,77216.90000000001,0.8231012220650155,77218.40000000001,2.369716763772751,77216.8,2.2257382505167445,77218.50000000001,2.4178681407546696,77216.70000000001,4.755906008124577,77218.6,1.967741370845626
1710000003.3999968,100067,BTCUSDT,77217.6,4.684842594927912,77217.70000000001,5.468841602202705,77217.5,4.231300390132196,77217.80000000002,3.504052353021549,77217.40000000001,6.499798381273825,77217.90000000001,7.213045900284277,77217.3,6.264974920593673,77218.00000000001,4.89071046006779,77217.20000000001,3.9107613791195996,77218.1,9.96085088757902,77217.1,4.528232219206375,77218.20000000001,4.209417566060997,77217.0,1.303906215768058,77218.30000000002,2.869631525643191,77216.90000000001,2.713405459595221,77218.40000000001,2.8354620567919966,77216.8,3.8716442194610825,77218.50000000001,3.4508684174114754,77216.70000000001,3.745005433099279,77218.6,5.790692515147525
1710000003.4499967,100068,BTCUSDT,77217.5,14.071076664894875,77217.7,3.848639607754883,77217.4,14.098915692000471,77217.8,4.933129917226154,77217.3,3.2277618455677475,77217.9,5.461130195597647,77217.2,3.587034252312688,77218.0,3.741179970366648,77217.1,3.4685751486451144,77218.09999999999,8.498732079861693,77217.0,4.698828552553042,77218.2,3.09184278301381,77216.9,4.969859043818049,77218.3,6.237246898592406,77216.8,2.0732469688321844,77218.4,2.9346653358364083,77216.7,0.9199158380856022,77218.5,1.199414270888555,77216.6,4.571734770504681,77218.59999999999,0.800826245934589
1710000003.4999967,100069,BTCUSDT,77217.6,8.538363997758742,77217.70000000001,4.052123534081882,77217.5,6.550955490272587,77217.80000000002,4.385883840369937,77217.40000000001,15.979451887231704,77217.90000000001,5.443073485307229,77217.3,8.959434869741436,77218.00000000001,5.5960449999744455,77217.20000000001,2.1775321971194646,77218.1,6.011223934297409,77217.1,13.69680208049893,77218.20000000001,5.281313691015298,77217.0,8.041208858830917,77218.30000000002,9.823786120616134,77216.90000000001,1.835496263346001,77218.40000000001,1.753256376720623,77216.8,4.176508258838122,77218.50000000001,2.517509729334309,77216.70000000001,7.326859928675695,77218.6,9.211265414851423
1710000003.5499966,100070,BTCUSDT,77217.6,4.885264490936663,77217.70000000001,10.51771570207614,77217.5,5.404773203021641,77217.80000000002,7.605062012821481,77217.40000000001,3.2016480691645035,77217.90000000001,6.711168276261497,77217.3,4.80422455185114,77218.00000000001,5.93344041626642,77217.20000000001,2.735759659692632,77218.1,7.3404852189941305,77217.1,9.54517705284751,77218.20000000001,2.5771613067541574,77217.0,1.602440845051204,77218.30000000002,1.2956898397262961,77216.90000000001,4.908570752198349,77218.40000000001,4.536739893295672,77216.8,3.5647816535342627,77218.50000000001,1.4555866517651554,77216.70000000001,1.9831306602608207,77218.6,3.610304190157288
1710000003.5999966,100071,BTCUSDT,77217.6,21.220532653525307,77217.70000000001,4.18676645046131,77217.5,7.951670249681855,77217.80000000002,5.272198403241598,77217.40000000001,5.035861302606863,77217.90000000001,7.8576914456762115,77217.3,7.116290301279259,77218.00000000001,21.35754723145748,77217.20000000001,2.549672496546332,77218.1,2.439749000162622,77217.1,6.754331062694169,77218.20000000001,5.054669001871922,77217.0,2.4817063698001047,77218.30000000002,1.53100274939119,77216.90000000001,1.158203484255632,77218.40000000001,9.784474049862357,77216.8,1.252116127439856,77218.50000000001,1.9625319717903231,77216.70000000001,1.0281273203825332,77218.6,1.753996939241683
1710000003.6499965,100072,BTCUSDT,77217.5,10.044888168637009,77217.6,4.664789230736824,77217.4,6.306218764594378,77217.70000000001,11.683691265958966,77217.3,7.009328161641056,77217.8,5.845342530298927,77217.2,3.9682241699365846,77217.90000000001,4.019872404895388,77217.1,6.4284366022789445,77218.0,22.557986698829218,77217.0,5.936934907860925,77218.1,4.8638220438719255,77216.9,6.4469820967712455,77218.20000000001,3.7034917119296358,77216.8,1.0481073739328703,77218.3,4.104857040575844,77216.7,13.04481370918134,77218.40000000001,1.1709566517628143,77216.6,4.684795033873032,77218.5,0.8972453749690318
1710000003.6999965,100073,BTCUSDT,77217.5,4.006697934809444,77217.6,5.994046631383522,77217.4,8.845026634169827,77217.70000000001,4.908215045941817,77217.3,7.1734450915043535,77217.8,9.1477705716654,77217.2,12.878938770816836,77217.90000000001,3.469646750862223,77217.1,4.038744531658139,77218.0,2.661461381289611,77217.0,21.16261984819222,77218.1,12.06923638863429,77216.9,4.305742395196491,77218.20000000001,8.581483968247888,77216.8,3.7438678211931453,77218.3,4.708259394486923,77216.7,0.7733959181720873,77218.40000000001,6.030405740622956,77216.6,0.5465493409156285,77218.5,6.996354939741357
1710000003.7499964,100074,BTCUSDT,77217.40000000001,5.386001048078068,77217.6,3.9668945622895104,77217.3,14.255805203568297,77217.70000000001,6.427972075052726,77217.20000000001,4.258392487790409,77217.8,4.823229724426397,77217.1,4.771054408970521,77217.90000000001,6.0711106808831685,77217.00000000001,4.900033008181758,77218.0,12.072628186070586,77216.90000000001,4.348370051683158,77218.1,20.993053061440943,77216.8,8.82666045331312,77218.20000000001,2.1353547353577276,77216.70000000001,11.471197842355418,77218.3,1.2948511180397717,77216.6,7.2029182960429035,77218.40000000001,2.3161664746683885,77216.50000000001,8.414095072972945,77218.5,8.101531676622507
1710000003.7999964,100075,BTCUSDT,77217.3,9.843170774257045,77217.5,5.0535274783671476,77217.2,3.537525316802998,77217.6,5.263219858969199,77217.1,3.5623400934666307,77217.7,7.5491326039098965,77217.0,4.099201704852426,77217.8,17.25436120850833,77216.90000000001,6.097420458144497,77217.9,8.91470070163975,77216.8,2.168672835066238,77218.0,9.522426173345805,77216.7,11.443205794464532,77218.1,3.8704005621929976,77216.6,4.528186199299962,77218.2,6.589442937327351,77216.5,1.1687052338183173,77218.3,3.193170192865578,77216.40000000001,2.034399262678271,77218.4,0.6330484441810441
1710000003.8499963,100076,BTCUSDT,77217.40000000001,5.866043164033,77217.50000000001,5.094796913322816,77217.3,6.022027899109199,77217.60000000002,5.515787562506194,77217.20000000001,3.246698002393568,77217.70000000001,6.8957968175899715,77217.1,3.373579847993323,77217.80000000002,6.266001138023055,77217.00000000001,6.201587357298479,77217.90000000001,2.6596158062177855,77216.90000000001,1.8532488358021255,77218.00000000001,7.67038197289572,77216.8,3.6632664883655455,77218.10000000002,1.4396956004152637,77216.70000000001,21.88772790694666,77218.20000000001,1.0380683256976948,77216.6,5.150236054000605,77218.30000000002,16.86119231062781,77216.50000000001,1.093434467828588,77218.40000000001,0.6137674449343398
1710000003.8999963,100077,BTCUSDT,77217.40000000001,5.04545882376444,77217.50000000001,4.026092814206246,77217.3,7.9127178797127335,77217.60000000002,3.4572658551981084,77217.20000000001,5.648685009738548,77217.70000000001,25.65151954719974,77217.1,9.127395106706862,77217.80000000002,6.2203283064794945,77217.00000000001,3.462595332347941,77217.90000000001,5.911556571276094,77216.90000000001,4.594990223518137,77218.00000000001,3.821084645266783,77216.8,1.7603157034413806,77218.10000000002,9.907484239248191,77216.70000000001,3.189782119171129,77218.20000000001,1.6657767282456544,77216.6,2.233940733531741,77218.30000000002,2.538627738480536,77216.50000000001,7.030311004362133,77218.40000000001,5.291241291437113
1710000003.9499962,100078,BTCUSDT,77217.40000000001,6.226058884152643,77217.6,3.677515357865785,77217.3,4.403410816087305,77217.70000000001,8.913298726857512,77217.20000000001,3.3898708693355575,77217.8,5.865540181059433,77217.1,3.3693150243075753,77217.90000000001,2.448779320995111,77217.00000000001,3.104075847401197,77218.0,16.897820092571514,77216.90000000001,8.06861263184619,77218.1,14.433390200764933,77216.8,3.876582496444672,77218.20000000001,1.6649498167807701,77216.70000000001,3.9759339080067777,77218.3,3.2233105243477143,77216.6,7.840763549599237,77218.40000000001,0.8129292643464954,77216.50000000001,2.679606942519385,77218.5,0.6503047348716978
1710000003.9999962,100079,BTCUSDT,77217.40000000001,8.947839512099163,77217.50000000001,6.185192773166471,77217.3,5.085703585686371,77217.60000000002,5.206646160634313,77217.20000000001,5.260648643667693,77217.70000000001,8.948776807577856,77217.1,11.305634065294987,77217.80000000002,14.8342322520892,77217.00000000001,8.18403852182279,77217.90000000001,3.515722502416205,77216.90000000001,6.260735738724081,77218.00000000001,3.9021899734595755,77216.8,2.375716160995911,77218.10000000002,8.552174904762314,77216.70000000001,0.9567364669750242,77218.20000000001,10.08144837216149,77216.6,2.8757037393571183,77218.30000000002,4.45563052533823,77216.50000000001,4.307644942865049,77218.40000000001,9.019667592236082
1710000004.0499961,100080,BTCUSDT,77217.40000000001,6.522632167956873,77217.50000000001,4.250871095026486,77217.3,8.54900767657098,77217.60000000002,6.0715789293017135,77217.20000000001,7.360585386686033,77217.70000000001,2.9702644776654177,77217.1,2.7544157386739143,77217.80000000002,7.439681519931707,77217.00000000001,2.2992577185385055,77217.90000000001,2.295691707476048,77216.90000000001,1.648729520039184,77218.00000000001,14.140105944879156,77216.8,6.550144172062644,77218.10000000002,2.943190542934797,77216.70000000001,2.2069519249203955,77218.20000000001,2.5213058026675204,77216.6,6.360464798926602,77218.30000000002,4.7313960705140135,77216.50000000001,0.8192286204399986,77218.40000000001,0.7651715258200876
1710000004.099996,100081,BTCUSDT,77217.40000000001,7.918801640134051,77217.50000000001,9.382015196894864,77217.3,4.431791798214361,77217.60000000002,3.2846696738064605,77217.20000000001,3.1429796298277446,77217.70000000001,16.550620011349373,77217.1,3.800754261214502,77217.80000000002,8.265216173216082,77217.00000000001,5.919730021952152,77217.90000000001,3.9246766233173034,77216.90000000001,2.521112075823614,77218.00000000001,2.1176403562284047,77216.8,5.018182513917923,77218.10000000002,7.160114233363671,77216.70000000001,4.930222534254836,77218.20000000001,3.8226625107458894,77216.6,0.5714263492364362,77218.30000000002,14.229646119014216,77216.50000000001,6.41211779537744,77218.40000000001,1.385891714550589
1710000004.149996,100082,BTCUSDT,77217.40000000001,9.114466512820059,77217.70000000001,10.280358135375508,77217.3,7.4740235629921985,77217.80000000002,3.74830264792154,77217.20000000001,4.451575569262033,77217.90000000001,13.329006025696826,77217.1,3.417585551483776,77218.00000000001,4.261924437650719,77217.00000000001,4.2630769068749235,77218.1,4.315026163693332,77216.90000000001,5.3966979222089275,77218.20000000001,13.064141535120783,77216.8,2.301394897096746,77218.30000000002,1.7181637520198096,77216.70000000001,1.679946607575459,77218.40000000001,9.518812324402209,77216.6,4.551696324304912,77218.50000000001,1.7469671115160734,77216.50000000001,6.770124751098882,77218.6,7.903786956798782
1710000004.199996,100083,BTCUSDT,77217.6,13.649598173096928,77217.8,4.762698289658462,77217.5,8.826672883292222,77217.90000000001,5.668742831408457,77217.40000000001,10.180604348293807,77218.0,8.015035207739027,77217.3,8.392435015462372,77218.1,6.670336762736837,77217.20000000001,2.7812807904957833,77218.2,5.150068096768818,77217.1,18.311706380067783,77218.3,12.68319755202973,77217.0,1.3765337844703445,77218.40000000001,1.9204072046030198,77216.90000000001,1.365004560610741,77218.5,5.9782154162415475,77216.8,7.210279122783385,77218.6,1.3607080334002115,77216.70000000001,2.819686455358116,77218.7,7.347940281911215
1710000004.249996,100084,BTCUSDT,77217.8,6.440038600273624,77217.90000000001,5.012715400006482,77217.7,6.529839229872622,77218.00000000001,7.87037452438725,77217.6,11.06445630042981,77218.1,6.8456086194994175,77217.5,8.127201518342105,77218.20000000001,3.0977546819564954,77217.40000000001,4.476298074665504,77218.3,2.0375017286578245,77217.3,2.7330546694314677,77218.40000000001,6.785254742445144,77217.2,20.419341763544555,77218.50000000001,1.6177908388443711,77217.1,2.853277026885677,77218.6,7.239171275606993,77217.0,1.3128034450462551,77218.70000000001,3.6394876493904627,77216.90000000001,5.283094730272542,77218.8,3.828299348659063
1710000004.299996,100085,BTCUSDT,77217.90000000001,5.356405482091963,77218.00000000001,9.72605349957595,77217.8,6.431777340784706,77218.10000000002,3.22097334333698,77217.70000000001,8.525012267310496,77218.20000000001,2.943799509246217,77217.6,7.877493845412176,77218.30000000002,3.304996274607489,77217.50000000001,14.687346878239143,77218.40000000001,3.8350885651584132,77217.40000000001,3.1836333772134253,77218.50000000001,2.244846433340476,77217.3,2.6588527453954294,77218.60000000002,9.570942448706557,77217.20000000001,23.234984922836226,77218.70000000001,2.6374230730751203,77217.1,2.781256242041478,77218.80000000002,5.521557484979639,77217.00000000001,8.693102717852057,77218.90000000001,3.596204114714467
1710000004.3499959,100086,BTCUSDT,77218.0,3.6128938134089386,77218.1,7.4660156755703415,77217.9,4.957078446918999,77218.20000000001,9.523349952443183,77217.8,3.1904100359594243,77218.3,6.348891957511347,77217.7,5.023196647574446,77218.40000000001,6.512527985898579,77217.6,2.2682087140427276,77218.5,5.469847868352577,77217.5,4.897441282411522,77218.6,4.889927572402736,77217.4,4.9001925308296475,77218.70000000001,5.713828231295016,77217.3,7.338797240463971,77218.8,2.057860744504997,77217.2,7.3730067552449245,77218.90000000001,3.158658465038438,77217.1,0.3207567498534765,77219.0,0.24134010430023042
1710000004.3999958,100087,BTCUSDT,77217.90000000001,9.746552757588033,77218.00000000001,8.519637536083136,77217.8,9.41629598589439,77218.10000000002,6.1131833328607526,77217.70000000001,5.120695647591614,77218.20000000001,3.4381055369075315,77217.6,3.9911352613294615,77218.30000000002,4.676781668876933,77217.50000000001,2.3710954864102467,77218.40000000001,2.996984887922452,77217.40000000001,5.247455121835044,77218.50000000001,6.922123627638804,77217.3,26.82189152253657,77218.60000000002,12.019022417617261,77217.20000000001,4.91520923921149,77218.70000000001,2.987525239794391,77217.1,4.444355183119418,77218.80000000002,6.560610538972371,77217.00000000001,0.5037778579441361,77218.90000000001,2.1098862046789155
1710000004.4499958,100088,BTCUSDT,77218.0,7.144689130126956,77218.2,4.415698951801404,77217.9,4.999144378195722,77218.3,4.8289344163545405,77217.8,2.9061838208586788,77218.4,2.8979567650821214,77217.7,9.527958448556557,77218.5,3.675704825720141,77217.6,4.919898374874082,77218.59999999999,3.4194239603195724,77217.5,12.899184144634091,77218.7,2.8006208728023774,77217.4,3.446068065674362,77218.8,9.445785732462372,77217.3,8.178959483928514,77218.9,1.623678050762248,77217.2,6.8909703089951755,77219.0,2.8513365859298196,77217.1,2.6386087902151703,77219.09999999999,0.5730802275916106
1710000004.4999957,100089,BTCUSDT,77217.90000000001,8.806920405805757,77218.00000000001,6.3443776583874,77217.8,5.496842016564525,77218.10000000002,8.430054405260151,77217.70000000001,8.601418795869542,77218.20000000001,3.4922177230415983,77217.6,6.168744051667389,77218.30000000002,2.9817407981114994,77217.50000000001,7.567239551309398,77218.40000000001,6.279576402463776,77217.40000000001,14.150531143841297,77218.50000000001,1.8858036300341292,77217.3,1.43498810729935,77218.60000000002,2.5261851743794566,77217.20000000001,2.013650925425533,77218.70000000001,1.934647585182909,77217.1,9.868689896865238,77218.80000000002,1.5483087542544265,77217.00000000001,1.269540702616779,77218.90000000001,5.698449014388644
1710000004.5499957,100090,BTCUSDT,77217.8,3.858807806042528,77217.90000000001,13.076500472581936,77217.7,3.79978319618578,77218.00000000001,6.240745124248839,77217.6,4.917965687674245,77218.1,4.506816222378147,77217.5,11.603679748035308,77218.20000000001,2.4882601974200065,77217.40000000001,6.360073523330758,77218.3,15.230219917873468,77217.3,4.885451441123408,77218.40000000001,12.647225811676476,77217.2,1.4146913531832963,77218.50000000001,3.3705954091891845,77217.1,2.005273386202755,77218.6,6.049514252292561,77217.0,16.31630471536673,77218.70000000001,1.5857077903346055,77216.90000000001,4.2472850393201265,77218.8,0.8830736605371186
1710000004.5999956,100091,BTCUSDT,77217.8,6.093980672689288,77217.90000000001,17.902964523632463,77217.7,6.951357712150934,77218.00000000001,4.920095107011642,77217.6,3.284585774302481,77218.1,3.455947454885745,77217.5,3.4212051005635296,77218.20000000001,3.5558871422454796,77217.40000000001,9.604941977052441,77218.3,5.295053940467178,77217.3,4.5642345791417736,77218.40000000001,2.087626025365192,77217.2,9.06844465662035,77218.50000000001,6.332270447495443,77217.1,1.0802667708780653,77218.6,5.721747602409817,77217.0,3.5370012024695354,77218.70000000001,0.7410349818786731,77216.90000000001,2.4521764824268097,77218.8,2.65199527365974
1710000004.6499956,100092,BTCUSDT,77217.8,5.722518687027376,77217.90000000001,7.810429337256235,77217.7,6.3536298972151695,77218.00000000001,3.4571861201085063,77217.6,5.6738816877361415,77218.1,9.36791915347253,77217.5,4.859117980528921,77218.20000000001,2.6134198940337976,77217.40000000001,8.172320427244948,77218.3,2.899398934743496,77217.3,2.796972362993481,77218.40000000001,2.3198877736696066,77217.2,2.8031944418868573,77218.50000000001,6.854686991266065,77217.1,3.730762134096172,77218.6,1.7170553391483536,77217.0,8.809369605061951,77218.70000000001,8.867140204319337,77216.90000000001,8.178720720409746,77218.8,1.0914166656276831
1710000004.6999955,100093,BTCUSDT,77217.90000000001,20.396062899719805,77218.00000000001,9.513857488731114,77217.8,3.3101731145475264,77218.10000000002,3.4697103512764422,77217.70000000001,5.293972391084251,77218.20000000001,12.397274198614724,77217.6,5.494842344015682,77218.30000000002,5.155126956195568,77217.50000000001,2.4458438980664177,77218.40000000001,6.27753577252385,77217.40000000001,8.506205802520798,77218.50000000001,3.514853847868737,77217.3,7.177511673353487,77218.60000000002,14.550260648208393,77217.20000000001,1.7114509724536524,77218.70000000001,3.7637203108085426,77217.1,1.7538694675562154,77218.80000000002,6.6973337728698965,77217.00000000001,3.4471473637585794,77218.90000000001,4.026858071333104
1710000004.7499955,100094,BTCUSDT,77217.90000000001,6.645951349821525,77218.1,4.287686446357274,77217.8,7.961583137985552,77218.20000000001,9.50519938369582,77217.70000000001,4.323646179182841,77218.3,10.584659922053449,77217.6,11.863942584124667,77218.40000000001,3.696855838281858,77217.50000000001,18.422788489126955,77218.5,2.606602361522022,77217.40000000001,2.5026652652587034,77218.6,2.414466001070287,77217.3,10.17687645673653,77218.70000000001,5.448649554138814,77217.20000000001,1.4599905050012152,77218.8,3.1215847795594875,77217.1,4.221145342191847,77218.90000000001,0.7486161013346294,77217.00000000001,8.562421761369093,77219.0,6.510479537814432
1710000004.7999954,100095,BTCUSDT,77218.0,17.26036769220035,77218.1,5.763496908117579,77217.9,19.768341505804695,77218.20000000001,7.609517486538756,77217.8,6.8278308379740835,77218.3,3.525871182826539,77217.7,10.945834496352223,77218.40000000001,4.630898125400901,77217.6,2.7080629779307377,77218.5,2.0507506764917425,77217.5,4.881701766855503,77218.6,4.5980204586340125,77217.4,6.282639378988376,77218.70000000001,10.038494422941714,77217.3,1.130947200722198,77218.8,6.05956517504237,77217.2,1.2301239766210768,77218.90000000001,8.212703410274234,77217.1,6.838436858444018,77219.0,3.113023337196402
1710000004.8499954,100096,BTCUSDT,77218.0,10.49573562383585,77218.1,6.05930527369633,77217.9,4.971411184746225,77218.20000000001,5.926554216339458,77217.8,9.846843981069696,77218.3,4.433124561857335,77217.7,3.163487675765183,77218.40000000001,7.379373926941135,77217.6,8.994299093139592,77218.5,2.424276304392354,77217.5,2.697084873232541,77218.6,2.2124741362433404,77217.4,2.910483446224225,77218.70000000001,3.593901391680849,77217.3,6.3264427779352905,77218.8,5.012425302142006,77217.2,4.280122461395724,77218.90000000001,2.137773485627884,77217.1,7.366679380137233,77219.0,2.5492393761757044
1710000004.8999953,100097,BTCUSDT,77217.7,7.622041508039091,77218.0,4.139911428724101,77217.59999999999,7.710239778043022,77218.1,4.7727867876784416,77217.5,7.4376194560995454,77218.2,3.0887396202781776,77217.4,3.1689127618364865,77218.3,10.144476204072522,77217.3,3.0308341732271398,77218.4,9.257029648451327,77217.2,2.9099965575149893,77218.5,5.71875507100094,77217.09999999999,5.938649473718555,77218.6,4.075129925154198,77217.0,2.2571622007559284,77218.7,1.7563010406587432,77216.9,0.5350104768422429,77218.8,1.8493144476048373,77216.8,4.23559898436888,77218.9,11.142197783637496
1710000004.9499953,100098,BTCUSDT,77217.8,7.974318735686692,77218.0,4.805971253189081,77217.7,12.709020368780362,77218.1,7.6435368696802755,77217.6,6.087929951545522,77218.2,3.270584791537059,77217.5,4.7699908935357485,77218.3,4.867399299211982,77217.40000000001,9.997012767427858,77218.4,5.164347595943058,77217.3,3.5147282257903143,77218.5,16.654468641409355,77217.2,1.6693751985070342,77218.6,3.3965227946053402,77217.1,0.9717330332275257,77218.7,6.186819798652583,77217.0,10.407880124655511,77218.8,1.7142236596560774,77216.90000000001,7.817349182051318,77218.9,1.3824778716731974
1710000004.9999952,100099,BTCUSDT,77217.90000000001,9.209075566448679,77218.1,10.137111068705755,77217.8,3.272682585656658,77218.20000000001,16.36689988974559,77217.70000000001,7.988316208658732,77218.3,4.253941445590892,77217.6,9.473609486419631,77218.40000000001,3.722476310429277,77217.50000000001,10.246527189657666,77218.5,2.4777493699243767,77217.40000000001,6.465342000176747,77218.6,4.712193483869021,77217.3,1.6060692861060382,77218.70000000001,2.307727339553206,77217.20000000001,0.8499264339001121,77218.8,3.3302255066411277,77217.1,1.8339363793487777,77218.90000000001,4.048771401662288,77217.00000000001,1.4109468797809468,77219.0,1.4262375824986964
1710000005.0499952,100100,BTCUSDT,77217.90000000001,7.197946560305361,77218.00000000001,12.513715561772223,77217.8,4.019889504335955,77218.10000000002,3.5290470412964097,77217.70000000001,3.895170160137276,77218.20000000001,9.130760943450936,77217.6,2.5411421739813065,77218.30000000002,5.896823756878269,77217.50000000001,23.559552435440335,77218.40000000001,9.743334975343075,77217.40000000001,4.547942288035271,77218.50000000001,1.8630249286101261,77217.3,8.320276617306957,77218.60000000002,4.854961030174822,77217.20000000001,1.2883677092112693,77218.70000000001,1.1942338522978462,77217.1,10.015230923137356,77218.80000000002,4.824968442752205,77217.00000000001,7.071081278089619,77218.90000000001,8.447161483019766
1710000005.0999951,100101,BTCUSDT,77218.0,6.514652705246315,77218.1,5.851476168378298,77217.9,4.724728880453533,77218.20000000001,5.480858759532536,77217.8,8.746751698666904,77218.3,6.484443631268441,77217.7,11.321924422517345,77218.40000000001,4.743490095687776,77217.6,5.7366945150611555,77218.5,5.991169838763706,77217.5,5.182984522638051,77218.6,6.451163250211911,77217.4,2.284262078866451,77218.70000000001,4.072742387609656,77217.3,1.2402631739133234,77218.8,2.7413549499962384,77217.2,3.075122434675013,77218.90000000001,4.624789723677154,77217.1,12.025640524927772,77219.0,3.671678897332401
1710000005.149995,100102,BTCUSDT,77218.2,3.89429431398452,77218.3,4.774218895540557,77218.09999999999,4.996747042837962,77218.40000000001,5.7583752662688354,77218.0,2.986893936009365,77218.5,3.4034036421519893,77217.9,3.696357016413365,77218.6,16.635995596926364,77217.8,3.609960194576448,77218.7,4.631437210515005,77217.7,2.473110201782572,77218.8,5.374442900559664,77217.59999999999,2.5178137116456485,77218.90000000001,2.127690794197001,77217.5,3.7074167572976826,77219.0,0.8220840477492392,77217.4,0.43077420908160124,77219.1,1.3890729474697223,77217.3,0.1496502633527833,77219.2,0.4572720766510649
1710000005.199995,100103,BTCUSDT,77218.2,10.089802437702584,77218.3,6.9949829703652515,77218.09999999999,6.075236403952251,77218.40000000001,4.58966502814659,77218.0,13.538529374344865,77218.5,4.8234521062986735,77217.9,2.7644840404663027,77218.6,6.239575904839816,77217.8,2.4834237794826515,77218.7,3.6938431096930624,77217.7,4.432328118878985,77218.8,9.892964009195666,77217.59999999999,3.921291698623812,77218.90000000001,6.046122048370041,77217.5,20.544062967912442,77219.0,1.3639006636639261,77217.4,1.6848535321876068,77219.1,2.4073054593458996,77217.3,2.191536742085856,77219.2,2.117459509625131
1710000005.249995,100104,BTCUSDT,77218.2,5.080619959317596,77218.4,10.544323975510846,77218.09999999999,15.609753575192624,77218.5,10.085911243460265,77218.0,2.806265324992167,77218.59999999999,6.8468187402684855,77217.9,2.6099565899801784,77218.7,3.591507292889903,77217.8,2.2454795743278653,77218.79999999999,5.703298672515168,77217.7,6.240971061779042,77218.9,2.086355445827252,77217.59999999999,3.1369871845974417,77219.0,3.6369635430831573,77217.5,2.6421337924749575,77219.09999999999,1.3159952946564692,77217.4,2.571658656735523,77219.2,5.964070758912296,77217.3,0.29461916202894445,77219.29999999999,0.33430918225903916
1710000005.299995,100105,BTCUSDT,77218.3,14.970377222111363,77218.40000000001,8.01738655536367,77218.2,7.741146046798732,77218.50000000001,4.997166389159222,77218.1,6.402267914293785,77218.6,2.840731415010173,77218.0,6.44346123970417,77218.70000000001,12.18060343815925,77217.90000000001,5.7929161755713725,77218.8,10.276336452950174,77217.8,6.749027171628644,77218.90000000001,2.113872548103988,77217.7,10.509696463927096,77219.00000000001,1.4750166471605486,77217.6,3.853999383571388,77219.1,1.4132440408300626,77217.5,0.4471026904579281,77219.20000000001,2.5929627425749504,77217.40000000001,1.3984608767615105,77219.3,2.6621318968926366
1710000005.349995,100106,BTCUSDT,77218.2,8.825107354245834,77218.3,7.825564885006841,77218.09999999999,10.672947597989474,77218.40000000001,7.91702745641079,77218.0,5.0479920344160245,77218.5,7.2707721644224605,77217.9,3.6884380799205174,77218.6,3.8629405915239783,77217.8,8.223307263401269,77218.7,4.365392515662701,77217.7,8.005488921077387,77218.8,8.513389736887492,77217.59999999999,8.995403329031781,77218.90000000001,11.13811820397271,77217.5,3.055395482799237,77219.0,2.3359896965725886,77217.4,3.890997719400333,77219.1,2.25559273189036,77217.3,3.6759190443010534,77219.2,4.891071489477844
1710000005.3999949,100107,BTCUSDT,77218.3,5.477154016963119,77218.40000000001,4.330215303219266,77218.2,5.452192054391444,77218.50000000001,3.8153755799444022,77218.1,11.632629762148268,77218.6,4.4978423046957605,77218.0,3.0711180141008,77218.70000000001,2.503108617586707,77217.90000000001,6.151827032082429,77218.8,6.05233353198728,77217.8,3.2657250684429666,77218.90000000001,1.8976525191050981,77217.7,3.308015792446985,77219.00000000001,2.6913189021131334,77217.6,5.321906092634806,77219.1,4.523376984023343,77217.5,2.213962746235567,77219.20000000001,1.3830525968969931,77217.40000000001,17.70340123745812,77219.3,2.420557089861175
1710000005.4499948,100108,BTCUSDT,77218.3,3.7116918496917015,77218.40000000001,6.416469477882808,77218.2,16.498879954048594,77218.50000000001,5.139375779178968,77218.1,2.9591068830991327,77218.6,2.9257801789033464,77218.0,4.3640054505203265,77218.70000000001,3.0975322954045237,77217.90000000001,2.094516308324802,77218.8,7.645851616571642,77217.8,4.053818817815261,77218.90000000001,2.9657086913173423,77217.7,10.413669077286173,77219.00000000001,1.6938216939914614,77217.6,13.286890192563899,77219.1,2.307316541962105,77217.5,9.171468542272432,77219.20000000001,4.094700482739089,77217.40000000001,7.011094205505536,77219.3,16.54395838400113
1710000005.4999948,100109,BTCUSDT,77218.2,16.59069466383862,77218.3,5.5737893187664875,77218.09999999999,5.147862892839841,77218.40000000001,4.864408550521919,77218.0,5.918373987575521,77218.5,3.4696295196475466,77217.9,5.627158569166269,77218.6,5.520967152358051,77217.8,7.740288553225983,77218.7,9.174644190833813,77217.7,3.922427726180262,77218.8,3.0400548993157868,77217.59999999999,2.4008268361685494,77218.90000000001,2.065783308440488,77217.5,1.0375038312335232,77219.0,2.476925593667959,77217.4,1.6602004268206758,77219.1,13.974987129718643,77217.3,3.2631473986164616,77219.2,1.7064099820684033
1710000005.5499947,100110,BTCUSDT,77218.2,7.536504823128045,77218.3,6.284743083917901,77218.09999999999,5.255178779423009,77218.40000000001,23.56416505576984,77218.0,11.291560000987188,77218.5,6.706349935227232,77217.9,5.770092481524548,77218.6,6.277294573279818,77217.8,2.8991401303431403,77218.7,4.011018086760787,77217.7,1.761036665463041,77218.8,4.181590516174318,77217.59999999999,4.332502735011898,77218.90000000001,2.233786421835783,77217.5,14.100151887599107,77219.0,10.407616069594573,77217.4,5.522598134095181,77219.1,3.44901705226373,77217.3,8.159934492730482,77219.2,0.5600486763049237
1710000005.5999947,100111,BTCUSDT,77218.0,4.133306518208095,77218.2,9.923609068696674,77217.9,4.490571599165371,77218.3,11.585230503801796,77217.8,14.332622185400655,77218.4,3.444413700858439,77217.7,4.884613117836467,77218.5,18.250608852571887,77217.6,4.6420031699495246,77218.59999999999,9.96711550106085,77217.5,5.154036187697,77218.7,3.482126485121457,77217.4,2.546276876240304,77218.8,2.1087222116335456,77217.3,6.538548116867822,77218.9,2.7545641712095037,77217.2,3.2638250624562484,77219.0,3.111658981635636,77217.1,3.4441718446942002,77219.09999999999,8.027059271652588
1710000005.6499946,100112,BTCUSDT,77218.1,9.384649586010346,77218.40000000001,7.0088431833786515,77218.0,15.698550660791739,77218.50000000001,4.094947486817801,77217.90000000001,3.2628297112790583,77218.6,10.495552763571144,77217.8,4.713205847789906,77218.70000000001,9.908455244130373,77217.70000000001,10.943079357148468,77218.8,2.2579731547503337,77217.6,10.198246352281291,77218.90000000001,3.979141594673699,77217.5,4.056931632984423,77219.00000000001,5.140339968341209,77217.40000000001,11.235495838259103,77219.1,0.8772046774623434,77217.3,2.991498255751293,77219.20000000001,5.055446392534634,77217.20000000001,5.130721670180418,77219.3,4.717542662844432
1710000005.6999946,100113,BTCUSDT,77218.1,5.0232474852390965,77218.20000000001,5.377128489637339,77218.0,9.727495051146086,77218.30000000002,4.507132596706528,77217.90000000001,3.7464603649449946,77218.40000000001,15.428115475800034,77217.8,2.435611190689141,77218.50000000001,26.91529197561635,77217.70000000001,6.518199417747013,77218.6,9.05197206575348,77217.6,2.9960710340196828,77218.70000000001,1.657674918952046,77217.5,6.555651513738802,77218.80000000002,8.386555745973602,77217.40000000001,6.195626414192376,77218.90000000001,1.4165707268408867,77217.3,6.000403694417017,77219.00000000001,6.260013390912066,77217.20000000001,4.298104989327524,77219.1,5.811718902769653
1710000005.7499945,100114,BTCUSDT,77218.0,6.274815935150489,77218.2,3.9233191862973014,77217.9,5.293908139301341,77218.3,5.2909618922025246,77217.8,3.073157522294203,77218.4,4.515879989197523,77217.7,2.8706236195122905,77218.5,9.005942840301921,77217.6,13.802119940247994,77218.59999999999,2.300258534929823,77217.5,14.014624936274743,77218.7,4.557406197555045,77217.4,2.6242187051144086,77218.8,1.5199064989582884,77217.3,3.577585987085574,77218.9,7.129539560790471,77217.2,5.3115114311345994,77219.0,0.6061249179841859,77217.1,0.3027832962330099,77219.09999999999,2.0625037248643507
1710000005.7999945,100115,BTCUSDT,77218.1,4.657864366930238,77218.20000000001,4.919600713822047,77218.0,9.708020124626863,77218.30000000002,13.793170378173713,77217.90000000001,4.877465936710134,77218.40000000001,12.262568272971562,77217.8,3.9514578562289984,77218.50000000001,4.988391543958097,77217.70000000001,3.0248834838911547,77218.6,6.0918978478861785,77217.6,17.04933587190529,77218.70000000001,5.3002473032403845,77217.5,2.9715097144267366,77218.80000000002,5.3744224739019355,77217.40000000001,1.3246313770092426,77218.90000000001,9.580633742665226,77217.3,3.1973367288129384,77219.00000000001,2.7866216476244072,77217.20000000001,3.5262510421598416,77219.1,3.921012212607308
1710000005.8499944,100116,BTCUSDT,77218.0,8.606391445078135,77218.1,10.515922855926876,77217.9,9.717715783981918,77218.20000000001,6.41632361229961,77217.8,5.737292720186521,77218.3,3.416690539857004,77217.7,8.372778030549714,77218.40000000001,3.6665730764344264,77217.6,4.746239083598891,77218.5,3.3378319866549684,77217.5,2.174688779629185,77218.6,5.57223029390369,77217.4,1.4234550389036658,77218.70000000001,6.723559711672322,77217.3,2.3284797302155864,77218.8,0.8005388083056107,77217.2,3.2626276512177808,77218.90000000001,0.5919399694450087,77217.1,1.2927924396391188,77219.0,4.9100097023732925
1710000005.8999944,100117,BTCUSDT,77218.1,10.913822256859145,77218.20000000001,3.6153089487855845,77218.0,4.333824692365982,77218.30000000002,8.602227385244417,77217.90000000001,4.320769580478999,77218.40000000001,3.229861530975174,77217.8,4.186610670259232,77218.50000000001,3.6609985539550243,77217.70000000001,9.398704548548118,77218.6,3.503710181175359,77217.6,7.822308630925402,77218.70000000001,10.497763630816113,77217.5,3.4753546901731855,77218.80000000002,10.829256292644786,77217.40000000001,2.6948776422380645,77218.90000000001,14.105667808674864,77217.3,0.774120967249446,77219.00000000001,5.0464545786399535,77217.20000000001,2.723404672924613,77219.1,1.9617972550500524
1710000005.9499943,100118,BTCUSDT,77218.1,7.99107554066989,77218.20000000001,17.131171764162165,77218.0,8.925799431026963,77218.30000000002,15.245228353507517,77217.90000000001,7.64990881150835,77218.40000000001,4.215584996013059,77217.8,2.845357512848144,77218.50000000001,8.489810304457922,77217.70000000001,6.1329751898081,77218.6,2.197542617806168,77217.6,3.3854638348310284,77218.70000000001,14.167642050176458,77217.5,3.975799175953402,77218.80000000002,3.4676735002901964,77217.40000000001,3.2477407881999953,77218.90000000001,1.737236237010383,77217.3,2.239941810236681,77219.00000000001,2.2469563378081494,77217.20000000001,0.21510136294439125,77219.1,5.836623886452199
1710000005.9999943,100119,BTCUSDT,77218.1,10.507931359131591,77218.20000000001,11.19777075095543,77218.0,4.15299857741625,77218.30000000002,7.484223693885238,77217.90000000001,5.356771431042973,77218.40000000001,11.28628215720944,77217.8,3.3720621878651893,77218.50000000001,6.930495113533779,77217.70000000001,5.743445191372361,77218.6,3.3999407815606357,77217.6,2.18751296992275,77218.70000000001,5.818072654341714,77217.5,6.566775015141884,77218.80000000002,2.717010762640707,77217.40000000001,4.9406642507219924,77218.90000000001,2.81097288232547,77217.3,5.3959766833310026,77219.00000000001,1.288652502824284,77217.20000000001,8.836925581091966,77219.1,1.355393970938475
1710000006.0499942,100120,BTCUSDT,77217.90000000001,10.818898030988025,77218.00000000001,3.659209622777767,77217.8,5.106302622618829,77218.10000000002,4.846006445366572,77217.70000000001,2.878067406679509,77218.20000000001,3.331239293218355,77217.6,4.535303621902982,77218.30000000002,5.115908876935968,77217.50000000001,4.072003532958888,77218.40000000001,5.028078550053291,77217.40000000001,5.216773551854067,77218.50000000001,1.639893561832611,77217.3,3.695194679866476,77218.60000000002,14.441688884038552,77217.20000000001,3.7278204863393025,77218.70000000001,5.327132852895586,77217.1,1.8950743187595216,77218.80000000002,6.348728522683991,77217.00000000001,5.92983770595872,77218.90000000001,2.9466917048110264
1710000006.0999942,100121,BTCUSDT,77217.8,4.136641629137499,77218.1,3.668371680233869,77217.7,9.081456335839132,77218.20000000001,9.783485232263786,77217.6,3.3122755475138828,77218.3,4.0347122573921395,77217.5,2.4708329308258605,77218.40000000001,3.7886448634066268,77217.40000000001,7.933721808512448,77218.5,4.91891710228828,77217.3,3.3114293723733663,77218.6,3.4592002526374617,77217.2,1.2054181707773914,77218.70000000001,2.625560095644828,77217.1,4.959020346242069,77218.8,15.42866181714072,77217.0,7.910859994498765,77218.90000000001,0.495511133662066,77216.90000000001,9.153174996889035,77219.0,6.11509076284061
1710000006.1499941,100122,BTCUSDT,77217.7,5.043395879929252,77217.9,3.8718087625370834,77217.59999999999,4.23630260173211,77218.0,4.332655234003734,77217.5,5.447191538237468,77218.09999999999,8.304495530426863,77217.4,4.968370354462619,77218.2,2.638339560249937,77217.3,14.660373617587027,77218.29999999999,13.439516649408175,77217.2,7.751996942911671,77218.4,20.590577933439775,77217.09999999999,4.345283106585159,77218.5,14.3623843191316,77217.0,1.1144634137966793,77218.59999999999,2.6208115985851075,77216.9,1.4215373175943644,77218.7,1.2717936982092328,77216.8,0.60702794948434,77218.79999999999,3.8958238895679242
1710000006.199994,100123,BTCUSDT,77217.7,7.053829290783307,77217.9,4.235808062671301,77217.59999999999,9.866653383258617,77218.0,7.241907952869588,77217.5,4.765175179111123,77218.09999999999,7.285030628268272,77217.4,3.603906778394869,77218.2,4.093654137975852,77217.3,11.979141607850819,77218.29999999999,3.3728045315618562,77217.2,4.139424548519576,77218.4,10.434235217047002,77217.09999999999,6.120190607374929,77218.5,1.4568880498962913,77217.0,1.4374042536186231,77218.59999999999,0.8314899908958945,77216.9,4.386986827205966,77218.7,2.774463148040935,77216.8,0.576751202360414,77218.79999999999,12.674073373260889
1710000006.249994,100124,BTCUSDT,77217.7,8.152994105093025,77217.8,3.917208539080203,77217.59999999999,4.484700706340371,77217.90000000001,9.779545209403409,77217.5,5.262262886229389,77218.0,5.963720510423214,77217.4,4.668286067209245,77218.1,2.5795708356006286,77217.3,2.7248875897007747,77218.2,4.359054269689104,77217.2,2.538767232996096,77218.3,1.8050848781445075,77217.09999999999,8.622624185549723,77218.40000000001,17.094004412780958,77217.0,7.1029077462709695,77218.5,8.490706409077912,77216.9,1.5081668908368453,77218.6,13.338697419435153,77216.8,0.8772321873655129,77218.7,12.098981272808206
1710000006.299994,100125,BTCUSDT,77217.5,8.575331126738728,77217.8,19.483639557705786,77217.4,6.571601450237625,77217.90000000001,4.401944289969278,77217.3,5.097873371971239,77218.0,6.401285055046472,77217.2,2.7035588088553757,77218.1,6.295078413579804,77217.1,17.890880831501555,77218.2,2.843415764461335,77217.0,7.8923297446249805,77218.3,11.139468955805029,77216.9,12.708356143569983,77218.40000000001,14.089086777792794,77216.8,3.748058888227818,77218.5,15.942955139437425,77216.7,6.063884894896694,77218.6,1.105380697923425,77216.6,2.5919313285532812,77218.7,5.0680931156850075
1710000006.349994,100126,BTCUSDT,77217.7,4.310290175194038,77217.8,6.930421550834632,77217.59999999999,9.107098528165583,77217.90000000001,5.963763780639744,77217.5,2.8487078235508014,77218.0,2.8363182554036173,77217.4,4.166624767280427,77218.1,12.825264708209607,77217.3,3.0385910838556676,77218.2,6.02446450022088,77217.2,2.604505118922039,77218.3,3.152485474186223,77217.09999999999,8.736606807016502,77218.40000000001,6.420501222505589,77217.0,1.201046492146676,77218.5,3.0393774031207146,77216.9,0.5184146392090085,77218.6,3.0225590185432227,77216.8,4.343977067582182,77218.7,0.5045330137478337
1710000006.399994,100127,BTCUSDT,77217.8,5.628905937131401,77217.90000000001,13.67953427318844,77217.7,23.195824303609403,77218.00000000001,3.3838042487267312,77217.6,8.525299521202298,77218.1,4.659103297221956,77217.5,4.393337107536693,77218.20000000001,8.014005803981368,77217.40000000001,12.02499997134869,77218.3,14.057915146348824,77217.3,5.042691773781855,77218.40000000001,3.367196002597656,77217.2,7.396177238308395,77218.50000000001,2.356072569115091,77217.1,4.121131363807094,77218.6,2.576273647506614,77217.0,4.675799291951176,77218.70000000001,1.4998474755540387,77216.90000000001,0.8507582691377704,77218.8,10.015823927158747
1710000006.4499938,100128,BTCUSDT,77217.7,3.758831974855467,77217.8,3.7467340224453083,77217.59999999999,3.9705629738333075,77217.90000000001,11.262723927482892,77217.5,4.127810826672198,77218.0,14.81983245014304,77217.4,5.885482596695455,77218.1,4.695162439260351,77217.3,5.470848404776413,77218.2,4.908457435980346,77217.2,7.288121474197393,77218.3,2.927907393594906,77217.09999999999,2.9419474900905067,77218.40000000001,10.180824909522084,77217.0,12.509044467776603,77218.5,9.72322491678923,77216.9,2.575103573989976,77218.6,6.463161966206109,77216.8,2.5876180496467267,77218.7,2.7529557997894782
1710000006.4999938,100129,BTCUSDT,77217.7,7.177435054295977,77217.8,4.423847509897323,77217.59999999999,4.811262678291674,77217.90000000001,10.92491938116142,77217.5,3.7281106396524124,77218.0,3.0952677480121054,77217.4,2.686016628275819,77218.1,13.706289173134184,77217.3,4.828338938063198,77218.2,4.106546999206655,77217.2,8.261464166647333,77218.3,8.827311995523878,77217.09999999999,2.8150124962515504,77218.40000000001,5.931691108665396,77217.0,6.698278932237048,77218.5,5.052795489388882,77216.9,1.0575890041121974,77218.6,8.746125130967792,77216.8,3.098249442283695,77218.7,1.3277756077617748
1710000006.5499938,100130,BTCUSDT,77217.7,3.8247342766259878,77217.8,18.059270145115104,77217.59999999999,4.225381380732451,77217.90000000001,4.650764704536681,77217.5,4.249292098895834,77218.0,3.847624120901579,77217.4,2.4058996369215406,77218.1,7.62763828429875,77217.3,15.626307275610996,77218.2,3.0159241217768438,77217.2,5.9512495738423485,77218.3,7.017575765122496,77217.09999999999,8.74670891214814,77218.40000000001,3.3970823175489024,77217.0,2.243482968237397,77218.5,2.3739196772585416,77216.9,5.387818143969693,77218.6,7.188259002520212,77216.8,0.8016845265665593,77218.7,1.8541209598671216
1710000006.5999937,100131,BTCUSDT,77217.5,10.173913474917484,77217.7,20.361238154729506,77217.4,8.813733753280165,77217.8,5.198192491534658,77217.3,6.372620093199832,77217.9,7.127188881651698,77217.2,2.726818221819325,77218.0,5.545411545409642,77217.1,6.942140493427311,77218.09999999999,2.732429721251779,77217.0,7.6680132238964465,77218.2,5.106095868587771,77216.9,13.364742044442057,77218.3,1.3733936420884503,77216.8,2.033314411237752,77218.4,4.480731980648975,77216.7,1.807090276418541,77218.5,5.412990640755036,77216.6,5.691921059639391,77218.59999999999,0.4326397841543763
1710000006.6499937,100132,BTCUSDT,77217.40000000001,14.407767335068701,77217.50000000001,10.629578720512328,77217.3,7.978854966993519,77217.60000000002,8.211624815302198,77217.20000000001,5.277476976917104,77217.70000000001,12.952952302848152,77217.1,7.144471653336836,77217.80000000002,7.622266309421133,77217.00000000001,9.913057083486287,77217.90000000001,3.281215507715098,77216.90000000001,8.181730140498397,77218.00000000001,2.468847727596133,77216.8,2.894568976664058,77218.10000000002,2.835546545080912,77216.70000000001,16.16355048901046,77218.20000000001,8.56671870548977,77216.6,5.231519863939552,77218.30000000002,5.5939656936808575,77216.50000000001,3.302810318736524,77218.40000000001,11.756702122036806
1710000006.6999936,100133,BTCUSDT,77217.40000000001,5.515484662728683,77217.50000000001,4.311893711760607,77217.3,9.37096287153248,77217.60000000002,8.503717127888809,77217.20000000001,4.740339371396337,77217.70000000001,2.9020648038175647,77217.1,9.705337264442566,77217.80000000002,2.4459346764170546,77217.00000000001,6.865528322640952,77217.90000000001,16.060660631759248,77216.90000000001,3.9026039665478356,77218.00000000001,2.6713787241948275,77216.8,6.081371056479193,77218.10000000002,7.995878404037302,77216.70000000001,3.9624254527556024,77218.20000000001,14.449268945612333,77216.6,0.6122055521702465,77218.30000000002,3.211138675714295,77216.50000000001,5.069836989399112,77218.40000000001,7.940613969722716
1710000006.7499936,100134,BTCUSDT,77217.40000000001,5.620392774011117,77217.50000000001,4.164941240457971,77217.3,11.218694842417019,77217.60000000002,3.884449855505244,77217.20000000001,4.28302511288973,77217.70000000001,4.170217762110884,77217.1,10.60463041480124,77217.80000000002,6.867548982904518,77217.00000000001,8.371924233242563,77217.90000000001,3.1532245287729053,77216.90000000001,5.521974299906265,77218.00000000001,4.992155048490144,77216.8,8.35498509677167,77218.10000000002,10.661548404840296,77216.70000000001,0.848925077635885,77218.20000000001,5.283676003558144,77216.6,0.612910336184891,77218.30000000002,3.583898429479558,77216.50000000001,1.356646682279544,77218.40000000001,1.4656118581178474
1710000006.7999935,100135,BTCUSDT,77217.5,7.483964020553045,77217.6,5.2261625391313355,77217.4,8.477520415971075,77217.70000000001,5.2735995150953165,77217.3,3.0832060256543556,77217.8,8.925462594333334,77217.2,3.746135571806856,77217.90000000001,4.667939650643772,77217.1,6.626371148127303,77218.0,3.616600834761991,77217.0,1.8329988152955925,77218.1,3.4731151714085895,77216.9,12.76178499667213,77218.20000000001,5.305922642684449,77216.8,5.252619874780166,77218.3,4.801757426944554,77216.7,1.2875380717150904,77218.40000000001,2.567434582043569,77216.6,5.560242552394696,77218.5,0.42754848821745456
1710000006.8499935,100136,BTCUSDT,77217.5,19.322528533118625,77217.6,3.879555433984492,77217.4,6.125066274823789,77217.70000000001,3.990705842702045,77217.3,16.917470340903094,77217.8,3.2810101006221704,77217.2,4.467381507118955,77217.90000000001,7.755887529470833,77217.1,6.877082594812624,77218.0,4.197771292079638,77217.0,3.301798915727282,77218.1,3.627416605736504,77216.9,2.4276023530801574,77218.20000000001,2.1193281714853502,77216.8,3.439156767473521,77218.3,2.0508168238157403,77216.7,1.7556862585348552,77218.40000000001,4.677255597532737,77216.6,13.835814277225262,77218.5,3.7017013077706693
1710000006.8999934,100137,BTCUSDT,77217.40000000001,3.9143706979542046,77217.50000000001,15.69843862972972,77217.3,4.611248458873438,77217.60000000002,3.5863387052832274,77217.20000000001,6.455620191035297,77217.70000000001,6.708929885202336,77217.1,6.582237123292527,77217.80000000002,3.6446327866782644,77217.00000000001,2.0609040555395644,77217.90000000001,15.411385764831852,77216.90000000001,2.7554940380770634,77218.00000000001,6.108371609784644,77216.8,6.105280897800305,77218.10000000002,4.966510232767279,77216.70000000001,2.301144793936357,77218.20000000001,2.064854364130264,77216.6,4.0419134528814356,77218.30000000002,8.442517669975961,77216.50000000001,11.729807843770253,77218.40000000001,0.44777658062970854
1710000006.9499934,100138,BTCUSDT,77217.3,7.142909069058836,77217.40000000001,8.431114742284326,77217.2,7.759135945396711,77217.50000000001,5.298019646015774,77217.1,2.8620584938576603,77217.6,6.297967004362685,77217.0,3.567304129514058,77217.70000000001,4.793197493390801,77216.90000000001,14.640637038002174,77217.8,4.036876443878849,77216.8,8.925369094057768,77217.90000000001,2.435683724685186,77216.7,5.6645864578518905,77218.00000000001,16.29025390274266,77216.6,1.2298647056825105,77218.1,0.8334189845009795,77216.5,2.6736974273002754,77218.20000000001,0.78879998295444,77216.40000000001,5.519410211583044,77218.3,9.839232931585263
1710000006.9999933,100139,BTCUSDT,77217.40000000001,4.797462329981277,77217.50000000001,5.879496130133382,77217.3,8.341423007824238,77217.60000000002,3.2363815984289146,77217.20000000001,6.361069089157912,77217.70000000001,6.600338311408583,77217.1,6.461000965412672,77217.80000000002,3.5084040921056068,77217.00000000001,7.007791330529346,77217.90000000001,2.3833638224233438,77216.90000000001,2.4889275503575936,77218.00000000001,9.997599047122083,77216.8,6.568698834581317,77218.10000000002,1.255363595435706,77216.70000000001,1.9420777059347232,77218.20000000001,1.7652630970338907,77216.6,1.663263657077111,77218.30000000002,1.53773485782849,77216.50000000001,0.2582662812932588,77218.40000000001,2.456904221368542
1710000007.0499933,100140,BTCUSDT,77217.5,3.93852598731278,77217.6,15.703999826536055,77217.4,10.492798292633157,77217.70000000001,9.740875997952791,77217.3,9.726056214618923,77217.8,13.595004772785536,77217.2,5.543278271400141,77217.90000000001,3.2939845431973884,77217.1,5.836621827190314,77218.0,7.432872744939342,77217.0,6.956382129493603,77218.1,4.547970164786861,77216.9,1.4836590943481485,77218.20000000001,3.0552143630251782,77216.8,10.941429834813066,77218.3,4.312598845492327,77216.7,3.491636552139545,77218.40000000001,1.6525657943434555,77216.6,1.8383058142125888,77218.5,9.028385840236023
1710000007.0999932,100141,BTCUSDT,77217.5,9.793127172299842,77217.6,6.023076585685194,77217.4,7.179682629420087,77217.70000000001,4.342116812785353,77217.3,7.689373122415937,77217.8,5.0316782452894495,77217.2,4.737497679615901,77217.90000000001,6.591551124212815,77217.1,13.013066188438954,77218.0,2.264586332369196,77217.0,8.566012660828607,77218.1,2.9834097925845424,77216.9,3.5473685169115856,77218.20000000001,1.2886279679578778,77216.8,2.232681834278555,77218.3,3.593694245870517,77216.7,0.63126261139182,77218.40000000001,3.1019814142558984,77216.6,10.475249804498313,77218.5,0.4454840283632983
1710000007.1499932,100142,BTCUSDT,77217.6,4.805699483658261,77217.8,4.294996481580733,77217.5,3.899617080512876,77217.90000000001,3.492399226402687,77217.40000000001,3.6214439347107565,77218.0,7.165189055145328,77217.3,10.93780860903278,77218.1,9.130738250645631,77217.20000000001,6.622436446545828,77218.2,2.4680766952425257,77217.1,2.965386085937719,77218.3,3.0831353188638544,77217.0,2.3504986771848078,77218.40000000001,4.094472230469307,77216.90000000001,3.867638331759376,77218.5,2.5657329516690313,77216.8,2.1465177951393284,77218.6,7.45398500390835,77216.70000000001,6.229144065076313,77218.7,1.4714973038268149
1710000007.1999931,100143,BTCUSDT,77217.6,15.81471837538402,77217.8,5.182509879151161,77217.5,4.950455228496746,77217.90000000001,6.01791782308344,77217.40000000001,14.129070417925412,77218.0,11.16021244357115,77217.3,2.8328715432562173,77218.1,4.395132000936191,77217.20000000001,5.224109725872695,77218.2,4.797727331136272,77217.1,2.46200664003271,77218.3,9.430786947823412,77217.0,5.719678552752227,77218.40000000001,8.478374065197762,77216.90000000001,8.629300027221714,77218.5,6.318957228679005,77216.8,2.7136393889523087,77218.6,4.1720458377081995,77216.70000000001,0.6991539562932136,77218.7,4.4790832489982275
1710000007.249993,100144,BTCUSDT,77217.5,4.100218489384652,77217.6,4.322657275772194,77217.4,3.2079764886388427,77217.70000000001,8.273897647385056,77217.3,8.073063483935206,77217.8,5.693875898508205,77217.2,3.10390834736302,77217.90000000001,2.749010006096084,77217.1,2.0772571692685986,77218.0,2.7248799044602716,77217.0,10.460331628598539,77218.1,2.705844212647342,77216.9,2.9495034984043755,77218.20000000001,1.645270605643867,77216.8,1.8059730586467322,77218.3,3.7294200040766574,77216.7,4.143450910646959,77218.40000000001,1.526017119695148,77216.6,0.23786285115072614,77218.5,1.9839639400935032
1710000007.299993,100145,BTCUSDT,77217.6,4.591558517888092,77217.70000000001,16.461807046024028,77217.5,7.031582192603987,77217.80000000002,6.455644607723781,77217.40000000001,4.949877094311901,77217.90000000001,5.041074337853889,77217.3,5.513992508079266,77218.00000000001,7.168569667695221,77217.20000000001,6.844608673340184,77218.1,2.753490064904911,77217.1,4.373490840572336,77218.20000000001,3.723828266696289,77217.0,9.377130613066473,77218.30000000002,5.1923782708948405,77216.90000000001,3.8414585140289157,77218.40000000001,1.2904546271744275,77216.8,4.121942916530943,77218.50000000001,0.898644115221391,77216.70000000001,1.6451676574749217,77218.6,0.616531889069701
1710000007.349993,100146,BTCUSDT,77217.5,12.64096848354852,77217.6,4.514214554920614,77217.4,6.035521717979876,77217.70000000001,5.373888826536962,77217.3,2.873161173266261,77217.8,9.095474537823698,77217.2,2.6861812461174885,77217.90000000001,4.971756058270097,77217.1,5.290093283730611,77218.0,5.960033884256367,77217.0,6.267114384228758,77218.1,2.7682191876879783,77216.9,1.2401155934581924,77218.20000000001,6.341362903957594,77216.8,3.8685236514907775,77218.3,8.03442724525154,77216.7,7.290165821325784,77218.40000000001,7.814356545871685,77216.6,2.6550888039930776,77218.5,1.6236311993479535
1710000007.399993,100147,BTCUSDT,77217.40000000001,6.0007708241290825,77217.6,4.410630298861716,77217.3,10.923369508693826,77217.70000000001,11.767306659338793,77217.20000000001,5.311758704018031,77217.8,3.1148731587518315,77217.1,4.362955480140599,77217.90000000001,8.909138068997754,77217.00000000001,11.281938493999068,77218.0,2.9099757144803404,77216.90000000001,1.877287182414539,77218.1,9.993696811216571,77216.8,3.173285149778504,77218.20000000001,4.321457275748543,77216.70000000001,14.576312482116846,77218.3,1.0755346294365093,77216.6,4.580111767938999,77218.40000000001,0.7079795923604999,77216.50000000001,1.8830167855888067,77218.5,6.514779476488592
1710000007.449993,100148,BTCUSDT,77217.40000000001,5.326336235601527,77217.50000000001,5.464258541175025,77217.3,3.4847540250505804,77217.60000000002,5.0454392558828856,77217.20000000001,5.2962648658659255,77217.70000000001,7.931165911411684,77217.1,6.676945873501232,77217.80000000002,7.334508109626667,77217.00000000001,2.033595414848467,77217.90000000001,2.981901234521372,77216.90000000001,5.935103045884949,77218.00000000001,4.246511637640098,77216.8,1.221310569541893,77218.10000000002,7.72866998196562,77216.70000000001,6.727866915935509,77218.20000000001,3.9800035246489394,77216.6,0.6751001199057116,77218.30000000002,6.218550623639917,77216.50000000001,3.5055270583668725,77218.40000000001,6.092306568101123
1710000007.4999928,100149,BTCUSDT,77217.3,10.098248271407725,77217.5,6.519311601403511,77217.2,3.8048012307376964,77217.6,7.648705141176411,77217.1,6.675326427741138,77217.7,8.223110086513586,77217.0,3.1447448890540493,77217.8,3.267528777843348,77216.90000000001,10.844018976725835,77217.9,7.54482223548484,77216.8,11.153813455782242,77218.0,7.287111210491123,77216.7,4.836816663908461,77218.1,5.446800842235702,77216.6,9.597512840798615,77218.2,4.258654140816142,77216.5,4.402945151725624,77218.3,1.0806710934021715,77216.40000000001,2.5692172232667585,77218.4,5.040721203485714
1710000007.5499928,100150,BTCUSDT,77217.3,4.705653232537383,77217.40000000001,4.5678411079701995,77217.2,5.412503472465745,77217.50000000001,12.736851827075554,77217.1,5.629468398234529,77217.6,3.6326275617770345,77217.0,2.720381403553786,77217.70000000001,7.164965379415387,77216.90000000001,3.930240626439308,77217.8,8.900089764486424,77216.8,5.909487119427057,77217.90000000001,7.963278268833292,77216.7,2.469520447417488,77218.00000000001,5.915286032809662,77216.6,2.026437528534723,77218.1,11.992018637404216,77216.5,4.4465207452950315,77218.20000000001,1.969278362143438,77216.40000000001,1.2561691460653928,77218.3,0.8474624731707827
1710000007.5999928,100151,BTCUSDT,77217.2,4.587264254150082,77217.3,7.218469188516585,77217.09999999999,4.429553364036396,77217.40000000001,7.538470033646729,77217.0,9.548294861158539,77217.5,8.820766445735538,77216.9,8.12267949650608,77217.6,3.231652529327734,77216.8,2.370149876020319,77217.7,6.801900094628724,77216.7,3.4376616988791158,77217.8,3.8649743985651424,77216.59999999999,1.3265781658452154,77217.90000000001,2.4021315627129898,77216.5,0.9370260609103191,77218.0,9.254004895747158,77216.4,1.5156647319797822,77218.1,3.6597876154220153,77216.3,0.15903740672218383,77218.2,4.396618438458033
1710000007.6499927,100152,BTCUSDT,77217.3,25.84670894459349,77217.40000000001,10.581389415769047,77217.2,10.65400196740812,77217.50000000001,4.34544503968374,77217.1,6.2387191940426625,77217.6,3.0784976290292048,77217.0,2.798918647392219,77217.70000000001,29.62300487955713,77216.90000000001,3.5818962376383574,77217.8,7.516225070516448,77216.8,8.173324470926378,77217.90000000001,9.408368460573302,77216.7,25.376588744172935,77218.00000000001,2.3056313855863886,77216.6,0.9647500238277718,77218.1,2.918617224365531,77216.5,0.9574191822958256,77218.20000000001,0.4907246931301917,77216.40000000001,1.7878169701013316,77218.3,6.125063217432244
1710000007.6999927,100153,BTCUSDT,77217.2,5.100391516617666,77217.3,7.849221791798666,77217.09999999999,4.25595687356702,77217.40000000001,3.2579434454881575,77217.0,8.581687985339642,77217.5,6.709932335955864,77216.9,8.147027783637686,77217.6,2.5588654933106594,77216.8,9.258957042771602,77217.7,5.86535184365584,77216.7,4.9149087442970085,77217.8,5.519202309008744,77216.59999999999,9.19316446773288,77217.90000000001,4.73661584276778,77216.5,4.279063763935276,77218.0,19.50200884314821,77216.4,6.054336112478799,77218.1,2.735691953338357,77216.3,4.915754150624871,77218.2,1.9721423801924343
1710000007.7499926,100154,BTCUSDT,77217.3,14.188169623462246,77217.40000000001,5.273625615081052,77217.2,6.200372769948291,77217.50000000001,4.151180952750254,77217.1,24.532984768059265,77217.6,18.678165249297248,77217.0,6.593680199544385,77217.70000000001,8.927021614826305,77216.90000000001,7.022470414339152,77217.8,5.597323654756073,77216.8,1.81929490556787,77217.90000000001,4.026148715161808,77216.7,5.693091123756527,77218.00000000001,5.727000700390532,77216.6,2.6680172845853916,77218.1,12.168062979806193,77216.5,1.1326013552922338,77218.20000000001,3.175465326072559,77216.40000000001,4.696154368565895,77218.3,4.777883112838874
1710000007.7999926,100155,BTCUSDT,77217.3,4.887924955845735,77217.40000000001,4.279390255883829,77217.2,7.241749949969559,77217.50000000001,6.858190169842564,77217.1,3.590663574586295,77217.6,7.685006855273954,77217.0,4.829140461151118,77217.70000000001,6.807597841244861,77216.90000000001,9.26503856369116,77217.8,2.744009748889205,77216.8,1.6773220164825642,77217.90000000001,7.640227508283624,77216.7,4.963332030876959,77218.00000000001,6.0110883635120045,77216.6,8.084464149400434,77218.1,7.294369155118141,77216.5,13.368592846032765,77218.20000000001,3.4709232811050525,77216.40000000001,2.681596621310407,77218.3,2.055903655497762
1710000007.8499925,100156,BTCUSDT,77217.2,13.768830327604006,77217.3,7.100506904445789,77217.09999999999,6.79419797493073,77217.40000000001,4.953552656662696,77217.0,3.013558178796676,77217.5,2.9290340861624196,77216.9,4.601976081253624,77217.6,2.7534253194670275,77216.8,5.7342252672521035,77217.7,10.5136198729258,77216.7,10.179414180607257,77217.8,5.9040239124376335,77216.59999999999,2.1491313232374054,77217.90000000001,9.151004898616483,77216.5,9.489507098642097,77218.0,1.6758770280288438,77216.4,5.748890634278562,77218.1,1.750400964308271,77216.3,6.490909557671967,77218.2,23.56705593640941
1710000007.8999925,100157,BTCUSDT,77217.2,12.706338837916126,77217.3,7.498122217830252,77217.09999999999,17.70476344688271,77217.40000000001,5.702025288053576,77217.0,10.31942428531469,77217.5,3.057702136102738,77216.9,4.033551802284137,77217.6,2.677471214566099,77216.8,16.810799426389877,77217.7,8.792506212362918,77216.7,9.256994619468559,77217.8,12.720241071171868,77216.59999999999,1.5557772787492836,77217.90000000001,3.1484207148840877,77216.5,1.0947363854273642,77218.0,1.746907055220051,77216.4,1.4421657479056318,77218.1,2.932780728679872,77216.3,1.2509721935983293,77218.2,0.4257915679612533
1710000007.9499924,100158,BTCUSDT,77217.1,10.00376042927388,77217.20000000001,5.179607888201073,77217.0,4.623177747968515,77217.30000000002,4.2584984279527065,77216.90000000001,3.355572579387687,77217.40000000001,3.985347327024937,77216.8,4.15600327668466,77217.50000000001,6.8833605253964425,77216.70000000001,2.2584307542546567,77217.6,2.945456941099366,77216.6,8.222422519025596,77217.70000000001,2.2356168164977315,77216.5,2.8781251778702366,77217.80000000002,9.199828728146969,77216.40000000001,1.473321065406795,77217.90000000001,1.1454434553561585,77216.3,3.050766734149366,77218.00000000001,1.840549503711157,77216.20000000001,3.315027973125087,77218.1,6.514582632692514
1710000007.9999924,100159,BTCUSDT,77217.1,7.076665766145451,77217.20000000001,6.416903374912772,77217.0,3.82230778724543,77217.30000000002,7.112648431007614,77216.90000000001,4.078840378284978,77217.40000000001,5.476428438779957,77216.8,2.7434183276404323,77217.50000000001,4.861664686023967,77216.70000000001,3.463805451818855,77217.6,8.912462644577928,77216.6,1.834665750982468,77217.70000000001,3.769315214780289,77216.5,3.653142319958014,77217.80000000002,6.364025108771347,77216.40000000001,4.215964878259309,77217.90000000001,5.201002566472812,77216.3,6.403218175360115,77218.00000000001,8.327894000631339,77216.20000000001,1.5067847042626563,77218.1,3.0889581396696273
1710000008.0499923,100160,BTCUSDT,77216.90000000001,6.288616635759903,77217.1,9.01362774905628,77216.8,5.913578709340555,77217.20000000001,5.840249192029963,77216.70000000001,10.08632923443946,77217.3,4.59393166582598,77216.6,10.25858928921777,77217.40000000001,4.488927048246006,77216.50000000001,3.5913755283475126,77217.5,4.420471303006852,77216.40000000001,7.349457394188024,77217.6,2.1387088941592522,77216.3,2.074710234248897,77217.70000000001,13.30021804975419,77216.20000000001,1.5718719290038847,77217.8,4.154794725493554,77216.1,3.8634787043929157,77217.90000000001,3.090433901258128,77216.00000000001,4.139680548890567,77218.0,1.0445590320740716
1710000008.0999923,100161,BTCUSDT,77217.0,5.461964138912327,77217.1,7.934901715097933,77216.9,3.808986510484183,77217.20000000001,6.584050636950252,77216.8,3.6195957806827965,77217.3,4.106484824420566,77216.7,3.3872344946780224,77217.40000000001,3.20767059191847,77216.6,8.988160640414064,77217.5,3.345851325562755,77216.5,12.07597167616215,77217.6,15.616446945808727,77216.4,4.587622801914055,77217.70000000001,1.8172746815209146,77216.3,2.677124319019326,77217.8,7.192652120869149,77216.2,2.2316092493946735,77217.90000000001,0.7641530304168063,77216.1,3.2548003935558314,77218.0,7.4604406129925325
1710000008.1499922,100162,BTCUSDT,77216.90000000001,4.596432239793831,77217.1,4.584663852446978,77216.8,11.48817265494943,77217.20000000001,4.348963093968528,77216.70000000001,4.022012223065962,77217.3,2.8026144172562817,77216.6,10.58152213315489,77217.40000000001,8.692323899458334,77216.50000000001,5.9482364476903475,77217.5,7.54943192927919,77216.40000000001,2.2597276709465195,77217.6,4.052345975300382,77216.3,2.930642633937371,77217.70000000001,1.5938773743768304,77216.20000000001,3.4631436321652043,77217.8,10.94006911882371,77216.1,0.563534315043996,77217.90000000001,1.778200213615436,77216.00000000001,0.930457716332319,77218.0,1.0880048027877758
1710000008.1999922,100163,BTCUSDT,77216.90000000001,6.1249663970306845,77217.1,6.111681182644962,77216.8,8.918070987615462,77217.20000000001,3.871271560449194,77216.70000000001,5.471987308361917,77217.3,5.048371913405957,77216.6,6.034388520163627,77217.40000000001,33.29411808824984,77216.50000000001,7.869130893891094,77217.5,4.029099095457384,77216.40000000001,8.63066255691403,77217.6,2.348733569444672,77216.3,1.323749395594949,77217.70000000001,2.114878135323785,77216.20000000001,2.464556833329233,77217.8,3.658143240442242,77216.1,4.219389723762854,77217.90000000001,10.058794199167728,77216.00000000001,2.852207970238951,77218.0,2.7828069195838108
1710000008.2499921,100164,BTCUSDT,77216.90000000001,5.906285187083593,77217.00000000001,10.909888031619253,77216.8,3.9006509760182384,77217.10000000002,3.301154975645282,77216.70000000001,5.184363326097511,77217.20000000001,3.8844985944154935,77216.6,2.6035498158027957,77217.30000000002,7.558097888440343,77216.50000000001,2.4733012304446014,77217.40000000001,5.749235290266398,77216.40000000001,2.9198524688449963,77217.50000000001,2.36220233189069,77216.3,3.1105404469786713,77217.60000000002,7.666772194063314,77216.20000000001,2.7909372729750217,77217.70000000001,6.357510826367825,77216.1,0.9363492595645329,77217.80000000002,6.327195225275455,77216.00000000001,1.0816394642884672,77217.90000000001,4.525283269804225
1710000008.299992,100165,BTCUSDT,77216.90000000001,14.188463010513917,77217.00000000001,5.559666447866254,77216.8,3.4738228724091207,77217.10000000002,3.2773653158915663,77216.70000000001,9.814585807513701,77217.20000000001,5.7755363098942425,77216.6,8.3709605611407,77217.30000000002,3.4685155089761244,77216.50000000001,3.692991629066091,77217.40000000001,2.122265191890509,77216.40000000001,14.627590783387724,77217.50000000001,6.008890071249548,77216.3,12.024513461606546,77217.60000000002,2.4342415688049277,77216.20000000001,4.581473795047578,77217.70000000001,5.339030546725029,77216.1,1.9282623018593261,77217.80000000002,7.938374671632781,77216.00000000001,11.762057940726034,77217.90000000001,8.646256389749569
1710000008.349992,100166,BTCUSDT,77216.8,16.826493940049723,77216.90000000001,3.641350987136314,77216.7,8.235828073697233,77217.00000000001,8.100052599869745,77216.6,6.698747726465314,77217.1,21.264457861671886,77216.5,3.8951648707431517,77217.20000000001,4.0618912570161365,77216.40000000001,2.3289178001796556,77217.3,4.339310771039997,77216.3,2.810092099676466,77217.40000000001,3.282640086290926,77216.2,8.396871825014106,77217.50000000001,12.16339993460393,77216.1,1.6218681814580282,77217.6,2.664103366515344,77216.0,10.9595421684163,77217.70000000001,0.6552046045206854,77215.90000000001,0.38763214648155203,77217.8,0.7107261018242592
1710000008.399992,100167,BTCUSDT,77216.8,4.252298787424316,77216.90000000001,17.37763659901351,77216.7,5.567524740344355,77217.00000000001,5.984750876063957,77216.6,3.932947153828188,77217.1,5.346766851088308,77216.5,6.7378155655897425,77217.20000000001,7.964056116270034,77216.40000000001,7.6075505505330865,77217.3,5.44996788575221,77216.3,10.988647135033627,77217.40000000001,8.402001148536659,77216.2,6.85956743248699,77217.50000000001,1.4288452821928275,77216.1,0.8276068976859792,77217.6,1.755299843721291,77216.0,4.7569089919893255,77217.70000000001,2.5186577870844236,77215.90000000001,2.059376477120598,77217.8,8.636949244673739
1710000008.449992,100168,BTCUSDT,77216.7,8.298378568601928,77216.9,4.867801943241571,77216.59999999999,4.0458967808448545,77217.0,4.016465179275725,77216.5,4.474855674309078,77217.09999999999,5.048178278615955,77216.4,9.510223385165693,77217.2,2.910838486999319,77216.3,7.310982683948835,77217.29999999999,5.032491790184279,77216.2,2.9584024184480304,77217.4,4.315553958570107,77216.09999999999,2.626368759606184,77217.5,4.8261731244020645,77216.0,3.07554193647829,77217.59999999999,1.5184474648732542,77215.9,0.8958320822756092,77217.7,3.564766382157617,77215.8,9.308045328990021,77217.79999999999,1.6861199596783012
1710000008.499992,100169,BTCUSDT,77216.8,7.899520801887897,77216.90000000001,14.326894095894955,77216.7,10.081053720623945,77217.00000000001,6.544425296089603,77216.6,7.080455007615578,77217.1,11.946314199181733,77216.5,4.440095678113153,77217.20000000001,3.9828198102067707,77216.40000000001,2.0434797921720587,77217.3,9.007488394702309,77216.3,8.057413904250073,77217.40000000001,2.0412890775195027,77216.2,4.6401839852755185,77217.50000000001,3.6943478931329543,77216.1,1.305470037957228,77217.6,16.563383088950008,77216.0,1.3667369268647964,77217.70000000001,0.6784044260856512,77215.90000000001,3.6139657685048365,77217.8,5.370896745996242
1710000008.5499918,100170,BTCUSDT,77216.8,4.035979598706754,77216.90000000001,4.357500105852234,77216.7,6.5570807822175325,77217.00000000001,4.605940102507722,77216.6,13.942905207935814,77217.1,9.631296321621411,77216.5,18.833905351484802,77217.20000000001,3.602641517817537,77216.40000000001,15.989551324493593,77217.3,4.2571437932523395,77216.3,3.307891781114856,77217.40000000001,1.8066451408540196,77216.2,1.416833346980262,77217.50000000001,5.910768167830816,77216.1,3.2494331181752765,77217.6,1.8274302721446054,77216.0,4.207363943429754,77217.70000000001,1.566000705906459,77215.90000000001,3.4475109016829246,77217.8,1.7802061336759296
1710000008.5999918,100171,BTCUSDT,77216.90000000001,10.474693945026468,77217.1,6.195376066967117,77216.8,4.928175515919267,77217.20000000001,5.001179219491929,77216.70000000001,9.353706737460477,77217.3,4.391056246518606,77216.6,3.3381295024321407,77217.40000000001,2.7539626469147263,77216.50000000001,4.514633049243371,77217.5,4.632140345859385,77216.40000000001,8.953108372450613,77217.6,2.6002027759551485,77216.3,3.118543635722693,77217.70000000001,7.809501465465009,77216.20000000001,7.740539968604626,77217.8,2.7420032570868393,77216.1,2.858261098545674,77217.90000000001,1.8455205030025472,77216.00000000001,10.785764101591617,77218.0,0.5051735304322678
1710000008.6499918,100172,BTCUSDT,77216.90000000001,3.7328170860225134,77217.1,6.1819730605887955,77216.8,5.295292945162679,77217.20000000001,3.9032216298130833,77216.70000000001,7.073220155661216,77217.3,16.98270695105215,77216.6,5.703870148140894,77217.40000000001,7.4176031060993415,77216.50000000001,2.2836235973452683,77217.5,4.1628512909720605,77216.40000000001,2.094815299186649,77217.6,5.395212673233171,77216.3,12.353712143618331,77217.70000000001,5.5362080135321055,77216.20000000001,1.1196507405364926,77217.8,2.5519503375932118,77216.1,3.5999318416811983,77217.90000000001,2.4647449055154698,77216.00000000001,7.174501086425227,77218.0,6.742490721528722
1710000008.6999917,100173,BTCUSDT,77217.1,5.470157520861113,77217.20000000001,4.779290683880918,77217.0,3.647635720141444,77217.30000000002,4.953385378053633,77216.90000000001,4.9320975951428,77217.40000000001,7.305861540099931,77216.8,6.6936478946250055,77217.50000000001,2.690747915119725,77216.70000000001,4.011822133530829,77217.6,2.8024905817511687,77216.6,2.282264677135604,77217.70000000001,8.624846966878545,77216.5,1.3712760185240584,77217.80000000002,3.373277329066346,77216.40000000001,1.5366705867584716,77217.90000000001,9.258790076958078,77216.3,3.657107860828456,77218.00000000001,1.4526376312003246,77216.20000000001,2.792054306455233,77218.1,5.25941425789198
1710000008.7499917,100174,BTCUSDT,77217.0,14.490875903848254,77217.3,13.527830148334758,77216.9,7.235975178136063,77217.40000000001,7.1750706921501255,77216.8,4.86476418899333,77217.5,8.383728741262617,77216.7,5.431118447689061,77217.6,6.925840535928343,77216.6,4.237668557610965,77217.7,7.259564783282545,77216.5,8.559815825570817,77217.8,2.23334021931875,77216.4,8.357362761116637,77217.90000000001,4.308694526767182,77216.3,8.248708225739735,77218.0,3.0576209003907344,77216.2,2.3059575721095538,77218.1,10.263275112285436,77216.1,1.1569692495648098,77218.2,7.437045033367925
1710000008.7999916,100175,BTCUSDT,77217.1,6.486972232871221,77217.20000000001,5.0753850391559325,77217.0,6.604280404508261,77217.30000000002,4.773422081759947,77216.90000000001,2.9602450284909074,77217.40000000001,4.069809260206046,77216.8,2.4255979057833152,77217.50000000001,17.731883840614096,77216.70000000001,15.495949009900574,77217.6,4.0111341757547585,77216.6,6.8132703123267415,77217.70000000001,3.2974059434285627,77216.5,5.647922882195752,77217.80000000002,7.74785401894137,77216.40000000001,12.531499009940791,77217.90000000001,2.844717917793261,77216.3,6.516928249926068,77218.00000000001,1.6365951056621042,77216.20000000001,18.55586095691835,77218.1,0.10442980694749276
1710000008.8499916,100176,BTCUSDT,77217.2,4.113095595880025,77217.3,14.756810022356131,77217.09999999999,3.999580016465463,77217.40000000001,7.099424810216151,77217.0,3.807592515608331,77217.5,4.26815047455567,77216.9,5.562674380579091,77217.6,4.559599647757167,77216.8,2.698487983231735,77217.7,2.7498336430843526,77216.7,3.7661345564513415,77217.8,7.263436135494917,77216.59999999999,10.329743704872492,77217.90000000001,1.5515131731984377,77216.5,2.7975907388666696,77218.0,1.2225336058749867,77216.4,0.4669267109504661,77218.1,4.7355097191945585,77216.3,3.6897326518182103,77218.2,0.7118161794097485
1710000008.8999915,100177,BTCUSDT,77217.3,3.6959732185952348,77217.40000000001,10.805959563084539,77217.2,17.906317018501685,77217.50000000001,3.7822286785079635,77217.1,3.853129855113499,77217.6,10.91224253250887,77217.0,12.839909796839661,77217.70000000001,4.5763397531343175,77216.90000000001,2.20779497245836,77217.8,2.160754754123417,77216.8,5.012793017412493,77217.90000000001,3.5962148014754445,77216.7,1.3162836867184287,77218.00000000001,4.701097991079063,77216.6,0.8454675826496729,77218.1,6.992843688768739,77216.5,1.863628707488929,77218.20000000001,0.5643631351018696,77216.40000000001,3.5503488022858725,77218.3,2.0278949700662445
1710000008.9499915,100178,BTCUSDT,77217.1,8.543765104268479,77217.40000000001,4.867026701714807,77217.0,12.583778358988642,77217.50000000001,5.078235523890859,77216.90000000001,5.992862624584324,77217.6,3.0075869744392496,77216.8,4.621348483665811,77217.70000000001,9.543830283218242,77216.70000000001,8.552353899486091,77217.8,3.01605342827742,77216.6,2.625142278157457,77217.90000000001,8.399755568697413,77216.5,11.859872052731149,77218.00000000001,1.6008768914550138,77216.40000000001,3.1917744943128916,77218.1,2.4466628424754266,77216.3,8.582122849005563,77218.20000000001,0.7488815866618722,77216.20000000001,0.9485943755654443,77218.3,5.584867104848577
1710000008.9999914,100179,BTCUSDT,77217.2,6.31331314475851,77217.3,5.93435261369108,77217.09999999999,4.82827264317575,77217.40000000001,5.207280615484311,77217.0,5.8195847259218585,77217.5,3.5039300842732737,77216.9,5.7944898130727545,77217.6,8.947901020389594,77216.8,7.711148485382,77217.7,2.668470441639556,77216.7,2.246545369270849,77217.8,2.848852002793941,77216.59999999999,2.991871096294624,77217.90000000001,3.3000740142155762,77216.5,5.353954132620605,77218.0,1.033400678085517,77216.4,0.5411522741681187,77218.1,2.3897332296518954,77216.3,4.7782514301323245,77218.2,0.8598848588261756
1710000009.0499914,100180,BTCUSDT,77217.2,12.64155003995649,77217.3,5.011228046351116,77217.09999999999,4.245426609725024,77217.40000000001,5.319381240612012,77217.0,3.9005461784734825,77217.5,7.263650439271768,77216.9,9.396287196645503,77217.6,6.872307574754322,77216.8,8.9570577861064,77217.7,4.023300337367478,77216.7,2.279913650550238,77217.8,6.956894276287571,77216.59999999999,2.988115167582375,77217.90000000001,5.650084176804943,77216.5,2.0623729857339823,77218.0,1.1388762500157532,77216.4,20.015272922270164,77218.1,1.0793662654584066,77216.3,17.834246580075114,77218.2,15.138026868430014
1710000009.0999913,100181,BTCUSDT,77217.2,7.908455718364106,77217.4,7.049171370197303,77217.09999999999,11.242694270539669,77217.5,4.566804856776848,77217.0,5.322050977805636,77217.59999999999,6.663919878705021,77216.9,4.518610144819604,77217.7,4.630875531423845,77216.8,3.603610135006637,77217.79999999999,5.322579466694377,77216.7,9.203830102410654,77217.9,2.5002234044095437,77216.59999999999,12.098733397741004,77218.0,5.87297700551296,77216.5,7.732601253640626,77218.09999999999,4.049441186846763,77216.4,6.4477333215348125,77218.2,0.4653322340133626,77216.3,6.823364102239863,77218.29999999999,0.16386659945169946
1710000009.1499913,100182,BTCUSDT,77217.2,4.766901426988628,77217.4,11.626620011770388,77217.09999999999,3.6340957990959306,77217.5,3.7384945676665753,77217.0,18.281903674721427,77217.59999999999,7.28145537037935,77216.9,9.906322135501505,77217.7,3.9681982651369374,77216.8,6.514023731926687,77217.79999999999,5.607991722422737,77216.7,5.296788824545432,77217.9,6.189518802560791,77216.59999999999,4.626046322448728,77218.0,3.441901213971109,77216.5,2.091428466316261,77218.09999999999,6.654107154492003,77216.4,1.426141776396269,77218.2,5.115226011280077,77216.3,1.0628099984946144,77218.29999999999,3.926840376200765
1710000009.1999912,100183,BTCUSDT,77217.2,4.587255427200436,77217.3,3.8472603492180326,77217.09999999999,3.7615277559065494,77217.40000000001,6.925586689728664,77217.0,10.373744613484353,77217.5,2.9841624398306106,77216.9,7.699311099811606,77217.6,4.07006156372887,77216.8,4.604401626535104,77217.7,12.572396739023013,77216.7,3.2136977950969214,77217.8,4.104474054188987,77216.59999999999,1.2551075267104634,77217.90000000001,1.5404834387794064,77216.5,1.9968145858241992,77218.0,0.9129898818348894,77216.4,4.391905185382258,77218.1,2.6232804999582875,77216.3,3.1775775829345028,77218.2,0.7677773224245584
1710000009.2499912,100184,BTCUSDT,77217.2,3.8069283988139193,77217.3,12.443099427240472,77217.09999999999,6.6404091656088795,77217.40000000001,6.519714290916545,77217.0,5.5748176247873555,77217.5,3.087677537796245,77216.9,2.776701443459025,77217.6,6.074293396847013,77216.8,3.6678755226088,77217.7,11.968598463138198,77216.7,3.6874824990949846,77217.8,2.218583350202775,77216.59999999999,6.217120143670305,77217.90000000001,2.5888985078227917,77216.5,3.7817243447603417,77218.0,5.587098897827982,77216.4,9.620918795617177,77218.1,6.684547311147233,77216.3,4.512507166470399,77218.2,4.553154538716505
1710000009.2999911,100185,BTCUSDT,77217.2,5.002908370094724,77217.4,3.6044508521271315,77217.09999999999,4.469567257297324,77217.5,4.183046589398303,77217.0,7.13688044023616,77217.59999999999,6.817337108361411,77216.9,6.000305420040256,77217.7,2.4655072566973626,77216.8,7.21927122409011,77217.79999999999,3.5634711520579385,77216.7,5.975167569952605,77217.9,4.852937331140751,77216.59999999999,2.8786471760093373,77218.0,1.7781441095009298,77216.5,1.1967137572356026,77218.09999999999,7.923713347848121,77216.4,10.423583583664744,77218.2,4.596866908460919,77216.3,0.4367339885056964,77218.29999999999,2.0568401570332
1710000009.349991,100186,BTCUSDT,77217.2,3.600122877268863,77217.3,8.581083063410473,77217.09999999999,4.963930882991527,77217.40000000001,4.374700414666708,77217.0,2.851925457139342,77217.5,5.908719542720998,77216.9,10.019284529005116,77217.6,15.045414279094896,77216.8,5.336492984379978,77217.7,4.889985359689103,77216.7,1.9555713563637207,77217.8,4.784023771013455,77216.59999999999,3.1120082316324007,77217.90000000001,4.937159810156659,77216.5,2.7688421770447156,77218.0,1.899322026653579,77216.4,0.7991278644196844,77218.1,1.912869555250234,77216.3,0.4065579415336522,77218.2,0.7786954980315612
1710000009.399991,100187,BTCUSDT,77217.1,5.948693022032195,77217.40000000001,6.636052069608403,77217.0,11.473801584501391,77217.50000000001,24.876430117950722,77216.90000000001,6.29593807112057,77217.6,9.495347288880154,77216.8,3.983689288705195,77217.70000000001,3.8596577964806595,77216.70000000001,4.061368035817969,77217.8,6.465157601021877,77216.6,6.185227497425744,77217.90000000001,3.114744165829454,77216.5,1.771833834203778,77218.00000000001,5.202998819340505,77216.40000000001,1.3493584803407974,77218.1,4.25567091051117,77216.3,5.12913395017593,77218.20000000001,5.224052823379585,77216.20000000001,5.60112060223605,77218.3,8.249847551593794
1710000009.449991,100188,BTCUSDT,77217.3,4.426325555993673,77217.40000000001,3.7041015453200092,77217.2,4.5393260931019235,77217.50000000001,5.541002219828133,77217.1,6.639987781497247,77217.6,10.387395566625363,77217.0,3.2738466972301774,77217.70000000001,2.9366396856796584,77216.90000000001,15.23957513993991,77217.8,2.4573564084309947,77216.8,4.2041155248470705,77217.90000000001,5.123344259295766,77216.7,4.318084534545304,77218.00000000001,1.5598395635852214,77216.6,1.0348701503478495,77218.1,1.2458873962052461,77216.5,3.923575472375533,77218.20000000001,3.54407635265162,77216.40000000001,1.0649390995445183,77218.3,4.061949376633552
1710000009.499991,100189,BTCUSDT,77217.3,3.769872393785737,77217.5,6.3576561779504654,77217.2,7.875843899603969,77217.6,4.363077611126235,77217.1,4.271353265752811,77217.7,6.603921096311196,77217.0,11.528593155311814,77217.8,9.041333992155188,77216.90000000001,5.499925527879322,77217.9,7.240619336851567,77216.8,3.4154029787487965,77218.0,5.697347492378579,77216.7,3.7107982245847184,77218.1,2.042568762176454,77216.6,5.639135609421519,77218.2,4.051910980033278,77216.5,2.176542561945005,77218.3,10.091749258274277,77216.40000000001,0.1,77218.4,1.5178630644933166
1710000009.549991,100190,BTCUSDT,77217.40000000001,5.2099913716062805,77217.50000000001,8.10388751508105,77217.3,5.216308625234117,77217.60000000002,8.846510895114921,77217.20000000001,5.22189095385549,77217.70000000001,4.926016687530647,77217.1,13.316885886137083,77217.80000000002,3.5554195724990194,77217.00000000001,2.5133673666564578,77217.90000000001,5.513505729710481,77216.90000000001,15.536813499072785,77218.00000000001,3.4982268832685364,77216.8,1.4561780975123937,77218.10000000002,2.857853489178643,77216.70000000001,3.6203256791362817,77218.20000000001,1.506581220773377,77216.6,4.6929738792005455,77218.30000000002,24.786214194428638,77216.50000000001,2.40401878484837,77218.40000000001,1.7523368337475969
1710000009.5999908,100191,BTCUSDT,77217.5,4.0893312837789395,77217.6,12.191690225650339,77217.4,5.343381805604038,77217.70000000001,5.159352385976569,77217.3,7.111596456307103,77217.8,5.133824850145402,77217.2,6.579150348397373,77217.90000000001,2.653660780442957,77217.1,8.722089244035246,77218.0,13.287381614341578,77217.0,5.7852034532243675,77218.1,13.96597195891369,77216.9,1.8568217062567274,77218.20000000001,3.795879620391712,77216.8,4.483271193831938,77218.3,4.286576059000653,77216.7,2.4530595794078307,77218.40000000001,2.0504689510813874,77216.6,0.5424726624881794,77218.5,1.9886275426427247
1710000009.6499908,100192,BTCUSDT,77217.40000000001,3.841401185247737,77217.50000000001,6.815118610517537,77217.3,6.8177424564010884,77217.60000000002,11.420184147497348,77217.20000000001,6.241358525675535,77217.70000000001,4.495417763090906,77217.1,8.89844745751743,77217.80000000002,5.508541051618768,77217.00000000001,2.3303984618469755,77217.90000000001,5.337465892298415,77216.90000000001,11.144673211693815,77218.00000000001,3.6187952277148474,77216.8,2.605759266929759,77218.10000000002,1.8194612065185138,77216.70000000001,1.456883964899867,77218.20000000001,3.0679721223812715,77216.6,4.022192801772333,77218.30000000002,0.7362030057102802,77216.50000000001,11.22498503987157,77218.40000000001,5.628170378148195
1710000009.6999907,100193,BTCUSDT,77217.5,10.651257889787521,77217.6,3.934338504322169,77217.4,5.791463156775945,77217.70000000001,7.178015996979541,77217.3,9.856255963741697,77217.8,8.9200965647542,77217.2,3.6977673699215243,77217.90000000001,13.712755481591188,77217.1,2.5311362486089055,77218.0,10.322044249529899,77217.0,15.753604840647064,77218.1,2.379942546724971,77216.9,6.321487338213648,77218.20000000001,1.3644778166029325,77216.8,2.8796190261600456,77218.3,3.705023490232672,77216.7,3.876152004463303,77218.40000000001,11.391568719514192,77216.6,4.462025013391942,77218.5,2.625548363029271
1710000009.7499907,100194,BTCUSDT,77217.40000000001,4.167082258896027,77217.6,5.918242968995228,77217.3,7.330810350895189,77217.70000000001,5.1182888581238055,77217.20000000001,3.024442287152594,77217.8,6.459777950458146,77217.1,11.707645411336792,77217.90000000001,4.332941477636712,77217.00000000001,2.9750832400188836,77218.0,4.337726089487861,77216.90000000001,1.7982852631606074,77218.1,8.470043624819752,77216.8,8.202642336474453,77218.20000000001,4.7469322178497535,77216.70000000001,2.542272087045161,77218.3,7.233421283507125,77216.6,3.6359117157748964,77218.40000000001,7.393244096395706,77216.50000000001,3.992810995455523,77218.5,6.13742330491478
1710000009.7999907,100195,BTCUSDT,77217.5,5.738704996515514,77217.6,16.27518976572779,77217.4,6.315812336641317,77217.70000000001,6.916384675927398,77217.3,3.7963469341642897,77217.8,6.730264796409258,77217.2,5.790863186015491,77217.90000000001,3.217475602678064,77217.1,2.245744968114986,77218.0,5.708995410627368,77217.0,7.370481519686486,77218.1,4.564322363136368,77216.9,2.228728511507656,77218.20000000001,5.592713251713238,77216.8,1.1339861430828597,77218.3,3.132393363727216,77216.7,1.113477946397788,77218.40000000001,1.2156145795564481,77216.6,0.9040604269346642,77218.5,1.9556502923669121
1710000009.8499906,100196,BTCUSDT,77217.5,6.241127132433027,77217.6,5.530145591897545,77217.4,10.509047751956594,77217.70000000001,3.828143917844226,77217.3,5.618424284623074,77217.8,3.0561979419546286,77217.2,2.695256524175687,77217.90000000001,5.812004301696996,77217.1,5.339012797765951,77218.0,10.416035869723816,77217.0,4.864638544255659,77218.1,14.454659741150088,77216.9,1.3996815738316772,77218.20000000001,1.6125971146735185,77216.8,0.9802650446400203,77218.3,1.6196276684440822,77216.7,3.517174876557043,77218.40000000001,4.549002273952679,77216.6,0.1866274285358575,77218.5,11.672929202937153
1710000009.8999906,100197,BTCUSDT,77217.3,5.007389218241839,77217.5,3.921316959194476,77217.2,3.944774124334957,77217.6,3.743024209979349,77217.1,3.326287674245736,77217.7,5.723908694550291,77217.0,3.5286424021188383,77217.8,4.173538503875212,77216.90000000001,20.22755236891447,77217.9,6.612032075287115,77216.8,13.502202562319042,77218.0,2.2152002220338045,77216.7,3.1259701377081157,77218.1,4.436313956427956,77216.6,1.1194558294524986,77218.2,0.8167849420892734,77216.5,4.839918617783453,77218.3,4.506873106424321,77216.40000000001,2.1158824108799417,77218.4,2.690587626170288
1710000009.9499905,100198,BTCUSDT,77217.40000000001,8.817475751582032,77217.50000000001,5.115470375296299,77217.3,5.197875621068521,77217.60000000002,4.281590551378605,77217.20000000001,3.207978838552725,77217.70000000001,3.5890828220953415,77217.1,8.788339017319371,77217.80000000002,6.9271767376453965,77217.00000000001,5.166824636675126,77217.90000000001,4.578112869829885,77216.90000000001,11.82651899643011,77218.00000000001,1.9020633182344435,77216.8,2.5173555126415623,77218.10000000002,2.922749243086318,77216.70000000001,6.900861573351783,77218.20000000001,20.379214063337972,77216.6,1.5012779655131459,77218.30000000002,8.695662045780782,77216.50000000001,7.102507459570636,77218.40000000001,1.0178011190114213
1710000009.9999905,100199,BTCUSDT,77217.40000000001,5.708313747646535,77217.50000000001,18.907175425857606,77217.3,3.9981568611617444,77217.60000000002,9.62094642327667,77217.20000000001,4.427020043739581,77217.70000000001,8.050248118143971,77217.1,4.578984594180868,77217.80000000002,5.854411391123281,77217.00000000001,9.149757815610574,77217.90000000001,8.521942784134191,77216.90000000001,9.652314249705396,77218.00000000001,1.8458735434556888,77216.8,5.911278570903291,77218.10000000002,1.8032328464471983,77216.70000000001,2.950174692803456,77218.20000000001,3.9815030018006263,77216.6,2.4616075472582155,77218.30000000002,3.332641973630597,77216.50000000001,22.650150014421783,77218.40000000001,0.5811081333583019
1710000010.0499904,100200,BTCUSDT,77217.3,4.291402654694613,77217.40000000001,15.525196240875335,77217.2,11.667792709381992,77217.50000000001,12.70242829961111,77217.1,21.88621019453805,77217.6,3.734368744743839,77217.0,4.156745349879536,77217.70000000001,6.825195377867946,77216.90000000001,4.645063648052762,77217.8,4.167817426680694,77216.8,3.371492057411041,77217.90000000001,5.203447799552003,77216.7,4.628253553916989,77218.00000000001,1.9043616465673772,77216.6,3.3526655386230377,77218.1,4.02501067794871,77216.5,3.778550369652721,77218.20000000001,1.3434321198329602,77216.40000000001,5.4233926226343225,77218.3,0.10208811460957089
1710000010.0999904,100201,BTCUSDT,77217.3,9.660379137305817,77217.40000000001,6.91946988750689,77217.2,4.410708730456951,77217.50000000001,7.94915922845789,77217.1,6.151683328619773,77217.6,9.163320650887185,77217.0,7.712481998953848,77217.70000000001,6.167541205292794,77216.90000000001,4.67911094504065,77217.8,2.5717055539009355,77216.8,2.811632370930761,77217.90000000001,3.772702986513526,77216.7,4.858161927885963,77218.00000000001,4.083782858905243,77216.6,2.159746267331538,77218.1,0.8259413689335212,77216.5,3.142615080878942,77218.20000000001,1.745394512992732,77216.40000000001,5.306193735198896,77218.3,0.1
1710000010.1499903,100202,BTCUSDT,77217.2,7.530597364257906,77217.3,6.798759628759681,77217.09999999999,5.292709873485068,77217.40000000001,6.147368370783196,77217.0,11.87562105772353,77217.5,3.6740884978621855,77216.9,2.491291943720004,77217.6,10.312304663237082,77216.8,5.442639715058276,77217.7,10.853115438412019,77216.7,5.234731216881353,77217.8,8.246317633344168,77216.59999999999,3.4461841421470947,77217.90000000001,6.74293697267327,77216.5,10.569295619480242,77218.0,4.195677692379226,77216.4,1.1976355924250943,77218.1,1.6522599885093108,77216.3,0.8858028244291787,77218.2,1.1340007952582074
1710000010.1999903,100203,BTCUSDT,77217.2,6.839926745630676,77217.3,7.14684645201455,77217.09999999999,5.423987606734835,77217.40000000001,7.022421907929897,77217.0,3.140379806148409,77217.5,3.1675324786120607,77216.9,3.1541447202131625,77217.6,5.319887848699155,77216.8,2.963166865887683,77217.7,3.3323046986508453,77216.7,3.64538861344227,77217.8,8.28240585300731,77216.59999999999,1.2558364502569508,77217.90000000001,5.392195593080205,77216.5,5.221055820620088,77218.0,7.210957200403644,77216.4,11.197527859817182,77218.1,0.48137351761810576,77216.3,0.6679211392446092,77218.2,8.692242160123005
1710000010.2499902,100204,BTCUSDT,77217.40000000001,8.14608667208759,77217.50000000001,14.3377489762188,77217.3,26.369690776144264,77217.60000000002,8.294112777857944,77217.20000000001,4.15433663218147,77217.70000000001,11.272809390782234,77217.1,2.6018941620819587,77217.80000000002,3.451077821132194,77217.00000000001,11.10711259970819,77217.90000000001,3.1838867566640934,77216.90000000001,2.5971855986817647,77218.00000000001,2.1945814822153693,77216.8,9.039153241233006,77218.10000000002,3.9730548229236513,77216.70000000001,5.294406178577224,77218.20000000001,1.8928366304509439,77216.6,6.075938382993248,77218.30000000002,6.108557839663165,77216.50000000001,1.4993441651677824,77218.40000000001,2.1151616681267082
1710000010.2999902,100205,BTCUSDT,77217.40000000001,18.61341988938726,77217.50000000001,7.749345327548653,77217.3,14.105501181741623,77217.60000000002,4.646092674032332,77217.20000000001,8.891039769016357,77217.70000000001,8.607321040193089,77217.1,7.106152428399262,77217.80000000002,15.883329435506315,77217.00000000001,4.000567172752286,77217.90000000001,2.5603476692080465,77216.90000000001,6.055417760190132,77218.00000000001,6.827121148873012,77216.8,4.6232345840037254,77218.10000000002,2.1268097630082003,77216.70000000001,3.608396049005832,77218.20000000001,2.2969690359202097,77216.6,2.630736316713725,77218.30000000002,4.545013542946238,77216.50000000001,5.469336867248853,77218.40000000001,1.0570326196724724
1710000010.3499901,100206,BTCUSDT,77217.40000000001,9.718575773466187,77217.50000000001,13.198705988174853,77217.3,5.049616304932005,77217.60000000002,8.765692754375458,77217.20000000001,11.891922229888712,77217.70000000001,10.28643825559669,77217.1,3.2075511984126455,77217.80000000002,14.920885665635407,77217.00000000001,3.8907581510316263,77217.90000000001,3.657462367688005,77216.90000000001,1.8578610916663467,77218.00000000001,4.263479676254791,77216.8,1.6617045317241534,77218.10000000002,2.342948239143076,77216.70000000001,2.3247056552576515,77218.20000000001,7.418291852034573,77216.6,8.73343362301435,77218.30000000002,1.8408179042989516,77216.50000000001,7.827426772653216,77218.40000000001,7.786107603184445
1710000010.39999,100207,BTCUSDT,77217.3,4.2345534698754435,77217.5,8.288899863181317,77217.2,14.803438909303178,77217.6,7.789619843828928,77217.1,4.411574762797063,77217.7,5.577225948631576,77217.0,6.550727814547024,77217.8,5.258058661653777,77216.90000000001,2.511119590535688,77217.9,3.496238134155086,77216.8,8.085961622315212,77218.0,9.505173613651214,77216.7,1.7907532432876283,77218.1,13.37857698205963,77216.6,2.39488728810382,77218.2,5.142552142639577,77216.5,5.9744868985061,77218.3,7.084109484278699,77216.40000000001,11.656587190614742,77218.4,1.501215549596169
1710000010.44999,100208,BTCUSDT,77217.3,9.018837512290474,77217.5,8.129378412884092,77217.2,4.363092639161826,77217.6,11.45563196210216,77217.1,3.5398207111028874,77217.7,3.0205069158227653,77217.0,7.455811236145934,77217.8,4.981054205688333,77216.90000000001,9.564499166992821,77217.9,3.9341205076713495,77216.8,2.3370309447575965,77218.0,8.842355153032157,77216.7,4.38435034499159,77218.1,2.0389146998533425,77216.6,5.897352162391301,77218.2,3.662500824251925,77216.5,4.1085269576755135,77218.3,2.8714044559859664,77216.40000000001,7.0575652798643524,77218.4,7.077551535376945
1710000010.49999,100209,BTCUSDT,77217.3,4.045520510652639,77217.40000000001,10.901774542649294,77217.2,7.6469479340097575,77217.50000000001,7.97640892977279,77217.1,4.60383474252524,77217.6,11.25711115158993,77217.0,7.569345474761177,77217.70000000001,2.877794787782415,77216.90000000001,4.095495089959167,77217.8,10.699595670264879,77216.8,1.7933871970097277,77217.90000000001,14.619734623616285,77216.7,5.747282910004,77218.00000000001,5.191912255942073,77216.6,2.0619085729040085,77218.1,1.9442896811577393,77216.5,11.793266227402716,77218.20000000001,1.8168402469427392,77216.40000000001,5.975612661925088,77218.3,1.9977086563263777
1710000010.54999,100210,BTCUSDT,77217.3,18.482111048275552,77217.40000000001,5.442661111147041,77217.2,4.967638876920399,77217.50000000001,4.886936644589841,77217.1,5.7404112471546895,77217.6,5.124025969885489,77217.0,10.878209380859268,77217.70000000001,5.217000699023135,77216.90000000001,4.835137939104825,77217.8,2.595724742498458,77216.8,17.837347980837293,77217.90000000001,2.750583710387148,77216.7,1.5047781113555638,77218.00000000001,5.55242566417444,77216.6,4.419092955841524,77218.1,2.9455697757416885,77216.5,2.5940562007876804,77218.20000000001,6.549658409006891,77216.40000000001,0.871194643394131,77218.3,6.864826987115713
1710000010.59999,100211,BTCUSDT,77217.3,5.7718099960303615,77217.40000000001,6.050168308246319,77217.2,4.386338099461296,77217.50000000001,8.779150632233893,77217.1,5.676935945247571,77217.6,4.347679806446314,77217.0,6.025857830515732,77217.70000000001,24.228738522535288,77216.90000000001,4.28557546958741,77217.8,12.137634868443866,77216.8,3.2925830139435432,77217.90000000001,1.825150166672128,77216.7,2.1138411725242507,77218.00000000001,3.369919797852623,77216.6,1.7919737141272243,77218.1,0.800908255981334,77216.5,10.260488455211387,77218.20000000001,7.828506261668367,77216.40000000001,5.423716064837962,77218.3,0.7348000848594712
1710000010.6499898,100212,BTCUSDT,77217.3,14.169497096916965,77217.40000000001,5.852237587818632,77217.2,3.7074293555573163,77217.50000000001,6.072980631201139,77217.1,4.515949853737607,77217.6,4.67889418972922,77217.0,6.28436725550546,77217.70000000001,7.473591827288998,77216.90000000001,2.4688489892774017,77217.8,2.144956011645968,77216.8,22.290478185565608,77217.90000000001,2.659657467226177,77216.7,1.4213343073206341,77218.00000000001,2.0422685138516368,77216.6,0.9589480264488712,77218.1,2.7890776671406265,77216.5,6.8860780973330264,77218.20000000001,2.069611014987335,77216.40000000001,2.349267630545609,77218.3,4.502948742340402
1710000010.6999898,100213,BTCUSDT,77217.3,11.505971486152264,77217.40000000001,11.640726984647689,77217.2,3.2398405333891103,77217.50000000001,9.221146026517875,77217.1,5.270182328053487,77217.6,20.781871308471143,77217.0,5.040645579049501,77217.70000000001,19.739334337281576,77216.90000000001,7.618963608145539,77217.8,3.1432945861861254,77216.8,4.692182748344168,77217.90000000001,20.981656210615444,77216.7,8.994512374343776,77218.00000000001,1.6097564541847884,77216.6,5.701766432309957,77218.1,2.4960211959798864,77216.5,0.42802700773889785,77218.20000000001,2.466576534223129,77216.40000000001,1.0702339172706739,77218.3,6.834144984417511
1710000010.7499897,100214,BTCUSDT,77217.2,4.6640338636004515,77217.3,3.8824908805850513,77217.09999999999,4.028708141004675,77217.40000000001,6.443666994198652,77217.0,4.177636610989645,77217.5,4.960981914638143,77216.9,4.291980431259297,77217.6,10.746829093182138,77216.8,11.428122834941018,77217.7,4.716637641852833,77216.7,3.2028414214216285,77217.8,2.051782188785724,77216.59999999999,13.464866116299675,77217.90000000001,1.4484674544487155,77216.5,2.213295275618682,77218.0,2.2156647322566814,77216.4,1.945011126728211,77218.1,1.1178793549468444,77216.3,6.1144084943832135,77218.2,0.522703548556357
1710000010.7999897,100215,BTCUSDT,77217.1,4.128853739562285,77217.20000000001,3.892587252645254,77217.0,12.806507066859705,77217.30000000002,4.043520058866712,77216.90000000001,9.687071848312273,77217.40000000001,5.946587666570674,77216.8,2.72421779554913,77217.50000000001,14.844410118647527,77216.70000000001,3.1345539258083246,77217.6,9.854331248616882,77216.6,2.3395875081108466,77217.70000000001,9.295030062292811,77216.5,1.253268372305498,77217.80000000002,4.067960360870231,77216.40000000001,6.669021337721509,77217.90000000001,11.720908249208101,77216.3,9.996478080619214,77218.00000000001,7.2508661546391355,77216.20000000001,8.76386539168282,77218.1,0.8886745359876723
1710000010.8499897,100216,BTCUSDT,77217.1,5.599019659223186,77217.20000000001,6.745924115339614,77217.0,3.8968410341547637,77217.30000000002,7.900850342187512,77216.90000000001,3.5336079496575152,77217.40000000001,4.286043427490893,77216.8,5.199439687564573,77217.50000000001,8.76718894312446,77216.70000000001,7.380137272774248,77217.6,6.1485754113115565,77216.6,2.277336687456239,77217.70000000001,4.767853036824607,77216.5,1.5660342683181803,77217.80000000002,3.0951675139373735,77216.40000000001,2.9344431836936513,77217.90000000001,0.9625023862543602,77216.3,1.6807554895081904,77218.00000000001,12.862522233076561,77216.20000000001,12.284635286992568,77218.1,1.737477693572812
1710000010.8999896,100217,BTCUSDT,77217.0,4.389391259448591,77217.1,5.591754696294572,77216.9,15.00913572765528,77217.20000000001,3.8088724901852915,77216.8,8.567496262195311,77217.3,3.2602184718877174,77216.7,18.307862943128086,77217.40000000001,4.3225858495345335,77216.6,7.970791262225035,77217.5,3.6777962140662352,77216.5,5.551886821848306,77217.6,2.4528525100626677,77216.4,1.831394793025502,77217.70000000001,12.326623754297568,77216.3,10.78697507082665,77217.8,9.53810403378425,77216.2,4.32794315460894,77217.90000000001,7.006631267974324,77216.1,0.28614270776171963,77218.0,1.6306042335743047
1710000010.9499896,100218,BTCUSDT,77216.90000000001,4.243054973042822,77217.00000000001,7.229988788451632,77216.8,9.936299312226016,77217.10000000002,5.125866682864894,77216.70000000001,3.3674927674319655,77217.20000000001,3.6760493726357435,77216.6,3.4845235035217406,77217.30000000002,3.8261146356672677,77216.50000000001,6.117782518802971,77217.40000000001,5.674628964776211,77216.40000000001,6.363961258445691,77217.50000000001,3.4008164597800405,77216.3,8.149031769767806,77217.60000000002,2.113064905129148,77216.20000000001,3.3322799920279236,77217.70000000001,7.256570278825385,77216.1,1.1945777211471242,77217.80000000002,0.8655200931882312,77216.00000000001,8.605777503554576,77217.90000000001,1.6798568320906637
1710000010.9999895,100219,BTCUSDT,77217.0,3.7027016590111113,77217.1,8.285336983506129,77216.9,4.719781954506517,77217.20000000001,3.4294185240215698,77216.8,6.56451422589732,77217.3,3.901980232555813,77216.7,4.356303769259801,77217.40000000001,2.736052504026868,77216.6,2.636748537773389,77217.5,3.415157789654023,77216.5,1.9761857171586708,77217.6,11.268674919640995,77216.4,1.2242616023695496,77217.70000000001,3.845510626047302,77216.3,1.3261219630922736,77217.8,2.2708227493251574,77216.2,10.817981489050446,77217.90000000001,1.1054910000496223,77216.1,13.505900410925301,77218.0,0.9216515208645842
1710000011.0499895,100220,BTCUSDT,77217.0,6.829684819544491,77217.1,6.6590816263614325,77216.9,4.069928432123847,77217.20000000001,3.927187715588917,77216.8,12.731114915219075,77217.3,4.389024767679914,77216.7,4.261384401330994,77217.40000000001,8.105527475572824,77216.6,3.6549377140878634,77217.5,14.151424346873767,77216.5,6.956540489490017,77217.6,5.239537610899907,77216.4,9.711004679604333,77217.70000000001,1.4035141883630737,77216.3,1.9885744597183475,77217.8,3.302225795296109,77216.2,1.4297938725202113,77217.90000000001,5.848830163874878,77216.1,10.063510850497172,77218.0,2.2049944022490413
1710000011.0999894,100221,BTCUSDT,77217.0,16.633662498003524,77217.1,5.954085255120436,77216.9,5.88592164154507,77217.20000000001,4.933297632361517,77216.8,12.411764740648579,77217.3,6.166175628652237,77216.7,8.144873736335558,77217.40000000001,9.081143001601962,77216.6,3.6732838175633282,77217.5,4.2744851835325175,77216.5,9.147933455345605,77217.6,3.4055462793253035,77216.4,7.518257094410941,77217.70000000001,12.520350870740216,77216.3,4.704273064130243,77217.8,6.2134084569757135,77216.2,6.941019524346939,77217.90000000001,7.858343976473191,77216.1,2.0104599463381643,77218.0,0.21049654637073462
1710000011.1499894,100222,BTCUSDT,77217.0,9.128622165218662,77217.1,5.366332917010571,77216.9,7.228628750788143,77217.20000000001,4.025243107173182,77216.8,8.335101132969259,77217.3,5.955954531412669,77216.7,3.312947946173831,77217.40000000001,3.780742927986886,77216.6,7.522978495069592,77217.5,4.635765589785125,77216.5,2.573545447912166,77217.6,15.277998242101633,77216.4,6.222819443918966,77217.70000000001,13.798782920682076,77216.3,3.0282116172388944,77217.8,3.378192639137338,77216.2,9.529374020182303,77217.90000000001,3.378177418174416,77216.1,4.914140164373203,77218.0,1.1623337894654064
1710000011.1999893,100223,BTCUSDT,77217.1,4.127045512375426,77217.20000000001,4.522586697277253,77217.0,3.203775442255612,77217.30000000002,3.36022686488437,77216.90000000001,17.938711891684935,77217.40000000001,3.9101544740577165,77216.8,6.754379042318652,77217.50000000001,9.70788141205188,77216.70000000001,5.199905846071986,77217.6,2.6649008044342675,77216.6,6.809525531118645,77217.70000000001,5.267677818911644,77216.5,6.455903569852538,77217.80000000002,7.074299746667729,77216.40000000001,15.621721501913916,77217.90000000001,4.209165174312934,77216.3,2.072020299608712,77218.00000000001,4.581778955842303,77216.20000000001,0.2835817605048605,77218.1,9.107564837482125
1710000011.2499893,100224,BTCUSDT,77217.2,7.238376599760503,77217.3,5.601096088100033,77217.09999999999,5.765527001834178,77217.40000000001,10.911619887625786,77217.0,4.462088358116155,77217.5,10.950118882375289,77216.9,2.7690508086373136,77217.6,8.398720186984187,77216.8,9.523612318501385,77217.7,2.8026801957208747,77216.7,3.850908218244735,77217.8,2.323689063418825,77216.59999999999,6.104929945162165,77217.90000000001,4.2658641660295835,77216.5,4.834976797668493,77218.0,1.675047494381491,77216.4,1.3517389241347784,77218.1,0.5695317048533056,77216.3,1.5548304217452809,77218.2,3.281601620947254
1710000011.2999892,100225,BTCUSDT,77217.1,7.997579748934623,77217.3,5.886525005266806,77217.0,15.44066629545739,77217.40000000001,8.281094361997233,77216.90000000001,13.446491468449103,77217.5,5.799614944810622,77216.8,3.598501912858538,77217.6,2.6170927567941242,77216.70000000001,7.179747590008937,77217.7,2.5172605934035412,77216.6,3.0425891689503075,77217.8,4.641174812256775,77216.5,4.524275875803424,77217.90000000001,4.870999152988999,77216.40000000001,1.5273122999830782,77218.0,2.710449400003049,77216.3,4.240910155361479,77218.1,14.402152826113852,77216.20000000001,5.202392079906119,77218.2,10.235268163320903
1710000011.3499892,100226,BTCUSDT,77217.0,7.99467698387074,77217.2,7.5060696198547685,77216.9,6.889931157188765,77217.3,5.891699098773582,77216.8,5.80867348814145,77217.4,4.42852113768873,77216.7,5.330153235716262,77217.5,3.2803723632060025,77216.6,8.542601864086837,77217.59999999999,2.82208375634889,77216.5,1.9551774909375854,77217.7,3.892549358398728,77216.4,5.495375568551549,77217.8,3.5029987430536274,77216.3,2.0960241927019063,77217.9,4.06733106316742,77216.2,2.1047269045892936,77218.0,11.204359330660829,77216.1,10.237407470102829,77218.09999999999,2.7916084290872663
1710000011.3999891,100227,BTCUSDT,77217.1,8.944419394843317,77217.20000000001,3.7496153036614293,77217.0,5.775668498675127,77217.30000000002,4.839841150847003,77216.90000000001,12.929798976657974,77217.40000000001,2.8483025811205605,77216.8,5.619130487292795,77217.50000000001,7.79851658136787,77216.70000000001,4.654493224638076,77217.6,2.357087123461075,77216.6,15.968665040037024,77217.70000000001,4.519331228099398,77216.5,5.0096020967712676,77217.80000000002,2.2799438136318377,77216.40000000001,3.442705131953887,77217.90000000001,3.042511643544646,77216.3,0.7113957782715291,77218.00000000001,0.8489155451235526,77216.20000000001,7.2676327258861,77218.1,1.0967998750719516
1710000011.449989,100228,BTCUSDT,77217.2,3.855793260643906,77217.3,7.0397164492565345,77217.09999999999,3.707746198919915,77217.40000000001,3.3485694690790058,77217.0,3.0167433779078388,77217.5,9.987026333127249,77216.9,2.902128103045494,77217.6,2.5848097913205788,77216.8,4.30430123278612,77217.7,9.431429704330636,77216.7,2.817459852863924,77217.8,3.7907373294448816,77216.59999999999,1.3629652101193956,77217.90000000001,3.584651895500554,77216.5,4.247334057948169,77218.0,4.1843269024025975,77216.4,2.016424281120467,77218.1,1.9164604389421678,77216.3,0.45098923019518955,77218.2,1.8278651952371612
1710000011.499989,100229,BTCUSDT,77217.2,9.419936737757478,77217.3,17.157980216878364,77217.09999999999,17.236171484807617,77217.40000000001,11.21202920527531,77217.0,6.473092275021132,77217.5,7.627450533368389,77216.9,3.743042454550003,77217.6,6.38534664341491,77216.8,4.432648115809203,77217.7,4.631254047023117,77216.7,7.271578698294933,77217.8,2.9246880221246636,77216.59999999999,2.731134817955996,77217.90000000001,11.54200966650805,77216.5,1.0314669661833067,77218.0,3.4592831392958816,77216.4,10.15824050839428,77218.1,4.1701590503564,77216.3,3.1622204895838704,77218.2,1.1493641450015113
1710000011.549989,100230,BTCUSDT,77217.2,6.492299880031453,77217.3,4.019574558823373,77217.09999999999,3.264631986491767,77217.40000000001,16.46211838312318,77217.0,4.692746228197072,77217.5,6.497423290843157,77216.9,2.732287815319378,77217.6,6.996856371577824,77216.8,12.786465787587296,77217.7,5.428930550367664,77216.7,2.139227439321723,77217.8,5.086431464220018,77216.59999999999,7.015676329028625,77217.90000000001,3.286309782507522,77216.5,9.275649395908253,77218.0,4.984264785712367,77216.4,9.580409366517534,77218.1,4.30740535496132,77216.3,0.5629743673636933,77218.2,1.4824679426979785
1710000011.599989,100231,BTCUSDT,77217.3,13.179963877037208,77217.40000000001,9.315138774293791,77217.2,7.712968213437391,77217.50000000001,4.6322254170534904,77217.1,3.6135831729276515,77217.6,8.44974994379688,77217.0,4.971017554693388,77217.70000000001,3.423646183613337,77216.90000000001,5.834935097553748,77217.8,2.164679270591709,77216.8,3.179111210173623,77217.90000000001,4.128637281693988,77216.7,1.8404793988844275,77218.00000000001,17.907726188922137,77216.6,1.7383216371837698,77218.1,1.3586721853331416,77216.5,1.310287738015273,77218.20000000001,6.262408996793168,77216.40000000001,2.217060130078561,77218.3,3.33346355467011
1710000011.649989,100232,BTCUSDT,77217.3,10.385547926222317,77217.40000000001,12.259610068626227,77217.2,3.5627922254838134,77217.50000000001,6.291906528772202,77217.1,12.577962894558176,77217.6,4.7639139140121936,77217.0,9.47762465960703,77217.70000000001,2.9740759752874255,77216.90000000001,12.957822290285096,77217.8,7.568015598735691,77216.8,12.943606526571202,77217.90000000001,6.1156744876743865,77216.7,3.006479762861242,77218.00000000001,12.334189236847514,77216.6,2.0894627611517937,77218.1,2.4149016214460897,77216.5,5.226684673240668,77218.20000000001,6.198066507507027,77216.40000000001,10.60309792802322,77218.3,0.9166586125664282
1710000011.6999888,100233,BTCUSDT,77217.2,8.965988493613834,77217.4,3.8636813416286273,77217.09999999999,5.159017697361139,77217.5,4.529409499210595,77217.0,4.252441998842343,77217.59999999999,19.085688298714555,77216.9,6.517584799359204,77217.7,7.458801961221108,77216.8,17.023093088909857,77217.79999999999,3.894130804131496,77216.7,8.074725375544817,77217.9,3.8803989551164486,77216.59999999999,9.346560428333632,77218.0,1.9970125601969193,77216.5,12.601978567833552,77218.09999999999,1.7875514603340443,77216.4,1.9794095331666752,77218.2,6.045500835606369,77216.3,2.001885270796148,77218.29999999999,3.7481312442862196
1710000011.7499888,100234,BTCUSDT,77217.2,3.840945234635722,77217.3,5.026296353088295,77217.09999999999,5.772164215308624,77217.40000000001,3.935787758577961,77217.0,4.552762927837423,77217.5,4.843189285289824,77216.9,2.636418446145548,77217.6,5.901624539822247,77216.8,10.6285202601557,77217.7,2.658286081796545,77216.7,5.243302903057129,77217.8,5.971386228887889,77216.59999999999,3.3743229205437384,77217.90000000001,6.030552552037725,77216.5,2.9154936624866066,77218.0,3.609860132736248,77216.4,0.42952084576538807,77218.1,5.106988753212045,77216.3,4.331066140807211,77218.2,0.15663051025046945
1710000011.7999887,100235,BTCUSDT,77217.3,19.059000880282092,77217.40000000001,5.783991671824744,77217.2,5.988182318867631,77217.50000000001,12.828679556609934,77217.1,7.852936664646219,77217.6,6.289766553371196,77217.0,8.794084498787113,77217.70000000001,10.391188647864006,77216.90000000001,4.441759403570593,77217.8,4.578253788359345,77216.8,3.5513732454552183,77217.90000000001,15.209529135741947,77216.7,5.978285272351927,77218.00000000001,1.5475643712587424,77216.6,8.74991870493036,77218.1,3.4200154275313768,77216.5,0.6849268164530399,77218.20000000001,3.5915182866799857,77216.40000000001,2.159399657836973,77218.3,8.406729129758471
1710000011.8499887,100236,BTCUSDT,77217.3,3.8246322357630556,77217.40000000001,17.880164090847856,77217.2,6.0748056586043795,77217.50000000001,4.57490431262035,77217.1,5.3350389287097055,77217.6,10.603708792188915,77217.0,3.854816215028527,77217.70000000001,3.2561227816401583,77216.90000000001,2.5527804179100606,77217.8,3.414486431270787,77216.8,7.657385335904207,77217.90000000001,4.151806415442197,77216.7,2.23239782601936,77218.00000000001,1.9269748932143411,77216.6,2.4182389313985215,77218.1,12.048604234231227,77216.5,2.080447679025632,77218.20000000001,18.13296847096926,77216.40000000001,2.6561438615742987,77218.3,0.7897273853345997
1710000011.8999887,100237,BTCUSDT,77217.3,6.067377817853792,77217.5,8.54696679775621,77217.2,19.669204200449286,77217.6,3.405911562834345,77217.1,3.206778128987408,77217.7,7.898392908839492,77217.0,3.724168046520086,77217.8,3.2148414050213763,77216.90000000001,2.1606300272800003,77217.9,2.0883555400749145,77216.8,7.557485111276913,77218.0,2.1774839568268174,77216.7,3.72234707815482,77218.1,4.924570054256425,77216.6,3.0369260510962475,77218.2,0.9099232586412209,77216.5,6.520686687694132,77218.3,0.4422755156065817,77216.40000000001,5.740088334497107,77218.4,8.951104950654823
1710000011.9499886,100238,BTCUSDT,77217.3,5.571999264490687,77217.40000000001,12.336525942053212,77217.2,12.174756494735032,77217.50000000001,4.836786433865491,77217.1,6.618772561473014,77217.6,13.264121467621926,77217.0,15.486839004980117,77217.70000000001,5.244910935751619,77216.90000000001,4.411944979982989,77217.8,3.3067690367527707,77216.8,14.364252163770967,77217.90000000001,2.2164028118445387,77216.7,4.668379514770797,77218.00000000001,2.52820957224821,77216.6,2.1085105606609287,77218.1,2.87656432201738,77216.5,27.278256646095084,77218.20000000001,0.6261387919449342,77216.40000000001,3.456138877127642,77218.3,0.3447253940246959
1710000011.9999886,100239,BTCUSDT,77217.40000000001,5.916153354138105,77217.50000000001,6.457157490477,77217.3,4.397898169063017,77217.60000000002,4.721863619107124,77217.20000000001,3.1639331065895173,77217.70000000001,4.245140985102078,77217.1,15.991823290450036,77217.80000000002,13.980463453981296,77217.00000000001,3.631140930889726,77217.90000000001,5.383831772511423,77216.90000000001,11.213840118390383,77218.00000000001,1.6248120866477587,77216.8,7.857341731467429,77218.10000000002,13.054574873130537,77216.70000000001,1.1830743705053675,77218.20000000001,1.5043132388887839,77216.6,13.35083856912731,77218.30000000002,3.4847820914277925,77216.50000000001,0.1,77218.40000000001,1.191640800887303
1710000012.0499885,100240,BTCUSDT,77217.5,25.1455466739882,77217.6,4.9559643415848535,77217.4,6.290667649563546,77217.70000000001,6.248476333577862,77217.3,4.881115726233745,77217.8,3.541281284831156,77217.2,17.569245222712276,77217.90000000001,10.077931023551436,77217.1,4.759275129664404,77218.0,5.697749530455557,77217.0,2.631256009032511,77218.1,4.739182510240408,77216.9,5.9493823319084145,77218.20000000001,4.095803343143691,77216.8,19.33640702092135,77218.3,4.580218459942162,77216.7,2.254328923094738,77218.40000000001,6.316306640873226,77216.6,0.7475479055138075,77218.5,1.9413841045721334
1710000012.0999885,100241,BTCUSDT,77217.6,5.861177186520468,77217.70000000001,9.689003012273707,77217.5,5.847935613549959,77217.80000000002,9.519797038300464,77217.40000000001,6.236702249975672,77217.90000000001,4.474623508082097,77217.3,9.042477350916345,77218.00000000001,3.4887557626069885,77217.20000000001,3.0163856451804154,77218.1,4.808775305800657,77217.1,2.8090135259744953,77218.20000000001,1.6365142955546264,77217.0,5.379878835262073,77218.30000000002,4.0623386874689675,77216.90000000001,3.158882399348153,77218.40000000001,14.441176279627312,77216.8,3.78705106462317,77218.50000000001,8.363718113322115,77216.70000000001,0.6007353349912296,77218.6,3.36850534573657
1710000012.1499884,100242,BTCUSDT,77217.6,5.4611379616707,77217.8,3.988024343124208,77217.5,5.649221348521757,77217.90000000001,5.206666719873929,77217.40000000001,10.871435009035283,77218.0,3.9188307560097146,77217.3,16.01290505802786,77218.1,15.093518586769754,77217.20000000001,3.138116954487133,77218.2,3.7111616261820632,77217.1,10.636407021521247,77218.3,15.199459586791638,77217.0,3.543914741549563,77218.40000000001,2.7485192015542945,77216.90000000001,3.7869852686088183,77218.5,5.456050565785022,77216.8,1.6779268718263705,77218.6,5.734400448320862,77216.70000000001,0.21215761754872617,77218.7,0.20220372324895042
1710000012.1999884,100243,BTCUSDT,77217.7,5.34456246146616,77217.8,5.117045080955075,77217.59999999999,5.901384358587575,77217.90000000001,4.746967442599538,77217.5,3.654049909771981,77218.0,4.281180829223533,77217.4,17.140230715275546,77218.1,4.518086689749756,77217.3,4.353079119713588,77218.2,5.437232016736335,77217.2,17.979163066440275,77218.3,2.7061840444270997,77217.09999999999,5.77379570603716,77218.40000000001,6.23490858517369,77217.0,4.539085984155212,77218.5,1.1709985376031895,77216.9,4.918830412189152,77218.6,0.6649639785150252,77216.8,3.626774225273073,77218.7,5.381856348661608
1710000012.2499883,100244,BTCUSDT,77217.7,4.581494984730124,77217.8,4.174456878477531,77217.59999999999,15.456658430032071,77217.90000000001,3.5017641260956927,77217.5,3.688043871395897,77218.0,4.50975312362953,77217.4,6.2728089635955895,77218.1,5.548083121388254,77217.3,2.537068332312719,77218.2,3.368429043294416,77217.2,2.6911831460420883,77218.3,2.5608681822373303,77217.09999999999,3.3182967152301996,77218.40000000001,6.0700083562381435,77217.0,1.7808048314227785,77218.5,2.627110745692793,77216.9,2.383205729414908,77218.6,15.395627021467027,77216.8,12.374823393550367,77218.7,6.440504251662878
1710000012.2999883,100245,BTCUSDT,77217.8,3.8818500067083033,77217.90000000001,5.1244802981277155,77217.7,4.4413173164094495,77218.00000000001,6.020278283762478,77217.6,8.81541206902524,77218.1,10.616820115190572,77217.5,9.853814711872088,77218.20000000001,4.183121181951602,77217.40000000001,6.64920428004403,77218.3,3.500718692475046,77217.3,1.8513568475969053,77218.40000000001,6.436816061167288,77217.2,1.239504646797014,77218.50000000001,3.3049930237605962,77217.1,2.398206127086048,77218.6,5.528552221365886,77217.0,6.213934972523435,77218.70000000001,1.8501663964630048,77216.90000000001,6.677325263576541,77218.8,1.3920885818855506
1710000012.3499882,100246,BTCUSDT,77217.90000000001,21.08623757145596,77218.00000000001,4.620400177593902,77217.8,7.542601594869626,77218.10000000002,6.963173009959322,77217.70000000001,12.665051927775803,77218.20000000001,3.4801278169787144,77217.6,7.97405202925791,77218.30000000002,5.759806724209395,77217.50000000001,3.2844914441480757,77218.40000000001,4.573124964955091,77217.40000000001,3.2245208994158916,77218.50000000001,5.06346858878829,77217.3,9.992922322079085,77218.60000000002,4.569420239223409,77217.20000000001,4.795673308509597,77218.70000000001,3.725455679449091,77217.1,0.6100835858909016,77218.80000000002,1.4603363350556884,77217.00000000001,2.709108943213255,77218.90000000001,1.4856189219032598
1710000012.3999882,100247,BTCUSDT,77218.0,6.405788858310329,77218.1,5.15921236202001,77217.9,4.394204472003809,77218.20000000001,5.6943756480538905,77217.8,3.3721768798160974,77218.3,13.310255583814433,77217.7,10.490796261100929,77218.40000000001,7.31881182501723,77217.6,2.4491548526584546,77218.5,7.982245624364015,77217.5,8.200150728863637,77218.6,7.440015371342179,77217.4,1.6839993079819648,77218.70000000001,5.330264135941237,77217.3,7.990904032678422,77218.8,4.244875652026371,77217.2,4.558439223926684,77218.90000000001,2.8526405150426264,77217.1,3.0091039057425615,77219.0,0.13992657361807853
1710000012.4499881,100248,BTCUSDT,77217.90000000001,4.984947571258809,77218.00000000001,6.75359541016662,77217.8,3.7727864799385102,77218.10000000002,7.905993519699008,77217.70000000001,9.139206316508934,77218.20000000001,3.51341909831904,77217.6,2.8406574196777017,77218.30000000002,3.029027582839392,77217.50000000001,10.386434201455666,77218.40000000001,5.004709408428962,77217.40000000001,4.11889459322234,77218.50000000001,2.051384156776064,77217.3,5.394217505232564,77218.60000000002,9.299801058786723,77217.20000000001,7.845368088311173,77218.70000000001,4.734583091859998,77217.1,0.7130516086935768,77218.80000000002,0.8769229545834425,77217.00000000001,0.20226470724783793,77218.90000000001,1.1908176697643866
1710000012.499988,100249,BTCUSDT,77217.90000000001,4.804680056605255,77218.00000000001,5.544909660698254,77217.8,14.6576080916436,77218.10000000002,6.970293043610711,77217.70000000001,10.006603772208335,77218.20000000001,7.756348650304467,77217.6,2.8774011399709547,77218.30000000002,7.72601892106933,77217.50000000001,3.2868800871464523,77218.40000000001,6.07670444168066,77217.40000000001,3.26789617209191,77218.50000000001,25.851435366805923,77217.3,2.4236637720245584,77218.60000000002,2.5091884646004816,77217.20000000001,11.475640401084268,77218.70000000001,0.89981264512986,77217.1,5.1719862289684695,77218.80000000002,5.568687046452694,77217.00000000001,7.240799673847277,77218.90000000001,14.666798718043218
1710000012.549988,100250,BTCUSDT,77217.90000000001,4.1494689104066556,77218.20000000001,7.801428115231113,77217.8,19.378237995658303,77218.30000000002,12.91343550852734,77217.70000000001,5.113069230187987,77218.40000000001,2.963071205980288,77217.6,4.199508468605279,77218.50000000001,9.403782678242303,77217.50000000001,6.835929343948251,77218.6,4.459885699538217,77217.40000000001,1.8267112074939995,77218.70000000001,3.826743432263148,77217.3,3.7321609051873796,77218.80000000002,11.755339259565599,77217.20000000001,4.898691048431978,77218.90000000001,2.2938483466009725,77217.1,3.3804429197630768,77219.00000000001,0.6733522343612763,77217.00000000001,14.384214616725117,77219.1,1.7855228151025184
1710000012.599988,100251,BTCUSDT,77218.1,5.355781317073922,77218.20000000001,8.18925762631903,77218.0,7.541585913832396,77218.30000000002,8.225590611266963,77217.90000000001,4.048681812140882,77218.40000000001,4.317251208466636,77217.8,2.9352742204181217,77218.50000000001,6.662760539198597,77217.70000000001,2.162442764617421,77218.6,5.64205316909648,77217.6,9.751536852977567,77218.70000000001,10.459474629086893,77217.5,3.584356011178172,77218.80000000002,3.6595900151975203,77217.40000000001,1.120370628718711,77218.90000000001,5.243934299049467,77217.3,7.287279200733341,77219.00000000001,1.522323011013368,77217.20000000001,2.1878903755028354,77219.1,7.301414013147629
1710000012.649988,100252,BTCUSDT,77218.0,4.455214966946259,77218.2,4.029800853065568,77217.9,12.881895099561277,77218.3,10.070487512938906,77217.8,8.509047161580634,77218.4,2.9999821003156053,77217.7,9.824649091685213,77218.5,4.705327436167606,77217.6,3.67660407742017,77218.59999999999,5.162831540609245,77217.5,1.9831954647519143,77218.7,7.252961452123426,77217.4,4.693260969286482,77218.8,2.0260804424218506,77217.3,1.6341637600864414,77218.9,1.6145827620766973,77217.2,0.634766112881278,77219.0,3.944971394792113,77217.1,7.339039779377072,77219.09999999999,0.1
1710000012.699988,100253,BTCUSDT,77218.0,7.001733666851424,77218.1,10.448002391266037,77217.9,4.7824881849154,77218.20000000001,4.920759437527403,77217.8,6.428793744396202,77218.3,4.081994171470118,77217.7,2.5078751052653274,77218.40000000001,7.715552629909158,77217.6,5.930255430984969,77218.5,5.477208749595464,77217.5,7.014288546715996,77218.6,6.098562473739529,77217.4,2.1220927971237393,77218.70000000001,2.9384288588275034,77217.3,1.3392037259803093,77218.8,1.3563909137785697,77217.2,4.910464404746605,77218.90000000001,8.22465312845882,77217.1,13.15854358428321,77219.0,3.959179888083077
1710000012.7499878,100254,BTCUSDT,77218.1,9.683183090614511,77218.20000000001,8.45982801120809,77218.0,10.394127469482815,77218.30000000002,3.4314229331197192,77217.90000000001,8.305703053183615,77218.40000000001,10.411285020394816,77217.8,3.7482458785061157,77218.50000000001,6.491577790977053,77217.70000000001,3.5084556953069064,77218.6,14.677588018407661,77217.6,1.735979627313947,77218.70000000001,5.0680298413319775,77217.5,1.92850332963456,77218.80000000002,6.182238770449743,77217.40000000001,1.5738064269822172,77218.90000000001,1.8735222665662692,77217.3,3.12780682599261,77219.00000000001,10.252656562149895,77217.20000000001,0.9515791316315457,77219.1,0.6230613626474504
1710000012.7999878,100255,BTCUSDT,77218.2,6.377548054012507,77218.4,13.311918145424018,77218.09999999999,3.8341758648510824,77218.5,7.3530187782618155,77218.0,3.8604436923218493,77218.59999999999,3.482016689315979,77217.9,7.000836181527249,77218.7,6.002502490710655,77217.8,7.623172258895465,77218.79999999999,3.481140439362629,77217.7,3.9766235475581873,77218.9,3.6799476845766543,77217.59999999999,17.76309498236733,77219.0,2.582651523755111,77217.5,2.1971930935129995,77219.09999999999,2.5512190238378247,77217.4,3.725906146179675,77219.2,1.5631354816350718,77217.3,9.874083666869378,77219.29999999999,1.2352718254312438
1710000012.8499877,100256,BTCUSDT,77218.2,13.100000328934021,77218.4,4.339296045604596,77218.09999999999,17.009157745105046,77218.5,5.612373056877328,77218.0,14.454037323697683,77218.59999999999,7.318183881761424,77217.9,3.835777897351464,77218.7,3.2345103034917075,77217.8,3.4481000415086855,77218.79999999999,2.3905280935485167,77217.7,2.2213226792356155,77218.9,2.042208945595719,77217.59999999999,3.3992606911671652,77219.0,7.5502825397788,77217.5,1.4097318767585125,77219.09999999999,1.3585217966758223,77217.4,4.52488703557509,77219.2,1.278513855755714,77217.3,0.41083408836481955,77219.29999999999,0.73015949788087
1710000012.8999877,100257,BTCUSDT,77218.1,10.492022567426162,77218.3,5.348222887680777,77218.0,7.466370928336712,77218.40000000001,6.282495238846787,77217.90000000001,7.321950985784827,77218.5,7.391266675483404,77217.8,6.363346130858789,77218.6,3.6375374567166294,77217.70000000001,2.1591502054761724,77218.7,4.4320399696562625,77217.6,10.464671341826197,77218.8,4.971206348004955,77217.5,8.344486567586546,77218.90000000001,20.32970300783026,77217.40000000001,1.5146707411446139,77219.0,5.507735222607947,77217.3,4.887035344643476,77219.1,16.03919140334324,77217.20000000001,16.962312170574446,77219.2,4.642103262546786
1710000012.9499876,100258,BTCUSDT,77218.2,9.669245802445355,77218.3,13.240508574532763,77218.09999999999,5.130465067361451,77218.40000000001,7.183883050275126,77218.0,5.049477426792281,77218.5,5.103341859300528,77217.9,3.8864053854131493,77218.6,8.144117509651608,77217.8,13.0065392930727,77218.7,13.304016003677978,77217.7,2.368427274160789,77218.8,9.909571355830602,77217.59999999999,6.548972222140485,77218.90000000001,2.3658897911091827,77217.5,1.0786207041409939,77219.0,2.04788412505314,77217.4,10.131150382972848,77219.1,4.411521608223194,77217.3,5.106957734206903,77219.2,1.1890572155550734
1710000012.9999876,100259,BTCUSDT,77218.2,3.7140979551777034,77218.3,5.482071658818627,77218.09999999999,7.142063255661682,77218.40000000001,3.8317486639652634,77218.0,9.72650296491069,77218.5,3.871681437888851,77217.9,6.625443684422112,77218.6,4.478101041593918,77217.8,5.625793265767133,77218.7,2.454693454584539,77217.7,1.6682298186117273,77218.8,11.212470346221945,77217.59999999999,2.456816143732461,77218.90000000001,8.052022428635093,77217.5,30.156002267501332,77219.0,1.75014278261916,77217.4,1.632468430740305,77219.1,4.74902549891063,77217.3,13.461232840121648,77219.2,9.898923113281846
1710000013.0499876,100260,BTCUSDT,77218.1,18.765985472721656,77218.20000000001,16.936387410135044,77218.0,3.915210021519764,77218.30000000002,4.62340470361869,77217.90000000001,3.2221309997650494,77218.40000000001,4.068265569612316,77217.8,9.170317101268765,77218.50000000001,4.301290888142253,77217.70000000001,2.3702026186399014,77218.6,3.675572596926597,77217.6,17.534792363622717,77218.70000000001,5.573589963305826,77217.5,3.352519709191652,77218.80000000002,1.9286711392567824,77217.40000000001,17.925626969848096,77218.90000000001,7.67810522015145,77217.3,1.72223193510162,77219.00000000001,0.690578247719841,77217.20000000001,0.23316799684313755,77219.1,0.513052716844722
1710000013.0999875,100261,BTCUSDT,77218.2,14.166995381492812,77218.3,6.346620621774598,77218.09999999999,10.604649153630664,77218.40000000001,5.561543823526138,77218.0,7.732007682714759,77218.5,8.065174201243034,77217.9,3.164466267368554,77218.6,4.192756008972575,77217.8,6.056740714003726,77218.7,2.2932800582588495,77217.7,3.394786185551009,77218.8,4.661146844197447,77217.59999999999,23.516882449946692,77218.90000000001,3.7738758347311228,77217.5,7.572512126141453,77219.0,3.0630093076088327,77217.4,6.766209714572239,77219.1,4.019571753038075,77217.3,8.70717476041948,77219.2,2.1169262635054498
1710000013.1499875,100262,BTCUSDT,77218.1,4.223398025273006,77218.20000000001,3.9929191412449785,77218.0,3.267248340160827,77218.30000000002,11.471135484413068,77217.90000000001,3.8792371838995026,77218.40000000001,3.7505257290512626,77217.8,7.72776110940001,77218.50000000001,3.9427447072379413,77217.70000000001,4.821240945424877,77218.6,2.7093889106626756,77217.6,14.450155926741608,77218.70000000001,9.23087447716716,77217.5,9.17421879393899,77218.80000000002,3.28871766309227,77217.40000000001,6.548013851371959,77218.90000000001,1.421360940089285,77217.3,0.43462544404421577,77219.00000000001,0.48070035152240387,77217.20000000001,3.5333753378542907,77219.1,2.430777375004957
1710000013.1999874,100263,BTCUSDT,77218.2,3.629964515966895,77218.3,5.797480158930593,77218.09999999999,8.264359774583005,77218.40000000001,5.538561133987773,77218.0,8.07034626865056,77218.5,3.861172813360645,77217.9,9.109625331438096,77218.6,5.951116711741915,77217.8,2.9467549959822392,77218.7,3.080523863886401,77217.7,5.555773288266478,77218.8,8.68640628401446,77217.59999999999,3.3488685585684808,77218.90000000001,2.3952440352511584,77217.5,8.869973698292585,77219.0,5.225791125495145,77217.4,2.7774484518592515,77219.1,3.0769429673764517,77217.3,0.9139133638160011,77219.2,3.9425914294689277
1710000013.2499874,100264,BTCUSDT,77218.2,6.261237928950239,77218.3,6.937477198075156,77218.09999999999,13.143917049024385,77218.40000000001,9.654147202838637,77218.0,5.199575147401747,77218.5,7.873323816316491,77217.9,5.929833218564081,77218.6,5.111986517490658,77217.8,2.854336418991102,77218.7,4.4940088540639485,77217.7,2.728489356592349,77218.8,11.452994736512801,77217.59999999999,2.8343207005599838,77218.90000000001,13.368279012861937,77217.5,3.8461776901179103,77219.0,4.7937400208210255,77217.4,3.5317663126981644,77219.1,0.9542015444705519,77217.3,1.8852737745927761,77219.2,0.4176488052562817
1710000013.2999873,100265,BTCUSDT,77218.2,5.968679232864582,77218.3,9.62004081509877,77218.09999999999,4.196258888214506,77218.40000000001,3.919215994479334,77218.0,4.885741709917071,77218.5,13.246528897891983,77217.9,7.3573197975576425,77218.6,4.571492304096948,77217.8,4.913209130442468,77218.7,2.351885945215764,77217.7,18.287295291131407,77218.8,5.991338021219127,77217.59999999999,2.54415210701102,77218.90000000001,4.7257063852714545,77217.5,1.2638094966709414,77219.0,14.306409589895495,77217.4,1.168445223422833,77219.1,4.576840951728761,77217.3,1.1265585924306394,77219.2,5.057176142867192
1710000013.3499873,100266,BTCUSDT,77218.2,12.519907898453052,77218.4,3.927560065881931,77218.09999999999,4.807375286234077,77218.5,4.341605259462595,77218.0,20.49605124817557,77218.59999999999,4.773185842563024,77217.9,7.676228427967149,77218.7,7.017242099774779,77217.8,2.9534411507365403,77218.79999999999,3.0924754911314083,77217.7,2.9211591057938993,77218.9,3.718180843212016,77217.59999999999,2.267990268003917,77219.0,1.2793885627546835,77217.5,9.260873697066485,77219.09999999999,14.279938205624656,77217.4,2.071590613844676,77219.2,2.0530227808694756,77217.3,0.1,77219.29999999999,4.560871964958916
1710000013.3999872,100267,BTCUSDT,77218.40000000001,4.2341465380002195,77218.6,4.295825051498863,77218.3,9.444177021194447,77218.70000000001,7.031480681419701,77218.20000000001,2.983591744819963,77218.8,6.697236784347488,77218.1,3.8779855704482307,77218.90000000001,4.240055765988453,77218.00000000001,7.874035619237183,77219.0,8.662661707142997,77217.90000000001,3.645680714180177,77219.1,13.361412487129831,77217.8,3.2866209985535924,77219.20000000001,7.110763059040211,77217.70000000001,3.445642729652155,77219.3,9.912831643399544,77217.6,9.93349954350609,77219.40000000001,0.7659041128993054,77217.50000000001,11.026441439443879,77219.5,6.984120888595128
1710000013.4499872,100268,BTCUSDT,77218.40000000001,11.192021098157594,77218.6,4.965177249597808,77218.3,15.36794919804937,77218.70000000001,3.404584363623382,77218.20000000001,3.4496486972423788,77218.8,5.885136684179326,77218.1,5.83012995437578,77218.90000000001,6.544241395043179,77218.00000000001,2.0684590190639773,77219.0,14.912349951249935,77217.90000000001,1.7824508599315383,77219.1,2.217558612892381,77217.8,1.2564545925806176,77219.20000000001,4.54676264208244,77217.70000000001,11.568720237782932,77219.3,5.185824452510377,77217.6,7.31868884073001,77219.40000000001,0.45348074958121876,77217.50000000001,3.1236779928799985,77219.5,2.461508663262085
1710000013.4999871,100269,BTCUSDT,77218.40000000001,3.899813192654439,77218.50000000001,8.213566960934603,77218.3,5.998435367671254,77218.60000000002,8.99521347675112,77218.20000000001,5.456611502403717,77218.70000000001,3.4471668287823642,77218.1,6.579417412508494,77218.80000000002,3.1568354175929887,77218.00000000001,10.235249208167641,77218.90000000001,5.79852396168522,77217.90000000001,2.2841208199402674,77219.00000000001,14.716420706634729,77217.8,4.122278700860519,77219.10000000002,1.5027686980374642,77217.70000000001,4.742915928843038,77219.20000000001,1.967825615019446,77217.6,6.912311282098231,77219.30000000002,7.2110858067767545,77217.50000000001,15.442916456548849,77219.40000000001,2.7875730015009
1710000013.549987,100270,BTCUSDT,77218.40000000001,6.766706668483323,77218.50000000001,6.760814417796966,77218.3,3.5749274443850823,77218.60000000002,5.365029948538855,77218.20000000001,10.477047906478091,77218.70000000001,10.556037473081458,77218.1,2.818055340859046,77218.80000000002,2.780412689017921,77218.00000000001,3.2190171178520472,77218.90000000001,10.310287164740721,77217.90000000001,2.1520058630336387,77219.00000000001,6.691817026761576,77217.8,1.626625951882944,77219.10000000002,5.103503272850125,77217.70000000001,2.560644240305092,77219.20000000001,7.021957880645404,77217.6,1.4646763082741177,77219.30000000002,4.477746244711234,77217.50000000001,1.0750881818589448,77219.40000000001,5.00230540711068
1710000013.599987,100271,BTCUSDT,77218.3,4.14237085876737,77218.5,11.657483306595347,77218.2,6.801425979371887,77218.6,3.7437851828781734,77218.1,5.03126262410007,77218.7,3.5015122834588075,77218.0,7.220532427087093,77218.8,8.089645340149954,77217.90000000001,2.4472876949923665,77218.9,4.822011617984256,77217.8,8.341499123017014,77219.0,12.605691881272962,77217.7,4.082220412362494,77219.1,13.205329588977872,77217.6,3.868802516113929,77219.2,2.804758759419851,77217.5,7.940848095743437,77219.3,3.1168406972473135,77217.40000000001,2.5538974929489213,77219.4,2.695829861556121
1710000013.649987,100272,BTCUSDT,77218.3,5.221659596697766,77218.5,6.308528625910711,77218.2,6.6017545741607915,77218.6,4.289005419499754,77218.1,9.118644394390401,77218.7,5.465886751300271,77218.0,4.026136007205923,77218.8,2.85187304954727,77217.90000000001,3.091673892912646,77218.9,13.925832286258023,77217.8,3.0559475119108965,77219.0,2.339824686344236,77217.7,3.669731306751019,77219.1,2.667407606415559,77217.6,0.9431688697969468,77219.2,2.3611941209192215,77217.5,3.542002832951699,77219.3,3.6092809033480124,77217.40000000001,1.7636992789544268,77219.4,2.3717796281705446
1710000013.699987,100273,BTCUSDT,77218.40000000001,5.495073080763644,77218.70000000001,4.794847043167323,77218.3,4.316036732041107,77218.80000000002,5.6482203116679255,77218.20000000001,8.500475885579053,77218.90000000001,3.7226277458840364,77218.1,7.341800595907493,77219.00000000001,2.4855067411685243,77218.00000000001,4.171556689893398,77219.1,7.9820280840082045,77217.90000000001,3.254390081501448,77219.20000000001,4.918040956061022,77217.8,2.117548169749704,77219.30000000002,6.619111321472124,77217.70000000001,1.0147809312232428,77219.40000000001,8.456865051219495,77217.6,1.2835662878053786,77219.50000000001,8.698549415835252,77217.50000000001,1.738726586951524,77219.6,5.130384377362864
1710000013.749987,100274,BTCUSDT,77218.5,3.941963322955035,77218.6,4.4725254568541795,77218.4,14.712962078562864,77218.70000000001,18.201260013713675,77218.3,4.688082355482493,77218.8,13.070685327424153,77218.2,5.548290424243074,77218.90000000001,3.6574320823197,77218.1,6.848002714352837,77219.0,6.302339543567484,77218.0,19.685272183078865,77219.1,2.8317964738010346,77217.9,5.659692390435799,77219.20000000001,1.4137033403560526,77217.8,1.2825556132035913,77219.3,0.8157042875805716,77217.7,30.50081374412875,77219.40000000001,6.883486053533736,77217.6,6.180654230995547,77219.5,2.8511640562096603
1710000013.7999868,100275,BTCUSDT,77218.40000000001,4.256029721004258,77218.50000000001,4.940071716097551,77218.3,5.086235171891365,77218.60000000002,8.847435004868313,77218.20000000001,5.903175272566962,77218.70000000001,3.122600616934479,77218.1,2.472774047021451,77218.80000000002,2.8318207580317756,77218.00000000001,4.113913507935946,77218.90000000001,12.823784687440915,77217.90000000001,5.6578472940488655,77219.00000000001,8.074437364326867,77217.8,3.7122446960635687,77219.10000000002,2.9955750079246197,77217.70000000001,1.2589523820068642,77219.20000000001,9.147734862170163,77217.6,6.514382633831402,77219.30000000002,1.1362591698559952,77217.50000000001,2.871895832385459,77219.40000000001,2.672841282294234
1710000013.8499868,100276,BTCUSDT,77218.40000000001,6.708004880642973,77218.50000000001,3.8065331263262268,77218.3,3.4598930268291155,77218.60000000002,4.029803272133696,77218.20000000001,2.9320385775871576,77218.70000000001,8.240213088854738,77218.1,7.53972367000055,77218.80000000002,2.9849903937760462,77218.00000000001,9.233480277340337,77218.90000000001,2.672661881912589,77217.90000000001,3.0334230628991907,77219.00000000001,2.7452754703455104,77217.8,3.062816970340747,77219.10000000002,2.3756793658566986,77217.70000000001,3.485158636089663,77219.20000000001,2.892995774203597,77217.6,17.640905410044184,77219.30000000002,0.6302043877919625,77217.50000000001,0.6134503849278845,77219.40000000001,0.21708941018046146
1710000013.8999867,100277,BTCUSDT,77218.40000000001,3.8242048124366073,77218.50000000001,10.842295111255918,77218.3,6.06925649694554,77218.60000000002,6.194704040971278,77218.20000000001,6.098444061592209,77218.70000000001,3.5492417124446725,77218.1,3.281042359747827,77218.80000000002,3.935699041815333,77218.00000000001,5.600650131466902,77218.90000000001,2.9434857124149634,77217.90000000001,2.094694174836304,77219.00000000001,15.641846885130185,77217.8,1.2889080594240068,77219.10000000002,7.692066860734341,77217.70000000001,7.005339271754496,77219.20000000001,2.2108120207098882,77217.6,0.9830017845290113,77219.30000000002,1.029557359142626,77217.50000000001,4.781791873354554,77219.40000000001,4.117911528955948
1710000013.9499867,100278,BTCUSDT,77218.40000000001,4.277707581182687,77218.6,4.71590758019488,77218.3,10.58554857220901,77218.70000000001,4.139377336221768,77218.20000000001,3.1011461847859048,77218.8,7.6598661117318585,77218.1,4.460180423025044,77218.90000000001,12.504917706010099,77218.00000000001,6.202204658949048,77219.0,2.3790848026020592,77217.90000000001,13.415028142179992,77219.1,2.796629388572784,77217.8,2.8452033540688113,77219.20000000001,3.2584003770608274,77217.70000000001,1.010331434301263,77219.3,3.544808789373934,77217.6,0.9264460491575469,77219.40000000001,2.449776576043091,77217.50000000001,1.7275019770598212,77219.5,5.928404124926991
1710000013.9999866,100279,BTCUSDT,77218.40000000001,4.266168670517717,77218.6,5.426304333599361,77218.3,5.069488609084871,77218.70000000001,3.8567186141761955,77218.20000000001,9.206940720199652,77218.8,7.7134490054199745,77218.1,3.2447699341569596,77218.90000000001,4.22738252158172,77218.00000000001,2.4473257383431295,77219.0,5.95766779005161,77217.90000000001,2.1175743727674416,77219.1,18.656026917158893,77217.8,7.268931552517152,77219.20000000001,3.178749852769566,77217.70000000001,4.256348764200339,77219.3,10.491867740236005,77217.6,3.630635814103564,77219.40000000001,1.1670567282629492,77217.50000000001,1.9037864913211027,77219.5,7.409730427143945
1710000014.0499866,100280,BTCUSDT,77218.5,12.576248169140005,77218.6,13.692556588778844,77218.4,3.5986148475013264,77218.70000000001,6.3421553109828075,77218.3,8.196141070714681,77218.8,8.457571328350713,77218.2,6.132895181332668,77218.90000000001,3.1298654779968698,77218.1,8.386492572645384,77219.0,7.0934534983231785,77218.0,1.9602930604587003,77219.1,4.093065504510632,77217.9,1.9645325779269014,77219.20000000001,2.8468002949662696,77217.8,0.8729862106333366,77219.3,2.8455022225416124,77217.7,3.592936900290638,77219.40000000001,4.265944756706829,77217.6,4.356513753077874,77219.5,7.23866692021472
1710000014.0999866,100281,BTCUSDT,77218.5,4.113524187819861,77218.6,11.229682671538246,77218.4,3.881316528435446,77218.70000000001,17.917313855304066,77218.3,10.19429030607923,77218.8,5.579607724054371,77218.2,18.3429849588481,77218.90000000001,2.8098000394257903,77218.1,3.4442568862439487,77219.0,6.066924761777945,77218.0,3.3231739321203904,77219.1,12.145107705010597,77217.9,1.4715143480351447,77219.20000000001,4.388806039145143,77217.8,4.374852807199211,77219.3,5.0305892034011555,77217.7,1.5810628807877616,77219.40000000001,2.2137908871123106,77217.6,7.423413916125146,77219.5,0.8673676385746307
1710000014.1499865,100282,BTCUSDT,77218.6,8.601566257680409,77218.8,4.530309114213664,77218.5,6.5648511880315485,77218.90000000001,11.29143290192793,77218.40000000001,5.0633540938399495,77219.0,16.395692306221036,77218.3,4.8074903500937545,77219.1,3.016269037677478,77218.20000000001,3.973479988060308,77219.2,14.121494165260026,77218.1,3.141008197495227,77219.3,9.702789073544904,77218.0,9.722962306251741,77219.40000000001,2.9242796711368375,77217.90000000001,1.1477153021729534,77219.5,5.957511476269192,77217.8,1.8930312978584394,77219.6,6.510023917409394,77217.70000000001,2.338282275824344,77219.7,2.6564258351810826
1710000014.1999865,100283,BTCUSDT,77218.6,5.527419635012205,77218.8,5.941674769378714,77218.5,5.0876407824811665,77218.90000000001,5.031291761622513,77218.40000000001,5.7857410267162654,77219.0,9.417729492161389,77218.3,4.19621565641053,77219.1,5.371490780649944,77218.20000000001,6.443476293733638,77219.2,3.2557726309370305,77218.1,2.900277693489774,77219.3,12.436991293269246,77218.0,6.342678020039629,77219.40000000001,4.643298049170726,77217.90000000001,4.973316478104075,77219.5,0.9189489782317941,77217.8,4.2504170002565145,77219.6,3.24939236120728,77217.70000000001,3.1564274670506007,77219.7,1.7815489482082874
1710000014.2499864,100284,BTCUSDT,77218.6,3.816599122538457,77218.70000000001,3.7531601004141306,77218.5,8.251798970437317,77218.80000000002,6.289581238361839,77218.40000000001,5.642850081010818,77218.90000000001,3.914226177036043,77218.3,7.862058753073183,77219.00000000001,3.1368289139441528,77218.20000000001,2.842561884717003,77219.1,4.470023382733267,77218.1,2.949057428890534,77219.20000000001,2.737220356778214,77218.0,5.34522853978472,77219.30000000002,5.410409603190196,77217.90000000001,7.760854018495635,77219.40000000001,2.9631368501938704,77217.8,0.7035740378365181,77219.50000000001,1.6789833792200053,77217.70000000001,15.649184810335747,77219.6,3.6279225745490624
1710000014.2999864,100285,BTCUSDT,77218.40000000001,3.6295401278777026,77218.50000000001,6.520952345214765,77218.3,3.3530039492898807,77218.60000000002,6.568725865448524,77218.20000000001,12.94164395091486,77218.70000000001,16.620814949190788,77218.1,5.510923920309553,77218.80000000002,4.851468873688727,77218.00000000001,13.602931786309894,77218.90000000001,6.478647115539089,77217.90000000001,1.8684041323051193,77219.00000000001,4.107382690095999,77217.8,2.2990371615906144,77219.10000000002,3.7380365430459497,77217.70000000001,3.2312964398780553,77219.20000000001,4.290481298764473,77217.6,2.1650147309507006,77219.30000000002,1.1178008894802847,77217.50000000001,2.8024554244466486,77219.40000000001,7.0926039678932975
1710000014.3499863,100286,BTCUSDT,77218.5,13.33112005986296,77218.6,4.539591450337815,77218.4,3.3608619852447736,77218.70000000001,8.608479409293366,77218.3,9.831989772442803,77218.8,16.551183972851092,77218.2,11.223154766777318,77218.90000000001,6.070514187462971,77218.1,5.0205358020214526,77219.0,2.1129438415329442,77218.0,2.732935637362735,77219.1,4.061891884288111,77217.9,5.160867652342137,77219.20000000001,4.459016572323248,77217.8,6.229055254596133,77219.3,2.112721649010175,77217.7,3.729201223609993,77219.40000000001,0.7690850788097274,77217.6,2.1354594934767093,77219.5,5.54775159986002
1710000014.3999863,100287,BTCUSDT,77218.5,22.286409856738352,77218.6,4.902317425707719,77218.4,5.9581292815788895,77218.70000000001,4.799107748524387,77218.3,5.123584260056557,77218.8,10.578247869386143,77218.2,7.010699658849938,77218.90000000001,10.963266285745357,77218.1,2.9101683846391104,77219.0,10.265662761482487,77218.0,1.846490143526498,77219.1,10.378485968953168,77217.9,2.79638441017128,77219.20000000001,2.7109385073210492,77217.8,3.670485596929063,77219.3,12.099922073023654,77217.7,0.5958424464409896,77219.40000000001,2.1368843567247247,77217.6,7.767688131824401,77219.5,2.01708511817866
1710000014.4499862,100288,BTCUSDT,77218.3,13.480050149633323,77218.40000000001,9.340835644583722,77218.2,6.013723958454724,77218.50000000001,21.016864171690866,77218.1,5.304029666927768,77218.6,3.040010042457144,77218.0,3.6167329330370803,77218.70000000001,4.691304000882818,77217.90000000001,2.6826912662209264,77218.8,13.792733523414727,77217.8,7.424274113546069,77218.90000000001,2.849468769286049,77217.7,4.774249295777308,77219.00000000001,6.312618706106446,77217.6,12.139826616616764,77219.1,9.33594063333626,77217.5,3.2960112366485643,77219.20000000001,6.360448621414239,77217.40000000001,3.3034676456791265,77219.3,3.218137861228608
1710000014.4999862,100289,BTCUSDT,77218.2,4.13932967673019,77218.3,6.6161230713110415,77218.09999999999,4.452609728854931,77218.40000000001,3.285045324789091,77218.0,7.932629799518981,77218.5,2.932104002495771,77217.9,6.018208015558782,77218.6,5.499110808341954,77217.8,15.871232587619797,77218.7,4.6482466383396375,77217.7,1.8628563092107737,77218.8,4.809063154316018,77217.59999999999,8.5578244255903,77218.90000000001,24.24050255884838,77217.5,3.050884634270144,77219.0,2.3444076181821814,77217.4,9.88573891118797,77219.1,1.24902280402228,77217.3,3.8225065229866635,77219.2,2.0815812311158224
1710000014.5499861,100290,BTCUSDT,77218.2,8.23461053760771,77218.3,15.48732068880803,77218.09999999999,4.448156922922854,77218.40000000001,9.873906377047039,77218.0,3.027804730641457,77218.5,5.889809394808941,77217.9,2.692649336699149,77218.6,13.274402110183697,77217.8,7.815745962063105,77218.7,6.291192376709687,77217.7,8.546730865659546,77218.8,5.771043263810265,77217.59999999999,15.08790416643405,77218.90000000001,6.206465774132293,77217.5,11.14290248659566,77219.0,3.712046923858079,77217.4,0.8980121156933301,77219.1,3.404611570959235,77217.3,0.542696245719782,77219.2,3.590793377632635
1710000014.599986,100291,BTCUSDT,77218.1,7.497537838399937,77218.20000000001,3.6403911703619825,77218.0,4.06685949672052,77218.30000000002,5.903826607394327,77217.90000000001,14.823418253167059,77218.40000000001,4.735495368085353,77217.8,4.609174822083997,77218.50000000001,7.416801250010823,77217.70000000001,5.703271457743207,77218.6,3.420568192543854,77217.6,3.716069686437854,77218.70000000001,2.582066892695833,77217.5,14.728104418056123,77218.80000000002,1.7599660300567308,77217.40000000001,2.659820996376526,77218.90000000001,0.904714650966641,77217.3,1.4029814622837558,77219.00000000001,6.465086268372741,77217.20000000001,0.8984546870921388,77219.1,0.3338021084248292
1710000014.649986,100292,BTCUSDT,77218.1,13.46695415528078,77218.20000000001,11.310741146928285,77218.0,7.79762994311506,77218.30000000002,3.415007814714325,77217.90000000001,8.908642222783126,77218.40000000001,10.270524632682513,77217.8,8.81943655956129,77218.50000000001,5.24100274317586,77217.70000000001,3.060562019613812,77218.6,9.465845227002127,77217.6,6.795520137490378,77218.70000000001,17.403299498116507,77217.5,1.8769545201204025,77218.80000000002,2.223000576135063,77217.40000000001,1.7520042678145167,77218.90000000001,7.091262435463938,77217.3,1.2276405977129388,77219.00000000001,0.6759421852978624,77217.20000000001,26.17468980493518,77219.1,0.1005214004589663
1710000014.699986,100293,BTCUSDT,77218.1,5.418832601014504,77218.3,10.970917615384431,77218.0,6.435314126114797,77218.40000000001,12.476127592504827,77217.90000000001,13.225206067436377,77218.5,2.8365592899896304,77217.8,2.71362894577937,77218.6,3.5526419718844124,77217.70000000001,6.426361109794892,77218.7,10.766758766873949,77217.6,4.064314590389991,77218.8,5.335509052102733,77217.5,2.0354828425182188,77218.90000000001,7.738342608891127,77217.40000000001,14.484960980915726,77219.0,2.051173257220424,77217.3,3.1314090351563992,77219.1,0.7602070046505931,77217.20000000001,3.276081320633684,77219.2,2.7949184683911
1710000014.749986,100294,BTCUSDT,77218.0,6.55116316686448,77218.1,7.124218859785442,77217.9,3.2341274869416625,77218.20000000001,8.925267042502806,77217.8,7.79329144756047,77218.3,4.624632559430312,77217.7,2.6175541528387063,77218.40000000001,8.024887034090167,77217.6,14.419971358402776,77218.5,3.098545336193024,77217.5,3.1634368639024495,77218.6,2.412446592792483,77217.4,4.6409284107819015,77218.70000000001,1.872923882384337,77217.3,2.5614310107080995,77218.8,5.5762616986930125,77217.2,3.684976738265369,77218.90000000001,2.3540559874097573,77217.1,2.180630464047846,77219.0,3.3031582293171633
1710000014.799986,100295,BTCUSDT,77218.0,3.9270528441963677,77218.1,12.123211109729155,77217.9,3.5243152630550254,77218.20000000001,8.107650297714304,77217.8,12.904823237986465,77218.3,4.062590511305945,77217.7,4.251263291301528,77218.40000000001,5.765859409896725,77217.6,10.538429327972448,77218.5,13.382743144083344,77217.5,6.981580969284234,77218.6,1.9624120514336212,77217.4,5.624410955123303,77218.70000000001,3.3125906298542653,77217.3,3.3448071537847417,77218.8,1.0015890589058007,77217.2,1.2481326997734152,77218.90000000001,6.652385976629431,77217.1,2.4202436349249083,77219.0,1.4362095949908424
1710000014.8499858,100296,BTCUSDT,77218.0,4.8715502501848045,77218.1,4.099994301613378,77217.9,4.361399694117194,77218.20000000001,13.340917083438303,77217.8,6.285162753631678,77218.3,5.849819338441058,77217.7,6.02926053032797,77218.40000000001,4.223003634940671,77217.6,8.582479013207955,77218.5,4.9633562863308205,77217.5,2.0965784731907675,77218.6,2.1527523004307394,77217.4,4.278896207777516,77218.70000000001,12.23128712527432,77217.3,2.274713196894383,77218.8,8.946790288704626,77217.2,6.177314335516318,77218.90000000001,1.5390783004080304,77217.1,0.1480700808604872,77219.0,0.429660567128387
1710000014.8999858,100297,BTCUSDT,77218.1,4.490923236219298,77218.20000000001,5.456219325165459,77218.0,5.986205200074098,77218.30000000002,8.370752251301706,77217.90000000001,3.2806840430691095,77218.40000000001,4.885971975389655,77217.8,5.054919837965629,77218.50000000001,5.513313491735595,77217.70000000001,8.822928415571297,77218.6,2.753414187094285,77217.6,8.19752974789636,77218.70000000001,6.322046435178136,77217.5,4.446559199435695,77218.80000000002,6.009601104288353,77217.40000000001,2.924233999294848,77218.90000000001,1.395845405370912,77217.3,4.783646637793259,77219.00000000001,3.3750033285756884,77217.20000000001,4.079664354529207,77219.1,1.6499515268005291
1710000014.9499857,100298,BTCUSDT,77218.0,5.989922734826713,77218.2,9.248189440680871,77217.9,9.522130143684965,77218.3,5.929597010210726,77217.8,11.805574906793389,77218.4,4.046087651684874,77217.7,4.514591993449878,77218.5,11.554606882110203,77217.6,11.063343436169294,77218.59999999999,6.629791848943064,77217.5,9.435429737791534,77218.7,1.9718541159847878,77217.4,9.209773151841492,77218.8,2.7462980955063667,77217.3,1.5856730602568303,77218.9,1.894432106237693,77217.2,2.5649228910912583,77219.0,1.557090705056818,77217.1,1.545990058696476,77219.09999999999,0.5800036030642933
1710000014.9999857,100299,BTCUSDT,77218.0,6.997181685796692,77218.1,5.932536716328217,77217.9,4.902990220761571,77218.20000000001,8.688810531914957,77217.8,11.758815705289253,77218.3,8.455307264593012,77217.7,4.013872626081655,77218.40000000001,7.857226183916197,77217.6,2.659405094957222,77218.5,2.55851055079768,77217.5,3.296311241245684,77218.6,8.194843783940666,77217.4,2.3312995361456252,77218.70000000001,1.4613699215392368,77217.3,1.364915933764699,77218.8,8.628753154241918,77217.2,4.41812001054704,77218.90000000001,1.5678377004895734,77217.1,3.241383975583342,77219.0,2.9995442372711474
1710000015.0499856,100300,BTCUSDT,77218.1,5.080595889777493,77218.20000000001,8.338402045450811,77218.0,3.265024252384394,77218.30000000002,5.065048182155516,77217.90000000001,4.533667484302706,77218.40000000001,5.936529876345586,77217.8,2.702068986514321,77218.50000000001,8.645094132796672,77217.70000000001,2.982481092279121,77218.6,6.5208801462051245,77217.6,8.102515592446093,77218.70000000001,4.901021944935234,77217.5,6.601905518511263,77218.80000000002,5.53718476561733,77217.40000000001,2.5573067625843295,77218.90000000001,7.418965966947632,77217.3,1.7965359081737202,77219.00000000001,3.7871791801306958,77217.20000000001,5.472210851428689,77219.1,1.9054128035093276
1710000015.0999856,100301,BTCUSDT,77218.0,6.059903119727716,77218.1,10.414192126079058,77217.9,13.832571966850061,77218.20000000001,6.350564807216216,77217.8,7.132525420203269,77218.3,12.1434765375668,77217.7,2.8149888327890285,77218.40000000001,3.4562714639955874,77217.6,6.936353798825124,77218.5,8.943281664036906,77217.5,9.38045465858918,77218.6,3.7453066273360047,77217.4,1.5743422413473085,77218.70000000001,3.503458696942737,77217.3,1.8492769310024157,77218.8,2.1767075131527,77217.2,6.318335336053294,77218.90000000001,0.7141261064442894,77217.1,7.031315917436638,77219.0,2.2321517343793906
1710000015.1499856,100302,BTCUSDT,77218.0,3.9759282921800043,77218.1,16.632933369150432,77217.9,9.785686823421567,77218.20000000001,5.66202514420571,77217.8,3.8123628396922147,77218.3,13.639513800316536,77217.7,4.090017394158144,77218.40000000001,3.1021040675653935,77217.6,5.31279331843974,77218.5,13.513512543965245,77217.5,1.615350579394057,77218.6,2.687890292037836,77217.4,12.351468363774547,77218.70000000001,1.9505553147592807,77217.3,1.2807392027243862,77218.8,4.177622202733165,77217.2,8.317482073908144,77218.90000000001,2.9935352537423268,77217.1,20.859036012734094,77219.0,4.547396753932055
1710000015.1999855,100303,BTCUSDT,77218.0,23.352587897158198,77218.1,5.696280023869425,77217.9,4.555354326368114,77218.20000000001,6.464688375734291,77217.8,4.251390634417367,77218.3,3.1617015507337327,77217.7,2.4057174565341835,77218.40000000001,4.788318989597407,77217.6,9.252670114270543,77218.5,5.397475078842486,77217.5,30.16025754104301,77218.6,2.9522351938046683,77217.4,2.516545204715741,77218.70000000001,1.8962206799587091,77217.3,1.516810925234716,77218.8,2.1429349751529996,77217.2,6.697056223880956,77218.90000000001,9.847506017771062,77217.1,14.769489341740107,77219.0,1.0573710829850362
1710000015.2499855,100304,BTCUSDT,77217.90000000001,11.761650326722082,77218.1,7.643566634111684,77217.8,3.920005303639722,77218.20000000001,5.4472916900548025,77217.70000000001,4.154541389148051,77218.3,8.139281776577322,77217.6,4.816270798866306,77218.40000000001,20.542556010718187,77217.50000000001,2.2252021114052387,77218.5,3.7541145235790223,77217.40000000001,4.2303493108212535,77218.6,4.397736043301174,77217.3,2.718814155357893,77218.70000000001,6.426093517344504,77217.20000000001,9.109680695730567,77218.8,11.969161451656024,77217.1,6.940938761953714,77218.90000000001,8.003981867674206,77217.00000000001,3.198880840685387,77219.0,6.992231236583672
1710000015.2999854,100305,BTCUSDT,77217.90000000001,5.6331737439064655,77218.00000000001,5.124532274174287,77217.8,5.71984330861648,77218.10000000002,4.545134868504882,77217.70000000001,15.839983356672636,77218.20000000001,4.3007794088877285,77217.6,2.812760548806908,77218.30000000002,5.3930936962333735,77217.50000000001,2.23517627659511,77218.40000000001,2.468577207149812,77217.40000000001,2.5907153247588504,77218.50000000001,4.097099131105294,77217.3,3.471354538420657,77218.60000000002,7.631593632372885,77217.20000000001,6.180220498288772,77218.70000000001,3.0227222224509465,77217.1,2.024086297080757,77218.80000000002,1.9219318125559495,77217.00000000001,5.948794169235928,77218.90000000001,0.2139086300583641
1710000015.3499854,100306,BTCUSDT,77217.90000000001,4.161101534000437,77218.00000000001,4.67447801085727,77217.8,13.982744988897128,77218.10000000002,11.050275877030032,77217.70000000001,7.7485336977399335,77218.20000000001,5.4328597555196225,77217.6,5.338574494806408,77218.30000000002,17.194836070926755,77217.50000000001,15.498663176886696,77218.40000000001,2.969657413725648,77217.40000000001,8.266246711609861,77218.50000000001,2.478811240670508,77217.3,2.1608408363709106,77218.60000000002,5.709195787625463,77217.20000000001,2.876782879215358,77218.70000000001,11.526280091459617,77217.1,0.7728922708975952,77218.80000000002,3.265873190958877,77217.00000000001,10.029665883409917,77218.90000000001,9.378367009123068
1710000015.3999853,100307,BTCUSDT,77218.0,5.4268506674072,77218.1,7.461098359694454,77217.9,3.894533084873442,77218.20000000001,16.970849971046217,77217.8,12.64863715474868,77218.3,3.5306473180860656,77217.7,2.9165890337665106,77218.40000000001,2.7571109707379735,77217.6,11.607132500456943,77218.5,2.8608196325478903,77217.5,3.7533692262187635,77218.6,3.983003009594489,77217.4,4.855285574938266,77218.70000000001,1.4977535877100396,77217.3,1.8286560474811353,77218.8,11.523124826441126,77217.2,9.96173741900015,77218.90000000001,6.480046350888853,77217.1,0.1,77219.0,1.5840800263549173
1710000015.4499853,100308,BTCUSDT,77218.0,7.619279897309712,77218.1,3.898492124458424,77217.9,12.78782876051308,77218.20000000001,15.858181117146447,77217.8,3.1235927736860476,77218.3,5.840228048281559,77217.7,3.845970591636169,77218.40000000001,4.395845640712511,77217.6,2.7921027408001455,77218.5,5.451683349573237,77217.5,14.278376768708327,77218.6,4.397245362244171,77217.4,1.546218644013303,77218.70000000001,5.07035014167575,77217.3,2.4634134857336614,77218.8,8.54969039032453,77217.2,2.6814402441067906,77218.90000000001,1.2569315227941127,77217.1,0.8483477200642806,77219.0,5.857268906029303
1710000015.4999852,100309,BTCUSDT,77218.0,9.43087607646121,77218.1,4.522119607275563,77217.9,4.752582059855496,77218.20000000001,5.705596701820886,77217.8,14.272583548588594,77218.3,13.537222868672227,77217.7,3.3270820037734294,77218.40000000001,4.174032876984581,77217.6,2.6472503088168495,77218.5,4.8532777518418,77217.5,4.069062077309948,77218.6,10.840863028432027,77217.4,11.837347461883066,77218.70000000001,3.1352250984445593,77217.3,3.5070324168597873,77218.8,9.862554361212945,77217.2,6.974209141743945,77218.90000000001,0.41465204795621946,77217.1,1.5430003161448735,77219.0,2.1911636067303375
1710000015.5499852,100310,BTCUSDT,77217.90000000001,3.815068263106873,77218.00000000001,4.650549621814307,77217.8,9.676215044220507,77218.10000000002,10.828389890111488,77217.70000000001,5.439362186078899,77218.20000000001,4.951901257800426,77217.6,17.64033818364538,77218.30000000002,3.2953985000426895,77217.50000000001,2.9701174045386365,77218.40000000001,3.3804943993109497,77217.40000000001,2.358628714945697,77218.50000000001,3.5080523815269293,77217.3,10.869032094717621,77218.60000000002,5.021663340929967,77217.20000000001,2.9237497259774514,77218.70000000001,11.697376591850514,77217.1,0.5987120091227461,77218.80000000002,1.344287947694136,77217.00000000001,3.337816430173866,77218.90000000001,3.823793443053932
1710000015.5999851,100311,BTCUSDT,77218.0,5.663612355257905,77218.1,7.789631191965917,77217.9,7.9902475450305515,77218.20000000001,7.265990451579851,77217.8,4.345964380548159,77218.3,3.192745793036524,77217.7,4.62826329237925,77218.40000000001,2.951325640102982,77217.6,13.79720115238914,77218.5,4.5787301138181515,77217.5,3.1265598243104797,77218.6,7.414937831467066,77217.4,3.9562110372754007,77218.70000000001,2.6844519710783565,77217.3,7.484566991372886,77218.8,8.874203192435656,77217.2,4.871280327026367,77218.90000000001,0.5924121752749959,77217.1,3.341819941109113,77219.0,5.763761068470943
1710000015.649985,100312,BTCUSDT,77218.0,3.6813076840169785,77218.1,9.189051387735596,77217.9,5.768092625100696,77218.20000000001,5.567941411922831,77217.8,2.828487330592963,77218.3,9.645843370937358,77217.7,4.184054189170911,77218.40000000001,5.512778368194898,77217.6,6.524137227120364,77218.5,6.851106799712723,77217.5,14.092450156933886,77218.6,4.63151048140329,77217.4,3.2414332717110126,77218.70000000001,13.490766587649606,77217.3,4.9101210362557905,77218.8,2.216144322507435,77217.2,0.9408248707188341,77218.90000000001,7.794703686604956,77217.1,1.7988067201363418,77219.0,4.320768599975555
1710000015.699985,100313,BTCUSDT,77218.0,4.487226680328316,77218.1,7.282064672080772,77217.9,3.4504093478660844,77218.20000000001,5.33325614535071,77217.8,5.9640539669856025,77218.3,5.091137273587837,77217.7,7.923988469306968,77218.40000000001,9.439298346165957,77217.6,7.900381191337085,77218.5,2.1583449827057155,77217.5,2.463325256242291,77218.6,4.676723487310651,77217.4,12.122535643262946,77218.70000000001,8.406191480033733,77217.3,8.194195781475448,77218.8,2.245074450559825,77217.2,2.6446031413163396,77218.90000000001,2.9448445454895973,77217.1,0.6849168201893052,77219.0,0.12624391765209717
1710000015.749985,100314,BTCUSDT,77217.90000000001,3.94824502028867,77218.1,14.152665015816092,77217.8,6.66749938679553,77218.20000000001,7.598893908742096,77217.70000000001,12.502487548847883,77218.3,4.496269258463905,77217.6,6.286234089503832,77218.40000000001,2.558288831353376,77217.50000000001,2.8269776619818687,77218.5,9.117248363248816,77217.40000000001,7.422892561917829,77218.6,3.3270886452885113,77217.3,3.0916193524959383,77218.70000000001,4.250455802021108,77217.20000000001,0.8009641349257226,77218.8,1.9043018871080786,77217.1,1.3339464705829263,77218.90000000001,1.5533048354511498,77217.00000000001,6.5576475595846935,77219.0,1.3122047700653023
1710000015.799985,100315,BTCUSDT,77217.90000000001,6.406842657328674,77218.00000000001,11.629079996431978,77217.8,4.304857402520092,77218.10000000002,3.5271673314414436,77217.70000000001,4.562740889060912,77218.20000000001,8.307781986068566,77217.6,5.60017367440873,77218.30000000002,9.188562540469077,77217.50000000001,14.834924587174427,77218.40000000001,8.293629066087085,77217.40000000001,5.303375662724519,77218.50000000001,4.319672984605159,77217.3,1.3635758482238691,77218.60000000002,17.82198188759532,77217.20000000001,2.734665346121191,77218.70000000001,1.4605751983782151,77217.1,4.794955451470624,77218.80000000002,1.737911326014308,77217.00000000001,3.5254154842640206,77218.90000000001,3.534983509548582
1710000015.849985,100316,BTCUSDT,77217.8,5.98141555668742,77217.90000000001,6.686096886029117,77217.7,7.55811135924874,77218.00000000001,9.329386232222918,77217.6,4.80883332391006,77218.1,6.954363940337066,77217.5,3.0529518250058847,77218.20000000001,13.191296694956693,77217.40000000001,3.9319262794551904,77218.3,7.23024951131814,77217.3,1.6822032425414628,77218.40000000001,2.518594367675865,77217.2,3.8705614074886854,77218.50000000001,9.623223144294784,77217.1,3.79679786042243,77218.6,11.429645974390763,77217.0,3.045019918686079,77218.70000000001,3.096902092155618,77216.90000000001,0.5101826902355702,77218.8,6.491232469459262
1710000015.8999848,100317,BTCUSDT,77217.90000000001,12.794869902403784,77218.00000000001,13.268583218537378,77217.8,14.680637696339925,77218.10000000002,6.137797904150713,77217.70000000001,7.321573413152326,77218.20000000001,8.829617541390723,77217.6,2.9617159049633086,77218.30000000002,6.074746348553641,77217.50000000001,2.139599515091392,77218.40000000001,4.753164627713195,77217.40000000001,2.2729299734245,77218.50000000001,2.4080874028158625,77217.3,3.016820764290113,77218.60000000002,3.4656152652529557,77217.20000000001,4.703870222626827,77218.70000000001,1.1093752251798525,77217.1,3.202232384634775,77218.80000000002,1.2066298098243462,77217.00000000001,3.413030639349151,77218.90000000001,4.057870802849822
1710000015.9499848,100318,BTCUSDT,77217.8,9.394493796618896,77217.90000000001,5.867941075870612,77217.7,5.848024529309274,77218.00000000001,7.377657118982143,77217.6,2.874115961581256,77218.1,7.045199211865306,77217.5,6.25547059456102,77218.20000000001,3.8833685440441577,77217.40000000001,2.3587986465070965,77218.3,2.381356700516122,77217.3,11.867439568716918,77218.40000000001,6.275443637444855,77217.2,1.743749086393295,77218.50000000001,2.964720470198881,77217.1,4.390690457660753,77218.6,8.021122804060424,77217.0,0.5785710069413579,77218.70000000001,1.4800661579797114,77216.90000000001,8.819982425514281,77218.8,0.1
1710000015.9999847,100319,BTCUSDT,77217.90000000001,16.3790921762865,77218.00000000001,7.401477954124755,77217.8,4.413465003361058,77218.10000000002,3.4773621322105552,77217.70000000001,2.914385384846458,77218.20000000001,3.92279977542656,77217.6,10.930890638599914,77218.30000000002,4.550825819410727,77217.50000000001,7.096627957237459,77218.40000000001,12.018072513619744,77217.40000000001,3.697267974943879,77218.50000000001,2.449197109487026,77217.3,4.111931273628444,77218.60000000002,10.747507031453377,77217.20000000001,7.326210891475792,77218.70000000001,1.0723867071711508,77217.1,5.118067871938506,77218.80000000002,3.7935707142114015,77217.00000000001,9.52059448051926,77218.90000000001,0.5226285859511002
1710000016.0499847,100320,BTCUSDT,77217.90000000001,6.231080901777093,77218.00000000001,3.892264671569577,77217.8,4.5037164314890745,77218.10000000002,4.769247859838549,77217.70000000001,14.410603666188061,77218.20000000001,4.128862454664778,77217.6,4.871184815600598,77218.30000000002,6.850493024632651,77217.50000000001,2.707824095736332,77218.40000000001,4.665572237975894,77217.40000000001,6.965881188643779,77218.50000000001,9.665272476099979,77217.3,5.13677187894179,77218.60000000002,5.623194377484113,77217.20000000001,1.339997181110375,77218.70000000001,12.458563337542879,77217.1,0.9689006508806709,77218.80000000002,6.360809278897421,77217.00000000001,1.2305396345890645,77218.90000000001,10.847819881276669
1710000016.0999846,100321,BTCUSDT,77218.0,9.206667061256617,77218.1,4.589023591098063,77217.9,5.541047251873399,77218.20000000001,7.047383082027231,77217.8,8.678245092749274,77218.3,3.2390781106060467,77217.7,15.519316876191027,77218.40000000001,11.237132096183567,77217.6,3.260753520464392,77218.5,8.921007615426202,77217.5,4.52193372141206,77218.6,4.078148335191721,77217.4,2.7100426354742346,77218.70000000001,4.679237558522564,77217.3,6.035690916463481,77218.8,2.9168607533696207,77217.2,4.368576830838498,77218.90000000001,5.206740640658621,77217.1,4.96700076757819,77219.0,0.21346006360616582
1710000016.1499846,100322,BTCUSDT,77217.8,4.707045061765718,77218.0,6.238958809667189,77217.7,11.915511077003984,77218.1,5.10149662172696,77217.6,8.34079179813191,77218.2,3.207328019331856,77217.5,4.985487242912769,77218.3,21.559325298395066,77217.40000000001,7.88632509760202,77218.4,2.9455661203711747,77217.3,4.384137166612064,77218.5,2.66433345799011,77217.2,3.307555311099021,77218.6,7.258038926600534,77217.1,6.700061935182458,77218.7,1.8356030424029066,77217.0,10.615654447746849,77218.8,3.9915267198760143,77216.90000000001,1.911654788185578,77218.9,2.788103417846026
1710000016.1999846,100323,BTCUSDT,77217.8,6.8829271670146595,77217.90000000001,6.265281324189278,77217.7,6.012247105248832,77218.00000000001,3.976339061423811,77217.6,9.500877447915519,77218.1,5.921451651381829,77217.5,2.9620162345429346,77218.20000000001,8.2124230535298,77217.40000000001,12.779192301426038,77218.3,13.773082989269406,77217.3,3.441910075654892,77218.40000000001,2.182493969352705,77217.2,4.122562438897029,77218.50000000001,1.6778793621200834,77217.1,11.671639706105301,77218.6,1.6113035764549406,77217.0,1.5655068098710911,77218.70000000001,2.4877925130775123,77216.90000000001,1.9326114091791529,77218.8,6.332408892426187
1710000016.2499845,100324,BTCUSDT,77217.8,6.4461684196701565,77217.90000000001,4.238112061921229,77217.7,6.983451595973982,77218.00000000001,6.536514685398776,77217.6,7.816888559625021,77218.1,13.903471756275755,77217.5,12.133261585391327,77218.20000000001,14.080690193642571,77217.40000000001,3.1226436319205977,77218.3,2.564251563508278,77217.3,3.039730695455683,77218.40000000001,10.618425708813485,77217.2,15.509849611188695,77218.50000000001,9.04521066337297,77217.1,1.2662149113337926,77218.6,12.582286333826676,77217.0,2.60213481228357,77218.70000000001,0.4374156096877932,77216.90000000001,2.336408777019364,77218.8,0.18865646025346935
1710000016.2999845,100325,BTCUSDT,77217.7,5.253307891570901,77217.8,6.165521488506241,77217.59999999999,6.999083566044671,77217.90000000001,11.324163019108003,77217.5,7.137672928071163,77218.0,5.076990178295718,77217.4,9.246499513647088,77218.1,11.840100012428188,77217.3,2.510242573142602,77218.2,5.036575131843326,77217.2,2.9391615813954965,77218.3,1.7928183736809902,77217.09999999999,5.617073357401142,77218.40000000001,9.144410376361161,77217.0,1.511259649443709,77218.5,7.494064187573413,77216.9,8.08007354881475,77218.6,10.229497898093836,77216.8,1.2330909252813083,77218.7,9.371673210868272
1710000016.3499844,100326,BTCUSDT,77217.7,3.779491956457317,77217.8,8.697197870130944,77217.59999999999,5.551402509230776,77217.90000000001,4.384429196127176,77217.5,3.644926602316499,77218.0,7.234086790648076,77217.4,2.40160649866292,77218.1,8.957345174759487,77217.3,2.33026518354455,77218.2,2.850247020638215,77217.2,3.5525817344011417,77218.3,4.253256496464528,77217.09999999999,2.9539895593341976,77218.40000000001,2.7468413242513807,77217.0,14.087624239093786,77218.5,4.904195626116269,77216.9,0.49484749169740005,77218.6,2.6497103083584905,77216.8,8.31804456821459,77218.7,1.4350295079964293
1710000016.3999844,100327,BTCUSDT,77217.7,9.281635133636776,77217.8,7.325757906948812,77217.59999999999,6.578788387606222,77217.90000000001,3.4202607946788075,77217.5,3.4056132083581088,77218.0,6.697262279001794,77217.4,3.3318859579977853,77218.1,5.20528260821971,77217.3,5.148791452514724,77218.2,3.33354826813697,77217.2,13.458884943442177,77218.3,8.992407814290718,77217.09999999999,6.32591448521422,77218.40000000001,1.524813611853196,77217.0,1.248779799416352,77218.5,3.5152523915120693,77216.9,1.1008118926726569,77218.6,15.715410964706471,77216.8,0.6903732433215825,77218.7,2.6735672394744396
1710000016.4499843,100328,BTCUSDT,77217.6,5.8506968368622605,77217.70000000001,4.8847074222740785,77217.5,11.94816134109318,77217.80000000002,3.365729190096907,77217.40000000001,12.60097727221519,77217.90000000001,9.958905474785167,77217.3,3.8128421872555402,77218.00000000001,8.629102421854531,77217.20000000001,2.1268443355512625,77218.1,15.62872704478794,77217.1,4.59121559517812,77218.20000000001,3.04549257322883,77217.0,3.001326160118232,77218.30000000002,1.4748517289536722,77216.90000000001,18.968599032048953,77218.40000000001,0.9603388369886233,77216.8,4.655766759654982,77218.50000000001,2.7388642157144503,77216.70000000001,11.897152854129862,77218.6,1.129450266214177
1710000016.4999843,100329,BTCUSDT,77217.7,6.23387173850736,77217.8,8.454294231694778,77217.59999999999,3.4817337713861263,77217.90000000001,4.061639781648949,77217.5,3.766069381988621,77218.0,8.15994536394545,77217.4,3.238633033562773,77218.1,5.808494405252015,77217.3,2.969528835239895,77218.2,9.911150108893379,77217.2,13.002059530138268,77218.3,4.5233378316278525,77217.09999999999,2.9373654777477682,77218.40000000001,2.2665941455637233,77217.0,1.0042511849668152,77218.5,2.050632650752217,77216.9,4.6479927245688275,77218.6,3.4509917869029674,77216.8,11.532563888828589,77218.7,2.018560921202564
1710000016.5499842,100330,BTCUSDT,77217.90000000001,4.846665996629105,77218.00000000001,6.027516682704766,77217.8,5.7454419873083005,77218.10000000002,8.105453405383663,77217.70000000001,14.09653866564797,77218.20000000001,4.397860242685851,77217.6,2.5724671212016457,77218.30000000002,5.143058995565177,77217.50000000001,5.145098699537734,77218.40000000001,2.7378099478884534,77217.40000000001,7.316216365285953,77218.50000000001,18.37996042778061,77217.3,12.85843201377569,77218.60000000002,2.0781305083390533,77217.20000000001,9.12940676506622,77218.70000000001,5.67625962952808,77217.1,2.819421296187688,77218.80000000002,3.5114316837399784,77217.00000000001,7.5778321236570765,77218.90000000001,2.6167440015479935
1710000016.5999842,100331,BTCUSDT,77217.7,6.318930186003659,77217.8,7.061723263858937,77217.59999999999,4.0383319204103545,77217.90000000001,12.446815381604154,77217.5,7.2857260991022486,77218.0,6.812505777220162,77217.4,2.8192036942820327,77218.1,6.107121608121661,77217.3,2.5157025177644257,77218.2,2.327868157898319,77217.2,4.597269565010748,77218.3,3.6619159625898825,77217.09999999999,4.7548021648557715,77218.40000000001,1.5738251367767904,77217.0,3.0553803150951646,77218.5,1.5684535953674736,77216.9,17.802138513683698,77218.6,3.6943923760661255,77216.8,4.651795140899185,77218.7,1.5746498210916502
1710000016.6499841,100332,BTCUSDT,77217.8,3.700029569026227,77217.90000000001,10.248383930129267,77217.7,6.276470411930685,77218.00000000001,4.504123993829453,77217.6,3.0543499646211223,77218.1,3.509328493255557,77217.5,11.416469784394186,77218.20000000001,7.033757769369834,77217.40000000001,3.1502041728760224,77218.3,2.2714059422274864,77217.3,6.292679330606793,77218.40000000001,4.998340672828853,77217.2,3.273546709551918,77218.50000000001,3.007783892946766,77217.1,1.7775416624995994,77218.6,5.229941229356678,77217.0,14.516308625249668,77218.70000000001,1.172956933317439,77216.90000000001,3.6364325544196463,77218.8,2.207875788974521
1710000016.699984,100333,BTCUSDT,77217.7,4.772908498857334,77217.8,10.57496128111894,77217.59999999999,5.856339281031273,77217.90000000001,6.33584144748942,77217.5,4.253997928847133,77218.0,3.6026352809468465,77217.4,2.7593066751686766,77218.1,7.408720526459965,77217.3,2.8737897896045235,77218.2,6.685704356318309,77217.2,3.5796545479268955,77218.3,3.7498750229616795,77217.09999999999,3.733310324858949,77218.40000000001,3.0336190793918387,77217.0,1.2241984664560701,77218.5,2.282120860071184,77216.9,4.759415352801176,77218.6,4.7838759586787605,77216.8,1.3487460871925376,77218.7,2.4655048266654185
1710000016.749984,100334,BTCUSDT,77217.7,4.632668499245081,77217.8,4.911802617449586,77217.59999999999,3.7451490740082907,77217.90000000001,7.278423176721212,77217.5,3.112464389554528,77218.0,3.3764165855516826,77217.4,6.539809787963714,77218.1,4.060005458925145,77217.3,6.923291267974377,77218.2,5.260579041808464,77217.2,2.7829708118800234,77218.3,5.808761998852409,77217.09999999999,1.6944314294792893,77218.40000000001,4.275022257609779,77217.0,3.098954997892034,77218.5,2.0472083154514737,77216.9,4.105414753446358,77218.6,8.602128844779276,77216.8,27.26690705730227,77218.7,3.743553761853359
1710000016.799984,100335,BTCUSDT,77217.8,4.620638045701856,77217.90000000001,4.788754275464443,77217.7,5.811515589428246,77218.00000000001,5.030894638809814,77217.6,12.605014365734322,77218.1,4.637334025066421,77217.5,4.270072266600168,77218.20000000001,4.335011756735851,77217.40000000001,9.246711162666447,77218.3,6.2083080404814766,77217.3,5.409421765118708,77218.40000000001,3.2267215193103533,77217.2,8.012888918150637,77218.50000000001,1.3564765364901399,77217.1,8.98548720778085,77218.6,3.6759109397524385,77217.0,2.4316543704787055,77218.70000000001,3.149990920935533,77216.90000000001,4.403445630570164,77218.8,0.1
1710000016.849984,100336,BTCUSDT,77217.6,4.195139711319895,77217.8,5.915457048130687,77217.5,5.943278541127146,77217.90000000001,5.267687972303979,77217.40000000001,7.3410232734134055,77218.0,4.985096442276513,77217.3,15.41983396342669,77218.1,6.0579446226426565,77217.20000000001,8.590178047330337,77218.2,2.463241494529241,77217.1,3.6252850874041087,77218.3,3.24300241573906,77217.0,4.571068182797335,77218.40000000001,9.096393482458762,77216.90000000001,1.1263078130752073,77218.5,1.1013725301786157,77216.8,7.996961142077628,77218.6,1.3573462433005659,77216.70000000001,4.419566905936492,77218.7,3.131221019371994
1710000016.899984,100337,BTCUSDT,77217.5,4.134532036115594,77217.7,4.15605053503198,77217.4,6.455102284111597,77217.8,14.903232127799178,77217.3,4.94455839965103,77217.9,4.383695682907893,77217.2,6.13262181280046,77218.0,13.062756956993402,77217.1,9.254249731490983,77218.09999999999,23.600169756638753,77217.0,1.6913086057117503,77218.2,2.0790015296656588,77216.9,4.960979043645962,77218.3,8.072024030491741,77216.8,2.143258128742696,77218.4,1.8935973681385212,77216.7,6.585398007192422,77218.5,0.6321348034871833,77216.6,1.844224059748117,77218.59999999999,2.819334589046691
1710000016.9499838,100338,BTCUSDT,77217.5,7.394061086303312,77217.6,7.121527205640961,77217.4,6.372896499175191,77217.70000000001,7.291978521669731,77217.3,4.0014440250538135,77217.8,3.1537896460172443,77217.2,2.9080242736404136,77217.90000000001,3.4174141346822084,77217.1,4.774172519932575,77218.0,9.341409961646052,77217.0,6.433173057525517,77218.1,7.824358404003872,77216.9,2.9291400141898816,77218.20000000001,3.274448383570906,77216.8,2.801401960145582,77218.3,1.6521451311278987,77216.7,0.6526822369761895,77218.40000000001,3.9753399678738446,77216.6,18.119020401564182,77218.5,0.7300688875017346
1710000016.9999838,100339,BTCUSDT,77217.6,9.648005104638557,77217.70000000001,4.764544157788407,77217.5,10.279455085213765,77217.80000000002,8.068727539294414,77217.40000000001,14.450975294506485,77217.90000000001,4.90326459443066,77217.3,6.738480620342073,77218.00000000001,4.900868524745929,77217.20000000001,5.983378457011538,77218.1,4.388432018934749,77217.1,2.436135482840915,77218.20000000001,4.436272320662441,77217.0,4.2080590996325515,77218.30000000002,7.85565766640018,77216.90000000001,6.119969254086012,77218.40000000001,5.160096577607912,77216.8,0.8813872071786839,77218.50000000001,5.500676558968588,77216.70000000001,2.775030718342351,77218.6,8.98102258357938
1710000017.0499837,100340,BTCUSDT,77217.5,6.7261651122342725,77217.7,4.241148269598385,77217.4,8.686629033427188,77217.8,3.2335592013136654,77217.3,3.538572430519117,77217.9,6.2775983345258615,77217.2,7.412477996701607,77218.0,12.33849568834495,77217.1,6.889859629248301,77218.09999999999,6.456275761566667,77217.0,3.6057535968031478,77218.2,1.6051410044331043,77216.9,1.7120574548956866,77218.3,4.2590414547478606,77216.8,5.297319301141225,77218.4,2.9613492578915794,77216.7,5.647405380248955,77218.5,3.3514260116003824,77216.6,0.3082853538420471,77218.59999999999,0.85285333298959
1710000017.0999837,100341,BTCUSDT,77217.5,8.762667786551077,77217.7,12.606122815043046,77217.4,3.700245455216297,77217.8,21.71069996647785,77217.3,3.7398864815065,77217.9,2.8473992350766837,77217.2,26.244422789751873,77218.0,3.7199867517573466,77217.1,6.410715614750089,77218.09999999999,2.777652573125032,77217.0,5.072179360310935,77218.2,10.975086384698015,77216.9,2.7437157559907783,77218.3,5.637730180845363,77216.8,1.6325448514471539,77218.4,4.721135193529684,77216.7,2.0406064012159715,77218.5,1.3490117822433287,77216.6,1.5027440624921131,77218.59999999999,0.7881544217924884
1710000017.1499836,100342,BTCUSDT,77217.40000000001,5.979785392815149,77217.6,5.145805089696381,77217.3,8.65686754889683,77217.70000000001,17.392286063480025,77217.20000000001,5.1052532729765066,77217.8,10.694086649180814,77217.1,5.737581183721723,77217.90000000001,3.0842716613402663,77217.00000000001,6.692775389451514,77218.0,4.881534981449899,77216.90000000001,5.806226205300428,77218.1,10.417748957213423,77216.8,3.5223792621609094,77218.20000000001,10.457724856872094,77216.70000000001,6.355896021152923,77218.3,3.482451393258188,77216.6,4.09751476222328,77218.40000000001,1.9756155839758978,77216.50000000001,16.4412372305223,77218.5,4.402671556475975
1710000017.1999836,100343,BTCUSDT,77217.40000000001,5.181793211410401,77217.50000000001,7.50537792536687,77217.3,3.43192889475632,77217.60000000002,3.296696172691432,77217.20000000001,5.191524294382184,77217.70000000001,4.418003370802095,77217.1,4.707139605258644,77217.80000000002,3.619005360871437,77217.00000000001,2.7199423345461895,77217.90000000001,6.673693711983926,77216.90000000001,4.490889929797109,77218.00000000001,2.4933453358291917,77216.8,2.7402355124199573,77218.10000000002,4.784069603302794,77216.70000000001,1.0998828771027327,77218.20000000001,1.4381078009927455,77216.6,0.7042667744804045,77218.30000000002,7.092010729186666,77216.50000000001,5.583912118828475,77218.40000000001,5.5985387050983695
1710000017.2499835,100344,BTCUSDT,77217.40000000001,7.7119983505344525,77217.50000000001,3.756466942154538,77217.3,7.085780859596733,77217.60000000002,9.218108691305224,77217.20000000001,5.575456633183383,77217.70000000001,4.569636828247068,77217.1,3.6997458360677977,77217.80000000002,6.517860678127079,77217.00000000001,6.721040718025198,77217.90000000001,10.190766969202267,77216.90000000001,3.276232802788787,77218.00000000001,7.474745967460928,77216.8,4.496266912110892,77218.10000000002,9.776739216913764,77216.70000000001,3.8015131878511967,77218.20000000001,3.71617387524016,77216.6,3.8498349246097088,77218.30000000002,5.934238099064102,77216.50000000001,13.37441051935146,77218.40000000001,0.3056384630083259
1710000017.2999835,100345,BTCUSDT,77217.5,14.693577781059334,77217.6,6.619031970913824,77217.4,7.017040264810612,77217.70000000001,5.8343925398806995,77217.3,3.193351827066223,77217.8,8.645612933395864,77217.2,7.90101643978032,77217.90000000001,3.894141260945743,77217.1,3.4625124466727057,77218.0,9.276721170288898,77217.0,1.9004343853303483,77218.1,10.118063104439523,77216.9,2.3864160320448207,77218.20000000001,4.795618477757914,77216.8,11.795124986644899,77218.3,5.334336981512073,77216.7,2.540676907593746,77218.40000000001,5.078726229146335,77216.6,1.6862537932767678,77218.5,1.2988141722012683
1710000017.3499835,100346,BTCUSDT,77217.5,5.355816489193698,77217.8,3.8016413862767857,77217.4,3.326197457650963,77217.90000000001,6.431371247669826,77217.3,8.542488392478893,77218.0,5.883390185151546,77217.2,9.750000962964986,77218.1,2.535991879473912,77217.1,3.8275730764177975,77218.2,3.082358031007626,77217.0,3.9715640505238903,77218.3,1.9005168983465788,77216.9,13.527919033918394,77218.40000000001,2.2105747366145576,77216.8,11.020000388758945,77218.5,3.019759035734358,77216.7,17.3410895142973,77218.6,3.630268960600548,77216.6,10.684917780008497,77218.7,0.1
1710000017.3999834,100347,BTCUSDT,77217.7,12.934266535216823,77217.8,4.201992081571392,77217.59999999999,3.6042605791973847,77217.90000000001,5.410568889755412,77217.5,13.652989098070092,77218.0,5.926921876538573,77217.4,5.39850158408611,77218.1,3.008532750732233,77217.3,2.003159291684962,77218.2,8.64587519395388,77217.2,1.9665956389031969,77218.3,5.61884679367758,77217.09999999999,11.042407490295592,77218.40000000001,2.136069395175914,77217.0,5.177758062075102,77218.5,1.1278720719774533,77216.9,4.102891740674259,77218.6,1.1161799829263224,77216.8,5.326521136664762,77218.7,1.4337419413816508
1710000017.4499834,100348,BTCUSDT,77217.6,9.013571498656965,77217.70000000001,5.041815962980689,77217.5,7.543240665580125,77217.80000000002,3.8892459439277403,77217.40000000001,7.460517100553801,77217.90000000001,3.348726232655631,77217.3,4.616021695893028,77218.00000000001,3.5358550357629923,77217.20000000001,7.519265545168606,77218.1,3.2154355483508335,77217.1,10.138711244549667,77218.20000000001,10.495842907009534,77217.0,2.0748202401379805,77218.30000000002,5.00607553176558,77216.90000000001,1.1672229337912368,77218.40000000001,2.7872773494237224,77216.8,5.397578802951965,77218.50000000001,4.708459062900067,77216.70000000001,3.9201254260004585,77218.6,1.3281571432395123
1710000017.4999833,100349,BTCUSDT,77217.6,4.034557517490199,77217.70000000001,8.677927297814804,77217.5,6.003820709474736,77217.80000000002,8.134507795329963,77217.40000000001,3.9450977201648674,77217.90000000001,4.368842721467416,77217.3,4.027155959773205,77218.00000000001,2.504318175704168,77217.20000000001,3.668417567111603,77218.1,8.504395220371968,77217.1,10.70371406048864,77218.20000000001,4.521056818169939,77217.0,3.6315617998569407,77218.30000000002,1.325238765656573,77216.90000000001,9.254619605159455,77218.40000000001,0.8523823502056335,77216.8,11.983553561415471,77218.50000000001,3.087235862415871,77216.70000000001,1.6738031950966912,77218.6,10.319600878566636
1710000017.5499833,100350,BTCUSDT,77217.7,4.590361832579188,77217.8,5.840675783047504,77217.59999999999,7.425246899553491,77217.90000000001,8.395056695877056,77217.5,2.8028684630905727,77218.0,13.849186992899257,77217.4,3.1190211972903983,77218.1,3.464102092768056,77217.3,3.2232399560111737,77218.2,2.154215510206745,77217.2,2.1252308893786633,77218.3,18.776040449003066,77217.09999999999,2.7146115828674304,77218.40000000001,1.690031627731428,77217.0,1.2526356489393797,77218.5,5.88415538579394,77216.9,8.112204886035704,77218.6,1.5879801458843574,77216.8,0.1,77218.7,1.0097231567243705
1710000017.5999832,100351,BTCUSDT,77217.90000000001,4.036559199903502,77218.00000000001,5.859072995307825,77217.8,4.245035031541036,77218.10000000002,6.102234229154275,77217.70000000001,3.969405175986527,77218.20000000001,14.089624289254354,77217.6,11.855458353639825,77218.30000000002,5.7462794271062005,77217.50000000001,3.7504493001080457,77218.40000000001,3.9195492947491655,77217.40000000001,3.7231085739669716,77218.50000000001,6.801631190629351,77217.3,3.6032857664986424,77218.60000000002,8.9720957747891,77217.20000000001,12.336390512888663,77218.70000000001,2.4375681539393375,77217.1,3.6902406630632396,77218.80000000002,0.7995312354873509,77217.00000000001,0.8949201318756318,77218.90000000001,2.134096975245469
1710000017.6499832,100352,BTCUSDT,77218.0,8.308854947911273,77218.1,5.531994768290412,77217.9,11.333257966756843,77218.20000000001,6.560274957642314,77217.8,5.115759671314505,77218.3,3.0784321028450945,77217.7,4.899633070637301,77218.40000000001,9.2755792454278,77217.6,5.813281977156972,77218.5,9.139035015579083,77217.5,4.324966697544658,77218.6,2.10434734080046,77217.4,1.254934892634633,77218.70000000001,2.645139623837143,77217.3,5.589186843092748,77218.8,7.047544610353779,77217.2,1.8025035890149903,77218.90000000001,3.1379703265722445,77217.1,2.1866327368625624,77219.0,2.1140768402037495
1710000017.6999831,100353,BTCUSDT,77218.0,4.186448488632462,77218.1,4.476051169788331,77217.9,3.4276885832349837,77218.20000000001,4.083238816539716,77217.8,2.8369739493102255,77218.3,6.747479450034785,77217.7,3.9213854129524703,77218.40000000001,16.869170040329287,77217.6,2.8612821778119764,77218.5,3.6975433478591686,77217.5,3.371678357793469,77218.6,1.633949649853431,77217.4,8.510573530644132,77218.70000000001,1.330069874922145,77217.3,12.06564985193242,77218.8,9.705250899963502,77217.2,3.4673636157698393,77218.90000000001,3.537503861617041,77217.1,4.2426994745967255,77219.0,1.9578877276494335
1710000017.749983,100354,BTCUSDT,77218.1,12.350518081994519,77218.20000000001,4.042209810346679,77218.0,10.11847364069203,77218.30000000002,4.14312902375702,77217.90000000001,4.804053345141231,77218.40000000001,4.322714008487074,77217.8,4.44433778146564,77218.50000000001,3.0524081535265792,77217.70000000001,4.801251768888405,77218.6,8.470739094657038,77217.6,3.9302462330427237,77218.70000000001,4.298193470215958,77217.5,8.755749820613511,77218.80000000002,6.097492800077418,77217.40000000001,3.4969437901409393,77218.90000000001,1.9919837690879776,77217.3,9.048745477800981,77219.00000000001,3.84172532818382,77217.20000000001,0.9997349509181301,77219.1,1.2540226118024203
1710000017.799983,100355,BTCUSDT,77217.90000000001,3.7805985564858657,77218.1,22.959616098150697,77217.8,3.7586655144541243,77218.20000000001,9.559885001505755,77217.70000000001,4.80862205063146,77218.3,5.510797918526018,77217.6,10.902799058487554,77218.40000000001,4.530316700717286,77217.50000000001,5.084380866197886,77218.5,2.2022254740803895,77217.40000000001,1.6094009340154447,77218.6,2.7230899839430913,77217.3,5.7650324428891855,77218.70000000001,1.717087137387955,77217.20000000001,1.2830787797656962,77218.8,2.91704887268451,77217.1,4.574645008067622,77218.90000000001,5.380179212711048,77217.00000000001,0.7862531984193564,77219.0,0.3317361728463257
1710000017.849983,100356,BTCUSDT,77218.0,11.565472129386082,77218.2,9.522817399891562,77217.9,3.9397010860087467,77218.3,10.0994278113412,77217.8,8.665691316737147,77218.4,6.432526334808652,77217.7,4.045140255988545,77218.5,3.6180034305532542,77217.6,2.5199300446659834,77218.59999999999,4.851416915606865,77217.5,5.120422288397985,77218.7,3.381019233234027,77217.4,3.780164755291419,77218.8,3.007174300394072,77217.3,4.897799053583273,77218.9,10.061028492231417,77217.2,1.1161251604769145,77219.0,2.3212426420495205,77217.1,0.6073336189077885,77219.09999999999,3.922717274693305
1710000017.899983,100357,BTCUSDT,77218.0,14.347860209732852,77218.1,4.907754095968835,77217.9,15.199861350599416,77218.20000000001,3.4614094753220046,77217.8,6.495415676873996,77218.3,3.0353189914764735,77217.7,11.368752586471535,77218.40000000001,5.418465620907348,77217.6,6.426759508039955,77218.5,9.125033419594107,77217.5,2.251537738012103,77218.6,1.7574237868503444,77217.4,9.64393180123649,77218.70000000001,2.712955869233827,77217.3,1.352356345981422,77218.8,3.327916610787593,77217.2,4.048259450761021,77218.90000000001,0.5258413221050229,77217.1,1.2857588593500187,77219.0,0.1333993987795837
1710000017.949983,100358,BTCUSDT,77217.90000000001,13.05143817947902,77218.00000000001,6.504730139213734,77217.8,3.867758567516306,77218.10000000002,13.390193360114235,77217.70000000001,8.466503803455913,77218.20000000001,8.062676696339587,77217.6,7.34021271973651,77218.30000000002,3.294273671711206,77217.50000000001,2.9479897576953844,77218.40000000001,6.6627665196969845,77217.40000000001,2.5924238955158603,77218.50000000001,3.909797335754749,77217.3,7.29307436204899,77218.60000000002,7.329028287338149,77217.20000000001,3.215140605932249,77218.70000000001,7.08452312501843,77217.1,7.696018307453028,77218.80000000002,4.654244307317423,77217.00000000001,1.0372900132720195,77218.90000000001,1.2808859628614593
1710000017.9999828,100359,BTCUSDT,77218.0,4.0968330177480246,77218.1,4.876193543597289,77217.9,4.140455767237061,77218.20000000001,5.630291507926491,77217.8,12.362936010431643,77218.3,3.24140431019472,77217.7,7.495692020588478,77218.40000000001,7.049826659608069,77217.6,2.4026162056629445,77218.5,12.233648144647228,77217.5,4.961693396450325,77218.6,3.408500952801676,77217.4,6.85118721117645,77218.70000000001,2.390204895657142,77217.3,5.530278475554741,77218.8,0.9620848572543249,77217.2,7.715554104408646,77218.90000000001,2.778067144340596,77217.1,4.0500273455548905,77219.0,1.0001982732204444
1710000018.0499828,100360,BTCUSDT,77218.0,7.446480269152801,77218.1,6.037621345386504,77217.9,12.180714122856035,77218.20000000001,5.955578386619114,77217.8,10.175801103659998,77218.3,9.264884632260632,77217.7,4.513954950984565,77218.40000000001,3.4458979993607297,77217.6,4.084056957929426,77218.5,8.999800187361853,77217.5,2.6331794093334056,77218.6,4.573018152596563,77217.4,7.761583780560082,77218.70000000001,2.944588960487038,77217.3,4.9112321692765954,77218.8,1.927497606927116,77217.2,0.8628981274761204,77218.90000000001,6.726984088569484,77217.1,0.41686079117788805,77219.0,1.2664194382791731
1710000018.0999827,100361,BTCUSDT,77218.0,5.301462997751694,77218.2,18.054397746969872,77217.9,18.795308772331463,77218.3,4.449407653018503,77217.8,2.9673659821806564,77218.4,7.683977873542833,77217.7,4.798529009739312,77218.5,2.824789436007927,77217.6,6.917474515814366,77218.59999999999,2.126684752575121,77217.5,9.766939912236344,77218.7,2.1970291572572385,77217.4,1.7447081455792937,77218.8,1.9727485259717845,77217.3,13.7022282279077,77218.9,5.52583738272435,77217.2,6.865276846710753,77219.0,2.427566725714431,77217.1,1.6397768624296176,77219.09999999999,1.0688206863683551
1710000018.1499827,100362,BTCUSDT,77218.2,4.7888749637064185,77218.3,15.476679272292683,77218.09999999999,3.944154617993585,77218.40000000001,16.684982754574914,77218.0,2.8598703198268605,77218.5,5.4243744236455225,77217.9,4.02206746648983,77218.6,4.7849779065658735,77217.8,5.382067193501538,77218.7,4.287891397720813,77217.7,3.743526686624782,77218.8,6.877885037699352,77217.59999999999,5.831873369182509,77218.90000000001,8.365548922929953,77217.5,1.9505095290665753,77219.0,4.561601282802815,77217.4,3.919784925315458,77219.1,2.2464774918186334,77217.3,2.6625758760830402,77219.2,1.5062405052662038
1710000018.1999826,100363,BTCUSDT,77218.3,4.562182423548432,77218.40000000001,4.0460225281929105,77218.2,7.796292037156665,77218.50000000001,7.523805378546664,77218.1,14.831735369825857,77218.6,8.03257187267162,77218.0,2.6137965240577885,77218.70000000001,11.025123571866555,77217.90000000001,9.941624345296642,77218.8,4.343061146620919,77217.8,5.126234256125691,77218.90000000001,16.531882558568736,77217.7,4.239750178947089,77219.00000000001,10.6290872225395,77217.6,1.146760293987862,77219.1,1.6480819143028613,77217.5,2.724670072252985,77219.20000000001,3.915563705512973,77217.40000000001,6.7762344562913635,77219.3,17.779734585329656
1710000018.2499826,100364,BTCUSDT,77218.2,6.331428870118964,77218.3,9.02399567885986,77218.09999999999,9.085871813046083,77218.40000000001,5.969537182512768,77218.0,4.256608630048505,77218.5,17.359226963421946,77217.9,6.754995699334283,77218.6,4.498599758873762,77217.8,3.3165905638890782,77218.7,7.253707236501389,77217.7,2.7092557411449594,77218.8,2.353567724236389,77217.59999999999,4.2186768759145155,77218.90000000001,2.56989020906076,77217.5,4.76519029997363,77219.0,1.3019747830854693,77217.4,4.656160660484969,77219.1,1.732372366259804,77217.3,0.1,77219.2,0.542985925861179
1710000018.2999825,100365,BTCUSDT,77218.2,11.680304686438806,77218.4,4.664251349643587,77218.09999999999,9.227018190413927,77218.5,6.951810596691502,77218.0,16.94871609362638,77218.59999999999,4.671100677449673,77217.9,6.976036584198774,77218.7,2.6625756097277784,77217.8,4.01836271807209,77218.79999999999,15.2767366293128,77217.7,4.69726299901216,77218.9,2.9580325799993794,77217.59999999999,1.712565326283445,77219.0,6.063214590049644,77217.5,4.940928240954866,77219.09999999999,2.673228044330689,77217.4,12.45895518355542,77219.2,0.48981202278295743,77217.3,1.4480357297651734,77219.29999999999,10.156749547916837
1710000018.3499825,100366,BTCUSDT,77218.2,10.544581987895887,77218.3,4.035452173315063,77218.09999999999,14.660269617140216,77218.40000000001,9.540403524048472,77218.0,3.5999072166270283,77218.5,7.7792897691097735,77217.9,4.3442635830616005,77218.6,4.458629676746994,77217.8,8.116782605254397,77218.7,15.16415285382334,77217.7,2.1417024465448242,77218.8,3.783257526177647,77217.59999999999,3.8229555745470813,77218.90000000001,3.088418968665363,77217.5,2.605130260025853,77219.0,1.014736885978514,77217.4,5.027576041053279,77219.1,2.692325087866045,77217.3,0.8666275543174488,77219.2,6.772006462719784
1710000018.3999825,100367,BTCUSDT,77218.1,6.265176905157054,77218.3,5.017856194210448,77218.0,7.265468994308034,77218.40000000001,4.559564256985348,77217.90000000001,3.876791479497392,77218.5,8.044965059908911,77217.8,2.5646433731960365,77218.6,2.7982581395639,77217.70000000001,2.027245273901543,77218.7,2.6639500415978183,77217.6,1.8859410799204788,77218.8,23.49293867914835,77217.5,2.563262453505315,77218.90000000001,1.846632554076252,77217.40000000001,1.9029942856880169,77219.0,11.803344713156232,77217.3,3.337212115082534,77219.1,2.2153754344187333,77217.20000000001,8.266621193909318,77219.2,2.0100429573738756
1710000018.4499824,100368,BTCUSDT,77218.1,5.1231935308276055,77218.20000000001,8.124177797136364,77218.0,4.567610966791364,77218.30000000002,6.643421700915244,77217.90000000001,3.0726535696792876,77218.40000000001,3.6492554026252337,77217.8,4.492978158460776,77218.50000000001,13.455261533254527,77217.70000000001,3.894453253876362,77218.6,6.363458968653837,77217.6,2.777952578129342,77218.70000000001,2.143432737330377,77217.5,1.4412792234503664,77218.80000000002,2.6577542896377775,77217.40000000001,1.4862910590100091,77218.90000000001,1.5646926178843592,77217.3,6.121140623737916,77219.00000000001,0.4638593336833603,77217.20000000001,3.2640636374533325,77219.1,1.908669748407015
1710000018.4999824,100369,BTCUSDT,77218.0,6.909734744518374,77218.1,5.103825390361802,77217.9,4.598847598805934,77218.20000000001,8.48805123200668,77217.8,11.00036951154361,77218.3,3.6556532872937924,77217.7,2.810872752218281,77218.40000000001,11.523130274833008,77217.6,3.722488415462341,77218.5,5.20575809854357,77217.5,3.3822940824045995,77218.6,2.1377950764389775,77217.4,4.759877248946596,77218.70000000001,4.1789481958501895,77217.3,1.7075700756345498,77218.8,3.204964203880719,77217.2,6.777162929854611,77218.90000000001,3.9705517423132926,77217.1,0.40776470448106134,77219.0,3.176482642089517
1710000018.5499823,100370,BTCUSDT,77218.0,4.262604327883981,77218.1,8.55388802223638,77217.9,7.724647452822928,77218.20000000001,3.298920673238911,77217.8,4.922397145540257,77218.3,4.4195625743522715,77217.7,6.827530345025416,77218.40000000001,3.374078014504784,77217.6,5.57490810078938,77218.5,11.776869376679175,77217.5,7.99403881782289,77218.6,11.776473627714866,77217.4,16.559919656482425,77218.70000000001,1.2429098440673245,77217.3,4.6992962294145375,77218.8,2.929827592835279,77217.2,8.260296165515536,77218.90000000001,1.560418428398426,77217.1,15.85947825677879,77219.0,3.804646559900295
1710000018.5999823,100371,BTCUSDT,77218.1,3.957946709850754,77218.3,4.410707150768939,77218.0,8.881948063972729,77218.40000000001,3.288927311585572,77217.90000000001,9.590410418263037,77218.5,2.856188882142205,77217.8,6.681485445668157,77218.6,4.217112787621832,77217.70000000001,5.781795440592692,77218.7,6.763323581508821,77217.6,3.277091304759836,77218.8,2.0569881950311704,77217.5,1.4887599117939578,77218.90000000001,4.756025654941048,77217.40000000001,3.7413417130342648,77219.0,6.222300411365261,77217.3,3.2512410320067624,77219.1,2.5958118836612343,77217.20000000001,2.030570634023297,77219.2,0.10721165148448168
1710000018.6499822,100372,BTCUSDT,77218.2,11.117035016740072,77218.3,5.928386758831026,77218.09999999999,3.272484251773939,77218.40000000001,3.5097298039857194,77218.0,5.656606725472768,77218.5,16.75217154175301,77217.9,7.1263612495241215,77218.6,2.6942253220022963,77217.8,2.8397292008542165,77218.7,7.901781510902612,77217.7,8.96648277801219,77218.8,5.446141908880769,77217.59999999999,5.336055735617859,77218.90000000001,1.3149868239035363,77217.5,7.853393874608559,77219.0,7.009871997552912,77217.4,1.5992083310021208,77219.1,5.333286801923514,77217.3,0.9675454544185463,77219.2,0.1646638857420972
1710000018.6999822,100373,BTCUSDT,77218.0,4.387120934440129,77218.1,5.24843650358636,77217.9,5.368229846276968,77218.20000000001,6.041489882800381,77217.8,5.390813297171119,77218.3,4.0625411594417375,77217.7,2.5184183676846903,77218.40000000001,6.116507274669836,77217.6,4.015034812485187,77218.5,3.419119291191744,77217.5,9.66785184797762,77218.6,7.093406843694995,77217.4,9.00111406038074,77218.70000000001,3.9326511216433095,77217.3,1.3613321814769086,77218.8,5.565825005151169,77217.2,1.3230589755509432,77218.90000000001,2.7280669892131724,77217.1,0.2688383739576349,77219.0,6.978932637180791
1710000018.749982,100374,BTCUSDT,77218.2,7.464499037808489,77218.3,10.099742380950303,77218.09999999999,5.461163146793128,77218.40000000001,9.363538922947356,77218.0,5.282984727454084,77218.5,14.11855254425229,77217.9,5.0650248290335895,77218.6,4.884193779504417,77217.8,8.14980618622139,77218.7,8.894408081880826,77217.7,4.834134390499799,77218.8,2.3928176008340443,77217.59999999999,3.7226297591430617,77218.90000000001,14.977150650911145,77217.5,6.393244181158596,77219.0,7.467475888841804,77217.4,0.5335053742901771,77219.1,2.92339062618323,77217.3,4.1608580873594185,77219.2,7.0885964682051394
1710000018.799982,100375,BTCUSDT,77218.1,11.254051417535138,77218.20000000001,6.779842083929118,77218.0,4.0791665539040824,77218.30000000002,4.726536636034362,77217.90000000001,4.12475038963778,77218.40000000001,5.827407956591367,77217.8,2.612277081624923,77218.50000000001,3.090448941508706,77217.70000000001,8.700026114433115,77218.6,2.5690385936252667,77217.6,2.6631410388007204,77218.70000000001,4.015936920558584,77217.5,4.111955770420977,77218.80000000002,6.969097297767716,77217.40000000001,3.171994365698903,77218.90000000001,7.040013176937015,77217.3,4.2529665779939885,77219.00000000001,0.8800909951767352,77217.20000000001,0.6799822441216365,77219.1,2.298142222978602
1710000018.849982,100376,BTCUSDT,77218.2,5.5649618909364555,77218.3,4.348984008547055,77218.09999999999,4.229062072870732,77218.40000000001,6.627382689816045,77218.0,5.002695182226336,77218.5,5.693827731787872,77217.9,3.1485843942586684,77218.6,6.749576817446673,77217.8,9.656759150286975,77218.7,3.1932980475861905,77217.7,4.3052721598212615,77218.8,16.440793017089245,77217.59999999999,2.8213109134851364,77218.90000000001,4.8159306013358005,77217.5,1.1781030310560916,77219.0,4.525769791072628,77217.4,0.7756244663905503,77219.1,13.199768351146368,77217.3,5.030375603738413,77219.2,6.207692024477259
1710000018.899982,100377,BTCUSDT,77218.3,7.163749799821832,77218.40000000001,5.9907137339341565,77218.2,11.018244477415454,77218.50000000001,15.77096304931759,77218.1,5.5648855276370846,77218.6,13.52573332464042,77218.0,5.901870885307433,77218.70000000001,5.4920892288729455,77217.90000000001,4.424083282397058,77218.8,2.9392846880228567,77217.8,1.6149063838371334,77218.90000000001,2.705682758646954,77217.7,4.051140365975531,77219.00000000001,3.111884839598459,77217.6,3.1803466220824443,77219.1,16.57988340618155,77217.5,2.1248081428391097,77219.20000000001,2.8072555148687157,77217.40000000001,0.573244469230308,77219.3,0.19658338590288657
1710000018.949982,100378,BTCUSDT,77218.3,4.249430117795274,77218.5,6.992928384303102,77218.2,4.370202146680982,77218.6,4.235403223472481,77218.1,2.8463718136509333,77218.7,3.358615121317266,77218.0,3.8800141422903653,77218.8,2.8971711353179344,77217.90000000001,19.03454931335883,77218.9,3.476335894001715,77217.8,2.1585379568213456,77219.0,2.487988399103735,77217.7,4.744047477514828,77219.1,1.4647452137649606,77217.6,8.734609692264623,77219.2,13.828354824881751,77217.5,1.5334187068237637,77219.3,2.792040925515691,77217.40000000001,0.1,77219.4,4.094504170485542
1710000018.9999819,100379,BTCUSDT,77218.40000000001,4.859163354388784,77218.50000000001,4.52690667752936,77218.3,7.445532818338305,77218.60000000002,5.352903974819508,77218.20000000001,3.592142095350069,77218.70000000001,7.473252690634826,77218.1,5.730301718405253,77218.80000000002,10.226688950584794,77218.00000000001,2.4998767219705296,77218.90000000001,8.16089016577118,77217.90000000001,6.077506984141518,77219.00000000001,2.0887199681936757,77217.8,5.947423616528001,77219.10000000002,3.530341341135553,77217.70000000001,12.400582022985025,77219.20000000001,1.4107932429875913,77217.6,4.518211654706527,77219.30000000002,2.324938132603248,77217.50000000001,12.56901775367702,77219.40000000001,1.6017603903323692
1710000019.0499818,100380,BTCUSDT,77218.3,10.109221899964208,77218.6,25.308424598642127,77218.2,4.364956242407624,77218.70000000001,5.496319750147363,77218.1,5.737383122004813,77218.8,4.19783920491756,77218.0,2.4615301867995565,77218.90000000001,3.3945082828680606,77217.90000000001,3.32479123592329,77219.0,4.345069128486733,77217.8,2.350634993568097,77219.1,9.8622920376899,77217.7,6.081914892115814,77219.20000000001,1.5562013554835266,77217.6,5.000345222021988,77219.3,5.041296614833908,77217.5,12.914419980017415,77219.40000000001,0.41210177359223377,77217.40000000001,1.1397165267225624,77219.5,10.512788903416709
1710000019.0999818,100381,BTCUSDT,77218.40000000001,8.700248907744898,77218.6,9.405692905116185,77218.3,3.583766531405821,77218.70000000001,6.085164814866871,77218.20000000001,3.853690852409466,77218.8,3.599749848373712,77218.1,9.049315173837229,77218.90000000001,2.98027944668089,77218.00000000001,4.529349687972877,77219.0,13.159964409916329,77217.90000000001,2.422354457265331,77219.1,16.865655797209854,77217.8,21.860734244544666,77219.20000000001,4.444275295429323,77217.70000000001,1.546006276392557,77219.3,2.3198028722438173,77217.6,2.6100143872680515,77219.40000000001,1.8803391027492649,77217.50000000001,1.3175488266144217,77219.5,14.33515402630081
1710000019.1499817,100382,BTCUSDT,77218.5,4.9583392295126885,77218.6,4.420850969981964,77218.4,7.418532370431088,77218.70000000001,8.18754080801327,77218.3,7.459399652443404,77218.8,4.338633587476658,77218.2,3.5624917149845725,77218.90000000001,14.886887561665963,77218.1,12.271388638185678,77219.0,4.444916817647108,77218.0,9.088249362978786,77219.1,4.008281815905175,77217.9,3.4092929002208794,77219.20000000001,1.88202863824012,77217.8,3.023334193960877,77219.3,3.8837165837511005,77217.7,0.4910456566777399,77219.40000000001,2.7487610084292995,77217.6,6.081245765912952,77219.5,4.5583128788652925
1710000019.1999817,100383,BTCUSDT,77218.5,13.21207233932531,77218.6,3.6727862708892856,77218.4,6.457171730991572,77218.70000000001,9.392408967485498,77218.3,5.917744069062532,77218.8,4.3656308274284665,77218.2,2.9858902325256618,77218.90000000001,11.14145141168104,77218.1,4.545271136956522,77219.0,10.418715671638918,77218.0,5.126128706977406,77219.1,6.085789544398285,77217.9,7.7238957140442,77219.20000000001,5.505316193142622,77217.8,2.830355741185045,77219.3,3.683170341629533,77217.7,6.899130666699088,77219.40000000001,2.2713857274670617,77217.6,1.9648858997496519,77219.5,0.4023327414338695
1710000019.2499816,100384,BTCUSDT,77218.5,5.732247295057549,77218.7,5.68094163068393,77218.4,7.752139009113679,77218.8,3.477802187516911,77218.3,6.40271083718139,77218.9,8.714196287623702,77218.2,9.44599412919053,77219.0,3.1478752232797707,77218.1,11.108412147045724,77219.09999999999,6.2701535896649565,77218.0,10.143363637773417,77219.2,4.256534434787395,77217.9,4.3238356136300675,77219.3,11.2551151676358,77217.8,10.00672374165779,77219.4,3.177994849775274,77217.7,1.683095155485768,77219.5,2.3980292366738007,77217.6,1.9625519459757934,77219.59999999999,1.3523486595684566
1710000019.2999816,100385,BTCUSDT,77218.5,11.494936915268369,77218.6,3.8896889258947382,77218.4,7.727987811531636,77218.70000000001,3.9589320627082216,77218.3,4.489463866015475,77218.8,3.0540731126918277,77218.2,3.658698526380656,77218.90000000001,8.251338072266732,77218.1,10.651825665724258,77219.0,3.0016846620763658,77218.0,4.091111560222924,77219.1,4.141959482505186,77217.9,9.472433802103641,77219.20000000001,6.955390475725942,77217.8,3.6785989109948325,77219.3,5.243717742606439,77217.7,7.9185626726941765,77219.40000000001,0.43833896501996095,77217.6,2.0626159198260665,77219.5,9.5110956481452
1710000019.3499815,100386,BTCUSDT,77218.6,5.309432672688028,77218.70000000001,6.540216834410872,77218.5,7.461288809373131,77218.80000000002,5.367635212999216,77218.40000000001,7.809196353907804,77218.90000000001,10.699813770966442,77218.3,3.07218304171821,77219.00000000001,4.802614931128804,77218.20000000001,4.097130330622374,77219.1,6.652152756427039,77218.1,2.7500215002970183,77219.20000000001,5.689393906072702,77218.0,9.598225721013744,77219.30000000002,3.3660438932110943,77217.90000000001,10.477181316287835,77219.40000000001,20.742057298018363,77217.8,0.8486098930295682,77219.50000000001,1.4613513020064186,77217.70000000001,12.01342516923552,77219.6,12.711673260335346
1710000019.3999815,100387,BTCUSDT,77218.8,3.6604484614057897,77218.90000000001,4.302655187409635,77218.7,25.298647524180303,77219.00000000001,3.993801884704019,77218.6,5.593021675463264,77219.1,10.346506966286977,77218.5,2.4824503925439396,77219.20000000001,6.110306537635478,77218.40000000001,3.297525025730679,77219.3,9.931725897270198,77218.3,2.9332912409789733,77219.40000000001,6.243087785792888,77218.2,5.686127375319857,77219.50000000001,2.2015120044552985,77218.1,0.9416764650057783,77219.6,2.9054465657395383,77218.0,1.7654181939402567,77219.70000000001,7.021461454205444,77217.90000000001,6.44504205856645,77219.8,2.442760283492378
1710000019.4499815,100388,BTCUSDT,77218.90000000001,5.813557746674905,77219.00000000001,4.888799696228521,77218.8,4.43172915428816,77219.10000000002,6.27314083058388,77218.70000000001,5.185157905936614,77219.20000000001,5.120136723938151,77218.6,2.7822451373084194,77219.30000000002,7.471965710129336,77218.50000000001,2.9618541603448723,77219.40000000001,2.877371284039373,77218.40000000001,3.729275294987177,77219.50000000001,2.6339345916493353,77218.3,4.7069174926426385,77219.60000000002,3.0574436889538528,77218.20000000001,3.1834410783269274,77219.70000000001,3.8815759887628127,77218.1,1.3102909953841209,77219.80000000002,1.0772341679015027,77218.00000000001,8.49514235452578,77219.90000000001,2.274692649389706
1710000019.4999814,100389,BTCUSDT,77218.90000000001,3.745046926176973,77219.00000000001,6.356431817613469,77218.8,6.431267764460602,77219.10000000002,6.473398527135021,77218.70000000001,7.710756222261608,77219.20000000001,3.5815388458766875,77218.6,3.5626026132209025,77219.30000000002,9.058332679837765,77218.50000000001,13.762750975520085,77219.40000000001,2.584418698048499,77218.40000000001,4.3538292170108175,77219.50000000001,2.564091007300831,77218.3,1.4478129816927507,77219.60000000002,2.7751542095383184,77218.20000000001,1.42048018223476,77219.70000000001,5.750574405465185,77218.1,3.451922309369718,77219.80000000002,1.0211661860944536,77218.00000000001,0.1,77219.90000000001,6.6043128213477855
1710000019.5499814,100390,BTCUSDT,77218.8,7.122593522124594,77218.90000000001,5.117164384930836,77218.7,3.5638128079743665,77219.00000000001,4.209002366534589,77218.6,3.6333082705097484,77219.1,5.034600484444505,77218.5,6.695098649896621,77219.20000000001,3.625046839328557,77218.40000000001,2.0485734738274006,77219.3,4.927031190121804,77218.3,5.323176491294579,77219.40000000001,14.773373262143341,77218.2,4.761232909557311,77219.50000000001,3.748372398163627,77218.1,4.207649136981631,77219.6,11.318839882719347,77218.0,7.449846973614719,77219.70000000001,1.9602103740450376,77217.90000000001,1.0833227054201313,77219.8,1.2186815059649374
1710000019.5999813,100391,BTCUSDT,77218.8,9.051084088094857,77218.90000000001,6.398425643646833,77218.7,3.4808161149737287,77219.00000000001,8.343345459117774,77218.6,9.358972623395866,77219.1,4.167133306767553,77218.5,6.7640736524632805,77219.20000000001,4.624630404828292,77218.40000000001,10.797203732073958,77219.3,9.463145743421144,77218.3,4.581401435567745,77219.40000000001,6.304205650014431,77218.2,9.794298869936618,77219.50000000001,3.9384707221848423,77218.1,2.303144129033036,77219.6,6.404270000775412,77218.0,1.3941852197517377,77219.70000000001,2.3675650488087667,77217.90000000001,8.03152801585848,77219.8,5.155543214447755
1710000019.6499813,100392,BTCUSDT,77218.8,4.936882329666588,77218.90000000001,4.374772456396421,77218.7,8.639901669381496,77219.00000000001,4.361782947962167,77218.6,5.221772288820008,77219.1,4.750125852336358,77218.5,18.48676640255853,77219.20000000001,4.384353963873556,77218.40000000001,2.3334502747280315,77219.3,2.376476868445245,77218.3,5.173752623507412,77219.40000000001,5.258803502844638,77218.2,3.370359158788939,77219.50000000001,3.4614348341087964,77218.1,1.0217657878944633,77219.6,3.7072006557466253,77218.0,3.210685370017179,77219.70000000001,1.0479554261953947,77217.90000000001,0.4385425019964831,77219.8,0.5276051306445302
1710000019.6999812,100393,BTCUSDT,77218.7,7.363442412242032,77218.8,4.475026015990817,77218.59999999999,4.358363049701609,77218.90000000001,3.962570617121665,77218.5,15.464688025558374,77219.0,10.51354730121501,77218.4,3.4480304665234778,77219.1,3.9874070027526765,77218.3,2.942346800271201,77219.2,4.708118747678514,77218.2,1.679221481694723,77219.3,6.051266889425236,77218.09999999999,4.162281576197419,77219.40000000001,10.356264679326454,77218.0,1.5183859773829087,77219.5,7.320792612029287,77217.9,6.680119145580917,77219.6,0.9441091698768947,77217.8,2.0337088366798945,77219.7,0.7460540003899366
1710000019.7499812,100394,BTCUSDT,77218.7,5.720108063332361,77218.8,15.405545329419354,77218.59999999999,3.740393985605365,77218.90000000001,17.75154931752387,77218.5,3.8487780446197726,77219.0,8.729000277251977,77218.4,4.055823770784691,77219.1,3.017649368178788,77218.3,9.8045925605341,77219.2,3.4776566876325394,77218.2,5.901795428201854,77219.3,4.942934334683305,77218.09999999999,3.7527902660238017,77219.40000000001,3.9392835434231808,77218.0,6.0706257275814615,77219.5,1.1674652889236596,77217.9,4.812658482798474,77219.6,9.44623717067984,77217.8,0.23810074300569697,77219.7,0.6063315009350078
1710000019.799981,100395,BTCUSDT,77218.6,5.899904157311269,77218.70000000001,5.667030203726984,77218.5,3.789207705890131,77218.80000000002,6.027119059378375,77218.40000000001,3.3411960956132605,77218.90000000001,5.389793492650236,77218.3,8.169178847857037,77219.00000000001,3.595049507090467,77218.20000000001,4.621757893228567,77219.1,21.321247627674623,77218.1,6.241743413481627,77219.20000000001,8.964389770561304,77218.0,3.343531856276111,77219.30000000002,7.041674470562623,77217.90000000001,0.9654100948260941,77219.40000000001,1.324588070222708,77217.8,1.3079567096588836,77219.50000000001,2.45633653857146,77217.70000000001,7.476589652100417,77219.6,1.7002192631154802
1710000019.849981,100396,BTCUSDT,77218.7,5.367947747495895,77218.8,7.042036844917065,77218.59999999999,4.875816262394093,77218.90000000001,3.55040433519339,77218.5,22.536907725976437,77219.0,3.3441149645115855,77218.4,2.7003961211908427,77219.1,10.832376512503767,77218.3,3.4371973150349096,77219.2,6.202683928116759,77218.2,3.19597872414731,77219.3,3.5867328746828133,77218.09999999999,2.4158581788517473,77219.40000000001,2.880552970555268,77218.0,2.9152822676209835,77219.5,5.897810967968035,77217.9,3.265959611374644,77219.6,11.898678373980283,77217.8,0.1711306357969226,77219.7,2.797210929679801
1710000019.899981,100397,BTCUSDT,77218.8,13.71277602698711,77218.90000000001,3.801631687346005,77218.7,6.608567755450551,77219.00000000001,10.8864685127573,77218.6,3.9079062095828956,77219.1,11.159336585580345,77218.5,2.47690828168239,77219.20000000001,7.6738644652532715,77218.40000000001,12.819015828871485,77219.3,6.282405083713601,77218.3,3.9123460125022484,77219.40000000001,1.7836774247247313,77218.2,11.308609295167955,77219.50000000001,3.7417493576944763,77218.1,0.9177018311933453,77219.6,5.482423835002161,77218.0,3.029863615129428,77219.70000000001,0.9311338550232748,77217.90000000001,0.9645774389279783,77219.8,0.2666566848721509
1710000019.949981,100398,BTCUSDT,77218.8,10.39530954311224,77218.90000000001,11.493379242051457,77218.7,7.024540283270851,77219.00000000001,3.2513541689103156,77218.6,7.552787022653892,77219.1,4.965133943015707,77218.5,5.734766561771098,77219.20000000001,6.588794869071799,77218.40000000001,3.724588017624871,77219.3,11.960408741200522,77218.3,2.1753653944477946,77219.40000000001,6.053017538881177,77218.2,1.2174764425408127,77219.50000000001,11.542504097166823,77218.1,1.2774056592523657,77219.6,1.198769683898908,77218.0,2.0199067079537314,77219.70000000001,2.2708492559087694,77217.90000000001,0.9647213233973563,77219.8,3.5190798423657563
1710000019.999981,100399,BTCUSDT,77219.0,3.7390929219412534,77219.1,5.140603754072347,77218.9,9.852049196102957,77219.20000000001,7.880882615682136,77218.8,7.96205867283283,77219.3,7.590862009659174,77218.7,3.889899410168309,77219.40000000001,2.819948661787989,77218.6,3.272384692382124,77219.5,9.130056561622526,77218.5,17.343377536141926,77219.6,4.323665251931782,77218.4,1.2389908394178473,77219.70000000001,1.8034999929001279,77218.3,2.354907363013793,77219.8,4.25655203923459,77218.2,0.7122511412125734,77219.90000000001,11.883968553859495,77218.1,1.8170482308941944,77220.0,9.748317758717802
1710000020.0499809,100400,BTCUSDT,77219.0,7.54238979311942,77219.2,7.6644800170310425,77218.9,7.163210079400626,77219.3,6.427308663591634,77218.8,19.9948671546014,77219.4,8.071412373843843,77218.7,8.401372502480775,77219.5,10.637389242006583,77218.6,2.9715475113766896,77219.59999999999,2.350100548181727,77218.5,4.238032963150836,77219.7,4.486850836946985,77218.4,8.268621314202903,77219.8,3.5463912582920227,77218.3,4.183823283714163,77219.9,3.795239509812972,77218.2,0.5558065778527795,77220.0,4.2202810940395175,77218.1,7.0420499812758335,77220.09999999999,0.6855290691636423
1710000020.0999808,100401,BTCUSDT,77219.1,7.201773316139272,77219.20000000001,4.317391756991281,77219.0,3.7271080668239764,77219.30000000002,18.85849413077682,77218.90000000001,4.801647935371671,77219.40000000001,3.8320878132089162,77218.8,3.151706758348847,77219.50000000001,6.805685484793412,77218.70000000001,5.760748943377028,77219.6,6.1262690294219535,77218.6,1.968487592172322,77219.70000000001,10.55974029701185,77218.5,3.1723776648435744,77219.80000000002,2.7038353635320136,77218.40000000001,3.282275118542449,77219.90000000001,2.77761852873778,77218.3,8.36797979638929,77220.00000000001,10.995031523856474,77218.20000000001,1.4464812741086874,77220.1,7.978514002535996
1710000020.1499808,100402,BTCUSDT,77218.90000000001,10.551233223466301,77219.1,3.6213536583348658,77218.8,6.527974467109982,77219.20000000001,4.8572369975665275,77218.70000000001,4.358467669422709,77219.3,6.941494591516525,77218.6,10.028262431190765,77219.40000000001,6.158190264532442,77218.50000000001,9.674000442305424,77219.5,3.229347131385623,77218.40000000001,4.531727642608166,77219.6,3.9952520098675084,77218.3,1.246852929397639,77219.70000000001,4.4550461708307,77218.20000000001,5.133212191366103,77219.8,4.385113333963815,77218.1,5.731467843735668,77219.90000000001,3.7883604600997827,77218.00000000001,0.27632973706498226,77220.0,0.4952093196382182
1710000020.1999807,100403,BTCUSDT,77219.0,4.886219695253227,77219.1,3.9319838160137572,77218.9,5.445688878344082,77219.20000000001,6.432639611075329,77218.8,4.394430627155992,77219.3,7.8980632527034995,77218.7,6.528721585496943,77219.40000000001,4.01877179175233,77218.6,7.623907654289081,77219.5,6.184402432135069,77218.5,5.658320546558068,77219.6,4.82461586977935,77218.4,1.2458201084417337,77219.70000000001,5.969589350199233,77218.3,2.686687543147347,77219.8,12.231520625975952,77218.2,7.214659680023849,77219.90000000001,3.9439625026352574,77218.1,1.162382487239989,77220.0,0.9112044903059535
1710000020.2499807,100404,BTCUSDT,77218.90000000001,6.493844113140471,77219.00000000001,4.3230691037213,77218.8,18.414973327233493,77219.10000000002,3.656818281372505,77218.70000000001,13.549705741446003,77219.20000000001,12.59405255158867,77218.6,5.3807986886338455,77219.30000000002,7.562631801209077,77218.50000000001,4.291146663416434,77219.40000000001,5.977382922113016,77218.40000000001,3.265553829533011,77219.50000000001,3.0333282349840425,77218.3,4.6531785209548335,77219.60000000002,3.95765403106813,77218.20000000001,4.265589174237157,77219.70000000001,2.15119171505878,77218.1,2.228872970615535,77219.80000000002,0.750510095275309,77218.00000000001,0.21476940465406635,77219.90000000001,1.1692089408659927
1710000020.2999806,100405,BTCUSDT,77218.90000000001,4.038253825429566,77219.00000000001,10.305055506173398,77218.8,3.358597799780493,77219.10000000002,7.502820224186188,77218.70000000001,4.072882651608869,77219.20000000001,11.008727718964476,77218.6,5.054293588110831,77219.30000000002,3.858692861892142,77218.50000000001,4.916249397135822,77219.40000000001,3.924795573936586,77218.40000000001,4.923215157785489,77219.50000000001,2.086559763316489,77218.3,24.42392904613792,77219.60000000002,3.417409798413446,77218.20000000001,2.51225808607748,77219.70000000001,5.754392931283629,77218.1,2.209594249044313,77219.80000000002,7.565621448415719,77218.00000000001,2.4225290334583915,77219.90000000001,5.085559290565547
1710000020.3499806,100406,BTCUSDT,77218.90000000001,4.5515913420161205,77219.00000000001,4.227953521321323,77218.8,4.720899452572134,77219.10000000002,18.1305874671409,77218.70000000001,3.9873303080064293,77219.20000000001,5.236159597785813,77218.6,2.5219202358283397,77219.30000000002,4.424861931035194,77218.50000000001,5.388178380555177,77219.40000000001,14.24105011291594,77218.40000000001,4.508769135175857,77219.50000000001,8.43940554358262,77218.3,4.36857985951791,77219.60000000002,1.3665602054647887,77218.20000000001,2.3133940854475825,77219.70000000001,4.227839625015128,77218.1,12.430730860417532,77219.80000000002,8.239681413979678,77218.00000000001,1.0369259008506315,77219.90000000001,0.9944087077188527
1710000020.3999805,100407,BTCUSDT,77219.0,13.82985240586487,77219.1,11.260216799374785,77218.9,9.164547728233842,77219.20000000001,5.195160791911485,77218.8,5.6077887838528016,77219.3,5.296960945529032,77218.7,3.568892711039409,77219.40000000001,5.21301670762008,77218.6,2.123884974222583,77219.5,2.5653804978756165,77218.5,10.306968589419357,77219.6,7.172144415235417,77218.4,3.398739911678872,77219.70000000001,4.1121999314905775,77218.3,2.648134765122504,77219.8,6.2003105781167,77218.2,6.533375270024591,77219.90000000001,6.163596786501908,77218.1,5.1293481555266425,77220.0,0.915159541056667
1710000020.4499805,100408,BTCUSDT,77218.8,9.225012068935662,77218.90000000001,5.198052570497172,77218.7,3.7950771471240126,77219.00000000001,5.236910618451521,77218.6,18.431015082849267,77219.1,3.8241208154569986,77218.5,6.188635751157827,77219.20000000001,4.669393780948207,77218.40000000001,2.294691943123921,77219.3,4.676758716277465,77218.3,6.4448535319678815,77219.40000000001,4.479771814759232,77218.2,9.426215926322023,77219.50000000001,2.5639770757427653,77218.1,1.1607894440034985,77219.6,11.830996646862632,77218.0,2.30052364224521,77219.70000000001,3.8359150830215327,77217.90000000001,6.280928915463435,77219.8,1.5681052417453833
1710000020.4999804,100409,BTCUSDT,77218.8,4.182040435059705,77218.90000000001,4.977256601189678,77218.7,3.8252617201404897,77219.00000000001,9.868915577240873,77218.6,3.8074543830636896,77219.1,7.854941559450207,77218.5,13.879811205502005,77219.20000000001,5.401175207637602,77218.40000000001,5.106369011796144,77219.3,4.472407953948518,77218.3,3.1774487574160792,77219.40000000001,4.182421893363597,77218.2,4.893337241606805,77219.50000000001,18.272384570715236,77218.1,11.907322622490815,77219.6,8.726442407902502,77218.0,9.197607068153374,77219.70000000001,2.923313359054616,77217.90000000001,4.285284344409803,77219.8,9.01772234939226
1710000020.5499804,100410,BTCUSDT,77218.8,7.276004259975772,77218.90000000001,8.548804720505146,77218.7,15.230572756928442,77219.00000000001,4.322117650232489,77218.6,8.283747229280067,77219.1,5.742679032209066,77218.5,3.6509447035478875,77219.20000000001,8.395288038521524,77218.40000000001,5.213833323192548,77219.3,6.326711797444822,77218.3,3.1597515386411876,77219.40000000001,4.225517522803962,77218.2,5.042582620502424,77219.50000000001,3.276175970742931,77218.1,1.6844451702450558,77219.6,13.84301145251653,77218.0,3.265397445931879,77219.70000000001,5.695838620715896,77217.90000000001,2.117636893694685,77219.8,1.7548370734665564
1710000020.5999804,100411,BTCUSDT,77218.8,5.705088190179695,77218.90000000001,6.742630154392237,77218.7,6.336402315575038,77219.00000000001,5.94988381052668,77218.6,3.3791126208621822,77219.1,5.541315124221528,77218.5,3.141002090136399,77219.20000000001,2.9393211091639166,77218.40000000001,12.791155160171954,77219.3,5.714971892378038,77218.3,5.909243823787282,77219.40000000001,3.6552782066172487,77218.2,10.786743262200986,77219.50000000001,5.263676271414725,77218.1,6.664292819509805,77219.6,2.6390250549749954,77218.0,13.276691557862625,77219.70000000001,7.269457762358403,77217.90000000001,7.695182906040476,77219.8,0.7559070984796525
1710000020.6499803,100412,BTCUSDT,77218.8,11.335361667753434,77218.90000000001,3.729616742291226,77218.7,3.516605705514312,77219.00000000001,4.480352051784004,77218.6,3.6919391289219696,77219.1,3.8551310724638217,77218.5,8.796825519206248,77219.20000000001,5.7124472575781216,77218.40000000001,2.023149503570911,77219.3,4.243725972313209,77218.3,3.696217130668794,77219.40000000001,2.083906230595806,77218.2,5.709797912453236,77219.50000000001,6.043951924688517,77218.1,5.904643371881556,77219.6,6.0147445232665415,77218.0,0.4002113133107533,77219.70000000001,12.70957482934794,77217.90000000001,6.732526556620752,77219.8,9.372865780637724
1710000020.6999803,100413,BTCUSDT,77218.7,14.463853458178543,77218.8,10.238475275399662,77218.59999999999,10.461401672275336,77218.90000000001,3.591718924115382,77218.5,8.169539076742183,77219.0,15.667180927423999,77218.4,6.939619991346061,77219.1,5.781106061891039,77218.3,13.647747283366531,77219.2,4.340308632221207,77218.2,5.258104821373411,77219.3,4.187637605684353,77218.09999999999,12.003080343879425,77219.40000000001,1.5165396287136819,77218.0,3.5815563736811606,77219.5,5.445600622115619,77217.9,6.679071862771451,77219.6,3.898855105098693,77217.8,9.583969079973377,77219.7,11.38865924715412
1710000020.7499802,100414,BTCUSDT,77218.7,5.198429139068314,77218.8,6.67897455592372,77218.59999999999,12.867269632651965,77218.90000000001,10.697634667489165,77218.5,3.345569246542694,77219.0,3.190585274672062,77218.4,5.9592509415530905,77219.1,5.438156370979389,77218.3,3.2390435225125147,77219.2,11.188523360199536,77218.2,12.08931113824663,77219.3,3.6607500810138904,77218.09999999999,10.040116888128292,77219.40000000001,3.1377014201244693,77218.0,6.139620129186619,77219.5,3.3846133155404035,77217.9,0.9230923735319088,77219.6,10.920702822338244,77217.8,2.421252919342755,77219.7,5.304366508585726
1710000020.7999802,100415,BTCUSDT,77218.7,3.676245592888385,77218.8,4.023799907165129,77218.59999999999,5.942458323744168,77218.90000000001,7.884272044402244,77218.5,4.430281249461518,77219.0,7.55618516662396,77218.4,7.197740320639109,77219.1,7.268717275197172,77218.3,4.71320652441108,77219.2,11.855062033465696,77218.2,4.287081352204045,77219.3,3.993277148123357,77218.09999999999,2.089479497770573,77219.40000000001,2.670684075451864,77218.0,0.9730268763921681,77219.5,4.815412245526508,77217.9,1.5429265374514252,77219.6,1.850514841281102,77217.8,5.89289461678214,77219.7,1.5853546235940565
1710000020.84998,100416,BTCUSDT,77218.7,4.15569795929994,77218.8,6.018741665398151,77218.59999999999,6.028417450425801,77218.90000000001,7.851194369743154,77218.5,6.812664643325954,77219.0,9.458125736191063,77218.4,2.583134775026957,77219.1,3.806412593514332,77218.3,3.3147614416019824,77219.2,2.631375524659234,77218.2,2.9653343570816677,77219.3,3.0828944591578358,77218.09999999999,4.151611456997587,77219.40000000001,5.5590599142839086,77218.0,2.71924960046273,77219.5,5.884301729701836,77217.9,2.0388886575889096,77219.6,1.7715597372003953,77217.8,3.1164594424970073,77219.7,0.1
1710000020.89998,100417,BTCUSDT,77218.7,5.764930008050223,77218.8,15.052695213683359,77218.59999999999,8.313518071889131,77218.90000000001,3.569016323544278,77218.5,10.29147931886303,77219.0,8.071564828343906,77218.4,6.176153915005065,77219.1,9.26570925177886,77218.3,4.070795748788801,77219.2,3.0015505502135156,77218.2,4.469951211116613,77219.3,4.783748506023789,77218.09999999999,4.291588281854397,77219.40000000001,4.5303155914785815,77218.0,12.680641614040901,77219.5,10.101189218439831,77217.9,8.740777399466442,77219.6,6.8661887121059,77217.8,11.488972047640232,77219.7,0.41475717029273107
1710000020.94998,100418,BTCUSDT,77218.7,6.414129372858717,77218.8,9.113856222014547,77218.59999999999,3.798456831933985,77218.90000000001,4.363622719992264,77218.5,8.063732724006497,77219.0,3.520020210512001,77218.4,4.131484592990352,77219.1,3.630811336655999,77218.3,3.7222806424289754,77219.2,6.928447400266312,77218.2,3.4344964483017204,77219.3,4.841091632633902,77218.09999999999,1.6211393054422656,77219.40000000001,7.739385836286281,77218.0,2.6474347621424545,77219.5,4.982571012811874,77217.9,5.569607676587323,77219.6,1.3411728523583148,77217.8,8.640003676266202,77219.7,3.8307875421676796
1710000020.99998,100419,BTCUSDT,77218.7,4.405211144917929,77218.8,15.010057441548554,77218.59999999999,8.827101965616809,77218.90000000001,4.132899604802893,77218.5,4.448211689078028,77219.0,9.436072974662805,77218.4,7.1586712837831845,77219.1,8.20605104897566,77218.3,4.327862496261455,77219.2,7.041837718648811,77218.2,3.554259132811408,77219.3,2.54928896691048,77218.09999999999,5.206055215426712,77219.40000000001,16.121127401271032,77218.0,2.2877401357797567,77219.5,3.271933177897294,77217.9,4.8834484134400835,77219.6,3.5192347553847854,77217.8,7.416952024515024,77219.7,5.7376164959470515
1710000021.04998,100420,BTCUSDT,77218.8,11.359695992754427,77218.90000000001,4.076859628359896,77218.7,4.909234820690617,77219.00000000001,11.563496779818163,77218.6,3.7008588350576463,77219.1,3.1258906788418126,77218.5,8.60692079691195,77219.20000000001,9.61904220837944,77218.40000000001,2.710063139458292,77219.3,9.706084858602399,77218.3,6.243241985550654,77219.40000000001,4.536565786477226,77218.2,8.293718592888954,77219.50000000001,3.3737344589051292,77218.1,1.662656152085939,77219.6,2.14106684325757,77218.0,3.214115685638085,77219.70000000001,3.4314322970223485,77217.90000000001,6.5509550496073485,77219.8,6.268440502877491
1710000021.0999799,100421,BTCUSDT,77218.8,9.670818002314512,77218.90000000001,4.451651545437584,77218.7,3.405444879802155,77219.00000000001,11.474285668846754,77218.6,3.114244695719339,77219.1,3.933105459367664,77218.5,7.153959144047985,77219.20000000001,4.5067899225558845,77218.40000000001,10.36003575918866,77219.3,3.4151723713526216,77218.3,1.6477694951597015,77219.40000000001,3.030448048890404,77218.2,4.6517112897281905,77219.50000000001,3.0860246324895204,77218.1,3.861777069195136,77219.6,9.169235692713,77218.0,10.143782765635766,77219.70000000001,1.6368436669326352,77217.90000000001,2.480631422583053,77219.8,3.186429258938922
1710000021.1499798,100422,BTCUSDT,77218.7,3.632564988350062,77218.9,3.6371823716044362,77218.59999999999,5.668939405128983,77219.0,5.880339979754414,77218.5,2.891313162028155,77219.09999999999,7.445280880143088,77218.4,3.7925793648399164,77219.2,5.682950522091993,77218.3,3.431955073171938,77219.29999999999,2.7315315686253707,77218.2,3.691415621489273,77219.4,2.657286211740418,77218.09999999999,4.261159833352178,77219.5,2.086721141073757,77218.0,3.640408235600069,77219.59999999999,1.484949724598081,77217.9,4.846482641229213,77219.7,6.0086818393996335,77217.8,0.46790749689210037,77219.79999999999,2.5229618105990266
1710000021.1999798,100423,BTCUSDT,77218.90000000001,7.247028552054434,77219.00000000001,4.828298516091088,77218.8,6.199923869844973,77219.10000000002,6.114774207607111,77218.70000000001,13.126781166948923,77219.20000000001,5.985889941936952,77218.6,5.898661645722186,77219.30000000002,4.454338543797935,77218.50000000001,13.909966849479893,77219.40000000001,8.005670119356179,77218.40000000001,2.9441589463472644,77219.50000000001,9.036974694406146,77218.3,3.4653276843040985,77219.60000000002,8.256588341875833,77218.20000000001,7.723893455021159,77219.70000000001,1.6373086881281322,77218.1,5.231135313360676,77219.80000000002,1.7735852392568896,77218.00000000001,1.4123977746181362,77219.90000000001,1.405885889923231
1710000021.2499797,100424,BTCUSDT,77218.8,4.041413594440852,77218.90000000001,4.68469564994705,77218.7,5.111501463787103,77219.00000000001,5.784339385093677,77218.6,2.9823752826822445,77219.1,16.903415849083157,77218.5,7.436012338215069,77219.20000000001,3.961482807999004,77218.40000000001,3.534994062011984,77219.3,4.380762381353266,77218.3,5.536617208936555,77219.40000000001,2.2330441070461813,77218.2,2.0376027431257615,77219.50000000001,9.048329183837675,77218.1,1.984227769997071,77219.6,2.713401453102931,77218.0,8.600209879836463,77219.70000000001,4.752444431111919,77217.90000000001,1.6724502806179051,77219.8,4.6042508498189925
1710000021.2999797,100425,BTCUSDT,77218.90000000001,8.921814122040466,77219.00000000001,6.270042809452274,77218.8,9.910484745886846,77219.10000000002,15.57229142950598,77218.70000000001,13.20334728493847,77219.20000000001,12.399250350724625,77218.6,5.2711528165820845,77219.30000000002,4.186036722512016,77218.50000000001,4.502218247200048,77219.40000000001,6.6833902583151374,77218.40000000001,10.216583692623416,77219.50000000001,2.5276591404530055,77218.3,11.213577605933413,77219.60000000002,7.953496622542053,77218.20000000001,16.225599278124317,77219.70000000001,9.28945540399424,77218.1,1.7136681146616213,77219.80000000002,0.8480007554186249,77218.00000000001,0.47622020125860265,77219.90000000001,1.3768591156152872
1710000021.3499796,100426,BTCUSDT,77218.90000000001,3.7774679932549544,77219.00000000001,5.313776310438958,77218.8,3.989804167955393,77219.10000000002,7.365944052312261,77218.70000000001,5.29651759515477,77219.20000000001,5.535304205768807,77218.6,4.632310402443597,77219.30000000002,14.896054844136948,77218.50000000001,2.9669367915432936,77219.40000000001,4.9081750104586455,77218.40000000001,6.927487869050662,77219.50000000001,4.855337434846383,77218.3,11.781478440964829,77219.60000000002,3.0990572494490847,77218.20000000001,3.2920658431115832,77219.70000000001,1.1707526680895164,77218.1,4.156181781899505,77219.80000000002,1.7599004815546535,77218.00000000001,0.6988854360933086,77219.90000000001,3.1457130590470075
1710000021.3999796,100427,BTCUSDT,77218.7,3.9156172022570197,77218.8,8.392167753524369,77218.59999999999,7.110241772529511,77218.90000000001,4.038034142034843,77218.5,5.335250170820533,77219.0,7.896478457927236,77218.4,5.415291009298078,77219.1,4.4133421530442805,77218.3,3.5564292655730187,77219.2,5.770475858550417,77218.2,12.794659775455088,77219.3,6.055856190606308,77218.09999999999,1.5107475216838422,77219.40000000001,3.6698216560939048,77218.0,9.659180898486271,77219.5,1.1969060279738075,77217.9,18.394497861368627,77219.6,12.30916493003979,77217.8,0.3260312047591837,77219.7,10.83700291275954
1710000021.4499795,100428,BTCUSDT,77218.7,5.92538659701801,77218.8,7.623145396987054,77218.59999999999,9.157339955217171,77218.90000000001,3.3374927933887757,77218.5,6.397301793616319,77219.0,3.626783211232438,77218.4,4.0982829627692094,77219.1,4.110650640664354,77218.3,4.53242759706095,77219.2,3.6266818082306633,77218.2,2.0542926714206957,77219.3,2.2295577890261074,77218.09999999999,1.3360392738463673,77219.40000000001,3.741393420903911,77218.0,13.155576198388086,77219.5,1.2917235590158014,77217.9,12.094725142398683,77219.6,5.687446103248884,77217.8,4.058910009769103,77219.7,4.145680820443293
1710000021.4999795,100429,BTCUSDT,77218.7,4.0523158583808625,77218.9,6.410805294033205,77218.59999999999,7.977293220228756,77219.0,6.73549209123887,77218.5,9.953757651437625,77219.09999999999,3.1000655158007384,77218.4,7.093787840435229,77219.2,5.454516615561846,77218.3,3.906733083322897,77219.29999999999,3.663728682114612,77218.2,5.479110276793383,77219.4,10.465459852788094,77218.09999999999,3.942112526282919,77219.5,8.165554541659638,77218.0,2.857704269323964,77219.59999999999,1.232098301321201,77217.9,0.6539141413744318,77219.7,0.6107955326324868,77217.8,1.9131119788695965,77219.79999999999,1.6453558066154923
1710000021.5499794,100430,BTCUSDT,77218.7,6.772860100954878,77218.8,4.2243479245628945,77218.59999999999,3.775209986966593,77218.90000000001,14.714563362786922,77218.5,9.322705589196952,77219.0,3.5969996756412406,77218.4,4.487329289413519,77219.1,4.1578790695819015,77218.3,8.261762081372959,77219.2,4.855138022939453,77218.2,2.1471741998276648,77219.3,6.9728178510349945,77218.09999999999,3.22260930168317,77219.40000000001,2.4202584292606173,77218.0,2.6832069715474627,77219.5,3.554681375113806,77217.9,2.080988400123948,77219.6,1.5077903620028805,77217.8,2.0333284659231587,77219.7,0.1
1710000021.5999794,100431,BTCUSDT,77218.6,4.3498746107024955,77218.8,3.779590377484372,77218.5,7.441784212490203,77218.90000000001,9.147750815254886,77218.40000000001,9.524361518467463,77219.0,5.520996340374703,77218.3,3.3195055879988087,77219.1,7.745869258792183,77218.20000000001,6.812067407634156,77219.2,3.1308881570013334,77218.1,10.949027317686655,77219.3,2.0409181028792833,77218.0,17.425476864094726,77219.40000000001,9.071538012892793,77217.90000000001,5.457709158770533,77219.5,11.971158422224942,77217.8,5.525016410817156,77219.6,1.2451415375886166,77217.70000000001,2.3347046926539754,77219.7,0.29675262167106936
1710000021.6499794,100432,BTCUSDT,77218.6,5.20366692351412,77218.70000000001,7.218987700067557,77218.5,11.429296703370667,77218.80000000002,3.395010068206047,77218.40000000001,4.747592953433544,77218.90000000001,3.489044889067889,77218.3,7.154422620888921,77219.00000000001,2.8469658132371993,77218.20000000001,6.3722042270581305,77219.1,3.3485026767153787,77218.1,2.487161937175699,77219.20000000001,12.617584562270322,77218.0,1.2747932222592726,77219.30000000002,3.5034287769443524,77217.90000000001,0.8874571334413571,77219.40000000001,3.443440631480292,77217.8,3.180976532872087,77219.50000000001,1.9524411404665112,77217.70000000001,0.5669998453190156,77219.6,1.8889046304333121
1710000021.6999793,100433,BTCUSDT,77218.7,9.700310009766564,77218.8,6.626483548966958,77218.59999999999,6.7647771393411835,77218.90000000001,4.095657248719527,77218.5,4.154949065536783,77219.0,3.506450463660189,77218.4,3.546971920839112,77219.1,3.4189846810693107,77218.3,4.931285889032792,77219.2,5.308440432358578,77218.2,13.197866261395255,77219.3,2.47048852529458,77218.09999999999,5.30526746026779,77219.40000000001,7.998747604529982,77218.0,4.086117936122137,77219.5,1.9775038532024136,77217.9,1.6182292063573867,77219.6,0.5601769093674742,77217.8,1.4579312506664086,77219.7,5.4597549614232515
1710000021.7499793,100434,BTCUSDT,77218.7,9.705014047698343,77218.8,6.030215574794134,77218.59999999999,7.990297783243691,77218.90000000001,5.163779374924623,77218.5,3.497000450978323,77219.0,4.830984770491949,77218.4,5.8696958083033195,77219.1,14.230146946926228,77218.3,2.284914126663974,77219.2,4.832183214436286,77218.2,3.195466374335849,77219.3,4.4396411528167565,77218.09999999999,1.297070146035826,77219.40000000001,2.701831575391223,77218.0,7.656264730041238,77219.5,4.029222775653644,77217.9,2.79558655928934,77219.6,1.744829488409568,77217.8,1.415529802271406,77219.7,1.9322026665257335
1710000021.7999792,100435,BTCUSDT,77218.6,17.270917965077974,77218.8,5.909681074269446,77218.5,5.199231759513242,77218.90000000001,10.697542215108358,77218.40000000001,5.026817365701984,77219.0,6.01201044219918,77218.3,3.4503538142974355,77219.1,7.842546001993786,77218.20000000001,5.037048089664568,77219.2,8.62265103443601,77218.1,7.669855529734393,77219.3,2.5683105417900505,77218.0,6.22999436331055,77219.40000000001,7.638839956801937,77217.90000000001,2.4992476708083338,77219.5,1.557912155668756,77217.8,0.41054250316739616,77219.6,2.7979254303740153,77217.70000000001,1.7381304051571345,77219.7,3.237913586894492
1710000021.8499792,100436,BTCUSDT,77218.6,4.626954419279897,77218.70000000001,6.221202386547104,77218.5,5.963407457213918,77218.80000000002,4.16872055517927,77218.40000000001,4.069051758561383,77218.90000000001,3.5438980307543537,77218.3,7.469925515869418,77219.00000000001,8.280252549630399,77218.20000000001,4.482029981517609,77219.1,7.008271158343162,77218.1,6.926245913068147,77219.20000000001,2.195278788362907,77218.0,14.746578139706372,77219.30000000002,8.08219185787627,77217.90000000001,1.7150545638756143,77219.40000000001,1.6239907206090578,77217.8,0.9371490927134288,77219.50000000001,0.9957570898514139,77217.70000000001,5.515873829267825,77219.6,2.5369045589857087
1710000021.899979,100437,BTCUSDT,77218.6,9.085700147567138,77218.8,7.311558089164759,77218.5,7.83812204820323,77218.90000000001,3.274105124157757,77218.40000000001,4.294573221917268,77219.0,6.862479880995014,77218.3,2.4375555660433683,77219.1,2.5341317626880975,77218.20000000001,9.639145665213988,77219.2,6.608366978924384,77218.1,2.8335517783778545,77219.3,6.258531984324527,77218.0,7.489660550746893,77219.40000000001,2.6657138962977416,77217.90000000001,0.9468110338508116,77219.5,11.599085740661177,77217.8,2.0935785733176595,77219.6,0.8503541366612872,77217.70000000001,2.707968487445707,77219.7,5.852145214115825
1710000021.949979,100438,BTCUSDT,77218.6,22.753033505487505,77218.70000000001,4.479613892816706,77218.5,6.6275635989070105,77218.80000000002,13.575207843627648,77218.40000000001,3.4354979325178907,77218.90000000001,16.94177754295798,77218.3,14.186034291262352,77219.00000000001,11.036432831616388,77218.20000000001,2.9660271189516774,77219.1,6.021089532621811,77218.1,7.323350968356445,77219.20000000001,18.682779251784392,77218.0,1.9958717141473512,77219.30000000002,7.010179405826011,77217.90000000001,2.454802729746323,77219.40000000001,1.572526133220058,77217.8,2.588416138040537,77219.50000000001,6.716331537186645,77217.70000000001,2.5008313229853947,77219.6,3.0846346786479564
1710000021.999979,100439,BTCUSDT,77218.5,5.6373688952412575,77218.8,7.422213632607598,77218.4,5.018059694113103,77218.90000000001,5.195493656256072,77218.3,7.5581861727368,77219.0,13.915198349247143,77218.2,5.52668054739178,77219.1,8.250972905996587,77218.1,2.373756583915838,77219.2,2.9487571165073474,77218.0,4.389678304388383,77219.3,1.680858681102321,77217.9,2.365983897955878,77219.40000000001,4.114279193812894,77217.8,0.8602969838108814,77219.5,2.0290706902699185,77217.7,3.2864402866073346,77219.6,3.805283414961744,77217.6,10.401361214603824,77219.7,4.146446201485771
1710000022.049979,100440,BTCUSDT,77218.5,8.105722243824589,77218.6,6.8828602181513485,77218.4,9.436378939120514,77218.70000000001,8.569952863647263,77218.3,6.7255740098288594,77218.8,19.98550174036682,77218.2,5.450758498797791,77218.90000000001,2.880118132831672,77218.1,9.047410245847255,77219.0,3.160625122304584,77218.0,7.607757402697061,77219.1,14.196195498624686,77217.9,5.97339131876502,77219.20000000001,4.825660238496843,77217.8,3.2676061415898774,77219.3,2.612805467095647,77217.7,2.141665310347077,77219.40000000001,4.446503410763515,77217.6,5.565599358699872,77219.5,4.539243319912318
1710000022.099979,100441,BTCUSDT,77218.5,6.324773097323258,77218.6,9.87395309015826,77218.4,5.78279607113676,77218.70000000001,6.276859620203577,77218.3,8.698510195156619,77218.8,7.130152369421898,77218.2,4.506092217697462,77218.90000000001,11.43093302667585,77218.1,2.7096564019035685,77219.0,23.629359284888416,77218.0,2.106121330954321,77219.1,1.6602513933709486,77217.9,10.029787026316335,77219.20000000001,2.3239038132229703,77217.8,6.032885789620659,77219.3,7.464358464313676,77217.7,8.235595503035062,77219.40000000001,19.515350312099926,77217.6,1.3927851583454758,77219.5,4.954855273382216
1710000022.1499789,100442,BTCUSDT,77218.6,5.433299859186941,77218.70000000001,7.177093417516914,77218.5,6.002890759436603,77218.80000000002,7.353285829832638,77218.40000000001,17.232058155442395,77218.90000000001,3.0293959578816136,77218.3,5.8129024091578625,77219.00000000001,10.351937770966444,77218.20000000001,4.6263562801750435,77219.1,2.32712801657248,77218.1,4.888828419702163,77219.20000000001,3.2143109062780058,77218.0,1.8733990436271326,77219.30000000002,8.76281613233335,77217.90000000001,3.7492282334043443,77219.40000000001,11.628787004321232,77217.8,6.959928795245869,77219.50000000001,5.123262634626524,77217.70000000001,0.1,77219.6,2.2332307719269426
1710000022.1999788,100443,BTCUSDT,77218.6,13.267403283742885,77218.70000000001,4.367471034983829,77218.5,4.547825704580174,77218.80000000002,6.109602909689823,77218.40000000001,4.0226435429826335,77218.90000000001,3.742204214427684,77218.3,6.056166303518994,77219.00000000001,2.7725400888251874,77218.20000000001,2.2397124323177473,77219.1,3.8624231449881377,77218.1,6.701366191106379,77219.20000000001,4.836987360023302,77218.0,3.398795770440319,77219.30000000002,4.536553903986233,77217.90000000001,2.619366129693614,77219.40000000001,11.80464521904614,77217.8,0.6258788480554118,77219.50000000001,4.875972035436353,77217.70000000001,8.876016081458017,77219.6,6.516210287788493
1710000022.2499788,100444,BTCUSDT,77218.7,3.952137312892318,77218.8,10.282311789654742,77218.59999999999,8.276278025916103,77218.90000000001,8.431510101932268,77218.5,3.22251496325276,77219.0,7.85999774598076,77218.4,6.955464343821587,77219.1,9.509592140037377,77218.3,2.1699433294596027,77219.2,2.093527628478738,77218.2,3.4672802479344034,77219.3,2.24437758485809,77218.09999999999,4.469262536829049,77219.40000000001,11.17250865559599,77218.0,2.7869002249469528,77219.5,8.256040266682108,77217.9,0.4009636141311702,77219.6,1.1381663655968735,77217.8,0.1235837666313619,77219.7,1.5908639242827316
1710000022.2999787,100445,BTCUSDT,77218.5,4.007918830801598,77218.7,7.329779813602599,77218.4,5.602242382733602,77218.8,14.352805462405712,77218.3,3.3228005549486026,77218.9,3.7531701321031465,77218.2,2.519948486508142,77219.0,4.676187229510238,77218.1,3.3019949032858915,77219.09999999999,10.157990018916909,77218.0,5.314878741200896,77219.2,5.4086120385083305,77217.9,4.236384730553414,77219.3,1.5853843484928316,77217.8,3.1552833206894784,77219.4,31.245344473531265,77217.7,7.612801652078957,77219.5,9.356903599228414,77217.6,6.931540922617879,77219.59999999999,0.4349835958984397
1710000022.3499787,100446,BTCUSDT,77218.6,8.121990940567184,77218.70000000001,11.901966851355397,77218.5,8.732671655667424,77218.80000000002,14.360443499604795,77218.40000000001,3.02162080107864,77218.90000000001,2.8490184698169063,77218.3,6.731012221078219,77219.00000000001,3.7663145055085017,77218.20000000001,3.169444092654379,77219.1,3.6072098214321606,77218.1,2.8577256444272567,77219.20000000001,4.465142537596723,77218.0,3.520334458891245,77219.30000000002,4.073273752018546,77217.90000000001,5.267678742279799,77219.40000000001,2.758413071145763,77217.8,1.557708708471079,77219.50000000001,1.1270494293824351,77217.70000000001,1.7198967852863054,77219.6,5.416183517187254
1710000022.3999786,100447,BTCUSDT,77218.5,7.997314821143412,77218.7,4.666439569211953,77218.4,6.7477651445797475,77218.8,6.582300887974867,77218.3,5.448658137704079,77218.9,5.993844001533172,77218.2,5.107447103222538,77219.0,5.733835664056295,77218.1,7.02817182304712,77219.09999999999,2.464464577582917,77218.0,7.139193956362508,77219.2,2.1842029926936832,77217.9,1.4758057682822523,77219.3,16.132108928616482,77217.8,13.385455039958858,77219.4,1.0493596844032875,77217.7,2.7425806169150473,77219.5,1.2243834610534918,77217.6,2.6570332233734804,77219.59999999999,7.09199996681355
1710000022.4499786,100448,BTCUSDT,77218.3,7.298557597311316,77218.6,5.095873357856163,77218.2,12.823951918991522,77218.70000000001,11.373224273671418,77218.1,6.067879425235674,77218.8,4.370978917334922,77218.0,3.789103731045265,77218.90000000001,2.535956544961877,77217.90000000001,8.767385437267585,77219.0,4.394135978317626,77217.8,3.172958153865641,77219.1,4.147901917871268,77217.7,8.031246911527521,77219.20000000001,1.732362337270652,77217.6,8.598034132694734,77219.3,9.911914721191367,77217.5,12.127869834140899,77219.40000000001,2.4265907369076762,77217.40000000001,0.9792076582871092,77219.5,1.8713252000363192
1710000022.4999785,100449,BTCUSDT,77218.5,4.375086214150269,77218.6,7.33849778923439,77218.4,5.789821802592735,77218.70000000001,11.230746257364117,77218.3,2.9305456043633344,77218.8,6.929814507664785,77218.2,8.15791783449831,77218.90000000001,8.099917382499005,77218.1,10.6888235013716,77219.0,7.223043912562761,77218.0,12.113818403183675,77219.1,3.217802090821527,77217.9,3.9983468134256315,77219.20000000001,1.2567188881923994,77217.8,0.8279276166824969,77219.3,1.8984138617572834,77217.7,0.8250312152422302,77219.40000000001,1.6055630637208904,77217.6,0.7794067417364673,77219.5,0.11573849066383911
1710000022.5499785,100450,BTCUSDT,77218.5,8.06182318747512,77218.7,3.6214137845020216,77218.4,19.96471706808829,77218.8,11.609452291531344,77218.3,11.819228458126801,77218.9,7.106360705606283,77218.2,4.091179185925262,77219.0,11.364028139717261,77218.1,3.378516452325451,77219.09999999999,5.308648871043896,77218.0,2.020246562829943,77219.2,11.801911078285197,77217.9,1.8068766896209623,77219.3,2.2190364183869384,77217.8,4.066995872617943,77219.4,6.577270481284302,77217.7,4.263513568167151,77219.5,1.456559706652485,77217.6,0.1,77219.59999999999,5.66125479905896
1710000022.5999784,100451,BTCUSDT,77218.5,10.241096199147844,77218.8,6.066275355439439,77218.4,12.563942644435759,77218.90000000001,5.309498377000208,77218.3,5.777206858245645,77219.0,5.393687867679326,77218.2,4.77410429858875,77219.1,8.370012399783064,77218.1,4.9926857666406,77219.2,3.5233853414158354,77218.0,2.7944768899905448,77219.3,1.7539127941265382,77217.9,4.70054872337658,77219.40000000001,2.2452586220843136,77217.8,1.4413037998919584,77219.5,5.043300762458051,77217.7,4.97288148831416,77219.6,5.979805173978298,77217.6,2.801306737225797,77219.7,8.979325844139705
1710000022.6499784,100452,BTCUSDT,77218.6,5.04801908099952,77218.8,19.885229069661307,77218.5,4.481571359456726,77218.90000000001,4.105880924281999,77218.40000000001,5.134690177319529,77219.0,3.034079778344495,77218.3,17.757779679435636,77219.1,5.951139220442442,77218.20000000001,5.256309478226719,77219.2,6.266086349207207,77218.1,4.348848493844551,77219.3,1.730355242766571,77218.0,4.990210208768614,77219.40000000001,6.237573884489692,77217.90000000001,2.956551029972178,77219.5,6.463643687850983,77217.8,1.4299116451985894,77219.6,1.400397421179329,77217.70000000001,0.7041668066009679,77219.7,1.8608270730559104
1710000022.6999784,100453,BTCUSDT,77218.6,10.638998664982807,77218.8,5.5304055259897735,77218.5,6.757804006212959,77218.90000000001,8.303541399592046,77218.40000000001,3.9041038761693785,77219.0,3.5363697077320655,77218.3,16.715939952016512,77219.1,6.244705901595874,77218.20000000001,17.941757262283765,77219.2,3.648484765852367,77218.1,6.456519519182169,77219.3,2.607219753600247,77218.0,2.410913049936995,77219.40000000001,4.068957288287577,77217.90000000001,2.3404042332156347,77219.5,1.533872361684853,77217.8,1.6200221205424592,77219.6,0.5456120673406184,77217.70000000001,4.875312013507006,77219.7,2.7100139908309613
1710000022.7499783,100454,BTCUSDT,77218.6,9.214288389685766,77218.70000000001,3.6828967580440923,77218.5,4.34740054373923,77218.80000000002,12.053416174573226,77218.40000000001,7.870936368089357,77218.90000000001,3.103070212744144,77218.3,9.28429686297895,77219.00000000001,5.117254204181194,77218.20000000001,9.503600956388194,77219.1,5.672567521274688,77218.1,6.180715909981798,77219.20000000001,21.744772767111783,77218.0,2.2576102002485463,77219.30000000002,5.112085592368755,77217.90000000001,3.2671259335153042,77219.40000000001,0.9610051001576343,77217.8,0.45830544949720675,77219.50000000001,0.9078285575892932,77217.70000000001,4.188921834939234,77219.6,3.349577073519959
1710000022.7999783,100455,BTCUSDT,77218.7,3.729500920230608,77218.8,6.134256140866495,77218.59999999999,13.54100269469718,77218.90000000001,5.227280421709032,77218.5,6.722490108600827,77219.0,8.853215481538038,77218.4,8.528524004877022,77219.1,5.329881881424781,77218.3,9.806359463879687,77219.2,3.9862321881474143,77218.2,10.381860237038472,77219.3,2.6989431741369776,77218.09999999999,2.515218709662041,77219.40000000001,1.4183342759483828,77218.0,7.150350249132044,77219.5,2.9586513677790274,77217.9,1.440872668270445,77219.6,1.454770028371425,77217.8,9.266733685285292,77219.7,7.181060839713768
1710000022.8499782,100456,BTCUSDT,77218.6,5.588128392587144,77218.70000000001,13.482920747959911,77218.5,3.7369274819860174,77218.80000000002,5.368211223970464,77218.40000000001,4.48980569662368,77218.90000000001,5.557821775661775,77218.3,4.847241239348419,77219.00000000001,5.326633485272131,77218.20000000001,2.602914726582216,77219.1,4.8791270225667684,77218.1,2.7104982838202845,77219.20000000001,2.4149882856849225,77218.0,1.4681258371971815,77219.30000000002,6.9529208582469435,77217.90000000001,3.0305644016551474,77219.40000000001,4.740888170792852,77217.8,5.601837071192429,77219.50000000001,4.949204556255013,77217.70000000001,2.5432938879830664,77219.6,1.9634288313881987
1710000022.8999782,100457,BTCUSDT,77218.8,7.687147214988977,77218.90000000001,6.331158858642459,77218.7,10.765406561641012,77219.00000000001,11.508241015245432,77218.6,3.548019841741864,77219.1,3.385811907122603,77218.5,6.381345778905614,77219.20000000001,3.833710190047781,77218.40000000001,2.074981278333705,77219.3,10.78004421302336,77218.3,2.629391460325013,77219.40000000001,12.196144302837904,77218.2,6.255378892086409,77219.50000000001,6.9529365509742815,77218.1,1.6998883672693565,77219.6,1.8673078432088992,77218.0,3.3464552915220773,77219.70000000001,1.1554509074271753,77217.90000000001,1.457859067824727,77219.8,1.5512619990368333
1710000022.949978,100458,BTCUSDT,77218.8,4.331827135858969,77218.90000000001,3.715480612056415,77218.7,7.170041571994027,77219.00000000001,18.115993348908166,77218.6,4.409163493043947,77219.1,3.305227708459502,77218.5,5.779484931553085,77219.20000000001,11.872943269682745,77218.40000000001,8.131051719733126,77219.3,5.896906986827796,77218.3,3.1136756836829007,77219.40000000001,4.722497994743803,77218.2,1.5827182938257638,77219.50000000001,5.744576609945139,77218.1,5.96533360765521,77219.6,14.213244550469678,77218.0,1.606568833127009,77219.70000000001,0.4745154553999017,77217.90000000001,3.155184157797155,77219.8,4.907471693594441
1710000022.999978,100459,BTCUSDT,77218.7,4.461390737942028,77218.9,4.813906578532853,77218.59999999999,6.074606077235319,77219.0,4.805498800798681,77218.5,10.679092088958287,77219.09999999999,5.367992754748282,77218.4,8.82933339636779,77219.2,5.875909110802016,77218.3,7.932809760002111,77219.29999999999,3.617900312580341,77218.2,8.721299304944033,77219.4,2.883975553883703,77218.09999999999,4.359502973605249,77219.5,2.163230145733661,77218.0,3.3814416718605944,77219.59999999999,2.331930238330045,77217.9,1.64082024899054,77219.7,14.043175285566843,77217.8,0.6977664474159977,77219.79999999999,6.191976151444322
1710000023.049978,100460,BTCUSDT,77218.7,3.647339403026168,77219.0,7.145818085365898,77218.59999999999,5.983776181332125,77219.1,11.466390772549744,77218.5,3.150963144228666,77219.2,7.376858135193634,77218.4,6.95910859825726,77219.3,6.8235147024637035,77218.3,13.41238446694997,77219.4,8.928400731535714,77218.2,1.7715161277684188,77219.5,4.147693907914099,77218.09999999999,3.2296794279262926,77219.6,2.685108272223441,77218.0,3.2010814734627537,77219.7,2.739294401660573,77217.9,2.664887540050866,77219.8,15.903124129709584,77217.8,0.3712383245335527,77219.9,10.216042844388491
1710000023.099978,100461,BTCUSDT,77218.8,7.509923412653748,77218.90000000001,10.692134783010452,77218.7,4.988043390057156,77219.00000000001,5.451437527428599,77218.6,4.907267759274896,77219.1,4.678293431531808,77218.5,12.789399240888715,77219.20000000001,9.462727253921322,77218.40000000001,2.4616433605367862,77219.3,2.457709773980426,77218.3,3.8335527709262927,77219.40000000001,2.0154792946449107,77218.2,5.060801113024196,77219.50000000001,1.8204987833289268,77218.1,3.755702954006221,77219.6,0.8289845478291046,77218.0,1.922678384200577,77219.70000000001,4.922774423702748,77217.90000000001,2.6468959276243544,77219.8,15.316151324049322
1710000023.149978,100462,BTCUSDT,77218.7,11.073515973732206,77218.9,13.287020324257881,77218.59999999999,10.073160142639662,77219.0,3.7476337980751335,77218.5,27.492203568537885,77219.09999999999,3.996774826116618,77218.4,7.552388506879362,77219.2,11.945383457647097,77218.3,3.0751121497453404,77219.29999999999,11.555124141526312,77218.2,3.0812505160044297,77219.4,16.58827597788639,77218.09999999999,2.521022513466721,77219.5,13.467695220537387,77218.0,1.0201259367474362,77219.59999999999,5.741468787864919,77217.9,3.4380979069102438,77219.7,2.9994089375295743,77217.8,1.011805256593059,77219.79999999999,4.891206364794948
1710000023.1999779,100463,BTCUSDT,77218.8,6.8193712920537894,77218.90000000001,4.768074449537096,77218.7,15.659989808488977,77219.00000000001,3.316196247327948,77218.6,3.6912158364848477,77219.1,3.909926993114084,77218.5,4.538204958940087,77219.20000000001,3.4596673357353764,77218.40000000001,4.703973332891853,77219.3,10.237474180485355,77218.3,6.580060145291885,77219.40000000001,5.069640197064762,77218.2,1.5728634807338207,77219.50000000001,5.936577551139084,77218.1,1.5280749752782372,77219.6,6.973989984425618,77218.0,1.5510310133161753,77219.70000000001,2.5586067126015033,77217.90000000001,1.7260262641814461,77219.8,7.8307060185395345
1710000023.2499778,100464,BTCUSDT,77218.7,8.480352324448111,77218.8,13.018804494291446,77218.59999999999,5.480941483592813,77218.90000000001,5.878443464039519,77218.5,13.29241983494976,77219.0,5.7441468158611935,77218.4,5.074586642644958,77219.1,5.854120533706542,77218.3,6.674805367637762,77219.2,2.4521524305050484,77218.2,8.483948549091577,77219.3,3.887295205843529,77218.09999999999,1.500396664763169,77219.40000000001,7.370532891454378,77218.0,2.692513844598049,77219.5,1.2230757077190018,77217.9,4.418073642598716,77219.6,8.885434990689202,77217.8,8.748232068462599,77219.7,12.648420343282904
1710000023.2999778,100465,BTCUSDT,77218.7,3.608572857558207,77218.9,5.51369941880285,77218.59999999999,10.026937011321774,77219.0,5.024421869123407,77218.5,6.48067804227575,77219.09999999999,6.528836513505492,77218.4,4.216680519053878,77219.2,11.793424223981074,77218.3,4.798499223683232,77219.29999999999,4.500341040093566,77218.2,25.58791193183742,77219.4,4.32092669637792,77218.09999999999,1.9859979709085482,77219.5,4.07853487256817,77218.0,7.528394340922453,77219.59999999999,6.799829467240106,77217.9,6.615667806003796,77219.7,5.324331728315586,77217.8,1.173286869941901,77219.79999999999,7.924444388868918
1710000023.3499777,100466,BTCUSDT,77218.6,18.453503192479364,77218.8,11.709642572527704,77218.5,12.14854346707008,77218.90000000001,11.899455649888047,77218.40000000001,5.920810152906655,77219.0,6.958375438463559,77218.3,5.553022621608383,77219.1,2.610255770288486,77218.20000000001,7.473866265034608,77219.2,4.815474063596712,77218.1,5.773191810669319,77219.3,4.393763107607249,77218.0,3.9076099504369055,77219.40000000001,1.9539498333149403,77217.90000000001,2.106876616514988,77219.5,1.4919539045435686,77217.8,1.2709641628895614,77219.6,14.844324005975079,77217.70000000001,0.6647541265540778,77219.7,1.2548473006645458
1710000023.3999777,100467,BTCUSDT,77218.7,7.36826613002932,77218.8,4.268821361377748,77218.59999999999,9.514033322604035,77218.90000000001,9.3522450719441,77218.5,3.8836548904835135,77219.0,4.16245449634381,77218.4,13.521700778768727,77219.1,9.38725407502943,77218.3,6.786625645589056,77219.2,2.34324789828772,77218.2,3.7669547259216825,77219.3,4.877580620420634,77218.09999999999,2.030120746873676,77219.40000000001,3.5784711672265486,77218.0,4.475434880227537,77219.5,2.3862792360970007,77217.9,6.473726450566768,77219.6,7.741581216516439,77217.8,1.563938647241588,77219.7,7.2968948116567045
1710000023.4499776,100468,BTCUSDT,77218.7,3.946273475116932,77218.8,7.706380509576109,77218.59999999999,5.754161507391448,77218.90000000001,12.739113129743611,77218.5,4.605130714632588,77219.0,4.153949738328119,77218.4,5.178472296328109,77219.1,4.834828455197604,77218.3,3.6889888499697183,77219.2,6.733300420452817,77218.2,7.301169312659148,77219.3,9.268854575730488,77218.09999999999,15.626486118449812,77219.40000000001,2.4405625798006856,77218.0,5.836441034816958,77219.5,2.805206059654455,77217.9,4.921427084392937,77219.6,2.9849146127596584,77217.8,20.315508427321298,77219.7,5.22110160299252
1710000023.4999776,100469,BTCUSDT,77218.6,10.80650109403872,77218.90000000001,12.92809726947212,77218.5,9.937059588993396,77219.00000000001,5.658520738316371,77218.40000000001,3.960278098446013,77219.1,4.650175215129609,77218.3,2.481775160359484,77219.20000000001,5.369292283151642,77218.20000000001,4.813257165817737,77219.3,4.979871633584166,77218.1,16.203441692622288,77219.40000000001,11.296932508040511,77218.0,1.905577962405908,77219.50000000001,3.041053022280302,77217.90000000001,3.00628617543701,77219.6,2.5884805345825255,77217.8,6.807783464214661,77219.70000000001,3.3696662650384286,77217.70000000001,3.3954613112925154,77219.8,7.669659737882747
1710000023.5499775,100470,BTCUSDT,77218.7,5.886807021889631,77218.9,4.996238361180754,77218.59999999999,3.405252424239144,77219.0,5.871864098342982,77218.5,4.5567288633999254,77219.09999999999,3.9588059854062347,77218.4,7.145471139052072,77219.2,8.269764091843468,77218.3,3.1230351433732664,77219.29999999999,2.202847271508408,77218.2,9.155356148829394,77219.4,1.640038684920479,77218.09999999999,12.265631066030124,77219.5,5.151360409215238,77218.0,2.353527259414159,77219.59999999999,1.9319877770428031,77217.9,0.4361858414972459,77219.7,1.4739834659638746,77217.8,0.5927394501053731,77219.79999999999,3.788713740302701
1710000023.5999775,100471,BTCUSDT,77218.7,6.608446344255183,77218.8,7.1675284661796885,77218.59999999999,4.615525104300467,77218.90000000001,3.342777938363292,77218.5,2.951862148220995,77219.0,2.9068025713323347,77218.4,7.774850550542383,77219.1,3.93095940469164,77218.3,8.364431474794237,77219.2,4.260654361187507,77218.2,4.013212018366845,77219.3,4.477000489367164,77218.09999999999,6.193530693295689,77219.40000000001,2.4780829627467136,77218.0,1.3185552264622205,77219.5,4.048239432809756,77217.9,1.9839068024892295,77219.6,2.737108779618947,77217.8,4.1645450622414275,77219.7,2.7258685634206916
1710000023.6499774,100472,BTCUSDT,77218.8,8.495839795455531,77218.90000000001,6.655908884223722,77218.7,7.74404834311213,77219.00000000001,11.471936984230695,77218.6,5.064446374811215,77219.1,4.929307666603805,77218.5,8.179859129014078,77219.20000000001,5.89439877601964,77218.40000000001,2.2946153544184305,77219.3,10.906647089714147,77218.3,1.7250674217560222,77219.40000000001,7.119601087150089,77218.2,6.888418121780622,77219.50000000001,13.439895965692774,77218.1,1.0226192031529568,77219.6,4.433854383763297,77218.0,2.633350415033247,77219.70000000001,2.0056908874450383,77217.90000000001,0.37864322808582657,77219.8,3.3081236351271452
1710000023.6999774,100473,BTCUSDT,77218.8,4.041735489811475,77218.90000000001,7.3920494083848425,77218.7,8.556927443579468,77219.00000000001,9.031647857734384,77218.6,12.231257683630838,77219.1,4.906944386172067,77218.5,14.63662858253808,77219.20000000001,10.422665393448927,77218.40000000001,3.406758542337316,77219.3,2.694000896907411,77218.3,3.886475928510638,77219.40000000001,3.655980618745812,77218.2,4.62944010823054,77219.50000000001,4.702382812001167,77218.1,6.344969199979982,77219.6,3.652501270386013,77218.0,0.84293365517219,77219.70000000001,8.215927950962623,77217.90000000001,1.4828902231648076,77219.8,14.203078676288614
1710000023.7499774,100474,BTCUSDT,77218.90000000001,5.87714717965153,77219.00000000001,14.153466475219664,77218.8,6.769311315053358,77219.10000000002,7.177086234081712,77218.70000000001,10.268153412022064,77219.20000000001,4.208456896837562,77218.6,4.149468772579164,77219.30000000002,11.855796518213172,77218.50000000001,11.249067079717696,77219.40000000001,17.000088794679165,77218.40000000001,10.884557310247363,77219.50000000001,2.1449838883501036,77218.3,8.142823814692253,77219.60000000002,3.3094360545339203,77218.20000000001,19.554796764869888,77219.70000000001,3.3567650652703387,77218.1,3.6282754658481036,77219.80000000002,3.4181751808275034,77218.00000000001,1.5528808186985312,77219.90000000001,0.3119416865563068
1710000023.7999773,100475,BTCUSDT,77218.8,10.09162912440759,77219.0,4.201091143625073,77218.7,9.198179620513324,77219.1,7.1323583270644395,77218.6,4.904730348584835,77219.2,3.9722321166971875,77218.5,10.256709878976064,77219.3,7.21840212914436,77218.40000000001,5.173991372451734,77219.4,5.762011312183396,77218.3,1.9819319801056572,77219.5,4.169206128328564,77218.2,2.0611990416550565,77219.6,2.1347137909647484,77218.1,5.130608870965422,77219.7,10.488004677887162,77218.0,2.4684252943887253,77219.8,1.3315094511491241,77217.90000000001,4.184993355044993,77219.9,8.197575594218346
1710000023.8499773,100476,BTCUSDT,77218.90000000001,9.175310570572783,77219.00000000001,4.203591846297692,77218.8,4.912527979951686,77219.10000000002,5.174230080701914,77218.70000000001,5.663991082082122,77219.20000000001,13.384605909109013,77218.6,10.6953191951265,77219.30000000002,2.977909434515438,77218.50000000001,2.7587850619717984,77219.40000000001,3.7704289614677755,77218.40000000001,2.97415422641599,77219.50000000001,5.41566877890533,77218.3,10.522952702788949,77219.60000000002,14.311483403502084,77218.20000000001,5.040678503260988,77219.70000000001,8.084568606553292,77218.1,3.3794650010934473,77219.80000000002,1.3344271363595355,77218.00000000001,2.9751388618588157,77219.90000000001,3.2394665410154007
1710000023.8999772,100477,BTCUSDT,77219.0,4.593245429414591,77219.1,5.437428465465847,77218.9,5.010399628654784,77219.20000000001,16.0198518112603,77218.8,5.147551989651319,77219.3,8.42752272800048,77218.7,7.9581806590353885,77219.40000000001,3.6345017659155263,77218.6,5.393310662621544,77219.5,10.98871103764036,77218.5,4.178934783258914,77219.6,13.21024350581144,77218.4,2.16552658207644,77219.70000000001,1.5082115183564127,77218.3,9.682320256153199,77219.8,8.32711829097186,77218.2,20.019632386973676,77219.90000000001,4.950162909793906,77218.1,11.03871694424988,77220.0,7.016676300771746
1710000023.9499772,100478,BTCUSDT,77218.8,14.506368533282778,77219.0,5.863360706564609,77218.7,6.295861938552979,77219.1,5.563187776299241,77218.6,6.1279666641435036,77219.2,5.343326824160712,77218.5,2.596624670595938,77219.3,10.949916375655736,77218.40000000001,4.350782172408888,77219.4,5.556099862519016,77218.3,2.199515680066134,77219.5,1.613574398935985,77218.2,2.325687334239798,77219.6,6.077510501667694,77218.1,1.2178637974413995,77219.7,10.382638471956515,77218.0,1.3684012495409985,77219.8,1.3156084717711187,77217.90000000001,0.8011664372248648,77219.9,0.1
1710000023.999977,100479,BTCUSDT,77218.90000000001,11.918871319223815,77219.1,7.409358030982968,77218.8,4.034005008040142,77219.20000000001,4.5434464752138215,77218.70000000001,5.384494855679931,77219.3,15.146651971690265,77218.6,3.5366271573103116,77219.40000000001,7.6617916661161445,77218.50000000001,4.3153346592372905,77219.5,3.4144177844683514,77218.40000000001,4.034606066125859,77219.6,1.895476324477908,77218.3,7.611584843000893,77219.70000000001,2.3151638126711047,77218.20000000001,5.9699357407079825,77219.8,1.0831852931224506,77218.1,12.813141312338834,77219.90000000001,1.2578007206422321,77218.00000000001,8.57351717446315,77220.0,6.631849849452596
1710000024.049977,100480,BTCUSDT,77218.90000000001,5.45265649336809,77219.20000000001,4.415169191819513,77218.8,5.541305492734253,77219.30000000002,3.9248839244630207,77218.70000000001,18.87946257076274,77219.40000000001,3.2047944918459033,77218.6,5.958709357750918,77219.50000000001,6.338962024039869,77218.50000000001,5.089450293786159,77219.6,6.341037970034623,77218.40000000001,2.094010935506258,77219.70000000001,4.838890500439851,77218.3,2.554288156971155,77219.80000000002,12.46539767547749,77218.20000000001,6.543142862050346,77219.90000000001,15.176384148061484,77218.1,0.5531178751702623,77220.00000000001,1.742636050521953,77218.00000000001,0.8697523669802869,77220.1,0.1
1710000024.099977,100481,BTCUSDT,77219.0,8.142466114390968,77219.1,4.651119798510145,77218.9,6.045272673953784,77219.20000000001,11.950535005517438,77218.8,7.533517519287857,77219.3,4.807655604926533,77218.7,4.26384843783844,77219.40000000001,4.833282055981538,77218.6,2.7793977329203705,77219.5,6.020496169391856,77218.5,3.411188104501125,77219.6,9.252058533082296,77218.4,6.851418491675347,77219.70000000001,4.971700846619829,77218.3,2.611498905371227,77219.8,1.7425441928913898,77218.2,6.387149687225494,77219.90000000001,3.065312971469832,77218.1,1.0182790809872033,77220.0,0.8685197527431867
1710000024.149977,100482,BTCUSDT,77219.0,6.591615449804882,77219.1,6.002610104140922,77218.9,6.666298264670668,77219.20000000001,11.587324279487795,77218.8,10.892165894826961,77219.3,5.199181645670155,77218.7,2.4619421404494304,77219.40000000001,4.623597449631433,77218.6,5.727582808418431,77219.5,5.263653276990841,77218.5,5.814587498731285,77219.6,2.269301766690447,77218.4,5.359884351649255,77219.70000000001,2.006759439059911,77218.3,6.353569933707751,77219.8,2.456535977820505,77218.2,5.35005538578514,77219.90000000001,0.5961963061430345,77218.1,2.096048915151364,77220.0,4.883587816446798
1710000024.199977,100483,BTCUSDT,77219.0,9.944585998355116,77219.1,7.585447535112329,77218.9,6.742675340349319,77219.20000000001,4.945030603361291,77218.8,5.434607924792345,77219.3,6.4387433787523225,77218.7,4.9581383769947855,77219.40000000001,7.193465186684868,77218.6,4.27450356083439,77219.5,2.9039562926068503,77218.5,2.5628569772048575,77219.6,1.6232827046340148,77218.4,2.632176183259815,77219.70000000001,6.727897072352769,77218.3,7.122677084054681,77219.8,1.7049309823395387,77218.2,13.18102753152185,77219.90000000001,3.19185740591973,77218.1,9.954634672141948,77220.0,4.907127619466224
1710000024.2499769,100484,BTCUSDT,77219.1,5.255619814094607,77219.20000000001,10.444415540842702,77219.0,3.7602599203880454,77219.30000000002,3.961607612594339,77218.90000000001,4.4673776677354775,77219.40000000001,4.9002891008800376,77218.8,4.11515691672569,77219.50000000001,8.169715865551616,77218.70000000001,2.4079155930021576,77219.6,3.7306280360537336,77218.6,8.86191421148649,77219.70000000001,1.876530427550117,77218.5,12.61300968930425,77219.80000000002,18.366358261420796,77218.40000000001,1.1709539226667103,77219.90000000001,2.1771368075129085,77218.3,2.263413277462506,77220.00000000001,6.391431746856906,77218.20000000001,3.6246370372049697,77220.1,4.135409298744643
1710000024.2999768,100485,BTCUSDT,77219.0,4.102157652386803,77219.2,10.764065947077864,77218.9,8.091532656095042,77219.3,6.644765149662899,77218.8,11.619487022642058,77219.4,7.619978022791056,77218.7,3.301083062078776,77219.5,4.646689272107896,77218.6,4.725213322190706,77219.59999999999,2.227202683469754,77218.5,13.972279203842465,77219.7,2.150512282464694,77218.4,5.982183869929003,77219.8,4.022750222348664,77218.3,0.9038659189850178,77219.9,11.1476233303399,77218.2,8.037763878268489,77220.0,3.371517747827961,77218.1,1.0399684688643698,77220.09999999999,0.5187170723353499
1710000024.3499768,100486,BTCUSDT,77219.1,17.174023682533704,77219.20000000001,7.0222267533981295,77219.0,12.026593379556676,77219.30000000002,7.409344986120951,77218.90000000001,5.37930680450773,77219.40000000001,10.51327491412948,77218.8,4.949851799150155,77219.50000000001,10.518894333446282,77218.70000000001,3.378854323217902,77219.6,2.5515948563639475,77218.6,9.332770445536998,77219.70000000001,5.14125372328127,77218.5,9.99623136391293,77219.80000000002,12.31135114552962,77218.40000000001,1.02047986018853,77219.90000000001,3.5803506632077964,77218.3,2.279787637494339,77220.00000000001,4.332483743062117,77218.20000000001,6.31158638828253,77220.1,1.317296590220241
1710000024.3999767,100487,BTCUSDT,77218.90000000001,8.533998925662615,77219.00000000001,4.177473122163304,77218.8,9.929473517581197,77219.10000000002,6.926730322387753,77218.70000000001,14.746094186416947,77219.20000000001,4.459207758694047,77218.6,2.857811089095037,77219.30000000002,5.224939415294681,77218.50000000001,2.3588707832629296,77219.40000000001,15.963594363542786,77218.40000000001,1.757812386958939,77219.50000000001,7.201636446471042,77218.3,4.178624292893749,77219.60000000002,3.039393649798887,77218.20000000001,1.0724394651260836,77219.70000000001,4.69321111695476,77218.1,3.920031255725423,77219.80000000002,1.7189263528700223,77218.00000000001,9.641647986765305,77219.90000000001,1.4502547506681245
1710000024.4499767,100488,BTCUSDT,77218.90000000001,14.362514520006753,77219.00000000001,5.477046993716163,77218.8,3.5369157576988126,77219.10000000002,5.159461814928692,77218.70000000001,6.467188911412168,77219.20000000001,5.683328973200881,77218.6,7.143771617469383,77219.30000000002,2.6283303626754253,77218.50000000001,3.339321757955532,77219.40000000001,8.842131860068957,77218.40000000001,1.9330642354667882,77219.50000000001,9.337514307269062,77218.3,1.585585883558874,77219.60000000002,8.394029900978845,77218.20000000001,2.590078954790892,77219.70000000001,4.5891556296157034,77218.1,1.063685270825357,77219.80000000002,0.6738380052672279,77218.00000000001,0.9730697613403353,77219.90000000001,0.5471929164408414
1710000024.4999766,100489,BTCUSDT,77218.90000000001,6.489342156947528,77219.00000000001,7.154307955502235,77218.8,9.440079541261623,77219.10000000002,7.4712449158970005,77218.70000000001,6.55371926256223,77219.20000000001,4.922630792886203,77218.6,4.968359761821114,77219.30000000002,4.541298687864201,77218.50000000001,9.384846486520962,77219.40000000001,3.0454614074390993,77218.40000000001,1.6229494350136564,77219.50000000001,5.814401552351427,77218.3,2.1049041072506847,77219.60000000002,10.033288620326719,77218.20000000001,8.637296088311457,77219.70000000001,1.1193228656033223,77218.1,0.8499362246816256,77219.80000000002,3.1341467762975808,77218.00000000001,3.758469404818982,77219.90000000001,1.285828804240867
1710000024.5499766,100490,BTCUSDT,77218.8,3.7027955758602524,77218.90000000001,9.147582668248598,77218.7,4.167031235713643,77219.00000000001,10.394501787903703,77218.6,4.98091099630863,77219.1,6.24226478481871,77218.5,10.652658305682282,77219.20000000001,10.369328704950224,77218.40000000001,3.857801589636613,77219.3,2.9372674269940524,77218.3,7.569217287883639,77219.40000000001,3.8701497512832796,77218.2,2.0529807761525394,77219.50000000001,10.591390324264118,77218.1,1.6831063902481644,77219.6,0.9045840626605122,77218.0,0.4819537426069914,77219.70000000001,4.294782831595042,77217.90000000001,4.33499394593874,77219.8,1.490298158545815
1710000024.5999765,100491,BTCUSDT,77218.8,5.258995769741234,77218.90000000001,8.159719458360161,77218.7,3.439568172734818,77219.00000000001,13.786862065976187,77218.6,3.8067948070448816,77219.1,34.90471294312408,77218.5,3.152663335622006,77219.20000000001,8.305689614385562,77218.40000000001,3.011384061886101,77219.3,2.3372098774786236,77218.3,9.915633114780038,77219.40000000001,9.428931294484423,77218.2,3.267176214175017,77219.50000000001,6.047968056853911,77218.1,4.0573374090288965,77219.6,8.46809676128975,77218.0,1.9136726043705816,77219.70000000001,3.36659770471908,77217.90000000001,2.657246762913541,77219.8,1.7472400241449262
1710000024.6499765,100492,BTCUSDT,77218.8,7.040677033265547,77219.0,7.885867098649875,77218.7,4.065760549548535,77219.1,5.181892595391213,77218.6,14.517070657467725,77219.2,3.932728437642369,77218.5,6.814829411373786,77219.3,7.790593617007772,77218.40000000001,4.377761644376034,77219.4,13.092018387427885,77218.3,6.9371876341653,77219.5,4.049400542700042,77218.2,4.569700887225973,77219.6,5.918596726046256,77218.1,4.387817367010492,77219.7,9.237874176947638,77218.0,2.1657496648166283,77219.8,1.8260469150693837,77217.90000000001,0.9623741294424448,77219.9,0.15406099535574347
1710000024.6999764,100493,BTCUSDT,77218.8,11.76258192423111,77218.90000000001,8.13770172390998,77218.7,7.521507265890499,77219.00000000001,7.01433852702263,77218.6,10.367711142690352,77219.1,5.4177596711499945,77218.5,10.573544208981422,77219.20000000001,4.181681327170263,77218.40000000001,12.453188215051604,77219.3,6.798024248106547,77218.3,2.7891906767235843,77219.40000000001,4.921231316477269,77218.2,4.245965862454707,77219.50000000001,1.7935305560943278,77218.1,4.378536803837946,77219.6,2.3120941264145696,77218.0,0.6150749675859155,77219.70000000001,12.276841064747659,77217.90000000001,4.1031990190741805,77219.8,8.379648200934172
1710000024.7499764,100494,BTCUSDT,77218.8,8.104921858465216,77218.90000000001,16.500815740905526,77218.7,4.37034677049585,77219.00000000001,11.517032110050128,77218.6,13.112184867846793,77219.1,7.239690212914887,77218.5,13.110081699188019,77219.20000000001,4.429184688308404,77218.40000000001,14.231807630343141,77219.3,6.853169415822127,77218.3,1.7716540851982279,77219.40000000001,11.095157280293902,77218.2,3.850260920531414,77219.50000000001,3.667167400783647,77218.1,4.1431458089312585,77219.6,1.4471805155302606,77218.0,2.9332240632415227,77219.70000000001,7.514438436679359,77217.90000000001,0.1,77219.8,1.2748594426235813
1710000024.7999763,100495,BTCUSDT,77218.7,5.749440338596066,77218.8,8.812455404067196,77218.59999999999,9.613263344867335,77218.90000000001,14.815513046930683,77218.5,6.551126185729649,77219.0,3.9754813434231946,77218.4,12.715882140577648,77219.1,8.372236851903244,77218.3,5.417289070174921,77219.2,6.758179105746021,77218.2,11.924772768709005,77219.3,6.584655560175406,77218.09999999999,3.037834543078839,77219.40000000001,6.193485335466342,77218.0,0.9644471574243401,77219.5,2.753749563095244,77217.9,2.485679728806443,77219.6,1.1301098371816858,77217.8,0.1,77219.7,0.5726244728473348
1710000024.8499763,100496,BTCUSDT,77218.7,14.667697058624967,77218.8,4.331087182968332,77218.59999999999,8.258368844479397,77218.90000000001,8.82564107492724,77218.5,3.172742111730929,77219.0,10.700308381009464,77218.4,9.108834276894509,77219.1,2.5358945201720973,77218.3,2.3820122190862487,77219.2,2.20149862961013,77218.2,3.230330584837419,77219.3,4.447599600756665,77218.09999999999,4.2401210707285415,77219.40000000001,2.4460784895893477,77218.0,10.503392360209379,77219.5,2.6371271122649507,77217.9,0.586480736175418,77219.6,1.8279977665661638,77217.8,3.029543392342545,77219.7,2.0984936585351837
1710000024.8999763,100497,BTCUSDT,77218.6,4.163136807733702,77218.70000000001,10.44067000509092,77218.5,25.43378832708484,77218.80000000002,4.799177668786587,77218.40000000001,4.722615249310985,77218.90000000001,6.649731629357142,77218.3,7.469659791947707,77219.00000000001,4.390515900701843,77218.20000000001,11.41254694386321,77219.1,5.283958474161162,77218.1,3.994185928828161,77219.20000000001,5.761442426467047,77218.0,13.41377168166903,77219.30000000002,7.530255006005712,77217.90000000001,0.9633426890181978,77219.40000000001,2.415724605326414,77217.8,2.9436260333780324,77219.50000000001,1.9105296578291138,77217.70000000001,4.818392810459491,77219.6,7.000992062591187
1710000024.9499762,100498,BTCUSDT,77218.6,5.3987888766268295,77218.70000000001,8.898909156325331,77218.5,3.6395985695553783,77218.80000000002,9.429915523265553,77218.40000000001,5.839974593912385,77218.90000000001,4.1828844710345985,77218.3,6.6658658101338695,77219.00000000001,6.504645597690556,77218.20000000001,2.940288775679119,77219.1,2.123475989713614,77218.1,3.873978461608574,77219.20000000001,4.9713421062464835,77218.0,9.569467771615244,77219.30000000002,11.736419011842315,77217.90000000001,3.809934883571061,77219.40000000001,6.40650086195383,77217.8,2.7143004480688306,77219.50000000001,5.882978061438256,77217.70000000001,0.9166541652866016,77219.6,1.8549077783790369
1710000024.9999762,100499,BTCUSDT,77218.7,3.6732993786968464,77218.8,8.727179733248208,77218.59999999999,10.420242180992284,77218.90000000001,5.237584324822468,77218.5,5.1764116857504625,77219.0,10.422819242893992,77218.4,8.378274431641419,77219.1,3.7595493844866548,77218.3,3.566107432962548,77219.2,6.543739557742684,77218.2,4.9131019498204775,77219.3,2.3080446688826917,77218.09999999999,2.6838484228900796,77219.40000000001,10.40967150304867,77218.0,5.4612453583257405,77219.5,17.867460715531635,77217.9,6.227082414415828,77219.6,11.787486161840192,77217.8,0.9743472618368698,77219.7,5.904611509908745
1710000025.049976,100500,BTCUSDT,77218.6,5.303243171484266,77218.70000000001,11.533743936080475,77218.5,10.903935406264527,77218.80000000002,3.2902165930283287,77218.40000000001,6.5613617098265244,77218.90000000001,4.6344018088761825,77218.3,4.5490959507306155,77219.00000000001,9.536135297341946,77218.20000000001,3.4833259726853005,77219.1,13.462242819923087,77218.1,2.392017940777367,77219.20000000001,5.947396072514962,77218.0,5.660248192699547,77219.30000000002,2.362452984202988,77217.90000000001,2.370692752597747,77219.40000000001,8.00235717247251,77217.8,6.138666733632807,77219.50000000001,1.9965161755867489,77217.70000000001,3.0539056091318892,77219.6,0.25465820998433236
1710000025.099976,100501,BTCUSDT,77218.8,6.260731868700999,77218.90000000001,3.959583887689962,77218.7,10.614514510380133,77219.00000000001,8.263480919779319,77218.6,14.303533184262855,77219.1,7.529718221673685,77218.5,13.680490918836867,77219.20000000001,5.634344863350405,77218.40000000001,5.667349635719017,77219.3,17.084013439132114,77218.3,5.710332412386471,77219.40000000001,1.7250817286849007,77218.2,6.346560364112938,77219.50000000001,10.635296796868172,77218.1,7.150319200192536,77219.6,4.306677248225579,77218.0,4.850481944842501,77219.70000000001,18.89814165051361,77217.90000000001,0.3801540562762988,77219.8,4.401393122120514
1710000025.149976,100502,BTCUSDT,77218.90000000001,4.2663763318865335,77219.00000000001,4.526450480100319,77218.8,7.087526443742746,77219.10000000002,3.7489183635393104,77218.70000000001,4.0325235946670235,77219.20000000001,10.01319632645055,77218.6,3.9845837035791476,77219.30000000002,5.078192614238498,77218.50000000001,13.330396920568228,77219.40000000001,3.0306764776782584,77218.40000000001,3.5747336935082474,77219.50000000001,5.330267648146268,77218.3,6.831525647717411,77219.60000000002,10.477028680198554,77218.20000000001,10.682736488070175,77219.70000000001,6.795883169520686,77218.1,1.4367974624756727,77219.80000000002,0.500489072690973,77218.00000000001,1.9365655463972262,77219.90000000001,0.6105020119471084
1710000025.199976,100503,BTCUSDT,77219.0,7.928561830760444,77219.1,3.7798708111792276,77218.9,10.446064103467698,77219.20000000001,4.344031319333463,77218.8,5.064134883954882,77219.3,7.209682951922824,77218.7,4.644399061908294,77219.40000000001,4.728483165443704,77218.6,2.2715225124748617,77219.5,4.052937752257664,77218.5,7.390090845314285,77219.6,11.46872292999421,77218.4,3.3343109180325814,77219.70000000001,3.4037153044883413,77218.3,5.6510735737587074,77219.8,12.242848036766452,77218.2,1.6427708746724141,77219.90000000001,2.7203041603586153,77218.1,6.358016538724682,77220.0,3.763292515282848
1710000025.249976,100504,BTCUSDT,77218.90000000001,6.455162667195536,77219.00000000001,6.612465843751714,77218.8,11.55646031048851,77219.10000000002,5.683263464147788,77218.70000000001,4.110919812456961,77219.20000000001,3.850482199946642,77218.6,10.693897576179015,77219.30000000002,3.1501928692802013,77218.50000000001,4.219587683471451,77219.40000000001,2.828948502389441,77218.40000000001,7.53658217216268,77219.50000000001,4.17265103329493,77218.3,2.9301759592257266,77219.60000000002,2.992027075544304,77218.20000000001,8.447965585412259,77219.70000000001,4.02771850568096,77218.1,5.461518819196425,77219.80000000002,9.49360121947386,77218.00000000001,9.280621238355364,77219.90000000001,1.5930189874374456
1710000025.2999759,100505,BTCUSDT,77218.8,3.7007620623538804,77219.1,5.491779392072067,77218.7,12.245728741265875,77219.20000000001,4.484331576355297,77218.6,4.075763375722127,77219.3,4.241712399082511,77218.5,6.190231834491842,77219.40000000001,4.707382927571203,77218.40000000001,7.189250639161356,77219.5,11.0117770701835,77218.3,6.085878657143329,77219.6,2.5149703880161143,77218.2,11.99330467413317,77219.70000000001,2.428780197812914,77218.1,1.4495783151687336,77219.8,1.1770988912881681,77218.0,3.7148023790337805,77219.90000000001,0.883081053088312,77217.90000000001,0.5976020449118822,77220.0,1.426873954378558
1710000025.3499758,100506,BTCUSDT,77219.0,9.33102317975998,77219.1,4.81787245055907,77218.9,4.325795479729852,77219.20000000001,16.7011280315387,77218.8,2.8330813872991887,77219.3,11.271749410796655,77218.7,3.2912170311351057,77219.40000000001,14.171369572376598,77218.6,3.676069819810254,77219.5,4.321787441197742,77218.5,6.511977625616769,77219.6,5.143715915842581,77218.4,2.7305466628846613,77219.70000000001,4.428229145612159,77218.3,6.047819373633951,77219.8,0.9730287700984467,77218.2,0.4450499586615589,77219.90000000001,2.8504511559769554,77218.1,0.5655014147902097,77220.0,4.366677285350418
1710000025.3999758,100507,BTCUSDT,77219.0,5.86853364593321,77219.1,4.480945808470606,77218.9,6.380574207423859,77219.20000000001,3.6934347703603123,77218.8,2.8935120047115954,77219.3,3.0099408097394718,77218.7,14.738992073125015,77219.40000000001,3.0139392930868167,77218.6,6.930562690680443,77219.5,2.281373149650765,77218.5,2.057875718567866,77219.6,4.444236596613017,77218.4,3.700989236539082,77219.70000000001,13.31139487295031,77218.3,12.389739187631813,77219.8,6.849401661839273,77218.2,4.086236644101601,77219.90000000001,2.8275866993866052,77218.1,1.7613352741215893,77220.0,11.756466243729703
1710000025.4499757,100508,BTCUSDT,77218.90000000001,3.791293361893958,77219.00000000001,15.215426832766674,77218.8,4.705967222610867,77219.10000000002,5.537809885967061,77218.70000000001,3.2870434932262595,77219.20000000001,10.054163808852676,77218.6,2.51208309382414,77219.30000000002,9.582847368674221,77218.50000000001,2.6046174195266096,77219.40000000001,10.706069882624842,77218.40000000001,6.833966361589477,77219.50000000001,2.319714947524153,77218.3,4.537165846006987,77219.60000000002,2.6996833665116764,77218.20000000001,1.5851939978370744,77219.70000000001,8.641153674448407,77218.1,2.466856819964112,77219.80000000002,2.433605687180291,77218.00000000001,0.7447722045366801,77219.90000000001,1.9319708198625674
1710000025.4999757,100509,BTCUSDT,77218.90000000001,5.4047508044394785,77219.1,15.713316293344324,77218.8,14.898032048108455,77219.20000000001,3.826141159773002,77218.70000000001,3.580709374676258,77219.3,10.741592519750341,77218.6,4.395330768798839,77219.40000000001,2.417534304517115,77218.50000000001,3.280114891448073,77219.5,5.641522853908696,77218.40000000001,8.023097843498284,77219.6,2.1726585385161448,77218.3,1.6685691038222452,77219.70000000001,11.408940098707514,77218.20000000001,6.363593659274254,77219.8,4.364242818556194,77218.1,6.264586041066179,77219.90000000001,2.6404441713620286,77218.00000000001,5.682810326880341,77220.0,1.8596058141939515
1710000025.5499756,100510,BTCUSDT,77218.90000000001,19.53345402022581,77219.00000000001,5.319964809448756,77218.8,13.390231742689902,77219.10000000002,14.010015356598597,77218.70000000001,3.9075116436869086,77219.20000000001,9.202332559369157,77218.6,4.6701095450392005,77219.30000000002,12.38102701828775,77218.50000000001,4.392251906128447,77219.40000000001,7.455059738705374,77218.40000000001,4.116690842605939,77219.50000000001,2.6340506952064295,77218.3,2.0893261690546763,77219.60000000002,3.4165416902289834,77218.20000000001,6.434072470413518,77219.70000000001,4.516202022400695,77218.1,5.067084331098586,77219.80000000002,1.726961362978618,77218.00000000001,2.6267622587759187,77219.90000000001,0.18164363403427056
1710000025.5999756,100511,BTCUSDT,77219.0,21.977776560902196,77219.2,5.689427836666658,77218.9,3.244096787615339,77219.3,3.9443191101117954,77218.8,7.028271852052082,77219.4,6.587817554470604,77218.7,8.602124370626026,77219.5,3.5714968383156287,77218.6,7.769460036435833,77219.59999999999,6.658803517675352,77218.5,3.1592401490865516,77219.7,4.754125155288911,77218.4,1.8372671109713261,77219.8,3.610042554905475,77218.3,9.32116591196622,77219.9,2.987133564608847,77218.2,7.719508157895635,77220.0,3.9688650974012005,77218.1,0.8521625972259972,77220.09999999999,3.480551834046817
1710000025.6499755,100512,BTCUSDT,77219.0,5.756273993964573,77219.1,3.9021816398149554,77218.9,3.615974917870849,77219.20000000001,5.35084553322408,77218.8,4.257569916135845,77219.3,13.190205234730817,77218.7,4.284534223924055,77219.40000000001,8.07292580874661,77218.6,5.022197499403578,77219.5,6.870741150549656,77218.5,2.805047355490166,77219.6,12.982700839234186,77218.4,4.220843573257406,77219.70000000001,8.319103946167614,77218.3,2.616808963634652,77219.8,1.2223815020544153,77218.2,4.879895089502572,77219.90000000001,0.43115964424922704,77218.1,2.5796608910386873,77220.0,0.8567446682580756
1710000025.6999755,100513,BTCUSDT,77219.0,19.13371753701498,77219.1,6.097492365877292,77218.9,10.00398221088482,77219.20000000001,6.035352057031492,77218.8,5.53944665067169,77219.3,13.461313257180887,77218.7,11.227858708787224,77219.40000000001,8.563389170867037,77218.6,3.405361099159067,77219.5,5.149905425195257,77218.5,2.613881345040251,77219.6,3.9473486891867813,77218.4,3.848246067655493,77219.70000000001,8.32660389468675,77218.3,9.854548642206355,77219.8,2.94197670629247,77218.2,0.4714521739211015,77219.90000000001,8.315456372620517,77218.1,0.7659917822449057,77220.0,3.8901954690673546
1710000025.7499754,100514,BTCUSDT,77219.0,4.0245259226724155,77219.1,5.804460151638047,77218.9,4.667766726183535,77219.20000000001,12.619225729982347,77218.8,10.940630301734423,77219.3,3.8856538949391046,77218.7,2.738694063890367,77219.40000000001,6.346191831365299,77218.6,3.640114290868871,77219.5,6.459995968541839,77218.5,1.7305876572198982,77219.6,2.1727075484852656,77218.4,5.838193803884174,77219.70000000001,2.154910698138103,77218.3,8.59611494854742,77219.8,1.0415098822113744,77218.2,1.3707429623157024,77219.90000000001,26.573138957438797,77218.1,2.270120815969808,77220.0,4.8556301436042935
1710000025.7999754,100515,BTCUSDT,77219.0,7.365088078110416,77219.1,8.780057433512413,77218.9,4.710290788859497,77219.20000000001,10.261960876269358,77218.8,6.499485547217228,77219.3,4.771438660578676,77218.7,5.66254663674593,77219.40000000001,5.83927154882707,77218.6,2.723859315193544,77219.5,4.061559897448425,77218.5,3.2829074418784625,77219.6,3.649325177404534,77218.4,6.927018189851646,77219.70000000001,3.835279895695035,77218.3,12.074775474868863,77219.8,2.190727233897875,77218.2,2.5493874139792014,77219.90000000001,6.585041464493094,77218.1,3.1588490108723035,77220.0,3.167701155267055
1710000025.8499753,100516,BTCUSDT,77218.90000000001,32.863632971253125,77219.00000000001,5.07473025159803,77218.8,11.833818990742408,77219.10000000002,7.710933711892506,77218.70000000001,4.4676196303809,77219.20000000001,5.93696756151623,77218.6,9.743745338889617,77219.30000000002,10.994936621971386,77218.50000000001,2.6992895837161783,77219.40000000001,3.6594755890913246,77218.40000000001,3.233215615997676,77219.50000000001,1.7718170484013045,77218.3,4.847579231007318,77219.60000000002,8.919125168543033,77218.20000000001,2.722313462902264,77219.70000000001,6.188847629852622,77218.1,4.352225636152458,77219.80000000002,2.28416858042202,77218.00000000001,0.6082238986498352,77219.90000000001,4.942182110706936
1710000025.8999753,100517,BTCUSDT,77218.8,8.231596001661016,77219.0,3.672160939751393,77218.7,4.1745734477389105,77219.1,3.4880467722604425,77218.6,6.179473518579236,77219.2,8.45018669061691,77218.5,2.8687392003488488,77219.3,9.688985733382877,77218.40000000001,5.243301692388627,77219.4,6.684332102662204,77218.3,15.817652799645282,77219.5,1.9495628353337449,77218.2,10.459603405367787,77219.6,1.7391696454406365,77218.1,2.7966345054591835,77219.7,8.427030346426957,77218.0,9.868675228093577,77219.8,3.223889682272961,77217.90000000001,3.6066395293633944,77219.9,4.926024698381647
1710000025.9499753,100518,BTCUSDT,77218.8,6.225534477330763,77219.0,5.995884575398005,77218.7,5.4058943670314505,77219.1,6.046968684979067,77218.6,14.405366676234495,77219.2,5.978096102253355,77218.5,14.645568958224647,77219.3,3.1952192766243397,77218.40000000001,7.151388846399893,77219.4,8.690353080386238,77218.3,6.146862320537519,77219.5,5.334991705708173,77218.2,4.527915808705233,77219.6,9.091125382157259,77218.1,7.69595315128729,77219.7,1.3217503161602449,77218.0,7.950993662984758,77219.8,2.5382103771314637,77217.90000000001,1.170493468906413,77219.9,8.153768660958539
1710000025.9999752,100519,BTCUSDT,77218.8,10.208644564638035,77218.90000000001,4.822860714137745,77218.7,3.2157482459510427,77219.00000000001,5.936426224965757,77218.6,3.2224566652661144,77219.1,8.41581274617571,77218.5,3.6922706843329594,77219.20000000001,4.745399445939782,77218.40000000001,2.364224650322189,77219.3,3.3511842412616497,77218.3,7.683698448658294,77219.40000000001,2.2575552331269995,77218.2,5.366957355048636,77219.50000000001,11.176234541576445,77218.1,5.355697150004608,77219.6,7.464492114670586,77218.0,0.8615160424340323,77219.70000000001,1.5546332673041134,77217.90000000001,8.997650646306157,77219.8,5.022546965966377
1710000026.0499752,100520,BTCUSDT,77218.8,3.7823191446022006,77218.90000000001,9.738092558925203,77218.7,7.741684838095511,77219.00000000001,5.7607350536732715,77218.6,12.000736525173282,77219.1,4.43885447094235,77218.5,3.794383494949944,77219.20000000001,10.647862950434263,77218.40000000001,8.3779539511772,77219.3,4.894259045527477,77218.3,2.1604278090430116,77219.40000000001,2.5686504471880185,77218.2,5.471106416597605,77219.50000000001,3.144800267291369,77218.1,8.043113346959741,77219.6,12.779331459149704,77218.0,6.952109399309715,77219.70000000001,2.296338487892715,77217.90000000001,6.217648525196255,77219.8,1.7320133543704952
1710000026.099975,100521,BTCUSDT,77218.90000000001,3.735853958647709,77219.00000000001,5.549196309479655,77218.8,12.555308022535463,77219.10000000002,4.292417187103972,77218.70000000001,3.7252733204684634,77219.20000000001,16.802407378282915,77218.6,2.501288105205947,77219.30000000002,8.563047171781148,77218.50000000001,3.5507166149037364,77219.40000000001,2.1528348022210615,77218.40000000001,11.594523520761967,77219.50000000001,2.201628324359384,77218.3,4.409877990536607,77219.60000000002,2.4811197313035858,77218.20000000001,1.0696599060074428,77219.70000000001,1.0048468147104588,77218.1,0.8911874805396605,77219.80000000002,0.6961667264658973,77218.00000000001,5.717778180416639,77219.90000000001,2.658753620142291
1710000026.149975,100522,BTCUSDT,77218.90000000001,13.265336677280883,77219.00000000001,8.630570138668473,77218.8,11.840260089162499,77219.10000000002,4.740580032940916,77218.70000000001,4.719306556135838,77219.20000000001,6.604690178024567,77218.6,6.308687236323282,77219.30000000002,5.028802965000169,77218.50000000001,4.047690557323394,77219.40000000001,19.12664403423708,77218.40000000001,8.484241441805748,77219.50000000001,3.883578001856407,77218.3,6.3974216131901995,77219.60000000002,2.456442019270723,77218.20000000001,1.2221946944885032,77219.70000000001,2.5381198673555074,77218.1,2.4631704227802587,77219.80000000002,0.4667015570324943,77218.00000000001,6.7451030799659035,77219.90000000001,1.7801103495358295
1710000026.199975,100523,BTCUSDT,77218.90000000001,3.9073651622365895,77219.00000000001,4.369472194864632,77218.8,12.017977868044952,77219.10000000002,6.95299550692469,77218.70000000001,14.805717900964067,77219.20000000001,29.538556964399856,77218.6,4.259969564133309,77219.30000000002,3.819865982861562,77218.50000000001,9.817755203791634,77219.40000000001,28.317914819406646,77218.40000000001,5.573132423715156,77219.50000000001,7.941727947340009,77218.3,7.288380439767914,77219.60000000002,2.956127121363334,77218.20000000001,4.215803318625423,77219.70000000001,7.960409961445443,77218.1,5.060468583252784,77219.80000000002,0.4855639132789865,77218.00000000001,1.6421457959732189,77219.90000000001,0.6241631105238549
1710000026.249975,100524,BTCUSDT,77218.90000000001,7.437670605761005,77219.00000000001,6.6551515509524695,77218.8,4.184980820227744,77219.10000000002,3.9176602616120353,77218.70000000001,3.880930334546589,77219.20000000001,5.592877101263348,77218.6,3.6653018114526312,77219.30000000002,14.19558571760058,77218.50000000001,4.493478787848442,77219.40000000001,2.2423815592894827,77218.40000000001,6.826479955912202,77219.50000000001,3.1950223983972252,77218.3,5.439362075001911,77219.60000000002,2.5117634053378204,77218.20000000001,4.1828047990913895,77219.70000000001,6.716315018250847,77218.1,10.924842323491093,77219.80000000002,1.610517688546497,77218.00000000001,1.6310126007186772,77219.90000000001,2.496473177021157
1710000026.299975,100525,BTCUSDT,77218.7,12.866202912762349,77218.9,3.976707721139582,77218.59999999999,3.7659308867355725,77219.0,5.936822521186889,77218.5,3.250969770891385,77219.09999999999,4.49602906541136,77218.4,3.042484705330831,77219.2,6.4428491329535875,77218.3,13.942765944725913,77219.29999999999,24.89647581802814,77218.2,3.4815580627415814,77219.4,5.255301464694686,77218.09999999999,8.959209655880533,77219.5,1.699814056387622,77218.0,5.4791153685175065,77219.59999999999,2.9026990591612956,77217.9,1.3234236625494633,77219.7,2.461702207243207,77217.8,0.3160009151553835,77219.79999999999,4.755117230291675
1710000026.3499749,100526,BTCUSDT,77218.7,11.59983440364152,77218.8,6.320483800225661,77218.59999999999,6.595901258782376,77218.90000000001,6.570606392884338,77218.5,4.9138755156222595,77219.0,3.655397086215192,77218.4,7.8680498068816505,77219.1,2.9435367032043653,77218.3,2.4386960674523417,77219.2,6.953498443005109,77218.2,2.537005160104595,77219.3,3.0655896536820166,77218.09999999999,3.7791615230351727,77219.40000000001,3.586633086407068,77218.0,5.731947004338752,77219.5,4.706624354546426,77217.9,4.535751932669599,77219.6,5.407813814140546,77217.8,1.3847079768269772,77219.7,1.5563988889875944
1710000026.3999748,100527,BTCUSDT,77218.7,5.069569674536664,77218.8,20.382286256088918,77218.59999999999,9.929151274216396,77218.90000000001,3.919640370478028,77218.5,2.822439447093639,77219.0,2.974901772834303,77218.4,3.5191913451035157,77219.1,2.8854685899400785,77218.3,5.048601193191033,77219.2,9.807578316726804,77218.2,6.938607868579826,77219.3,2.5713909555421237,77218.09999999999,3.2386335944587823,77219.40000000001,4.036246257302799,77218.0,7.447260850329056,77219.5,8.10842599270229,77217.9,10.019282515200686,77219.6,3.247243071337787,77217.8,4.7402737780828526,77219.7,0.47423501634528975
1710000026.4499748,100528,BTCUSDT,77218.7,7.621039823767175,77218.8,4.788161233083626,77218.59999999999,3.414384017716702,77218.90000000001,3.2411463294088505,77218.5,2.8896349861287356,77219.0,2.833539167352119,77218.4,2.8677313432253366,77219.1,3.49505731162354,77218.3,3.0001145226013257,77219.2,19.3091218639836,77218.2,3.0611684625802784,77219.3,2.1452073452626927,77218.09999999999,4.354779943056068,77219.40000000001,9.006514625513002,77218.0,5.333565026283515,77219.5,2.204374134033756,77217.9,3.6986416194635257,77219.6,5.419043490715524,77217.8,5.209349798449574,77219.7,4.392910914055647
1710000026.4999747,100529,BTCUSDT,77218.5,11.764129503094118,77218.7,7.059887065630969,77218.4,5.447467863523055,77218.8,7.3040908825521615,77218.3,9.619656454226996,77218.9,2.8226725537199133,77218.2,21.711759736127348,77219.0,3.207944683781306,77218.1,4.541392668333101,77219.09999999999,10.223829382036177,77218.0,2.619777515145832,77219.2,4.191129401000191,77217.9,1.768938015383302,77219.3,3.21061194630511,77217.8,1.5798547139067791,77219.4,2.6078863447574623,77217.7,2.270197560895826,77219.5,20.34618487780737,77217.6,21.04642173237324,77219.59999999999,0.48770468036040693
1710000026.5499747,100530,BTCUSDT,77218.5,6.498939389403073,77218.6,6.973133615442651,77218.4,4.202025233279857,77218.70000000001,8.852570907383999,77218.3,4.281665241619142,77218.8,13.010926127501943,77218.2,6.676866889753379,77218.90000000001,4.693295625473365,77218.1,8.240915186107777,77219.0,8.813118456947494,77218.0,2.9726754274697216,77219.1,3.2603321125104148,77217.9,12.19268687209448,77219.20000000001,1.9200538740644613,77217.8,0.9722580991297101,77219.3,3.2209505273260532,77217.7,6.862023144071919,77219.40000000001,6.307820137673855,77217.6,10.079514601396056,77219.5,3.0474232072482077
1710000026.5999746,100531,BTCUSDT,77218.5,7.153622388956244,77218.6,9.627446133919946,77218.4,3.5918986346973436,77218.70000000001,3.9581456105216977,77218.3,2.8494672638806886,77218.8,6.402187078592231,77218.2,11.112078818612042,77218.90000000001,6.842698783485763,77218.1,18.078452372493725,77219.0,2.2604316501726966,77218.0,10.932221950680631,77219.1,8.329503236670266,77217.9,2.7089191357867115,77219.20000000001,15.726452017625004,77217.8,2.1583597561945105,77219.3,9.603896450078667,77217.7,8.906084867971853,77219.40000000001,6.0696149811869855,77217.6,3.315597051798946,77219.5,0.5113459843176476
1710000026.6499746,100532,BTCUSDT,77218.6,9.277406426202981,77218.70000000001,13.259098040347114,77218.5,3.2597649149845798,77218.80000000002,9.824089596881247,77218.40000000001,13.952405088346348,77218.90000000001,9.029288358717947,77218.3,2.9579424376382057,77219.00000000001,2.739091630781015,77218.20000000001,2.084262276301491,77219.1,5.963466916902182,77218.1,5.573471759116307,77219.20000000001,18.94476193612118,77218.0,3.230278216104196,77219.30000000002,2.813307292863551,77217.90000000001,4.717187600623976,77219.40000000001,7.785813985699511,77217.8,11.444155486659977,77219.50000000001,6.900728136520538,77217.70000000001,2.2252030192485974,77219.6,4.030491925013655
1710000026.6999745,100533,BTCUSDT,77218.5,6.298162942730804,77218.7,4.5768898537594715,77218.4,3.94398571427579,77218.8,3.200631028084165,77218.3,7.866770072831601,77218.9,3.2710695829217085,77218.2,3.5180043774316063,77219.0,3.8145828981990926,77218.1,5.287376973746067,77219.09999999999,4.029707472976778,77218.0,6.091709991821162,77219.2,1.8289856397675326,77217.9,1.729279110058299,77219.3,3.966285719096404,77217.8,2.4437087194798877,77219.4,2.202847392925147,77217.7,0.677520696076393,77219.5,9.442671104556753,77217.6,4.708266653268265,77219.59999999999,0.5186955150901142
1710000026.7499745,100534,BTCUSDT,77218.7,9.247791038743907,77218.8,9.655823760252932,77218.59999999999,5.799410688307922,77218.90000000001,5.447653007216193,77218.5,2.8443573775778708,77219.0,13.244989006414784,77218.4,6.098379245899599,77219.1,3.3083750585244873,77218.3,12.083134535276075,77219.2,11.857212750408507,77218.2,19.706975825466067,77219.3,9.887689546496178,77218.09999999999,25.648906137869815,77219.40000000001,2.3224878848787016,77218.0,8.186964592329584,77219.5,7.72706198359512,77217.9,1.4503470248155832,77219.6,0.8145038567872203,77217.8,15.533842035706382,77219.7,1.4040471910050667
1710000026.7999744,100535,BTCUSDT,77218.6,3.6165427795335967,77218.8,3.684995904474155,77218.5,5.708473896423759,77218.90000000001,4.290988275322345,77218.40000000001,7.482684494433228,77219.0,6.134829561088026,77218.3,2.722610029873373,77219.1,3.10994886659341,77218.20000000001,3.964414025368159,77219.2,2.821234493281693,77218.1,7.88514699271461,77219.3,3.7518982789793784,77218.0,1.5923563637218465,77219.40000000001,3.849253094766967,77217.90000000001,1.1809287280551488,77219.5,1.352165298879441,77217.8,1.49569439410149,77219.6,8.25098000010603,77217.70000000001,10.34045691638193,77219.7,7.0007291235646605
1710000026.8499744,100536,BTCUSDT,77218.6,8.718424420874346,77218.70000000001,23.66628440085781,77218.5,3.7642764600557532,77218.80000000002,3.4021932310941354,77218.40000000001,7.5413355592526266,77218.90000000001,9.940544611667534,77218.3,9.892280197776632,77219.00000000001,6.9385774562208375,77218.20000000001,14.317830037337592,77219.1,4.861610123818744,77218.1,11.405027161937006,77219.20000000001,15.344663290754049,77218.0,8.713388072990435,77219.30000000002,2.6828553370945283,77217.90000000001,1.673697074519914,77219.40000000001,3.9773550597067286,77217.8,2.813333771535476,77219.50000000001,8.80702156700356,77217.70000000001,0.421582825406507,77219.6,1.1922231019219218
1710000026.8999743,100537,BTCUSDT,77218.5,3.999222313839786,77218.7,5.147149005586128,77218.4,5.158575491291862,77218.8,7.0977328355280385,77218.3,3.4885312545351663,77218.9,10.681759972609443,77218.2,4.773513171180367,77219.0,12.356705177313026,77218.1,4.523469185147757,77219.09999999999,3.2865566209708454,77218.0,2.211806796110843,77219.2,1.6150085005481831,77217.9,4.23849418429328,77219.3,1.6533767439411693,77217.8,2.788530960174974,77219.4,4.35929401097168,77217.7,1.6901205464899967,77219.5,1.170575196581451,77217.6,5.961673634688779,77219.59999999999,11.7341238473766
1710000026.9499743,100538,BTCUSDT,77218.5,5.124721272531369,77218.6,7.84880887362587,77218.4,3.533668045940841,77218.70000000001,4.310028381940965,77218.3,8.74320985758758,77218.8,5.808921719875585,77218.2,12.922638219429665,77218.90000000001,4.6397232085782365,77218.1,10.155114116989969,77219.0,4.383758389517641,77218.0,17.100504326498964,77219.1,14.458975631912228,77217.9,2.7967595873190865,77219.20000000001,9.883549987576338,77217.8,8.325285089903188,77219.3,1.7463358682424377,77217.7,4.3157551060442945,77219.40000000001,0.7018362819838493,77217.6,7.248927723135624,77219.5,0.7672863993925194
1710000026.9999743,100539,BTCUSDT,77218.5,5.644763398736838,77218.6,7.040796189480732,77218.4,10.9217960036144,77218.70000000001,17.836121691969378,77218.3,5.115650712301624,77218.8,3.0494038670583987,77218.2,7.931051680431255,77218.90000000001,5.731230469608084,77218.1,4.37604165210168,77219.0,3.480018585652157,77218.0,4.391823116190995,77219.1,3.2540673727514617,77217.9,6.858970701202915,77219.20000000001,4.340117499638937,77217.8,9.177336321250733,77219.3,3.9370511285975764,77217.7,1.488612628271373,77219.40000000001,8.017703290101394,77217.6,3.258720357212293,77219.5,0.9269264844907262
1710000027.0499742,100540,BTCUSDT,77218.6,6.015418380099421,77218.70000000001,8.784957069333107,77218.5,3.6016520220087624,77218.80000000002,5.21688556122929,77218.40000000001,19.155383583913537,77218.90000000001,9.410640504816577,77218.3,3.097131665020821,77219.00000000001,3.7016135687967093,77218.20000000001,3.60081076889545,77219.1,6.203468515536119,77218.1,7.258689079951752,77219.20000000001,7.1376103475412975,77218.0,4.052371571829487,77219.30000000002,7.8602367167921665,77217.90000000001,3.098457403885911,77219.40000000001,1.329011425410127,77217.8,3.724507791027547,77219.50000000001,12.571411635144043,77217.70000000001,6.300023266342704,77219.6,3.4576465894568846
1710000027.0999742,100541,BTCUSDT,77218.6,14.26928560094638,77218.70000000001,5.836863032876643,77218.5,4.810242155481575,77218.80000000002,18.331277732368257,77218.40000000001,10.764056587170826,77218.90000000001,4.360593548779483,77218.3,4.892847473533951,77219.00000000001,4.545107978115508,77218.20000000001,2.645822350403349,77219.1,14.663172292319583,77218.1,3.672155851282676,77219.20000000001,9.928310697318471,77218.0,2.039706265381535,77219.30000000002,4.3751492912542425,77217.90000000001,0.8970125157193639,77219.40000000001,6.579432656850008,77217.8,3.878715546900996,77219.50000000001,4.329610851346573,77217.70000000001,0.21242556950990202,77219.6,0.9481501602494904
1710000027.149974,100542,BTCUSDT,77218.6,6.940557488090853,77218.70000000001,7.388544608432992,77218.5,6.387380949943703,77218.80000000002,4.475473644562873,77218.40000000001,3.9215416840164905,77218.90000000001,3.3896389940072575,77218.3,9.963779690310792,77219.00000000001,6.233447342965029,77218.20000000001,2.825691558418667,77219.1,2.7802140845931373,77218.1,9.855394235199807,77219.20000000001,7.030530077325119,77218.0,5.508175237454762,77219.30000000002,3.289326981034079,77217.90000000001,2.015113376784387,77219.40000000001,16.33972589269349,77217.8,6.7829206776738316,77219.50000000001,1.8368797080005015,77217.70000000001,7.524062667428079,77219.6,5.690704057828807
1710000027.199974,100543,BTCUSDT,77218.5,5.824358029998432,77218.6,4.422950888882813,77218.4,3.6708681510386625,77218.70000000001,8.331516217510824,77218.3,4.04523250294298,77218.8,9.660513168770066,77218.2,24.11253036109037,77218.90000000001,2.7188569068790613,77218.1,4.562485534699064,77219.0,8.479217017309674,77218.0,7.822657819066405,77219.1,7.308418061690441,77217.9,2.916951427718617,77219.20000000001,3.619470307463235,77217.8,4.415160339626111,77219.3,15.389504403937055,77217.7,1.9872938453401998,77219.40000000001,10.66328110768386,77217.6,1.2553207945400071,77219.5,18.066610449221344
1710000027.249974,100544,BTCUSDT,77218.7,4.872736499583372,77218.8,4.881779063967624,77218.59999999999,3.682142730155884,77218.90000000001,3.684380397630746,77218.5,4.508829518984905,77219.0,8.556342103170373,77218.4,6.145679559403959,77219.1,2.8329455227899367,77218.3,9.64856970135143,77219.2,5.678862630871082,77218.2,14.561989253207047,77219.3,6.036899219894551,77218.09999999999,1.9703354844734904,77219.40000000001,3.7681691692183112,77218.0,4.982154931584724,77219.5,0.9146873511692442,77217.9,0.46009015831484945,77219.6,0.9543043858271762,77217.8,1.1596151414258928,77219.7,2.2453128778836655
1710000027.299974,100545,BTCUSDT,77218.6,4.194128151046623,77218.70000000001,8.075973261197527,77218.5,6.826728785195798,77218.80000000002,4.595190485779554,77218.40000000001,2.855016152214546,77218.90000000001,3.1233130310798742,77218.3,4.388314036081551,77219.00000000001,3.068822408257716,77218.20000000001,3.8916769814532692,77219.1,5.95740967026369,77218.1,4.769549657014347,77219.20000000001,2.651572209319062,77218.0,2.8852957361930227,77219.30000000002,5.007994951121306,77217.90000000001,8.688955702576127,77219.40000000001,6.3969257614952415,77217.8,3.6243679986394346,77219.50000000001,2.199505384531201,77217.70000000001,1.816844141537623,77219.6,8.461678158087064
1710000027.349974,100546,BTCUSDT,77218.6,7.320841396128664,77218.70000000001,6.252630079482195,77218.5,3.6472089066375206,77218.80000000002,4.50248851039153,77218.40000000001,11.64055079962975,77218.90000000001,5.993927816116001,77218.3,4.533761516745191,77219.00000000001,2.7018355929039677,77218.20000000001,7.008753917815488,77219.1,6.854083952604148,77218.1,5.4081235493222835,77219.20000000001,4.455544177115305,77218.0,3.475121433922504,77219.30000000002,4.798433566417513,77217.90000000001,1.8631367720368028,77219.40000000001,12.138473686942818,77217.8,3.9546490416275923,77219.50000000001,1.891173426562828,77217.70000000001,2.389020323216675,77219.6,6.553094555495871
1710000027.3999739,100547,BTCUSDT,77218.6,4.9859685602132195,77218.70000000001,8.151592139496188,77218.5,4.716203463631461,77218.80000000002,9.49052817880278,77218.40000000001,3.35913381144189,77218.90000000001,8.553487353987672,77218.3,2.6831996478802522,77219.00000000001,2.4506902863387516,77218.20000000001,11.139904925370757,77219.1,5.4827770956123665,77218.1,3.334389936714156,77219.20000000001,2.6589604504555626,77218.0,5.037688472919408,77219.30000000002,4.045262393276685,77217.90000000001,19.91703516132809,77219.40000000001,17.14931372860522,77217.8,4.431700928649023,77219.50000000001,2.7398303261025196,77217.70000000001,2.7023370156139817,77219.6,4.588846118842548
1710000027.4499738,100548,BTCUSDT,77218.6,3.9047638320181774,77218.70000000001,4.47182432758937,77218.5,5.856321023047926,77218.80000000002,9.344272529446002,77218.40000000001,5.458206950671037,77218.90000000001,4.434740811577183,77218.3,2.743769933491338,77219.00000000001,5.59665852054539,77218.20000000001,3.265800185003263,77219.1,5.817363971433932,77218.1,16.721828520845342,77219.20000000001,2.072046693817027,77218.0,2.1536653488863142,77219.30000000002,3.762936542863252,77217.90000000001,14.645549848227574,77219.40000000001,6.710302733077526,77217.8,9.540127943057707,77219.50000000001,2.0241501785295295,77217.70000000001,19.332538244589774,77219.6,0.43405221236312086
1710000027.4999738,100549,BTCUSDT,77218.6,11.340744982335343,77218.70000000001,14.083723181175856,77218.5,3.5798165459839146,77218.80000000002,3.6815691675828632,77218.40000000001,2.934947603363181,77218.90000000001,3.2415260107168087,77218.3,3.339952775815644,77219.00000000001,16.436460511661934,77218.20000000001,6.4087975252729,77219.1,8.030288444064906,77218.1,7.586927035073186,77219.20000000001,4.663505950596347,77218.0,7.587843851480121,77219.30000000002,4.8234564379619425,77217.90000000001,2.3106961157083212,77219.40000000001,4.094026858427852,77217.8,3.450062657188645,77219.50000000001,7.336673814439603,77217.70000000001,16.009370459446348,77219.6,2.117605460840354
1710000027.5499737,100550,BTCUSDT,77218.5,5.457148236805817,77218.7,3.760747796857225,77218.4,5.005488654671009,77218.8,6.973031914885517,77218.3,3.3079266085826777,77218.9,13.109903557929533,77218.2,2.7234192735670857,77219.0,13.037424156630015,77218.1,6.912208498528271,77219.09999999999,3.6001922796400363,77218.0,3.582108628774368,77219.2,7.000765778107416,77217.9,4.8799010545410715,77219.3,5.654614434605455,77217.8,2.771711110293393,77219.4,3.476265707747223,77217.7,18.76802249650244,77219.5,1.3628014489282396,77217.6,2.1641510383190714,77219.59999999999,1.3802459256080395
1710000027.5999737,100551,BTCUSDT,77218.5,9.375907895884758,77218.7,4.9837622620252535,77218.4,3.5395758628230034,77218.8,3.245994128549817,77218.3,5.030624569879217,77218.9,4.912820398548615,77218.2,20.22351212102982,77219.0,4.938019600273034,77218.1,3.18510690804408,77219.09999999999,10.874058315576622,77218.0,4.301763070862004,77219.2,5.256927762665493,77217.9,1.602238059834875,77219.3,3.1310031272239014,77217.8,12.345623093392843,77219.4,4.361569865262251,77217.7,2.0894392236022368,77219.5,4.330439943707189,77217.6,9.650094937095993,77219.59999999999,1.280769268934804
1710000027.6499736,100552,BTCUSDT,77218.6,8.153678331941077,77218.70000000001,5.330644134098317,77218.5,4.706807305246754,77218.80000000002,7.810707200554254,77218.40000000001,3.7710555349416213,77218.90000000001,4.976528340234435,77218.3,3.2338801731989086,77219.00000000001,2.4333580737716907,77218.20000000001,16.033886915186667,77219.1,4.26044428815158,77218.1,15.54044014630186,77219.20000000001,2.204796585146981,77218.0,4.740784665825822,77219.30000000002,2.097447336433877,77217.90000000001,7.044003184472527,77219.40000000001,6.924411055135016,77217.8,0.8778699849323132,77219.50000000001,10.12460460761471,77217.70000000001,0.8658121671009641,77219.6,3.7970881552062847
1710000027.6999736,100553,BTCUSDT,77218.6,12.161747110717263,77218.90000000001,16.14586017574833,77218.5,4.877842994398811,77219.00000000001,3.646299773190742,77218.40000000001,3.634728855773911,77219.1,5.576549843515657,77218.3,8.704586634426645,77219.20000000001,3.0507988147993164,77218.20000000001,6.312081447811656,77219.3,3.563750207915263,77218.1,3.269353705564717,77219.40000000001,5.937864044867714,77218.0,3.716931063044054,77219.50000000001,7.885961689593483,77217.90000000001,1.478024946059521,77219.6,7.041605776629366,77217.8,0.6655646699550247,77219.70000000001,1.2629535505998213,77217.70000000001,4.270195731687723,77219.8,7.722035816950323
1710000027.7499735,100554,BTCUSDT,77218.8,4.550860849102827,77218.90000000001,10.267341547122353,77218.7,9.142455221279455,77219.00000000001,3.8279802073897917,77218.6,5.29321401533927,77219.1,8.763558752297051,77218.5,4.045909770714726,77219.20000000001,6.410738173488985,77218.40000000001,2.2060706317262424,77219.3,5.753008107069551,77218.3,2.2625798535851853,77219.40000000001,8.701576266515847,77218.2,2.9568081914182596,77219.50000000001,2.522658167184007,77218.1,8.1526122430223,77219.6,1.005779636455867,77218.0,2.4207581411367953,77219.70000000001,2.248164318290872,77217.90000000001,1.3407743136101717,77219.8,9.710522688836049
1710000027.7999735,100555,BTCUSDT,77218.6,3.8642308653407196,77218.8,8.616680123863917,77218.5,6.197170029251259,77218.90000000001,12.445207673535712,77218.40000000001,4.301367321133472,77219.0,6.214785143246022,77218.3,5.178635488287972,77219.1,5.089935822012427,77218.20000000001,4.435999200042007,77219.2,2.920821084335649,77218.1,7.237595670232006,77219.3,4.001076425453139,77218.0,13.929816389604966,77219.40000000001,2.4087926365711043,77217.90000000001,5.392183018147584,77219.5,12.101736141440124,77217.8,4.756133132924539,77219.6,8.600242714041638,77217.70000000001,7.028990681526782,77219.7,1.7858841999890718
1710000027.8499734,100556,BTCUSDT,77218.6,4.647651718771974,77218.70000000001,9.046201184036432,77218.5,6.20360030501017,77218.80000000002,5.31886073803263,77218.40000000001,4.052257150099332,77218.90000000001,29.376895525938885,77218.3,2.697646624548467,77219.00000000001,2.5781517293453042,77218.20000000001,2.979805493199447,77219.1,16.17184459604956,77218.1,17.098555973447887,77219.20000000001,5.856005677827186,77218.0,9.684611299547175,77219.30000000002,2.1629991969618447,77217.90000000001,15.108221053769885,77219.40000000001,1.416265367519847,77217.8,0.8264460276476913,77219.50000000001,0.8760871369675322,77217.70000000001,3.4050835870272675,77219.6,6.0742666571941895
1710000027.8999734,100557,BTCUSDT,77218.6,18.847984555188912,77218.70000000001,5.879615079641852,77218.5,3.852187102304108,77218.80000000002,5.709188690584979,77218.40000000001,7.3457197707494775,77218.90000000001,9.940544540154118,77218.3,4.855631169216042,77219.00000000001,6.001736716959005,77218.20000000001,3.2443198540254183,77219.1,6.152890370122834,77218.1,18.666783804625688,77219.20000000001,1.8011902036935703,77218.0,9.904890820222729,77219.30000000002,4.504726240738069,77217.90000000001,1.9619368300700095,77219.40000000001,13.194579596231815,77217.8,3.0415917805048887,77219.50000000001,2.01201407127648,77217.70000000001,0.801115938087711,77219.6,1.1212489739514262
1710000027.9499733,100558,BTCUSDT,77218.6,4.65569787503436,77218.8,4.116512172619439,77218.5,3.2244245421383724,77218.90000000001,6.035984761792549,77218.40000000001,28.324848222331028,77219.0,7.549318544527834,77218.3,3.8749588224172253,77219.1,10.777687410201073,77218.20000000001,8.087948071298563,77219.2,2.062140860255321,77218.1,8.39002806082346,77219.3,3.0297109502298776,77218.0,1.8485393758186444,77219.40000000001,2.2264437531693817,77217.90000000001,3.3288089672616934,77219.5,3.0126222900173403,77217.8,1.763697406872391,77219.6,1.156023334112417,77217.70000000001,5.745819120627934,77219.7,18.46483706616321
1710000027.9999733,100559,BTCUSDT,77218.6,5.003549569098416,77218.8,4.723138121991642,77218.5,4.1818934449284875,77218.90000000001,3.787949273246377,77218.40000000001,6.005875412851564,77219.0,6.519534512010571,77218.3,7.289941241764445,77219.1,6.96040515902203,77218.20000000001,3.3831282991532916,77219.2,3.6037674460992335,77218.1,6.176713768771686,77219.3,3.3197339741766076,77218.0,2.1561934071264592,77219.40000000001,3.0757681553882263,77217.90000000001,2.070279354145681,77219.5,1.1698329751324341,77217.8,7.4910969925317055,77219.6,8.072322915232634,77217.70000000001,0.9925651301494067,77219.7,0.26786056998660335
1710000028.0499732,100560,BTCUSDT,77218.6,3.8651372527973082,77218.70000000001,4.626127067138748,77218.5,9.498258046999709,77218.80000000002,9.726661425964789,77218.40000000001,3.7281561205607523,77218.90000000001,4.437373546309336,77218.3,2.976582876225857,77219.00000000001,2.708269950036235,77218.20000000001,21.40004700753137,77219.1,6.263735773657988,77218.1,4.724387343383576,77219.20000000001,7.401173185024481,77218.0,8.532255312462295,77219.30000000002,7.774353181188173,77217.90000000001,0.8667110123236353,77219.40000000001,1.6271516390291172,77217.8,4.655745652001415,77219.50000000001,2.2848772975602407,77217.70000000001,16.178254084786335,77219.6,4.379335256070051
1710000028.0999732,100561,BTCUSDT,77218.40000000001,4.499813159844086,77218.70000000001,11.579137893646136,77218.3,4.750612583576052,77218.80000000002,21.450285447177972,77218.20000000001,3.486422339792606,77218.90000000001,5.705490895578164,77218.1,8.697142893377068,77219.00000000001,4.667062513171546,77218.00000000001,4.525079239986272,77219.1,19.17776170674238,77217.90000000001,3.8156851816200463,77219.20000000001,5.306092626098692,77217.8,1.4243333541510736,77219.30000000002,8.585963009080793,77217.70000000001,4.978406517020302,77219.40000000001,2.8701933684849497,77217.6,0.4652067739056529,77219.50000000001,3.982706878432794,77217.50000000001,0.1,77219.6,0.1
1710000028.1499732,100562,BTCUSDT,77218.5,7.836853663614898,77218.6,3.82077065533921,77218.4,4.704045992050205,77218.70000000001,3.8474032092931916,77218.3,6.271682335944795,77218.8,7.136059265071857,77218.2,7.508122184849715,77218.90000000001,3.5787258682145175,77218.1,2.373946281565699,77219.0,2.3278072955886246,77218.0,3.821559756854359,77219.1,13.263576247169153,77217.9,2.1822163797395118,77219.20000000001,2.3868460690292475,77217.8,1.2253942460392275,77219.3,4.521257154569485,77217.7,4.956148372654755,77219.40000000001,4.5193072861523325,77217.6,7.896875141731306,77219.5,2.6654433188544226
1710000028.199973,100563,BTCUSDT,77218.40000000001,4.966611262655625,77218.50000000001,7.943929216131483,77218.3,6.998583253032128,77218.60000000002,6.228636735136226,77218.20000000001,7.39496507007785,77218.70000000001,6.857718990364635,77218.1,10.925462732541884,77218.80000000002,5.927715460262504,77218.00000000001,8.031161582341252,77218.90000000001,3.14383905772556,77217.90000000001,6.13508370858791,77219.00000000001,10.899082258052848,77217.8,3.1492979911474457,77219.10000000002,7.240256498186858,77217.70000000001,5.960873188834175,77219.20000000001,1.0454859393020097,77217.6,3.8843929799291397,77219.30000000002,0.9579189351226921,77217.50000000001,13.683866719079393,77219.40000000001,6.672666762382291
1710000028.249973,100564,BTCUSDT,77218.40000000001,5.291803431695792,77218.50000000001,3.742118508146851,77218.3,6.320414668221898,77218.60000000002,5.163079693628059,77218.20000000001,3.226229336779085,77218.70000000001,9.276345079114282,77218.1,12.26403020591343,77218.80000000002,8.052096707432453,77218.00000000001,8.913388303103494,77218.90000000001,2.9758887121285387,77217.90000000001,2.823780395165131,77219.00000000001,2.5354407813522135,77217.8,6.993758887910623,77219.10000000002,13.01967277842963,77217.70000000001,5.846933222015002,77219.20000000001,9.330247570314095,77217.6,4.472176542658829,77219.30000000002,2.3618697311308856,77217.50000000001,2.218842655513416,77219.40000000001,0.3132363843794254
1710000028.299973,100565,BTCUSDT,77218.40000000001,8.356016309743088,77218.50000000001,5.908067493931101,77218.3,6.4137688978241805,77218.60000000002,6.462717129404279,77218.20000000001,4.09946395642494,77218.70000000001,5.384233934771997,77218.1,4.945254730598261,77218.80000000002,4.366885256554303,77218.00000000001,8.87423045998184,77218.90000000001,4.3998224550927825,77217.90000000001,5.301775219997442,77219.00000000001,10.635043062579289,77217.8,9.246641819149247,77219.10000000002,10.044482056872603,77217.70000000001,2.0588703573429825,77219.20000000001,0.9424361239071196,77217.6,1.61019101760047,77219.30000000002,1.706841293551276,77217.50000000001,9.603453067653115,77219.40000000001,4.19064336516723
1710000028.349973,100566,BTCUSDT,77218.5,11.454290358490924,77218.6,14.896306301789167,77218.4,4.101106084844274,77218.70000000001,4.682936013826351,77218.3,3.899447116233823,77218.8,4.577415686373638,77218.2,12.244687403838743,77218.90000000001,5.82372403410782,77218.1,7.360573904468205,77219.0,4.694313507701644,77218.0,1.7171299646207085,77219.1,1.8653947075161836,77217.9,4.288095211156833,77219.20000000001,6.274600502267993,77217.8,1.7699708161786272,77219.3,5.919235779089792,77217.7,7.056965725694253,77219.40000000001,2.523415959019284,77217.6,5.488291594342581,77219.5,2.0702594616337295
1710000028.399973,100567,BTCUSDT,77218.5,9.37564388460558,77218.6,22.87673135852513,77218.4,4.894903270911719,77218.70000000001,5.31759333878528,77218.3,3.5242656644195676,77218.8,3.712991517047157,77218.2,7.128780053036202,77218.90000000001,12.357856404256347,77218.1,4.007496246337182,77219.0,2.7930450309334702,77218.0,2.942447623791971,77219.1,4.028257440108177,77217.9,2.5736267421768684,77219.20000000001,2.264095041281573,77217.8,6.126989691415116,77219.3,0.8315034180835905,77217.7,3.499429681420258,77219.40000000001,6.714990982867341,77217.6,1.2382292620986526,77219.5,3.6982142066828287
1710000028.4499729,100568,BTCUSDT,77218.5,5.302128367173431,77218.6,10.829703955810311,77218.4,8.882648201543102,77218.70000000001,4.750040118942618,77218.3,3.2348832625543453,77218.8,3.0980647252964038,77218.2,2.7960825228404125,77218.90000000001,5.897423294931874,77218.1,2.2121779423822754,77219.0,3.643480002825367,77218.0,7.196703116594692,77219.1,2.9945332673347114,77217.9,6.963983548673406,77219.20000000001,6.673299741968736,77217.8,1.9285346807486332,77219.3,6.019922045052883,77217.7,5.909760911956783,77219.40000000001,2.426364578476833,77217.6,0.9450189324849798,77219.5,2.946480801209909
1710000028.4999728,100569,BTCUSDT,77218.6,7.68234872687079,77218.8,4.359427493070083,77218.5,7.792347999988327,77218.90000000001,5.428895793634943,77218.40000000001,6.381335450115938,77219.0,8.09799892940359,77218.3,5.2939913614308125,77219.1,9.127689803089293,77218.20000000001,7.1227758391071845,77219.2,5.8188098255805105,77218.1,2.2538083570584,77219.3,8.830314399884442,77218.0,12.189592213305804,77219.40000000001,1.789200703919272,77217.90000000001,3.4796068832074853,77219.5,1.9984180766720323,77217.8,6.018213099406081,77219.6,5.51521122941803,77217.70000000001,0.6074105188017029,77219.7,8.383170663067922
1710000028.5499728,100570,BTCUSDT,77218.6,5.191608877285726,77218.70000000001,4.2890378602660775,77218.5,3.933837244668075,77218.80000000002,7.53754253300731,77218.40000000001,5.997858286148968,77218.90000000001,3.320823925018554,77218.3,2.878278895306555,77219.00000000001,2.7002330932086975,77218.20000000001,7.446677791554233,77219.1,6.977541825404291,77218.1,1.84083054619945,77219.20000000001,4.886378194808513,77218.0,1.5539093905123547,77219.30000000002,10.563049460217485,77217.90000000001,10.305676621494376,77219.40000000001,5.592400195223411,77217.8,10.824985770581504,77219.50000000001,7.073632510435794,77217.70000000001,7.053587880785976,77219.6,3.3731635348589415
1710000028.5999727,100571,BTCUSDT,77218.7,4.582574741544055,77218.8,5.185228812321713,77218.59999999999,7.160776454636939,77218.90000000001,3.9581414271773876,77218.5,3.9970770435891616,77219.0,5.324904799743896,77218.4,3.4613351890036803,77219.1,5.953181825759732,77218.3,12.264954232223637,77219.2,7.5147235206854885,77218.2,5.991569561215476,77219.3,5.096005427378149,77218.09999999999,3.877315677541879,77219.40000000001,2.0259514210501477,77218.0,9.804164626300226,77219.5,1.9429279112268811,77217.9,0.7830001674617426,77219.6,5.945420319512072,77217.8,0.7724730933593364,77219.7,1.8601980815956665
1710000028.6499727,100572,BTCUSDT,77218.7,3.8237853711334573,77218.8,7.876100820581804,77218.59999999999,10.456211625328448,77218.90000000001,5.069247621490241,77218.5,11.104236329584424,77219.0,3.7598700073608375,77218.4,3.9744846429055185,77219.1,3.0535454249139584,77218.3,5.876226707887081,77219.2,4.1780094295523496,77218.2,5.400252065985197,77219.3,7.336478374564852,77218.09999999999,4.356016580385146,77219.40000000001,5.151472993811988,77218.0,11.748905735700845,77219.5,2.2213565438752054,77217.9,2.1799264370854927,77219.6,5.459187408321212,77217.8,3.779846539330318,77219.7,0.7866535860982113
1710000028.6999726,100573,BTCUSDT,77218.7,6.123229397517814,77218.8,5.774702899627192,77218.59999999999,3.9853970260628864,77218.90000000001,13.53078845803903,77218.5,8.54729935147946,77219.0,5.426148967810956,77218.4,6.9585000593414135,77219.1,11.503097812636968,77218.3,2.5855363366079036,77219.2,3.152718388557209,77218.2,4.729673503032807,77219.3,8.018007884089108,77218.09999999999,1.3477137347746488,77219.40000000001,17.745206351676536,77218.0,3.2271925125728567,77219.5,2.5803459235387276,77217.9,1.7853397056816314,77219.6,1.1663697927650039,77217.8,6.272683119466487,77219.7,12.441356262416457
1710000028.7499726,100574,BTCUSDT,77218.8,5.883606187038091,77218.90000000001,6.872333631505484,77218.7,3.439196782626073,77219.00000000001,7.966378593763115,77218.6,3.0170841337539476,77219.1,9.59493369891353,77218.5,9.370664363229299,77219.20000000001,3.482394188541041,77218.40000000001,3.564253930796764,77219.3,4.625798426451517,77218.3,5.231930429791607,77219.40000000001,2.955080003598333,77218.2,4.790723935965224,77219.50000000001,2.61407442583475,77218.1,1.0283590716737334,77219.6,0.8101229979145341,77218.0,0.8265611498369196,77219.70000000001,6.685692861904693,77217.90000000001,13.021258133417223,77219.8,2.2272422998766825
1710000028.7999725,100575,BTCUSDT,77218.8,4.235271003732063,77218.90000000001,6.803208885893627,77218.7,3.8250010723829213,77219.00000000001,6.9789082686179915,77218.6,13.627723366127043,77219.1,3.671124515856606,77218.5,8.18525986853315,77219.20000000001,2.4951320391729492,77218.40000000001,3.8831981280276784,77219.3,2.4695007605839767,77218.3,3.338394232360657,77219.40000000001,2.362400130313177,77218.2,3.0691811372868942,77219.50000000001,3.36186098569871,77218.1,2.2300790472499106,77219.6,5.075693002618358,77218.0,10.445925050860533,77219.70000000001,2.447273626349064,77217.90000000001,0.8544720371149497,77219.8,1.2628052600516138
1710000028.8499725,100576,BTCUSDT,77218.6,4.248366537365072,77218.8,5.989365282310684,77218.5,4.505647269887544,77218.90000000001,14.670280025420677,77218.40000000001,11.4190786484355,77219.0,3.150530098334124,77218.3,5.308085876039373,77219.1,3.419870147991495,77218.20000000001,4.115802844442977,77219.2,10.37734359996768,77218.1,4.598993049773439,77219.3,3.2271556960882277,77218.0,2.132211720253942,77219.40000000001,7.644254120268788,77217.90000000001,4.718179143724547,77219.5,3.324939372500922,77217.8,1.3809654468177621,77219.6,2.027342432200102,77217.70000000001,12.85987653757431,77219.7,2.936626250593236
1710000028.8999724,100577,BTCUSDT,77218.90000000001,6.5477446418286105,77219.00000000001,9.638162277251194,77218.8,4.862722051568676,77219.10000000002,3.9874971240016404,77218.70000000001,6.317291355538286,77219.20000000001,7.1769367878258645,77218.6,7.389163910151569,77219.30000000002,10.947861988187247,77218.50000000001,3.8556035281966237,77219.40000000001,2.3133811467571723,77218.40000000001,14.313679617950084,77219.50000000001,3.8838026342693266,77218.3,5.104773497798364,77219.60000000002,5.590115380759584,77218.20000000001,3.963160954209707,77219.70000000001,1.7189486143273536,77218.1,6.028324467942524,77219.80000000002,6.913503930073638,77218.00000000001,3.2205682737975816,77219.90000000001,2.6821090871020017
1710000028.9499724,100578,BTCUSDT,77218.8,5.089162985084622,77218.90000000001,15.886692704060884,77218.7,9.322927328012737,77219.00000000001,7.514348100617789,77218.6,5.716325302225981,77219.1,3.532651790143488,77218.5,17.75075649797052,77219.20000000001,4.28027499420115,77218.40000000001,2.4523415585868276,77219.3,4.723284997423217,77218.3,9.885830365226518,77219.40000000001,10.331784075455635,77218.2,1.24410593966521,77219.50000000001,9.896617814785596,77218.1,2.0669839568099677,77219.6,0.9590084513930104,77218.0,7.929983635764926,77219.70000000001,8.376484549970902,77217.90000000001,3.6276501778865504,77219.8,3.417338644224751
1710000028.9999723,100579,BTCUSDT,77218.7,9.77290727661965,77218.9,12.4329368906363,77218.59999999999,6.418527398907491,77219.0,16.92420557166953,77218.5,25.035437340295207,77219.09999999999,3.2956579234222096,77218.4,9.97633199291754,77219.2,5.171167036907077,77218.3,3.9612585994289016,77219.29999999999,5.798069802610534,77218.2,1.830370510203875,77219.4,4.4246145460770485,77218.09999999999,9.388379759407432,77219.5,2.1604545086075944,77218.0,3.02322149057517,77219.59999999999,12.019184233174967,77217.9,2.6384100167344893,77219.7,2.1749591013703187,77217.8,2.3231090197459032,77219.79999999999,2.931319018844464
1710000029.0499723,100580,BTCUSDT,77218.8,10.403602584624803,77218.90000000001,6.6518815411590095,77218.7,4.852863332306127,77219.00000000001,7.491203099303609,77218.6,7.859455121978964,77219.1,6.066224830541287,77218.5,2.633123118868999,77219.20000000001,3.1447538955324332,77218.40000000001,3.343556863428689,77219.3,3.328629628931286,77218.3,6.076331150785583,77219.40000000001,1.6740763451783345,77218.2,6.8371348439566,77219.50000000001,2.4334033619079922,77218.1,2.2843813722992596,77219.6,3.8023410766047547,77218.0,1.3730054654904331,77219.70000000001,9.032945650187575,77217.90000000001,0.35693732985374665,77219.8,2.3506996931494504
1710000029.0999722,100581,BTCUSDT,77218.8,7.426825136234358,77219.0,4.9831068459430075,77218.7,5.384154952908418,77219.1,8.106160572327017,77218.6,17.28649002956727,77219.2,11.744894876279034,77218.5,4.076833310308764,77219.3,27.675164536676682,77218.40000000001,2.014043277003937,77219.4,2.1120745495489675,77218.3,8.545462121850033,77219.5,2.489888541222829,77218.2,1.450776437601768,77219.6,2.282765334730102,77218.1,3.0212015286957508,77219.7,6.045731281177798,77218.0,4.316235567317919,77219.8,1.4852470279519356,77217.90000000001,2.7988382486524297,77219.9,10.426350782821181
1710000029.1499722,100582,BTCUSDT,77218.8,3.7431749351234958,77219.0,4.337653126952334,77218.7,8.405693824629804,77219.1,4.012084125474344,77218.6,5.665554893358551,77219.2,3.191598647278961,77218.5,12.547469694771653,77219.3,4.086137806285764,77218.40000000001,11.549612522003919,77219.4,13.592654359674603,77218.3,1.6245900182334994,77219.5,4.095493458583501,77218.2,1.2998604272524619,77219.6,10.774101058162472,77218.1,3.722628204349391,77219.7,1.1116040659557984,77218.0,0.8673791810109429,77219.8,2.334846379014869,77217.90000000001,11.269286274920963,77219.9,4.722446607762304
1710000029.1999722,100583,BTCUSDT,77218.8,5.425707385697468,77219.0,3.7767008559193123,77218.7,17.847803180876223,77219.1,3.269288626736864,77218.6,14.599339678577524,77219.2,4.639753331524753,77218.5,2.440566632908733,77219.3,7.073872251566506,77218.40000000001,17.75763930298328,77219.4,15.481787004876738,77218.3,2.3018779971718804,77219.5,2.399895249689636,77218.2,4.534595600512024,77219.6,5.256770158900359,77218.1,6.17934942695202,77219.7,1.5989307488705986,77218.0,13.17742430052315,77219.8,4.472621198487677,77217.90000000001,7.510496255615788,77219.9,3.106686636071108
1710000029.249972,100584,BTCUSDT,77218.90000000001,11.665824387740566,77219.00000000001,15.85539323540727,77218.8,7.700087409710224,77219.10000000002,6.384607923657709,77218.70000000001,2.814068113643208,77219.20000000001,2.963369815330707,77218.6,3.2968325513972543,77219.30000000002,3.2232210863147825,77218.50000000001,3.1761893926827143,77219.40000000001,3.4549975654450074,77218.40000000001,3.38555776615152,77219.50000000001,3.7826186290515373,77218.3,1.616406737522923,77219.60000000002,1.3731414877147017,77218.20000000001,5.282750042062573,77219.70000000001,3.883006601251698,77218.1,2.74898549952511,77219.80000000002,4.425298774569872,77218.00000000001,7.033594501956404,77219.90000000001,2.2323182379687085
1710000029.299972,100585,BTCUSDT,77218.90000000001,15.879429498446704,77219.00000000001,10.920949250214418,77218.8,5.420509178754685,77219.10000000002,7.339360669975772,77218.70000000001,3.579541027543276,77219.20000000001,6.08867216283175,77218.6,18.322983183227443,77219.30000000002,5.321860578840159,77218.50000000001,12.504312455585543,77219.40000000001,4.092503318377934,77218.40000000001,28.6540212900198,77219.50000000001,5.0625809236996995,77218.3,1.3727533109682306,77219.60000000002,4.734856598348227,77218.20000000001,2.0839776499088902,77219.70000000001,0.9320821955011629,77218.1,7.27820112769877,77219.80000000002,1.6903621068772137,77218.00000000001,6.369311589563396,77219.90000000001,1.359932033250695
1710000029.349972,100586,BTCUSDT,77218.90000000001,7.278948770844739,77219.00000000001,7.366244346649991,77218.8,6.488228909302153,77219.10000000002,13.046123702505916,77218.70000000001,7.288847173487108,77219.20000000001,4.868266930160066,77218.6,10.33304723725357,77219.30000000002,3.198991991902893,77218.50000000001,5.143127238349967,77219.40000000001,14.027202970218289,77218.40000000001,5.527560647697571,77219.50000000001,8.392386956894248,77218.3,5.440190919238615,77219.60000000002,8.514628285483791,77218.20000000001,12.364615603618653,77219.70000000001,2.0748845689088458,77218.1,1.1436853028104161,77219.80000000002,3.046522351796424,77218.00000000001,4.840800976217196,77219.90000000001,1.0308947112075486
1710000029.399972,100587,BTCUSDT,77218.90000000001,5.279890028537547,77219.00000000001,17.476963090623567,77218.8,7.9493472861084875,77219.10000000002,5.252148562412147,77218.70000000001,3.6556258661057806,77219.20000000001,4.5607832301362015,77218.6,3.144544572189437,77219.30000000002,2.8495665773502306,77218.50000000001,11.489557713338751,77219.40000000001,26.213935803027127,77218.40000000001,2.3170542589452103,77219.50000000001,1.8242610014928389,77218.3,2.800305257967704,77219.60000000002,3.6770537055352963,77218.20000000001,1.7167533726260507,77219.70000000001,2.2348504273923395,77218.1,1.2969302547502526,77219.80000000002,6.353495610170306,77218.00000000001,4.98721424979143,77219.90000000001,4.030900402758724
1710000029.449972,100588,BTCUSDT,77218.90000000001,6.583079352640546,77219.00000000001,3.982743506319964,77218.8,5.493985508260129,77219.10000000002,6.6870984181554665,77218.70000000001,5.753193891399938,77219.20000000001,4.407338324284912,77218.6,5.527439778480618,77219.30000000002,15.157360738069643,77218.50000000001,2.922774950950725,77219.40000000001,6.254888660533027,77218.40000000001,1.7774659676603168,77219.50000000001,1.8748990774957184,77218.3,4.410314767938223,77219.60000000002,1.6434544323011022,77218.20000000001,0.8904010448900744,77219.70000000001,1.5526165216303478,77218.1,3.728250298629009,77219.80000000002,5.260687178574797,77218.00000000001,0.9049862634591208,77219.90000000001,4.413608211684025
1710000029.4999719,100589,BTCUSDT,77218.8,7.4020530640083955,77218.90000000001,5.723839047314604,77218.7,7.442948875797368,77219.00000000001,24.43569565388734,77218.6,13.91069227750372,77219.1,2.8171638032478783,77218.5,11.066583159537636,77219.20000000001,2.67521782198815,77218.40000000001,14.234397454883595,77219.3,3.3241718105304385,77218.3,3.52529273200605,77219.40000000001,1.984450109169207,77218.2,1.6763629738146069,77219.50000000001,6.3893344981641365,77218.1,12.353416153325254,77219.6,4.574118406993445,77218.0,5.433012263528069,77219.70000000001,6.141429959395213,77217.90000000001,1.2196616663060709,77219.8,0.18513767455917404
1710000029.5499718,100590,BTCUSDT,77218.7,3.8573764536870954,77218.8,4.391503404247791,77218.59999999999,3.7318354754150582,77218.90000000001,13.054696915471297,77218.5,3.4045346053623406,77219.0,5.885719107115287,77218.4,5.996809837610849,77219.1,5.536573941903351,77218.3,2.4172506337013804,77219.2,3.535587701000611,77218.2,1.8105255251725698,77219.3,3.6145389219337587,77218.09999999999,2.0359712442776416,77219.40000000001,4.498791020944173,77218.0,5.5211344072378425,77219.5,3.838172509660687,77217.9,2.6783179205539804,77219.6,2.359737630364129,77217.8,7.372845246132639,77219.7,0.9906060572729709
1710000029.5999718,100591,BTCUSDT,77218.7,9.266722734364656,77218.8,5.773395311960132,77218.59999999999,4.61130429412723,77218.90000000001,5.7436018659327885,77218.5,3.1913948705950124,77219.0,2.988073074977056,77218.4,2.873347153329913,77219.1,3.228810303320977,77218.3,4.806143633731322,77219.2,9.565522908212678,77218.2,2.674877790126506,77219.3,12.5434543739834,77218.09999999999,13.596193649056534,77219.40000000001,13.967436815144904,77218.0,8.0698536451965,77219.5,2.6091266415513394,77217.9,0.7018431638290139,77219.6,3.7649068053914223,77217.8,3.2719532598213426,77219.7,7.587833781325606
1710000029.6499717,100592,BTCUSDT,77218.40000000001,4.422696691180451,77218.70000000001,3.6192455238787042,77218.3,6.046170923722571,77218.80000000002,6.443388878965887,77218.20000000001,9.770471291740465,77218.90000000001,5.609373084269382,77218.1,12.330118644232327,77219.00000000001,6.356343397103517,77218.00000000001,9.338740655425179,77219.1,2.642091854854856,77217.90000000001,9.333369470494848,77219.20000000001,6.0974912947982105,77217.8,1.94644151834563,77219.30000000002,2.0417166815510153,77217.70000000001,11.24191318067669,77219.40000000001,0.9309827850478688,77217.6,2.883566127505283,77219.50000000001,1.904452240610218,77217.50000000001,4.375423752216155,77219.6,7.321071258424125
1710000029.6999717,100593,BTCUSDT,77218.5,5.826794798370881,77218.6,19.65130557154703,77218.4,9.328361666872855,77218.70000000001,12.300040443719489,77218.3,5.110442456609082,77218.8,3.866690388793167,77218.2,4.523184625257745,77218.90000000001,7.436418990178459,77218.1,2.4635761055952856,77219.0,3.261414247343425,77218.0,1.7910335684559964,77219.1,3.864985052501525,77217.9,8.228174071790127,77219.20000000001,1.2998917295270176,77217.8,5.299704238231245,77219.3,11.58226625862533,77217.7,1.481610825239816,77219.40000000001,5.131910230111197,77217.6,14.771855311327503,77219.5,13.110053579919727
1710000029.7499716,100594,BTCUSDT,77218.6,8.086335240769909,77218.70000000001,5.2383647612131075,77218.5,3.9442434680728153,77218.80000000002,6.677257341131816,77218.40000000001,5.4441176560611595,77218.90000000001,8.020098568245249,77218.3,4.7290006451858995,77219.00000000001,4.0538259855713275,77218.20000000001,3.389607020431203,77219.1,2.950340929039445,77218.1,2.8356030940847443,77219.20000000001,1.998531969754877,77218.0,2.9038368045315215,77219.30000000002,1.3490210031918362,77217.90000000001,1.6252138160676712,77219.40000000001,6.29383547245125,77217.8,1.9749505105322704,77219.50000000001,4.813337886306195,77217.70000000001,5.047596766242411,77219.6,3.4813072093852075
1710000029.7999716,100595,BTCUSDT,77218.6,3.686692157529453,77218.90000000001,8.967619663137986,77218.5,15.955971595826881,77219.00000000001,11.129890352964257,77218.40000000001,3.535175481126982,77219.1,4.382971923572193,77218.3,3.1571518955175604,77219.20000000001,6.07826801011678,77218.20000000001,6.981790908656285,77219.3,3.525473732387293,77218.1,4.701826796567039,77219.40000000001,6.296627921326143,77218.0,3.3881595052546025,77219.50000000001,8.897020143657622,77217.90000000001,6.705750510826445,77219.6,1.0674044261747886,77217.8,4.282198932090815,77219.70000000001,1.4732203701629127,77217.70000000001,3.261424365881087,77219.8,12.575856661805929
1710000029.8499715,100596,BTCUSDT,77218.5,4.6684117680685,77218.7,6.641550950900264,77218.4,3.6852751559477777,77218.8,6.387591598350374,77218.3,2.8053381183175894,77218.9,4.365359151800556,77218.2,3.393508599226009,77219.0,16.592130135834402,77218.1,7.196685981741117,77219.09999999999,3.7209991895926224,77218.0,1.9897681832013765,77219.2,4.509303452384787,77217.9,2.16038516835266,77219.3,4.2751876039738335,77217.8,8.016033223788792,77219.4,4.626290573451472,77217.7,4.418176095739212,77219.5,3.515084241370303,77217.6,10.483765110209106,77219.59999999999,10.747269941633437
1710000029.8999715,100597,BTCUSDT,77218.5,5.059747272806133,77218.6,6.06168651124141,77218.4,4.025922175153603,77218.70000000001,7.246191120858907,77218.3,5.573327476713219,77218.8,3.236137815526929,77218.2,3.2808303674547994,77218.90000000001,5.012875764891936,77218.1,10.742373595911824,77219.0,5.342445713308617,77218.0,6.176970803091123,77219.1,3.2561785272357766,77217.9,4.589031113174859,77219.20000000001,3.5723374146244256,77217.8,5.105015398890748,77219.3,1.0075973480993352,77217.7,3.1193463730388284,77219.40000000001,1.8038657889247585,77217.6,1.5791991096018663,77219.5,12.968314925189294
1710000029.9499714,100598,BTCUSDT,77218.5,11.551884297297693,77218.6,5.756009430700182,77218.4,8.648206905564555,77218.70000000001,10.962173056339264,77218.3,4.284349543045659,77218.8,4.79526005338246,77218.2,4.163682509848649,77218.90000000001,9.555593670598748,77218.1,2.1814410323177027,77219.0,3.4751120737990937,77218.0,6.150350926397586,77219.1,4.933717228831098,77217.9,3.4928568301260476,77219.20000000001,4.305664985253955,77217.8,1.680515329738294,77219.3,3.0535077600903007,77217.7,3.1862358497081495,77219.40000000001,9.658190314459949,77217.6,1.2089373140576538,77219.5,8.094619894545373
1710000029.9999714,100599,BTCUSDT,77218.40000000001,3.682202218452201,77218.50000000001,8.758577944060315,77218.3,3.344796940280089,77218.60000000002,26.98004454131519,77218.20000000001,11.042846199097946,77218.70000000001,4.211549916304481,77218.1,3.590451440643257,77218.80000000002,4.3214513294337555,77218.00000000001,3.7612633976113914,77218.90000000001,3.8630127384561073,77217.90000000001,3.1325247848677686,77219.00000000001,5.4822845313059165,77217.8,1.9177684114722913,77219.10000000002,8.682724825292103,77217.70000000001,7.493825934411077,77219.20000000001,3.388744690002956,77217.6,8.061949625907118,77219.30000000002,1.5355309033021491,77217.50000000001,0.1,77219.40000000001,3.862007151237545
1710000030.0499713,100600,BTCUSDT,77218.5,17.616320353960266,77218.6,7.625443197629293,77218.4,8.976636207700137,77218.70000000001,3.550119209703133,77218.3,3.500822547928501,77218.8,8.085095898686882,77218.2,4.658069318267824,77218.90000000001,4.762111621596009,77218.1,3.476191447275006,77219.0,5.739411626871768,77218.0,2.419078783849068,77219.1,5.543809729129562,77217.9,1.9636680829674107,77219.20000000001,1.463815837686282,77217.8,2.4040462915321896,77219.3,1.8513873019765557,77217.7,9.192599008742032,77219.40000000001,0.6260843901436626,77217.6,0.777319196379711,77219.5,3.182665662218877
1710000030.0999713,100601,BTCUSDT,77218.5,3.787746010222397,77218.6,3.6291154188823036,77218.4,20.91410619282878,77218.70000000001,7.50155267788386,77218.3,4.619080243713967,77218.8,5.342776667264175,77218.2,3.6399840571123887,77218.90000000001,4.091709461035649,77218.1,6.188383003662493,77219.0,10.575896319347475,77218.0,2.414001114902292,77219.1,8.93937371488611,77217.9,1.7184153401430473,77219.20000000001,2.168246619967875,77217.8,0.9515356265960728,77219.3,1.4070694451880061,77217.7,10.37029484923054,77219.40000000001,2.860589284273514,77217.6,0.323390860793528,77219.5,12.848279952714666
1710000030.1499712,100602,BTCUSDT,77218.5,8.284618332196432,77218.7,11.753482459302607,77218.4,9.576455032266677,77218.8,4.901620766046177,77218.3,8.755941098106677,77218.9,4.017719769333625,77218.2,3.9935140876869806,77219.0,2.8567338152290676,77218.1,12.93818964680099,77219.09999999999,3.3756179853050274,77218.0,4.5410672763866415,77219.2,3.5859347607002503,77217.9,14.068321808409518,77219.3,2.8321687292837945,77217.8,6.830158318490765,77219.4,8.535582779758535,77217.7,2.688014285045566,77219.5,2.3003658137009073,77217.6,5.509272210882599,77219.59999999999,9.762608983433243
1710000030.1999712,100603,BTCUSDT,77218.40000000001,4.630558872014831,77218.6,12.3680317385893,77218.3,5.161358720175398,77218.70000000001,6.634252142771765,77218.20000000001,9.921750083261264,77218.8,3.63496489514882,77218.1,8.539365615403785,77218.90000000001,6.026973789434762,77218.00000000001,10.952497868096206,77219.0,2.7548255146800047,77217.90000000001,3.7836165542052975,77219.1,8.75528937602966,77217.8,1.2776761536068117,77219.20000000001,1.6760413043224782,77217.70000000001,19.453406600597123,77219.3,2.116206748611904,77217.6,15.243386906008158,77219.40000000001,1.2061718858461554,77217.50000000001,1.791994534645473,77219.5,5.5913540689297525
1710000030.2499712,100604,BTCUSDT,77218.5,11.017275158921386,77218.6,4.671248837158795,77218.4,5.536962512468078,77218.70000000001,3.8758162076640548,77218.3,6.424783385785976,77218.8,3.9536329402899053,77218.2,4.024913983718379,77218.90000000001,4.948963615755733,77218.1,2.108541776884717,77219.0,2.385770200826718,77218.0,6.232547626872137,77219.1,3.841253990135219,77217.9,9.203711182009751,77219.20000000001,5.945474729251754,77217.8,0.8325357302703655,77219.3,4.635877908516396,77217.7,0.7936493567790454,77219.40000000001,6.473513922367551,77217.6,19.074376112596134,77219.5,3.0303058748488567
1710000030.299971,100605,BTCUSDT,77218.7,4.683636307118313,77218.8,5.9021517067046005,77218.59999999999,10.954416912254842,77218.90000000001,3.9329180246030147,77218.5,4.034455042127953,77219.0,5.158275470388657,77218.4,7.382637521122982,77219.1,4.285675832096944,77218.3,12.509510878170211,77219.2,2.396882287307174,77218.2,3.4532511162451343,77219.3,6.5370974911504245,77218.09999999999,2.2246652276401084,77219.40000000001,5.473261259803742,77218.0,1.5175448759565038,77219.5,1.0304329134972052,77217.9,0.9159530468677507,77219.6,11.036170707036545,77217.8,3.209624544987431,77219.7,6.365326804318163
1710000030.349971,100606,BTCUSDT,77218.7,15.255721458746223,77218.8,9.1065586491787,77218.59999999999,8.445380354069512,77218.90000000001,3.389847918013247,77218.5,5.991095586535463,77219.0,5.316871283958063,77218.4,12.915603258243296,77219.1,3.5900784817083213,77218.3,3.257930498737993,77219.2,4.119668508277336,77218.2,2.7155221508893432,77219.3,2.153297925989289,77218.09999999999,8.991263561531644,77219.40000000001,4.468284854040586,77218.0,8.703576981593685,77219.5,7.914617242393891,77217.9,1.7253788065265923,77219.6,3.573969569615745,77217.8,0.3475409699181755,77219.7,9.872287053680417
1710000030.399971,100607,BTCUSDT,77218.90000000001,5.6013643424353585,77219.00000000001,5.042475820302671,77218.8,5.669664209313535,77219.10000000002,4.360122707971316,77218.70000000001,4.67906917460032,77219.20000000001,9.236692761601917,77218.6,9.589231418404808,77219.30000000002,3.8506713340951,77218.50000000001,4.532081737167008,77219.40000000001,10.280176188075174,77218.40000000001,1.8164451789135956,77219.50000000001,10.398127580439489,77218.3,2.1896647798837217,77219.60000000002,5.7395192349629545,77218.20000000001,4.294378264134801,77219.70000000001,4.020256555066656,77218.1,8.246213772473485,77219.80000000002,0.8284354776390863,77218.00000000001,1.704884273720502,77219.90000000001,3.0909504304324424
1710000030.449971,100608,BTCUSDT,77218.90000000001,5.6408931041481605,77219.1,4.43752404624081,77218.8,8.891608333416947,77219.20000000001,3.581195885956564,77218.70000000001,5.692507447816434,77219.3,3.064028407041655,77218.6,4.16282242752193,77219.40000000001,6.0759454373257675,77218.50000000001,5.24876391596019,77219.5,4.074459645981328,77218.40000000001,3.841800501397223,77219.6,2.628712619867616,77218.3,3.6343609012456333,77219.70000000001,13.452179577312595,77218.20000000001,8.400576018078866,77219.8,1.427704834541216,77218.1,0.5209329622579895,77219.90000000001,11.243676011725626,77218.00000000001,2.992523841515362,77220.0,3.0873576694136444
1710000030.499971,100609,BTCUSDT,77218.8,5.111529964112307,77219.0,6.230406456401521,77218.7,17.05181199746259,77219.1,7.6607803487763135,77218.6,3.4677383366491665,77219.2,3.3719114724299892,77218.5,3.3139550377446563,77219.3,8.221920566348347,77218.40000000001,3.4003695056969496,77219.4,2.0864836118660595,77218.3,13.142088318882353,77219.5,2.343937425342005,77218.2,1.2384166351487262,77219.6,2.282678971047759,77218.1,1.8716683043336733,77219.7,2.9927619794367812,77218.0,10.52245379726433,77219.8,8.853976593811401,77217.90000000001,2.441807152725196,77219.9,2.116636676710626
1710000030.5499709,100610,BTCUSDT,77218.90000000001,6.306051954855206,77219.00000000001,3.674424948604481,77218.8,3.840462520236382,77219.10000000002,5.1002564866532,77218.70000000001,7.404644770463012,77219.20000000001,3.837251673775736,77218.6,4.599752198406442,77219.30000000002,5.659858958334265,77218.50000000001,10.778242322153709,77219.40000000001,3.578519105601296,77218.40000000001,2.1734416594446264,77219.50000000001,4.2876742497129765,77218.3,6.693064026551348,77219.60000000002,1.6655050092982258,77218.20000000001,3.0113397616148445,77219.70000000001,0.8717807899008604,77218.1,0.5365408606387143,77219.80000000002,3.0384888079916257,77218.00000000001,1.416411863823,77219.90000000001,7.460090613710075
1710000030.5999708,100611,BTCUSDT,77218.8,6.020054120334681,77218.90000000001,5.696557918161629,77218.7,5.950613040779503,77219.00000000001,3.365116859504303,77218.6,11.731988234311405,77219.1,28.31594026839724,77218.5,3.2010646085125583,77219.20000000001,2.913074613900887,77218.40000000001,2.619965628651303,77219.3,6.32733997035116,77218.3,5.932225705103226,77219.40000000001,9.13350380072944,77218.2,6.774506924268776,77219.50000000001,3.5890917185443474,77218.1,4.595827652205985,77219.6,5.462659650772588,77218.0,3.275800693916625,77219.70000000001,2.9823910246957888,77217.90000000001,4.143648087821372,77219.8,3.261029198995837
1710000030.6499708,100612,BTCUSDT,77218.90000000001,7.717877012193636,77219.00000000001,6.533731329394619,77218.8,7.780260568094615,77219.10000000002,5.587582250266449,77218.70000000001,3.9065529942193264,77219.20000000001,2.8056769070397882,77218.6,5.683596286520016,77219.30000000002,5.97279004523682,77218.50000000001,16.309204166523816,77219.40000000001,3.794398686312919,77218.40000000001,3.6043807589693526,77219.50000000001,2.501582247460994,77218.3,1.4925814757495723,77219.60000000002,7.1277774690012,77218.20000000001,1.9490276611853101,77219.70000000001,4.555217705683977,77218.1,5.056099621846185,77219.80000000002,2.948857484958363,77218.00000000001,8.361269495748175,77219.90000000001,2.3464722469934185
1710000030.6999707,100613,BTCUSDT,77218.90000000001,12.654054600909612,77219.00000000001,11.509396829252038,77218.8,3.9166978024933337,77219.10000000002,3.3052158156662776,77218.70000000001,3.177179229815714,77219.20000000001,4.150557101285537,77218.6,16.73949086841052,77219.30000000002,5.670455386432717,77218.50000000001,3.8689050438121138,77219.40000000001,10.782682547368402,77218.40000000001,4.014222970011028,77219.50000000001,3.1147394561659842,77218.3,12.535782403067639,77219.60000000002,8.775638340092893,77218.20000000001,8.223102917808097,77219.70000000001,3.672094133129752,77218.1,6.631908105856859,77219.80000000002,1.190650652927498,77218.00000000001,3.4059742038574132,77219.90000000001,16.502331223658437
1710000030.7499707,100614,BTCUSDT,77218.90000000001,3.7624784067709585,77219.00000000001,9.359107954080688,77218.8,3.938428560084124,77219.10000000002,7.192971355769004,77218.70000000001,3.1582294897174337,77219.20000000001,14.539858224071711,77218.6,3.779685085825797,77219.30000000002,3.427135850139741,77218.50000000001,2.553079682678427,77219.40000000001,13.67524740253018,77218.40000000001,6.5778425082137915,77219.50000000001,7.013928689177842,77218.3,3.9678280474090952,77219.60000000002,3.775354586082776,77218.20000000001,1.266230740282234,77219.70000000001,4.082477883469903,77218.1,1.5343166442436544,77219.80000000002,15.514399714749329,77218.00000000001,6.3699483714041945,77219.90000000001,2.1308677326746586
1710000030.7999706,100615,BTCUSDT,77219.0,9.754644766402182,77219.1,4.120679701423075,77218.9,4.039595371433629,77219.20000000001,4.15059557661259,77218.8,6.055754692811032,77219.3,8.986916519309629,77218.7,3.9093470540778656,77219.40000000001,2.7538816803397284,77218.6,4.498504875935512,77219.5,7.515055008427148,77218.5,2.6023870793153856,77219.6,2.5934585227760336,77218.4,12.967024403570036,77219.70000000001,13.529845491951697,77218.3,19.411451276522506,77219.8,7.393954272947236,77218.2,1.2339270954628514,77219.90000000001,1.3529349545474563,77218.1,1.6634271089726804,77220.0,1.5316798699646623
1710000030.8499706,100616,BTCUSDT,77219.0,4.422998938841543,77219.3,13.210751568234159,77218.9,10.238029913864017,77219.40000000001,3.914793352714581,77218.8,10.99705659967438,77219.5,4.071177244372461,77218.7,2.7373097279726126,77219.6,6.678027636605661,77218.6,6.243008379918927,77219.7,2.3989808422093635,77218.5,3.1359015539327064,77219.8,21.34273967839511,77218.4,5.738118659674596,77219.90000000001,6.438447014279764,77218.3,1.7576877408138487,77220.0,1.1282345942873908,77218.2,1.696840362420589,77220.1,1.5448573214798307,77218.1,1.0691347037070646,77220.2,0.8565088927908485
1710000030.8999705,100617,BTCUSDT,77219.1,5.190603728891565,77219.20000000001,10.466868070689953,77219.0,4.013105948726432,77219.30000000002,5.699166844500578,77218.90000000001,2.8550078507896988,77219.40000000001,5.428667790346733,77218.8,2.629831005318731,77219.50000000001,17.61689400316999,77218.70000000001,8.253885564940227,77219.6,4.69425263518529,77218.6,1.962270151711174,77219.70000000001,5.190321870529933,77218.5,6.887914152461855,77219.80000000002,2.0464276845476563,77218.40000000001,4.159248309636739,77219.90000000001,7.5325724434023,77218.3,6.248345940551972,77220.00000000001,6.898044130496602,77218.20000000001,8.45856497942534,77220.1,11.102026438749549
1710000030.9499705,100618,BTCUSDT,77219.2,8.377936048518603,77219.3,25.232732742894413,77219.09999999999,3.2550882078030257,77219.40000000001,4.954846075564204,77219.0,4.119731049787342,77219.5,4.016958108983571,77218.9,3.4068397645089035,77219.6,7.339430688811842,77218.8,2.3542735100548846,77219.7,7.413122778981219,77218.7,6.329182407456123,77219.8,2.7550192972488876,77218.59999999999,2.3658704244204647,77219.90000000001,5.1647100248800815,77218.5,6.544815177875546,77220.0,9.165590545916803,77218.4,8.04594579655216,77220.1,13.796279076338616,77218.3,3.483213543430126,77220.2,9.57247150995935
1710000030.9999704,100619,BTCUSDT,77219.2,12.602537782773599,77219.4,3.6467788748464454,77219.09999999999,16.714182546168765,77219.5,5.7662449536249545,77219.0,9.201575524522797,77219.59999999999,3.3442142566225903,77218.9,4.416334249262522,77219.7,3.6668546303154255,77218.8,3.3793173553030957,77219.79999999999,2.526159199853757,77218.7,8.154722009090172,77219.9,1.6371411590756377,77218.59999999999,2.6988055476237367,77220.0,1.9666306188204017,77218.5,4.357027259921134,77220.09999999999,1.9734723093402755,77218.4,1.5990102721245587,77220.2,3.0803652384735845,77218.3,4.230139040405305,77220.29999999999,0.5172683620031054
1710000031.0499704,100620,BTCUSDT,77219.40000000001,4.70587570284029,77219.50000000001,6.2969839566224355,77219.3,3.5080390026370107,77219.60000000002,3.341440028153156,77219.20000000001,5.329966203552736,77219.70000000001,4.8343743831685,77219.1,2.988807672520242,77219.80000000002,7.053901740148393,77219.00000000001,21.792609167199444,77219.90000000001,4.01438607527637,77218.90000000001,5.5186118968480855,77220.00000000001,14.784749485060942,77218.8,8.324108409380162,77220.10000000002,3.6911442495249616,77218.70000000001,6.1498565542099985,77220.20000000001,1.3484829189529544,77218.6,3.2706108574057398,77220.30000000002,1.708798989533435,77218.50000000001,0.70295876141083,77220.40000000001,2.2224615446742697
1710000031.0999703,100621,BTCUSDT,77219.3,8.402382163814856,77219.40000000001,6.0369895478395845,77219.2,6.229843772382292,77219.50000000001,3.8330575653095447,77219.1,3.402229658479275,77219.6,6.302663205576161,77219.0,19.201420577695295,77219.70000000001,2.8048126034492706,77218.90000000001,3.3459849476052446,77219.8,10.144275272191026,77218.8,1.9000668232694786,77219.90000000001,9.946210143647786,77218.7,4.171753642863004,77220.00000000001,3.29879750918222,77218.6,2.2824033532157575,77220.1,2.210260222321123,77218.5,1.8599955823922913,77220.20000000001,9.044449102096516,77218.40000000001,5.1464510747789936,77220.3,4.4312944255486
1710000031.1499703,100622,BTCUSDT,77219.3,6.065235246738789,77219.5,9.701152482176113,77219.2,4.679944645443002,77219.6,7.322079799098615,77219.1,11.355489507161677,77219.7,4.857664756516996,77219.0,2.6757804363709203,77219.8,5.303101530469258,77218.90000000001,3.6984234433455963,77219.9,6.461716170394263,77218.8,13.666428561460483,77220.0,4.259081105915314,77218.7,3.710862958941861,77220.1,5.4520324313746436,77218.6,1.2370168053073893,77220.2,1.969471810506784,77218.5,10.45220366456901,77220.3,4.833954962970375,77218.40000000001,0.1,77220.4,0.9157686862518684
1710000031.1999702,100623,BTCUSDT,77219.2,9.382465770005982,77219.3,10.92681671155547,77219.09999999999,4.582243755060977,77219.40000000001,13.89625319637452,77219.0,6.020311540448159,77219.5,7.570009005353752,77218.9,6.03268377483799,77219.6,2.923807710596173,77218.8,15.199764320690308,77219.7,2.5244257061618978,77218.7,2.776850501535505,77219.8,8.320039839717404,77218.59999999999,5.0555944765952585,77219.90000000001,8.484320567402376,77218.5,3.70050182166712,77220.0,2.692791608376555,77218.4,10.59627054564937,77220.1,0.5477030351684045,77218.3,7.755386786186236,77220.2,1.0497095488152206
1710000031.2499702,100624,BTCUSDT,77219.2,12.360881739257355,77219.4,6.166317011981721,77219.09999999999,8.690618014304114,77219.5,9.732292503111557,77219.0,8.134719731751185,77219.59999999999,13.178693400388537,77218.9,4.768390233606471,77219.7,3.160409100909524,77218.8,2.1959672055378108,77219.79999999999,3.1318920148958487,77218.7,2.218191386191209,77219.9,4.8653177360925834,77218.59999999999,2.018000388338307,77220.0,1.3588475573660161,77218.5,0.9466137338445613,77220.09999999999,7.924928269903462,77218.4,3.980563221383365,77220.2,2.1731994124513734,77218.3,8.98587939578667,77220.29999999999,0.2911285012037006
1710000031.2999701,100625,BTCUSDT,77219.0,7.431491542786493,77219.3,4.410738351779666,77218.9,7.746117762538884,77219.40000000001,8.965220496998999,77218.8,5.043866282922883,77219.5,10.711371431259963,77218.7,3.0535238263171527,77219.6,3.7075636062798454,77218.6,2.3926232902009774,77219.7,2.947336567973346,77218.5,2.6910625082380673,77219.8,11.586290902645388,77218.4,1.5253161231182886,77219.90000000001,3.430377171450249,77218.3,3.8405569676716746,77220.0,9.958401198069021,77218.2,24.69281378277136,77220.1,5.999757974519851,77218.1,14.13311230056288,77220.2,6.187752106656526
1710000031.34997,100626,BTCUSDT,77219.0,5.656124269479779,77219.3,7.760588132898995,77218.9,4.927555706628391,77219.40000000001,4.477428105493309,77218.8,6.245309758463633,77219.5,13.642326211231191,77218.7,2.54243357559393,77219.6,8.26535580323238,77218.6,7.131014805425576,77219.7,15.291773749885014,77218.5,12.277889297281051,77219.8,7.345848937922225,77218.4,4.139284523921341,77219.90000000001,2.1139690871685173,77218.3,3.9519042261032444,77220.0,6.59867493679212,77218.2,9.44075511875184,77220.1,6.6371092121687,77218.1,0.8689786122579176,77220.2,3.6620272991190883
1710000031.39997,100627,BTCUSDT,77219.1,3.6369932055922836,77219.20000000001,4.4936790367677055,77219.0,3.680636349632359,77219.30000000002,10.598888199944277,77218.90000000001,3.996354196786772,77219.40000000001,4.140201617386136,77218.8,15.269165502972157,77219.50000000001,4.306255429771965,77218.70000000001,2.0385275124418567,77219.6,3.335441033970491,77218.6,2.1081510278431623,77219.70000000001,2.0339440764397674,77218.5,1.5226165021269669,77219.80000000002,4.798319262798083,77218.40000000001,1.6396643036395653,77219.90000000001,2.592923424732236,77218.3,8.322519919279225,77220.00000000001,2.608939355695856,77218.20000000001,9.893083240494652,77220.1,2.7561270691726696
1710000031.44997,100628,BTCUSDT,77219.1,3.974950552707774,77219.20000000001,7.821909069424516,77219.0,5.869455487018042,77219.30000000002,9.450508353355453,77218.90000000001,12.720671773342819,77219.40000000001,4.766490598181226,77218.8,6.029423334748026,77219.50000000001,5.178165630534359,77218.70000000001,17.98393557247411,77219.6,9.113424562563356,77218.6,11.309769239566162,77219.70000000001,2.7739426567809833,77218.5,7.122884772424879,77219.80000000002,2.434115322639092,77218.40000000001,1.7365274765714331,77219.90000000001,12.3486710798065,77218.3,0.47797272092834187,77220.00000000001,13.854300665947056,77218.20000000001,0.6466037992695666,77220.1,6.846726091506342
1710000031.49997,100629,BTCUSDT,77219.1,5.327456015988133,77219.20000000001,4.577252777946017,77219.0,6.722864732405933,77219.30000000002,4.911429092207061,77218.90000000001,7.084685506348267,77219.40000000001,2.8630841176810877,77218.8,2.6661615972345136,77219.50000000001,2.8199363581989805,77218.70000000001,4.1719746141288,77219.6,8.745193164002984,77218.6,10.363384624756414,77219.70000000001,2.7231475429236776,77218.5,4.616736827313369,77219.80000000002,7.0503695621156455,77218.40000000001,2.163371905162053,77219.90000000001,2.9038094103441834,77218.3,3.3691329207234126,77220.00000000001,0.9795243851313217,77218.20000000001,0.1053031863141322,77220.1,0.6633013671943073
1710000031.54997,100630,BTCUSDT,77219.1,4.451284402199407,77219.20000000001,13.288619399804839,77219.0,3.277951166934486,77219.30000000002,7.438704050480163,77218.90000000001,4.740689539128579,77219.40000000001,7.266885973109009,77218.8,5.953649094163581,77219.50000000001,3.4118281288608623,77218.70000000001,9.514749982505394,77219.6,4.708625924885046,77218.6,8.515950456458382,77219.70000000001,3.683588258144684,77218.5,17.91583483001162,77219.80000000002,7.087223529481743,77218.40000000001,14.319725081075537,77219.90000000001,3.688874592490543,77218.3,2.9674681504448217,77220.00000000001,6.033404275980162,77218.20000000001,8.490774713534963,77220.1,13.313177794697047
1710000031.5999699,100631,BTCUSDT,77219.1,10.011926672471288,77219.20000000001,4.546159519271487,77219.0,6.354883831772156,77219.30000000002,3.9930630840064354,77218.90000000001,4.507147408624623,77219.40000000001,13.515424145202683,77218.8,3.0317211866283635,77219.50000000001,6.403049294331979,77218.70000000001,5.595318993283124,77219.6,2.5146910434715473,77218.6,3.1779763048881895,77219.70000000001,4.911119044073913,77218.5,2.028975539290961,77219.80000000002,7.650244265881807,77218.40000000001,15.124624301871387,77219.90000000001,1.7670604451888159,77218.3,1.2276635636248896,77220.00000000001,2.827401428392827,77218.20000000001,5.509580740284764,77220.1,1.3229184457244205
1710000031.6499698,100632,BTCUSDT,77219.1,5.585566884866754,77219.20000000001,5.779836769305483,77219.0,17.082410695965017,77219.30000000002,7.944631239899575,77218.90000000001,7.880050487802656,77219.40000000001,6.108561625501764,77218.8,17.093475212543062,77219.50000000001,7.070132593606171,77218.70000000001,11.016427590124096,77219.6,6.807617988770539,77218.6,6.913850493641583,77219.70000000001,2.9722769603027857,77218.5,2.6466276075979414,77219.80000000002,7.311148754650445,77218.40000000001,2.2079227123187257,77219.90000000001,4.109184273938681,77218.3,1.5472754386777159,77220.00000000001,7.192713260052739,77218.20000000001,0.46838916385672047,77220.1,7.074828271786641
1710000031.6999698,100633,BTCUSDT,77219.1,4.427651609397242,77219.20000000001,6.723853435132482,77219.0,4.527922840923942,77219.30000000002,4.763098187386752,77218.90000000001,4.532546067460253,77219.40000000001,3.0616510664638046,77218.8,19.46385943677027,77219.50000000001,2.5281702046757837,77218.70000000001,6.344722016293176,77219.6,3.855944031654767,77218.6,5.753949746967271,77219.70000000001,3.3617684534300714,77218.5,5.680373204869044,77219.80000000002,6.426023498256239,77218.40000000001,5.49186913355914,77219.90000000001,1.2839816754668119,77218.3,4.678854444088353,77220.00000000001,1.713947098786734,77218.20000000001,0.11689707956058082,77220.1,2.143416095481238
1710000031.7499697,100634,BTCUSDT,77219.2,5.0775577791338495,77219.3,5.114984131088775,77219.09999999999,3.4498523320295096,77219.40000000001,7.843924226395648,77219.0,6.155708822165579,77219.5,4.51959545988508,77218.9,7.285682937671361,77219.6,5.483204800320779,77218.8,4.5338186233047715,77219.7,4.864226793258057,77218.7,5.646233028290425,77219.8,5.915269287659198,77218.59999999999,2.5640940993421992,77219.90000000001,1.8067505582367427,77218.5,1.4814178653724859,77220.0,4.879842774883608,77218.4,8.650283760319809,77220.1,2.507117363267312,77218.3,0.7430065006141825,77220.2,5.652237450521351
1710000031.7999697,100635,BTCUSDT,77219.2,12.100516185181444,77219.4,7.334067300068183,77219.09999999999,11.085321759795363,77219.5,3.262140016739953,77219.0,3.253731154829762,77219.59999999999,3.18858214719738,77218.9,7.38758641679641,77219.7,2.688484395211797,77218.8,4.743608934463785,77219.79999999999,4.5599948619005595,77218.7,3.088335203582474,77219.9,9.773369549552795,77218.59999999999,1.9474065776810154,77220.0,2.938316044915307,77218.5,6.751917669763907,77220.09999999999,0.92357871180556,77218.4,4.870573753534195,77220.2,7.179933668883391,77218.3,10.76877663110907,77220.29999999999,8.359475365743146
1710000031.8499696,100636,BTCUSDT,77219.2,4.792923415141492,77219.3,3.995845816893648,77219.09999999999,4.714439577552469,77219.40000000001,11.523761488139638,77219.0,4.505734718219204,77219.5,6.101215016453141,77218.9,4.672271562944465,77219.6,4.8567268525809,77218.8,15.969574981717553,77219.7,3.404785448186581,77218.7,5.548188517586052,77219.8,3.7793409291145936,77218.59999999999,1.452381957039725,77219.90000000001,3.8881332738142227,77218.5,7.513937335243035,77220.0,1.2159035373946714,77218.4,0.6885276613773987,77220.1,1.0672018364471887,77218.3,5.782481199978965,77220.2,5.149350757166261
1710000031.8999696,100637,BTCUSDT,77219.2,6.126149807297919,77219.3,12.368678828282066,77219.09999999999,9.021683088951146,77219.40000000001,9.884024757575485,77219.0,9.512201311300055,77219.5,6.91691010907042,77218.9,4.850065040157027,77219.6,10.4003853082452,77218.8,12.415161714735541,77219.7,2.096375944570975,77218.7,1.8117253758393228,77219.8,14.351766720854444,77218.59999999999,2.4982729226569904,77219.90000000001,9.465925621712326,77218.5,2.7692922206769786,77220.0,1.3072449290587258,77218.4,0.7354538574828291,77220.1,1.080818966751227,77218.3,1.1501587029886369,77220.2,2.681774307187842
1710000031.9499695,100638,BTCUSDT,77219.2,6.52077974547863,77219.3,6.551036235363508,77219.09999999999,6.301199531725352,77219.40000000001,6.117093015327143,77219.0,2.835253919702695,77219.5,2.8069052453126675,77218.9,2.8110835670807175,77219.6,2.8283662897528314,77218.8,6.881722090077869,77219.7,2.917230201713678,77218.7,10.604303268441999,77219.8,12.158184252417156,77218.59999999999,16.101068163328215,77219.90000000001,12.392860683465841,77218.5,2.069203354370258,77220.0,3.651578290307146,77218.4,1.1716940951781587,77220.1,6.963913604230943,77218.3,8.77247346268472,77220.2,7.622997492684906
1710000031.9999695,100639,BTCUSDT,77219.2,9.286424338539748,77219.3,4.010697260580515,77219.09999999999,3.3643079857021214,77219.40000000001,8.797298174633678,77219.0,5.016013190167354,77219.5,24.458743877557477,77218.9,2.8092571553996435,77219.6,10.141439085131132,77218.8,4.615575606586134,77219.7,9.021328974704183,77218.7,8.395859596476022,77219.8,11.50737305116843,77218.59999999999,2.6144329545663316,77219.90000000001,13.166909492497695,77218.5,1.4579279394530853,77220.0,1.1420955104158081,77218.4,2.6598287328957797,77220.1,7.448561167861935,77218.3,2.5654166370409466,77220.2,7.071078424503663
1710000032.0499694,100640,BTCUSDT,77219.2,5.795161487952558,77219.3,4.354169336278071,77219.09999999999,4.973583061312744,77219.40000000001,4.0574014810444,77219.0,3.7120539381546305,77219.5,3.628376323558453,77218.9,5.085678807107271,77219.6,8.796591497969809,77218.8,5.366310656236783,77219.7,10.947436179639748,77218.7,5.648393515923257,77219.8,6.276226338553547,77218.59999999999,5.60575186527447,77219.90000000001,3.5874167949732048,77218.5,5.476209684587018,77220.0,1.0890259643709164,77218.4,8.260210015428777,77220.1,6.416928216931001,77218.3,1.125368626265859,77220.2,5.844631224509707
1710000032.0999694,100641,BTCUSDT,77219.1,4.579750159872259,77219.20000000001,3.8694221591750044,77219.0,9.260638816405846,77219.30000000002,8.84028565118194,77218.90000000001,9.520214624589377,77219.40000000001,2.8179670648803095,77218.8,5.182462712606123,77219.50000000001,7.280899256361944,77218.70000000001,2.675573891606512,77219.6,6.196897527159801,77218.6,1.9514364691401087,77219.70000000001,2.4002765800074117,77218.5,3.783503648703083,77219.80000000002,5.44024203543153,77218.40000000001,1.430683399232493,77219.90000000001,1.619364915410285,77218.3,1.3148680522769376,77220.00000000001,1.4909153507077475,77218.20000000001,1.0275969124152085,77220.1,2.0110932466172216
1710000032.1499693,100642,BTCUSDT,77219.2,8.681426414595022,77219.3,4.141111846464243,77219.09999999999,3.4002987732425405,77219.40000000001,11.613021461260505,77219.0,3.1327920099780857,77219.5,3.4422677234068875,77218.9,2.4895275672408608,77219.6,6.359064166174111,77218.8,5.492643017507408,77219.7,19.34169187401107,77218.7,10.319077505910702,77219.8,3.7162515144588504,77218.59999999999,3.0582233635538527,77219.90000000001,2.6087517270616027,77218.5,1.4614184675776922,77220.0,1.3943882498013127,77218.4,0.9675618811814036,77220.1,0.8846714382001228,77218.3,1.1004432510953543,77220.2,1.4649889085650927
1710000032.1999693,100643,BTCUSDT,77219.0,7.055488168444322,77219.3,21.158872397441538,77218.9,5.063835746302356,77219.40000000001,5.6472025797727055,77218.8,4.369674296811034,77219.5,3.6079147174953583,77218.7,3.018038279844512,77219.6,14.007452366523966,77218.6,19.313392016677355,77219.7,2.1837966997517233,77218.5,2.251703695031364,77219.8,3.803286923124724,77218.4,2.024818692074226,77219.90000000001,3.0094746919522155,77218.3,1.3528957122573582,77220.0,3.238988816630685,77218.2,1.6681393418399284,77220.1,2.134872297887005,77218.1,0.3962444896444676,77220.2,2.2353607101667654
1710000032.2499692,100644,BTCUSDT,77219.1,11.011114786968283,77219.40000000001,15.751088228547975,77219.0,9.444677485089848,77219.50000000001,7.510498244450153,77218.90000000001,10.568035514037113,77219.6,3.114634946062821,77218.8,4.88576753785062,77219.70000000001,20.53372011661316,77218.70000000001,7.871756027287123,77219.8,15.088618887275702,77218.6,7.649868378709854,77219.90000000001,9.913990907001823,77218.5,6.103914426646851,77220.00000000001,6.916840925361871,77218.40000000001,3.7624481759657797,77220.1,11.120617929130056,77218.3,7.372766704801849,77220.20000000001,7.8286485755952295,77218.20000000001,4.471291760653935,77220.3,1.4529568932352959
1710000032.2999692,100645,BTCUSDT,77219.2,14.573992236884534,77219.3,7.128720180061514,77219.09999999999,4.616102233210236,77219.40000000001,3.8460077065646834,77219.0,9.876623438116322,77219.5,10.044263238856367,77218.9,9.138973410955224,77219.6,6.5434818070321095,77218.8,3.8229223819563787,77219.7,3.450026430506449,77218.7,1.6343662888131683,77219.8,8.773624705743613,77218.59999999999,1.5659737602959698,77219.90000000001,5.185179573270744,77218.5,3.605321864698082,77220.0,3.7920134383914617,77218.4,10.853479713560287,77220.1,0.5285022205783,77218.3,5.938138471105761,77220.2,0.2138242031762074
1710000032.3499691,100646,BTCUSDT,77219.1,9.826318447796087,77219.20000000001,6.6163737123804145,77219.0,3.3178750097428704,77219.30000000002,3.3653747159704226,77218.90000000001,6.593897760994457,77219.40000000001,9.36189466308773,77218.8,4.703587147104415,77219.50000000001,5.63495651742577,77218.70000000001,8.434342184204269,77219.6,5.771629059981898,77218.6,2.618331706844973,77219.70000000001,5.3978601150425884,77218.5,5.158451764291838,77219.80000000002,6.498644939446613,77218.40000000001,4.679548680131449,77219.90000000001,14.726437589631033,77218.3,1.2790386760148214,77220.00000000001,12.471149195053057,77218.20000000001,3.09170194246388,77220.1,4.458431846136526
1710000032.399969,100647,BTCUSDT,77219.1,5.515860681518572,77219.20000000001,9.467920974372332,77219.0,8.109116053358353,77219.30000000002,3.363868804271405,77218.90000000001,5.963871555196668,77219.40000000001,3.1696814863614673,77218.8,24.34478938218863,77219.50000000001,11.503639779250053,77218.70000000001,2.0852241219109042,77219.6,9.826052862943072,77218.6,11.674495798036013,77219.70000000001,3.3450266950036207,77218.5,6.284749817541338,77219.80000000002,3.5343290359623496,77218.40000000001,5.059539829757307,77219.90000000001,2.463985900967935,77218.3,1.9577326567836573,77220.00000000001,2.609604725641044,77218.20000000001,0.6292723033146118,77220.1,7.114716708311895
1710000032.449969,100648,BTCUSDT,77219.2,6.345670015369761,77219.3,6.7432777732031015,77219.09999999999,15.739804932976792,77219.40000000001,11.911795996035185,77219.0,3.542749060428789,77219.5,5.36385136046507,77218.9,16.602906865489686,77219.6,4.263194240481907,77218.8,3.8581423197570763,77219.7,2.867802229145456,77218.7,2.085612334056645,77219.8,6.992986431013776,77218.59999999999,7.079233805798011,77219.90000000001,15.096745357894875,77218.5,6.73859719793721,77220.0,1.9154311200271301,77218.4,0.5637737504454896,77220.1,17.31719042962759,77218.3,1.6647941970429576,77220.2,1.4957003166425344
1710000032.499969,100649,BTCUSDT,77219.1,7.118870028458037,77219.3,4.567629859671738,77219.0,11.996370021096098,77219.40000000001,23.25908838836205,77218.90000000001,3.1626695660431072,77219.5,10.729306606906759,77218.8,4.380568341647966,77219.6,5.36995853951035,77218.70000000001,11.851765486830082,77219.7,16.504249020674557,77218.6,2.8161343194985475,77219.8,2.557349723815991,77218.5,1.535772973424169,77219.90000000001,4.500299805890107,77218.40000000001,0.8547911327796787,77220.0,2.923421531166084,77218.3,0.7048642267605363,77220.1,2.478293650241975,77218.20000000001,0.16300544333286288,77220.2,7.2125096147829275
1710000032.549969,100650,BTCUSDT,77219.2,9.08587618607949,77219.3,4.5889169958744125,77219.09999999999,3.4984606680072807,77219.40000000001,8.230532107985852,77219.0,4.78179483198509,77219.5,8.611104394604597,77218.9,4.757273710909634,77219.6,4.098606468367202,77218.8,4.400124228933775,77219.7,7.5221874096799,77218.7,10.900152609183534,77219.8,1.8041930727454802,77218.59999999999,4.170287130076332,77219.90000000001,1.3335464436757087,77218.5,3.327527630318248,77220.0,9.461142253285685,77218.4,2.1950999445096615,77220.1,11.179573792838472,77218.3,3.983592580090008,77220.2,10.881828020322194
1710000032.599969,100651,BTCUSDT,77219.1,4.036738681028191,77219.3,4.651444662935839,77219.0,5.204626442678228,77219.40000000001,3.9458334399681556,77218.90000000001,5.532087299913128,77219.5,5.349852143650711,77218.8,14.917895715632117,77219.6,4.674722176177287,77218.70000000001,8.160147510404526,77219.7,13.383084505833667,77218.6,9.981920490570813,77219.8,2.536148811601581,77218.5,3.940953306660162,77219.90000000001,2.9092467590774893,77218.40000000001,2.842360573556121,77220.0,2.5901942557811237,77218.3,7.403066159704024,77220.1,2.806935097830404,77218.20000000001,2.966781886787452,77220.2,16.17020297920144
1710000032.6499689,100652,BTCUSDT,77219.3,4.25554749736417,77219.40000000001,7.382173748404855,77219.2,4.294931424423787,77219.50000000001,11.28179688601847,77219.1,4.384632206149601,77219.6,4.3963190529387095,77219.0,6.04714236628101,77219.70000000001,3.211221662457664,77218.90000000001,3.341267994519758,77219.8,4.155747268016864,77218.8,3.3455813955730234,77219.90000000001,4.576728079762274,77218.7,4.861565985919743,77220.00000000001,4.544999362195208,77218.6,5.047212292494975,77220.1,2.271229674559881,77218.5,0.9406507854748265,77220.20000000001,6.121947140498255,77218.40000000001,7.609344464588545,77220.3,1.1882704888667717
1710000032.6999688,100653,BTCUSDT,77219.3,6.361158803893093,77219.40000000001,6.648504575028211,77219.2,7.509245150774514,77219.50000000001,3.3699737013117534,77219.1,7.913019739168359,77219.6,3.055897684199938,77219.0,4.926617428965594,77219.70000000001,9.433402500856749,77218.90000000001,4.400196424655352,77219.8,2.6457944747309616,77218.8,18.407855843868187,77219.90000000001,10.403200482591144,77218.7,7.101615166232162,77220.00000000001,3.320792274130408,77218.6,1.6126075268118818,77220.1,12.148845639180001,77218.5,3.4401501399756085,77220.20000000001,8.05179061377378,77218.40000000001,1.6747789749362174,77220.3,1.6336075674335457
1710000032.7499688,100654,BTCUSDT,77219.1,4.59217746703204,77219.40000000001,6.23068989507134,77219.0,3.3735967107914626,77219.50000000001,5.683558998360494,77218.90000000001,4.971610825813009,77219.6,8.844461194991306,77218.8,4.153659954792165,77219.70000000001,18.593378643637436,77218.70000000001,2.7975612230706086,77219.8,5.576030273516424,77218.6,1.9759211648295325,77219.90000000001,6.894991050083455,77218.5,22.200919748933945,77220.00000000001,8.040097982552759,77218.40000000001,4.045052953130799,77220.1,3.4523451429864007,77218.3,7.607965620021042,77220.20000000001,11.393869404752403,77218.20000000001,18.115254272172116,77220.3,2.0202969626559986
1710000032.7999687,100655,BTCUSDT,77219.1,4.278061637050158,77219.40000000001,4.769705373217139,77219.0,3.5729203276641357,77219.50000000001,4.468380458488782,77218.90000000001,8.642995077905471,77219.6,10.467233017338508,77218.8,8.436427706580771,77219.70000000001,6.388547645795941,77218.70000000001,4.885911012724168,77219.8,6.933665358044676,77218.6,3.582654922002446,77219.90000000001,8.96316910912502,77218.5,5.722766621011784,77220.00000000001,5.986727107585694,77218.40000000001,3.8709311617080635,77220.1,9.459265210724425,77218.3,1.5614879945341804,77220.20000000001,2.319554280273345,77218.20000000001,6.013876581393145,77220.3,2.714996496367849
1710000032.8499687,100656,BTCUSDT,77219.1,12.38339052097103,77219.3,6.09724901020754,77219.0,6.103711243107977,77219.40000000001,4.818444183706557,77218.90000000001,4.095558597936689,77219.5,7.067858145289916,77218.8,2.91060928587993,77219.6,10.856882034604043,77218.70000000001,8.042048684175285,77219.7,2.8465809624734906,77218.6,6.336941446349774,77219.8,5.29157917592409,77218.5,2.015987354060327,77219.90000000001,2.476435065705586,77218.40000000001,2.9036657020600583,77220.0,5.605807075837265,77218.3,4.472445733813738,77220.1,3.439155681155603,77218.20000000001,5.85115622905751,77220.2,5.674241246240544
1710000032.8999686,100657,BTCUSDT,77219.0,9.78566622991078,77219.1,5.227444577128705,77218.9,11.722923456220446,77219.20000000001,7.017113714359113,77218.8,9.712064117114805,77219.3,5.961092152995271,77218.7,3.3858444444595297,77219.40000000001,5.527127894043872,77218.6,3.8552062556728353,77219.5,6.782683259448341,77218.5,4.183480579395351,77219.6,8.834307690999347,77218.4,5.7337158093757115,77219.70000000001,5.8149497624624535,77218.3,1.7792839406541,77219.8,17.40360035148232,77218.2,7.7724268734590005,77219.90000000001,6.623681181403112,77218.1,1.6031953991406898,77220.0,3.0683087602682932
1710000032.9499686,100658,BTCUSDT,77219.0,6.821125400486968,77219.1,7.784708020160171,77218.9,5.178470524863371,77219.20000000001,5.960964655129788,77218.8,11.1387294086577,77219.3,3.259682695663277,77218.7,8.675735419395082,77219.40000000001,3.148956357028389,77218.6,2.149594704752177,77219.5,2.821089793750633,77218.5,7.3934142753494605,77219.6,3.6776231353961686,77218.4,9.439199375090954,77219.70000000001,4.175299846562021,77218.3,0.8900065011258417,77219.8,5.845187651361863,77218.2,0.8671821827860395,77219.90000000001,6.630791906999066,77218.1,0.7361844109402951,77220.0,1.6952071228943877
1710000032.9999685,100659,BTCUSDT,77218.90000000001,15.936624333626623,77219.1,5.457256664059162,77218.8,10.273739738630892,77219.20000000001,4.046798461994932,77218.70000000001,9.383987903897792,77219.3,7.0858651047722425,77218.6,3.2564553051283918,77219.40000000001,3.841033772903627,77218.50000000001,2.565198583688362,77219.5,3.931331159342239,77218.40000000001,2.51085913961814,77219.6,5.731275199670483,77218.3,22.015742630964493,77219.70000000001,1.2483274226162486,77218.20000000001,3.914121541836616,77219.8,4.210134415801006,77218.1,10.223354886273018,77219.90000000001,3.2209222439035234,77218.00000000001,3.1384316090526783,77220.0,2.5520065525629576
1710000033.0499685,100660,BTCUSDT,77219.0,3.8160995450151924,77219.1,6.79841068830407,77218.9,4.668596388850028,77219.20000000001,6.25086717210941,77218.8,3.3768533769379463,77219.3,13.590219821860947,77218.7,11.396982828018745,77219.40000000001,3.2428668867925197,77218.6,3.682990878097711,77219.5,5.802418838329043,77218.5,2.0023154520346633,77219.6,3.3513405671399337,77218.4,2.3566648893983775,77219.70000000001,11.084806948787616,77218.3,8.455996864950539,77219.8,4.268409647601482,77218.2,3.3387638826443213,77219.90000000001,11.078730630952082,77218.1,10.778233484895871,77220.0,13.937897551896887
1710000033.0999684,100661,BTCUSDT,77218.90000000001,4.30007067265165,77219.00000000001,8.117152453871897,77218.8,6.318608357354574,77219.10000000002,3.274554112454909,77218.70000000001,3.055914864985571,77219.20000000001,11.55989745638163,77218.6,10.526288593025848,77219.30000000002,4.168127936472929,77218.50000000001,10.867487520472737,77219.40000000001,5.602408520369632,77218.40000000001,8.157643530314704,77219.50000000001,3.8304886043242288,77218.3,1.6814378803120156,77219.60000000002,3.474716382147579,77218.20000000001,3.2447929027764886,77219.70000000001,4.00243243630373,77218.1,0.8463313944803508,77219.80000000002,19.42483893146754,77218.00000000001,1.119579596339033,77219.90000000001,0.8853427636017941
1710000033.1499684,100662,BTCUSDT,77218.7,9.51174687777561,77218.8,6.508093419018987,77218.59999999999,6.963311841385144,77218.90000000001,8.34574376695629,77218.5,2.90137421403765,77219.0,6.181877170034809,77218.4,11.023371883364273,77219.1,2.4701668115880215,77218.3,4.077999908359154,77219.2,12.427074282305187,77218.2,3.3425906254613453,77219.3,4.055339506205176,77218.09999999999,17.16889806244163,77219.40000000001,2.089194927851242,77218.0,1.0699268659638306,77219.5,8.647987948817415,77217.9,8.513939588665988,77219.6,2.9552256812364135,77217.8,2.88789212359833,77219.7,7.226835498169093
1710000033.1999683,100663,BTCUSDT,77218.8,4.832350097701543,77218.90000000001,3.6681507018953816,77218.7,5.81340009228087,77219.00000000001,11.03349512440727,77218.6,11.847103979130017,77219.1,15.314878989193769,77218.5,10.866521829083117,77219.20000000001,5.870417104691883,77218.40000000001,4.352307142432172,77219.3,7.963951002474115,77218.3,6.985551446004514,77219.40000000001,4.690003563292818,77218.2,1.565512122640286,77219.50000000001,11.619160285338765,77218.1,3.2323026772541015,77219.6,2.606039004761357,77218.0,4.372335016327751,77219.70000000001,4.881443877878539,77217.90000000001,0.9463739756885612,77219.8,7.254519853299022
1710000033.2499683,100664,BTCUSDT,77218.8,8.845639392684753,77218.90000000001,17.062337879812286,77218.7,9.827822098365749,77219.00000000001,14.476935733303762,77218.6,3.406110245208331,77219.1,3.0953474768806886,77218.5,5.6631106416116666,77219.20000000001,3.7716375478022495,77218.40000000001,9.042321854165628,77219.3,6.458818775398836,77218.3,15.724517813677181,77219.40000000001,2.7763695291911787,77218.2,3.8604483628994246,77219.50000000001,3.9825248723153335,77218.1,1.893417068959971,77219.6,4.367303795457035,77218.0,2.7428144436357558,77219.70000000001,2.7675755551684924,77217.90000000001,1.8022891334873214,77219.8,0.1
1710000033.2999682,100665,BTCUSDT,77218.7,5.233363972217404,77218.8,3.6052829631143393,77218.59999999999,4.6723519174545345,77218.90000000001,4.506403145716803,77218.5,4.7998602761898255,77219.0,3.365572240057839,77218.4,5.2345365441375264,77219.1,7.116344939982369,77218.3,5.979015748565766,77219.2,8.513564532724228,77218.2,4.005980464850032,77219.3,4.528314938521515,77218.09999999999,7.851395703246493,77219.40000000001,3.4323759815318984,77218.0,5.637272928137003,77219.5,3.0809040927466453,77217.9,2.5633266396529066,77219.6,6.111893966991477,77217.8,0.7686969358417884,77219.7,1.6535010760621605
1710000033.3499682,100666,BTCUSDT,77218.6,7.064345616105221,77218.70000000001,10.001333987121663,77218.5,9.378592589279421,77218.80000000002,5.0133788245326185,77218.40000000001,20.753250187031014,77218.90000000001,6.4041739043176875,77218.3,4.439306503577587,77219.00000000001,9.62033406748891,77218.20000000001,7.235467235899502,77219.1,7.533599605637294,77218.1,2.4733173815577296,77219.20000000001,4.12688630335658,77218.0,9.117027759683353,77219.30000000002,4.005023933908365,77217.90000000001,5.401130954629683,77219.40000000001,4.346284401665916,77217.8,7.789683798149134,77219.50000000001,1.7394348588573298,77217.70000000001,3.427140146927393,77219.6,0.5260636112593629
1710000033.3999681,100667,BTCUSDT,77218.6,8.86659319809938,77218.70000000001,3.7751276546692063,77218.5,7.705467188949481,77218.80000000002,5.3424556838688275,77218.40000000001,3.3299991333099297,77218.90000000001,4.978271150498807,77218.3,3.263842291608173,77219.00000000001,4.54840141849211,77218.20000000001,3.9402353480814334,77219.1,7.363626764044899,77218.1,7.552698128240458,77219.20000000001,5.33607432676418,77218.0,1.2917925931615706,77219.30000000002,11.895886846441442,77217.90000000001,5.436421997707131,77219.40000000001,0.939175177407506,77217.8,7.233341859398536,77219.50000000001,1.2939052002657243,77217.70000000001,3.4625918970846414,77219.6,2.5141924196497456
1710000033.449968,100668,BTCUSDT,77218.6,3.9133345187357884,77218.70000000001,15.322680099463998,77218.5,13.329766063173043,77218.80000000002,7.813533098123995,77218.40000000001,5.323639181013224,77218.90000000001,3.189831619012677,77218.3,8.656866313545727,77219.00000000001,2.7139133569154636,77218.20000000001,2.284270023478479,77219.1,5.083430408321854,77218.1,2.2980242627441183,77219.20000000001,1.6310412029379544,77218.0,3.4004384772570266,77219.30000000002,1.790369345592886,77217.90000000001,1.499868660351194,77219.40000000001,1.1201169322437279,77217.8,1.3181244019763576,77219.50000000001,5.4278656793674935,77217.70000000001,6.620405331435706,77219.6,2.409817077845819
1710000033.499968,100669,BTCUSDT,77218.7,3.732800437572101,77218.8,3.887343040550003,77218.59999999999,4.391294501845692,77218.90000000001,6.340158930725824,77218.5,8.181395141513928,77219.0,6.5155090573356675,77218.4,4.391162827747075,77219.1,2.9037228808118165,77218.3,8.07059451098192,77219.2,3.8088815014156925,77218.2,6.928043188331671,77219.3,4.477790844328728,77218.09999999999,6.567763581074975,77219.40000000001,10.713096828240996,77218.0,10.954724469052037,77219.5,3.8637901366987952,77217.9,3.2657317240586607,77219.6,1.6352331535557179,77217.8,10.982997776541298,77219.7,2.4493606026175136
1710000033.549968,100670,BTCUSDT,77218.6,6.392893645441936,77218.70000000001,6.895534637645901,77218.5,4.848483402979463,77218.80000000002,3.4973884950668452,77218.40000000001,14.294308881469012,77218.90000000001,8.73744815462404,77218.3,9.702450224991534,77219.00000000001,4.228307882108675,77218.20000000001,7.7223399579285985,77219.1,4.657250835488593,77218.1,2.4979953191875968,77219.20000000001,2.1314904473916383,77218.0,2.8927908377997147,77219.30000000002,1.7919222040141638,77217.90000000001,26.23616902382051,77219.40000000001,1.001759856339316,77217.8,2.7274508999921006,77219.50000000001,2.8066026715789563,77217.70000000001,1.4303124271368668,77219.6,3.3884727860423878
1710000033.599968,100671,BTCUSDT,77218.6,9.728285232481452,77218.70000000001,5.216550268209256,77218.5,6.779512407260484,77218.80000000002,8.230046205699251,77218.40000000001,11.594418353299853,77218.90000000001,10.02637428480572,77218.3,6.149128348366281,77219.00000000001,4.366662618151742,77218.20000000001,4.798308594875902,77219.1,7.856760585558616,77218.1,10.00006437647553,77219.20000000001,2.038286047555317,77218.0,3.1435972758411275,77219.30000000002,7.186519565123421,77217.90000000001,3.0600838164065145,77219.40000000001,2.415232511032298,77217.8,2.5195084713317506,77219.50000000001,4.093712034847974,77217.70000000001,34.173001681619574,77219.6,2.7169173710790684
1710000033.649968,100672,BTCUSDT,77218.7,4.518829820598011,77218.8,8.354096428695202,77218.59999999999,8.605362363420674,77218.90000000001,4.399548773396342,77218.5,4.486986323667609,77219.0,21.41394423645301,77218.4,4.275309879014956,77219.1,8.121848983507988,77218.3,4.411218560863116,77219.2,8.30681483936011,77218.2,7.461752697246505,77219.3,6.007542864344215,77218.09999999999,8.917976230058034,77219.40000000001,12.401878913411991,77218.0,4.269843421135791,77219.5,1.884447975676616,77217.9,2.4341726665106402,77219.6,6.080326521662165,77217.8,4.209398235932503,77219.7,0.7830783352076
1710000033.6999679,100673,BTCUSDT,77218.8,8.194929425699724,77218.90000000001,4.756487228313048,77218.7,5.969951541603505,77219.00000000001,8.693461566641966,77218.6,6.108239435173399,77219.1,3.147911327424208,77218.5,3.221117465078243,77219.20000000001,3.3904017099288417,77218.40000000001,3.192892423908599,77219.3,5.333348063817704,77218.3,4.404441449398219,77219.40000000001,2.508405685255963,77218.2,1.47977977020418,77219.50000000001,1.952226464893677,77218.1,17.43714869033335,77219.6,3.3285616784429672,77218.0,8.480029242241274,77219.70000000001,7.955349963034032,77217.90000000001,2.865823376194807,77219.8,4.906069584556695
1710000033.7499678,100674,BTCUSDT,77218.8,10.736643965772426,77218.90000000001,3.9497511796829445,77218.7,9.133665367760411,77219.00000000001,3.6211616572093552,77218.6,11.320893110498556,77219.1,4.25079803889836,77218.5,6.6498161730037175,77219.20000000001,5.073836056271235,77218.40000000001,3.8247383439806772,77219.3,6.147531460728311,77218.3,13.389519719998013,77219.40000000001,1.7685820940548065,77218.2,11.245964713141404,77219.50000000001,4.957026308708005,77218.1,7.38677967568426,77219.6,2.7372213535129175,77218.0,2.953446573393836,77219.70000000001,8.525677220248312,77217.90000000001,2.14353433938577,77219.8,3.0599441069671482
1710000033.7999678,100675,BTCUSDT,77218.8,4.290742951105126,77218.90000000001,7.705387998855935,77218.7,8.24890705194942,77219.00000000001,6.694850114697313,77218.6,3.4187167804869762,77219.1,5.1580717364972095,77218.5,4.154607590299731,77219.20000000001,5.13802920048266,77218.40000000001,10.17102028816886,77219.3,7.981963363802057,77218.3,1.950909812032563,77219.40000000001,10.440359040064653,77218.2,3.752872363513294,77219.50000000001,6.64815793160295,77218.1,1.403474034097406,77219.6,5.2433815437737685,77218.0,1.4784572220327443,77219.70000000001,2.7077256471463635,77217.90000000001,0.1,77219.8,0.6576623807400837
1710000033.8499677,100676,BTCUSDT,77218.8,8.30945366921057,77218.90000000001,3.7178796218739025,77218.7,7.046622333087221,77219.00000000001,3.806585150932792,77218.6,14.413447984333487,77219.1,13.617870889985543,77218.5,3.4221664998820134,77219.20000000001,6.212039807008338,77218.40000000001,2.1136197889798556,77219.3,12.740570951158174,77218.3,4.560848723532883,77219.40000000001,1.7767403711776848,77218.2,2.877242017184824,77219.50000000001,1.5198518448121647,77218.1,2.7965398358159224,77219.6,5.233757775426081,77218.0,2.9386822933215724,77219.70000000001,2.336229608238083,77217.90000000001,0.5075037088442708,77219.8,1.123827195245413
1710000033.8999677,100677,BTCUSDT,77218.8,10.190610145917747,77218.90000000001,4.18121227311644,77218.7,6.819162119173406,77219.00000000001,4.878704919358542,77218.6,3.8246219159210693,77219.1,6.880703118415816,77218.5,4.842600848213813,77219.20000000001,4.444272394539645,77218.40000000001,5.594314141165663,77219.3,4.703332773681096,77218.3,3.0466592537774595,77219.40000000001,4.875397550870101,77218.2,5.628577250970479,77219.50000000001,1.3082235619381941,77218.1,3.3084770433168513,77219.6,1.0376553798906065,77218.0,1.2251723549170324,77219.70000000001,3.688549739257058,77217.90000000001,8.04530515668315,77219.8,8.575687441011786
1710000033.9499676,100678,BTCUSDT,77218.90000000001,4.236310745023441,77219.00000000001,9.400042713882712,77218.8,8.653988941169787,77219.10000000002,12.546264399861883,77218.70000000001,2.8340888931546493,77219.20000000001,3.776877599594801,77218.6,9.422174161653224,77219.30000000002,6.841687603679263,77218.50000000001,10.992003319699755,77219.40000000001,2.235518113266513,77218.40000000001,5.234917223748281,77219.50000000001,4.967021028463467,77218.3,1.3453051961164484,77219.60000000002,4.082255029781255,77218.20000000001,4.561517298611632,77219.70000000001,1.6492752738343568,77218.1,1.6771290041712374,77219.80000000002,4.49046625650884,77218.00000000001,2.526710562725464,77219.90000000001,7.808097624260458
1710000033.9999676,100679,BTCUSDT,77218.8,4.840581486424572,77218.90000000001,20.363229875681924,77218.7,12.882582324400957,77219.00000000001,3.3176853561559705,77218.6,8.69139556436193,77219.1,3.2676401495345693,77218.5,2.5114799191183095,77219.20000000001,3.679143810341359,77218.40000000001,3.2552603599104506,77219.3,8.844083672986688,77218.3,6.560711420393895,77219.40000000001,17.583668402666586,77218.2,6.172419636610754,77219.50000000001,3.3668960904911014,77218.1,5.601618856088046,77219.6,30.88886190445162,77218.0,5.353454903756677,77219.70000000001,6.136586641358053,77217.90000000001,11.146102537735093,77219.8,0.4825791822542345
1710000034.0499675,100680,BTCUSDT,77218.8,8.164678748079652,77218.90000000001,4.737245595580042,77218.7,6.869894357199735,77219.00000000001,4.391354073236639,77218.6,4.422602624474411,77219.1,5.130136549313672,77218.5,5.413203492469709,77219.20000000001,4.7867388168912015,77218.40000000001,4.718519961507084,77219.3,3.4186436440800696,77218.3,2.2924884581865896,77219.40000000001,1.794030721059795,77218.2,2.072518182362995,77219.50000000001,4.688556106449804,77218.1,6.96927554098095,77219.6,1.5416939188711356,77218.0,0.8596477547872992,77219.70000000001,5.93383929765791,77217.90000000001,1.4562850923742072,77219.8,12.104719675131653
1710000034.0999675,100681,BTCUSDT,77218.7,5.182590117985717,77218.8,4.967385996179555,77218.59999999999,6.16681593252025,77218.90000000001,3.529809329827874,77218.5,3.300786098036678,77219.0,3.573649159255136,77218.4,8.36170862613112,77219.1,5.2850127947917205,77218.3,2.042493405131221,77219.2,6.4775038067034565,77218.2,3.8044395144966674,77219.3,4.460363691736365,77218.09999999999,2.1637855594918283,77219.40000000001,4.409904269358393,77218.0,16.282226906300302,77219.5,1.1051261533467092,77217.9,1.7358390203127825,77219.6,1.5135553828374424,77217.8,1.1429987535093162,77219.7,1.903805818587699
1710000034.1499674,100682,BTCUSDT,77218.8,6.551134717271443,77219.0,5.877184727871473,77218.7,4.052651625559486,77219.1,5.879436726734161,77218.6,4.851409556480901,77219.2,9.149988770387363,77218.5,8.168993733583967,77219.3,2.9754753902546733,77218.40000000001,2.370738350039274,77219.4,11.550565597630186,77218.3,4.667247124379084,77219.5,9.4021094117313,77218.2,1.4396417700200113,77219.6,4.190545391752721,77218.1,3.9011314342017958,77219.7,8.684559957666444,77218.0,0.8108339115929808,77219.8,1.5000931424746273,77217.90000000001,2.0871304913977875,77219.9,8.034932635971751
1710000034.1999674,100683,BTCUSDT,77218.8,23.293036711023788,77219.0,16.395654258758224,77218.7,3.2238379132488,77219.1,3.3955357083664124,77218.6,3.4388295149596786,77219.2,4.5161353051553,77218.5,9.485899149895396,77219.3,11.3268738715128,77218.40000000001,2.827282031521052,77219.4,5.866802420264246,77218.3,11.573141900377022,77219.5,4.092483001802274,77218.2,1.6372223576314193,77219.6,3.648582070410611,77218.1,2.6851051295448123,77219.7,4.247759429237603,77218.0,2.709704611086847,77219.8,0.46999252032642175,77217.90000000001,20.462472466803767,77219.9,3.1370189072805226
1710000034.2499673,100684,BTCUSDT,77218.90000000001,4.808915220107907,77219.00000000001,10.02232356707361,77218.8,4.4672544633695965,77219.10000000002,3.3350033427218433,77218.70000000001,5.711076440126902,77219.20000000001,3.676040593060885,77218.6,8.072730405112996,77219.30000000002,6.499956506364294,77218.50000000001,12.28723001838542,77219.40000000001,8.111217094910662,77218.40000000001,2.3975906925063577,77219.50000000001,8.04091763563517,77218.3,5.305952202041835,77219.60000000002,5.6219632675053415,77218.20000000001,7.941429290377759,77219.70000000001,4.211612139369089,77218.1,2.909464084916063,77219.80000000002,4.449456200123983,77218.00000000001,1.4150449371421943,77219.90000000001,0.8064927922208277
1710000034.2999673,100685,BTCUSDT,77218.90000000001,4.66550070898335,77219.00000000001,3.9331573629862047,77218.8,3.2022173528091544,77219.10000000002,6.949234283244684,77218.70000000001,4.5986009031218495,77219.20000000001,8.382324934523952,77218.6,4.281143625532569,77219.30000000002,5.062154888736629,77218.50000000001,4.090816733455192,77219.40000000001,6.205862939195141,77218.40000000001,3.3610906652558574,77219.50000000001,14.871211644854158,77218.3,12.204686010423856,77219.60000000002,8.736233380402437,77218.20000000001,10.91795635232768,77219.70000000001,3.1850960801819275,77218.1,3.475194946045855,77219.80000000002,5.820618577440558,77218.00000000001,4.764830836263181,77219.90000000001,8.853852285464843
1710000034.3499672,100686,BTCUSDT,77218.90000000001,8.302661666163006,77219.00000000001,5.177125093009092,77218.8,9.35968084000978,77219.10000000002,12.425409615530992,77218.70000000001,3.786408567784772,77219.20000000001,6.7286201217769985,77218.6,4.391208720002883,77219.30000000002,20.64389337992879,77218.50000000001,4.606737591140687,77219.40000000001,3.036742191521716,77218.40000000001,3.5241458726314923,77219.50000000001,5.8433981260726515,77218.3,1.5165597370326063,77219.60000000002,4.90134528275394,77218.20000000001,11.507645882394154,77219.70000000001,8.398165995084858,77218.1,0.6802889723013839,77219.80000000002,20.47661312085565,77218.00000000001,4.798952781192768,77219.90000000001,0.7082893888375147
1710000034.3999672,100687,BTCUSDT,77219.0,4.351504473595368,77219.1,10.88498185583198,77218.9,3.2875075541336765,77219.20000000001,4.261842190849873,77218.8,8.463808884188689,77219.3,6.328625342917378,77218.7,8.506562967611167,77219.40000000001,7.884054889331306,77218.6,2.207706135667885,77219.5,10.921482644752977,77218.5,2.6300696560564734,77219.6,4.824300049336531,77218.4,5.3345372173720405,77219.70000000001,1.9387127380925961,77218.3,15.75753547284586,77219.8,3.4789412083047413,77218.2,0.6374830891465105,77219.90000000001,11.475154672182345,77218.1,3.530145915053757,77220.0,4.805148296273184
1710000034.4499671,100688,BTCUSDT,77219.0,3.918786740877589,77219.1,8.495432443002315,77218.9,5.20128009900919,77219.20000000001,4.473488884237072,77218.8,2.8135382720091338,77219.3,7.889439319640534,77218.7,9.57847763277906,77219.40000000001,4.410375297289661,77218.6,5.322452431890673,77219.5,3.0334595454437974,77218.5,5.49353637546267,77219.6,1.648846875051358,77218.4,3.882756227682576,77219.70000000001,5.333607643814676,77218.3,10.813509874667174,77219.8,2.720770676228926,77218.2,6.195917867782531,77219.90000000001,4.042099843133886,77218.1,10.469847128329148,77220.0,2.0325015950245207
1710000034.499967,100689,BTCUSDT,77218.8,12.326499504390902,77218.90000000001,3.8019929743422898,77218.7,3.7865146653085446,77219.00000000001,3.5439941839441045,77218.6,10.208840317439872,77219.1,2.842656332470986,77218.5,10.31208117736028,77219.20000000001,4.800578976164667,77218.40000000001,2.0161336083803945,77219.3,4.054285407399059,77218.3,2.4271169258791727,77219.40000000001,5.516927317992323,77218.2,5.749730026343411,77219.50000000001,3.8740334613152827,77218.1,0.9654532533593749,77219.6,5.069952492102586,77218.0,7.781622967778296,77219.70000000001,5.496497921104342,77217.90000000001,7.086837348027187,77219.8,0.895122634650447
1710000034.549967,100690,BTCUSDT,77218.7,4.7600429362302314,77218.9,6.113881226741368,77218.59999999999,12.324511012604326,77219.0,3.8481827831270428,77218.5,9.794194667932524,77219.09999999999,4.177307745412211,77218.4,9.013270170151412,77219.2,12.516497493178754,77218.3,4.230927358683909,77219.29999999999,3.816840214064764,77218.2,8.082426584174474,77219.4,4.615691755412538,77218.09999999999,5.813740461879261,77219.5,5.1002289669138605,77218.0,1.4636934397416685,77219.59999999999,8.251914246502123,77217.9,1.2715053469704443,77219.7,11.169621532156645,77217.8,1.153776338422032,77219.79999999999,5.295246405556328
1710000034.599967,100691,BTCUSDT,77218.8,5.129644081859073,77218.90000000001,5.0842654663447355,77218.7,8.71159487784534,77219.00000000001,6.455073020290504,77218.6,11.380700265794225,77219.1,4.269053035305114,77218.5,7.110524869066997,77219.20000000001,7.992635461894957,77218.40000000001,2.657056455338627,77219.3,4.047233474805326,77218.3,4.237437831093284,77219.40000000001,3.3582850049480126,77218.2,2.755096302335827,77219.50000000001,5.838801720042431,77218.1,1.7727034480057924,77219.6,5.743102725265357,77218.0,11.336192739305437,77219.70000000001,3.731453690752815,77217.90000000001,3.7811713947917163,77219.8,0.28569487494618717
1710000034.649967,100692,BTCUSDT,77218.8,19.074354296180385,77219.0,7.220439886435401,77218.7,8.359713318810671,77219.1,5.557452879258926,77218.6,3.0490586988119666,77219.2,9.190024510362932,77218.5,2.542503907524652,77219.3,7.224671899641437,77218.40000000001,2.092753428114645,77219.4,9.930863611399513,77218.3,2.286172386627479,77219.5,4.48842177509124,77218.2,4.836770974034,77219.6,3.646603589192279,77218.1,2.466691662469496,77219.7,3.323051132885273,77218.0,1.8924704258825722,77219.8,2.7058846088821915,77217.90000000001,1.7783603672023383,77219.9,3.340731199387994
1710000034.699967,100693,BTCUSDT,77218.8,21.516460909401793,77218.90000000001,6.379554410880283,77218.7,4.063490581200572,77219.00000000001,5.793205805192372,77218.6,10.852073076954296,77219.1,2.8881923016632487,77218.5,6.952167500994671,77219.20000000001,5.5760074226266045,77218.40000000001,2.7431887321419897,77219.3,8.803504058372699,77218.3,3.441066337212528,77219.40000000001,2.991438673417967,77218.2,8.243955707281032,77219.50000000001,5.270250095418258,77218.1,9.94130293236033,77219.6,4.775752033312506,77218.0,5.800893766250848,77219.70000000001,7.642445734624956,77217.90000000001,0.22517948752305458,77219.8,5.985311269589487
1710000034.7499669,100694,BTCUSDT,77218.8,3.944228034106469,77218.90000000001,8.926424809436828,77218.7,6.3630551548069825,77219.00000000001,15.479542671708916,77218.6,3.6091275653164545,77219.1,6.5259571126515326,77218.5,3.3509081743927096,77219.20000000001,6.2083451116261035,77218.40000000001,7.129895837311584,77219.3,7.124917898969732,77218.3,8.351197934162915,77219.40000000001,9.284291049081284,77218.2,1.5216819299102458,77219.50000000001,2.8819118998556155,77218.1,5.447774415693552,77219.6,3.561294979962126,77218.0,1.2462235274913205,77219.70000000001,3.6181886567271344,77217.90000000001,2.0931832357735285,77219.8,1.977436296146475
1710000034.7999668,100695,BTCUSDT,77218.7,5.694281536080673,77218.9,3.7072428892771163,77218.59999999999,3.4392689816171527,77219.0,10.958552604247583,77218.5,15.736040086332062,77219.09999999999,7.464259713544028,77218.4,4.212543848586381,77219.2,13.561402348315482,77218.3,6.348352823397113,77219.29999999999,9.440158786807299,77218.2,7.40721273362124,77219.4,3.5065942529421448,77218.09999999999,3.805735236270875,77219.5,2.0238291118545577,77218.0,2.1813244054539362,77219.59999999999,6.8225763968127735,77217.9,9.376449421941336,77219.7,5.556096025786419,77217.8,2.503253005798716,77219.79999999999,0.3619281993526225
1710000034.8499668,100696,BTCUSDT,77218.7,7.357425053203476,77218.8,3.626042679505125,77218.59999999999,21.511344929028326,77218.90000000001,5.0098424999288325,77218.5,10.337990961256958,77219.0,5.8625851009537175,77218.4,2.9590692604117614,77219.1,8.789356644251242,77218.3,6.949112961336539,77219.2,4.998329084821792,77218.2,4.4907414046476415,77219.3,1.9661793756529933,77218.09999999999,5.466698460013269,77219.40000000001,10.887509076264276,77218.0,1.1915315901994363,77219.5,2.0234463623404544,77217.9,9.70374133899578,77219.6,1.7382221935597135,77217.8,4.244614880026363,77219.7,3.0613076267967885
1710000034.8999667,100697,BTCUSDT,77218.5,5.749971566265809,77218.6,5.026651036358793,77218.4,3.399002994596663,77218.70000000001,8.65470342490271,77218.3,8.283156164290398,77218.8,7.243457034801045,77218.2,6.527185567227061,77218.90000000001,3.517359235939417,77218.1,2.0903934566827838,77219.0,8.615971565294505,77218.0,4.302317887070561,77219.1,3.065966917750168,77217.9,1.6300375436645766,77219.20000000001,1.4590996508160148,77217.8,2.5161637172093805,77219.3,7.333632971454459,77217.7,10.439605699323852,77219.40000000001,9.482461055279042,77217.6,10.10295631493352,77219.5,9.531942994498086
1710000034.9499667,100698,BTCUSDT,77218.6,4.561733525074773,77218.70000000001,4.843569582973029,77218.5,4.262400450203357,77218.80000000002,6.094280430652877,77218.40000000001,4.353414442676806,77218.90000000001,3.4696815688475913,77218.3,4.814494201578995,77219.00000000001,10.68294977110125,77218.20000000001,5.3810264268547865,77219.1,10.425955571081257,77218.1,2.4719881946239837,77219.20000000001,2.330761092674192,77218.0,4.628099902869683,77219.30000000002,3.6894794068700962,77217.90000000001,5.117270239521668,77219.40000000001,7.1317056937044905,77217.8,5.9661490550182235,77219.50000000001,11.807301726262653,77217.70000000001,2.0316954129560445,77219.6,0.9246360692581967
1710000034.9999666,100699,BTCUSDT,77218.5,4.069476526166379,77218.6,4.9634939222634795,77218.4,4.132210211164673,77218.70000000001,5.220459291215743,77218.3,3.2716067582918935,77218.8,2.9294388721240816,77218.2,6.677697769976791,77218.90000000001,6.168988598390158,77218.1,6.92892586339826,77219.0,6.319787587249824,77218.0,2.0854839237037885,77219.1,2.9760440634758263,77217.9,1.7548723550614476,77219.20000000001,8.605334823806809,77217.8,6.2959402154898525,77219.3,1.7002165158146407,77217.7,2.0700044472311867,77219.40000000001,13.998593399831663,77217.6,3.6071788140968546,77219.5,6.460930624333838
1710000035.0499666,100700,BTCUSDT,77218.6,8.231824728070789,77218.70000000001,8.169979964666775,77218.5,6.417518112067112,77218.80000000002,6.5165855970124325,77218.40000000001,8.122644074179625,77218.90000000001,4.058856574566537,77218.3,4.1402047618832185,77219.00000000001,10.611565214024576,77218.20000000001,3.4776815844388542,77219.1,5.161360755233099,77218.1,6.451239801953287,77219.20000000001,39.58286485936469,77218.0,3.4857812471369884,77219.30000000002,3.435114690031936,77217.90000000001,8.195564469901548,77219.40000000001,7.349356448984985,77217.8,5.653304109628759,77219.50000000001,2.8887396244701837,77217.70000000001,1.5658885922415318,77219.6,3.7534346144192705
1710000035.0999665,100701,BTCUSDT,77218.5,12.208993848231822,77218.7,4.05939194135166,77218.4,5.436915437899636,77218.8,5.699875836191444,77218.3,17.997522422915207,77218.9,7.332790278455279,77218.2,4.491906039160563,77219.0,2.505613633209652,77218.1,5.3331802625182245,77219.09999999999,2.4040398638783267,77218.0,8.793927029397231,77219.2,7.185680384238877,77217.9,3.6685178917674164,77219.3,3.4429411141168886,77217.8,9.90529058247026,77219.4,2.1612853018151963,77217.7,1.545504833090805,77219.5,11.600493070563601,77217.6,6.627079133543725,77219.59999999999,6.8731199950866655
1710000035.1499665,100702,BTCUSDT,77218.6,4.697949591939863,77218.70000000001,8.824070604094091,77218.5,4.360918674576757,77218.80000000002,5.212041622186163,77218.40000000001,19.136537039606306,77218.90000000001,3.9231527931248547,77218.3,4.2887961643075965,77219.00000000001,3.832917064889236,77218.20000000001,2.464450165322161,77219.1,4.6925480414116905,77218.1,3.5037047775785286,77219.20000000001,6.348293441671112,77218.0,8.006093222759226,77219.30000000002,4.343240955896228,77217.90000000001,0.9309045107006052,77219.40000000001,4.659008540829991,77217.8,0.6279356316507759,77219.50000000001,4.232164332893678,77217.70000000001,4.621110886886622,77219.6,0.88142788782875
1710000035.1999664,100703,BTCUSDT,77218.5,13.280303606243884,77218.7,10.30844727613302,77218.4,4.656002215915828,77218.8,6.733774730938044,77218.3,12.65172667346102,77218.9,4.346561989909686,77218.2,9.259812032720252,77219.0,2.4380812236058644,77218.1,2.014613472859087,77219.09999999999,7.70366264603052,77218.0,7.332664845457984,77219.2,7.823156147623642,77217.9,11.838574035404221,77219.3,1.7018280247622664,77217.8,1.8557839808923609,77219.4,10.162183088844856,77217.7,1.1803444622980672,77219.5,4.985700493783103,77217.6,3.0240327051365092,77219.59999999999,0.3474361442738748
1710000035.2499664,100704,BTCUSDT,77218.6,8.51768883757991,77218.70000000001,7.490208137772061,77218.5,5.94097708344168,77218.80000000002,4.6191867433907365,77218.40000000001,3.3079027364395226,77218.90000000001,4.904271695763336,77218.3,2.5157321871838354,77219.00000000001,3.348239184871633,77218.20000000001,4.265940945756682,77219.1,4.169300840725913,77218.1,1.7812257677173342,77219.20000000001,5.157233736558929,77218.0,4.391225154408562,77219.30000000002,1.5252927593213086,77217.90000000001,12.27027471950872,77219.40000000001,1.2186997981850958,77217.8,8.119513622458731,77219.50000000001,0.4012391195673697,77217.70000000001,8.557822631114291,77219.6,0.1
1710000035.2999663,100705,BTCUSDT,77218.5,5.395729964968489,77218.7,8.96095439683649,77218.4,5.254954151569041,77218.8,3.494189721037763,77218.3,8.635575407075178,77218.9,3.095674297131481,77218.2,12.610366785409122,77219.0,2.609276484805336,77218.1,4.610519062962752,77219.09999999999,7.135448318483669,77218.0,3.5985304317074673,77219.2,2.5796832280472306,77217.9,6.893343399663389,77219.3,7.335368707702234,77217.8,11.039985739459693,77219.4,2.687478182701132,77217.7,3.2229179027158166,77219.5,2.204749123449853,77217.6,1.188677455802913,77219.59999999999,5.561739067731624
1710000035.3499663,100706,BTCUSDT,77218.5,8.588373443606468,77218.6,13.594187072013037,77218.4,7.595522034231922,77218.70000000001,5.751475079543607,77218.3,8.842084517703105,77218.8,6.897412066347014,77218.2,2.650099722791412,77218.90000000001,2.8022153955970515,77218.1,2.1546179812857438,77219.0,4.441231035189718,77218.0,8.591432011777352,77219.1,3.102168222940564,77217.9,3.1390735470080884,77219.20000000001,10.808610056202411,77217.8,8.053651574123181,77219.3,5.175073506094769,77217.7,1.6413676854651809,77219.40000000001,0.8979082349753902,77217.6,0.1,77219.5,0.45272259832713296
1710000035.3999662,100707,BTCUSDT,77218.40000000001,6.809974192992588,77218.50000000001,3.8645595636608747,77218.3,3.785784708992833,77218.60000000002,3.9990789504030047,77218.20000000001,6.798494726502533,77218.70000000001,6.626261910692206,77218.1,5.6008430390716875,77218.80000000002,3.553403449212475,77218.00000000001,3.85525731397947,77218.90000000001,2.4067566813723555,77217.90000000001,2.6271147113061577,77219.00000000001,10.719586787972881,77217.8,16.786911584198442,77219.10000000002,5.372629937846045,77217.70000000001,10.747151690213908,77219.20000000001,4.917187161419122,77217.6,0.535039982389704,77219.30000000002,23.33192041171721,77217.50000000001,0.4167883338816477,77219.40000000001,4.590896716551358
1710000035.4499662,100708,BTCUSDT,77218.5,5.89426198218463,77218.6,4.753641664818183,77218.4,4.828543132905863,77218.70000000001,4.871455323867799,77218.3,15.60845877374448,77218.8,9.21010771205109,77218.2,4.854009135858856,77218.90000000001,3.2916789071659696,77218.1,8.664374028162154,77219.0,2.684019197846035,77218.0,2.5452303589598504,77219.1,3.422909790177055,77217.9,9.692677544782374,77219.20000000001,1.7652712842245206,77217.8,1.3215018215417644,77219.3,3.5246767227582314,77217.7,1.6941243725485458,77219.40000000001,3.7640646485732225,77217.6,2.4032689102253,77219.5,2.283428689261712
1710000035.4999661,100709,BTCUSDT,77218.40000000001,4.20817682117943,77218.50000000001,10.483234198685503,77218.3,11.882114965842835,77218.60000000002,4.269863392782704,77218.20000000001,3.281718395731309,77218.70000000001,3.0195850964153186,77218.1,6.149011785094002,77218.80000000002,7.426024837756078,77218.00000000001,3.8660229469441747,77218.90000000001,6.5536875269917605,77217.90000000001,6.592518294900138,77219.00000000001,12.554591161113263,77217.8,1.4682944484980904,77219.10000000002,2.0542173170231868,77217.70000000001,1.0839479519380546,77219.20000000001,8.89962959150782,77217.6,6.692176303643815,77219.30000000002,3.819297110903468,77217.50000000001,0.3494861021101173,77219.40000000001,1.2770341921827024
1710000035.549966,100710,BTCUSDT,77218.3,3.9030336704151205,77218.40000000001,8.848642613295496,77218.2,4.6214472924398615,77218.50000000001,5.6086521201540895,77218.1,3.3463345151948367,77218.6,9.289045194815461,77218.0,5.734530806321343,77218.70000000001,11.674273641955352,77217.90000000001,4.736524296827229,77218.8,13.349835056064245,77217.8,10.497617864210294,77218.90000000001,5.036427917758134,77217.7,12.065949061965117,77219.00000000001,2.7608604148966447,77217.6,2.6205682865082656,77219.1,0.9861781454054857,77217.5,3.9586040329694927,77219.20000000001,5.519442852874631,77217.40000000001,5.940380251116492,77219.3,0.6492112751518752
1710000035.599966,100711,BTCUSDT,77218.3,4.378531542674326,77218.40000000001,7.940344905014253,77218.2,3.8876463042299534,77218.50000000001,12.580454335842287,77218.1,3.848757276524625,77218.6,4.177869139270344,77218.0,10.01272184078514,77218.70000000001,4.853409597085037,77217.90000000001,2.0971541547372166,77218.8,4.729511522417294,77217.8,1.9533290047714333,77218.90000000001,18.491818037294355,77217.7,4.748011073531275,77219.00000000001,2.385721537607992,77217.6,4.117862884851766,77219.1,1.1199282860353876,77217.5,6.835578325636893,77219.20000000001,10.778603244473851,77217.40000000001,8.300025986786109,77219.3,1.672728119718512
1710000035.649966,100712,BTCUSDT,77218.3,6.662052516692292,77218.40000000001,6.059905791711248,77218.2,12.727853397027921,77218.50000000001,3.93510918867766,77218.1,2.8388531532282264,77218.6,3.104572575982518,77218.0,3.4111723354974504,77218.70000000001,2.5354084844038742,77217.90000000001,4.795403347250612,77218.8,3.5080380755659286,77217.8,2.396160586008337,77218.90000000001,7.146522869903986,77217.7,2.1148929867734623,77219.00000000001,5.853948758220576,77217.6,2.5186105640540095,77219.1,3.668347943756083,77217.5,11.264352062913991,77219.20000000001,0.5522683162140334,77217.40000000001,2.7747053419705976,77219.3,7.708199400849852
1710000035.699966,100713,BTCUSDT,77218.3,4.896667926095245,77218.40000000001,5.627873192252939,77218.2,7.761058870721821,77218.50000000001,12.058732575565475,77218.1,2.96773367163412,77218.6,3.096906841877584,77218.0,3.972475689185801,77218.70000000001,3.45992510249863,77217.90000000001,3.231163007358387,77218.8,3.0003635585147537,77217.8,2.4717537301935906,77218.90000000001,2.1599181117794704,77217.7,12.069623222152217,77219.00000000001,1.8228250547114453,77217.6,1.7146539062621253,77219.1,1.9308615686441457,77217.5,11.213138685020555,77219.20000000001,6.037664623421283,77217.40000000001,6.23686994945506,77219.3,0.4426459844148238
1710000035.749966,100714,BTCUSDT,77218.1,7.029730286934434,77218.3,10.507999271042904,77218.0,9.232079351325485,77218.40000000001,12.029008111302083,77217.90000000001,13.331707056832787,77218.5,3.8878757394110313,77217.8,4.605603748811381,77218.6,2.45894636537079,77217.70000000001,10.458506456327818,77218.7,2.6716498006035625,77217.6,9.506812438191094,77218.8,3.1982541586037145,77217.5,3.0363091349235427,77218.90000000001,1.3596740048558693,77217.40000000001,2.38331944477463,77219.0,9.570035436182968,77217.3,0.5035176107875347,77219.1,2.48570965226985,77217.20000000001,0.12761266730048196,77219.2,1.854009156025524
1710000035.7999659,100715,BTCUSDT,77218.1,4.762577252996831,77218.20000000001,12.001790471309441,77218.0,5.491153207594275,77218.30000000002,4.479708216414602,77217.90000000001,6.35994283041088,77218.40000000001,3.4131033962985624,77217.8,3.6011331137275313,77218.50000000001,5.5608176572040655,77217.70000000001,3.0847319590972297,77218.6,6.546848683511438,77217.6,4.305091835755075,77218.70000000001,7.513446854788938,77217.5,13.044901050027566,77218.80000000002,1.6923101091608188,77217.40000000001,2.4298584831149936,77218.90000000001,2.339998231072626,77217.3,1.0556462743124504,77219.00000000001,7.049311762290438,77217.20000000001,5.706444333893017,77219.1,2.649893638057512
1710000035.8499658,100716,BTCUSDT,77218.2,9.868225799243271,77218.3,7.011645031037265,77218.09999999999,4.433206787051686,77218.40000000001,7.6050424375150065,77218.0,4.594461932096589,77218.5,5.948717610914851,77217.9,5.074328456833875,77218.6,4.319731047533274,77217.8,7.0758658817105315,77218.7,10.612390630641825,77217.7,1.6209046041813582,77218.8,12.449228148165552,77217.59999999999,4.065787171186343,77218.90000000001,6.025661544850458,77217.5,8.541352771472736,77219.0,3.317713673688978,77217.4,7.606610745213924,77219.1,1.1822099364149548,77217.3,0.693451390040039,77219.2,4.285600120772463
1710000035.8999658,100717,BTCUSDT,77218.1,12.518311786016524,77218.3,7.728383057021931,77218.0,6.181883856217869,77218.40000000001,4.810235866303714,77217.90000000001,18.448175142442484,77218.5,4.340860245242256,77217.8,7.853220321020338,77218.6,5.436992378915091,77217.70000000001,5.751205161177353,77218.7,4.000073931331777,77217.6,14.989465543692958,77218.8,4.991560519903391,77217.5,12.308805727145767,77218.90000000001,1.230481510556542,77217.40000000001,4.20080038098182,77219.0,5.851875948850907,77217.3,5.8672247198852,77219.1,9.814540269279245,77217.20000000001,0.1,77219.2,0.1
1710000035.9499657,100718,BTCUSDT,77218.1,3.85234552539787,77218.20000000001,6.552983362727899,77218.0,5.111860150222043,77218.30000000002,3.382752044586343,77217.90000000001,4.432620492002016,77218.40000000001,4.786612914607023,77217.8,20.78939988490464,77218.50000000001,3.332199185749518,77217.70000000001,5.147894461890215,77218.6,19.469513527962523,77217.6,7.881238197643981,77218.70000000001,21.6630944197893,77217.5,15.005541736871123,77218.80000000002,3.8897684078262262,77217.40000000001,5.5678587629735645,77218.90000000001,1.2681273427461583,77217.3,2.727488302817952,77219.00000000001,7.022315742313688,77217.20000000001,2.8155006483154312,77219.1,4.85204118304729
1710000035.9999657,100719,BTCUSDT,77218.0,4.769273299750052,77218.1,11.94020894307338,77217.9,5.663429447309705,77218.20000000001,4.1438266774290735,77217.8,10.822263444871576,77218.3,4.963894199957591,77217.7,7.950179584927863,77218.40000000001,5.576585081834814,77217.6,3.924237289590924,77218.5,8.640323884421191,77217.5,5.112801202501377,77218.6,3.580872904105943,77217.4,1.6643283488670082,77218.70000000001,10.232180124882586,77217.3,0.9444556520558588,77218.8,8.756571181521199,77217.2,2.1849079482613063,77218.90000000001,4.479264657104126,77217.1,10.214441192536944,77219.0,0.6581149229668213
1710000036.0499656,100720,BTCUSDT,77218.0,6.583086828677262,77218.1,7.520538882689521,77217.9,8.867459563249664,77218.20000000001,10.556099656977697,77217.8,8.538798425035147,77218.3,4.547853708848638,77217.7,25.287461221268366,77218.40000000001,4.680198987466678,77217.6,2.0990757433232905,77218.5,3.801537888986372,77217.5,2.1468679229588723,77218.6,2.1178962109861788,77217.4,2.522553372273092,77218.70000000001,1.4194110943579883,77217.3,5.4655802785629675,77218.8,1.1074761612255677,77217.2,1.3090558915953594,77218.90000000001,0.7900090664621049,77217.1,0.26100408480814047,77219.0,1.2465422713091854
1710000036.0999656,100721,BTCUSDT,77218.1,16.973852931666165,77218.20000000001,11.93561888665299,77218.0,11.547763983937255,77218.30000000002,3.974664427186993,77217.90000000001,4.031034081561787,77218.40000000001,3.1178758619599183,77217.8,8.428759059164046,77218.50000000001,2.689492748224176,77217.70000000001,5.2539950859151965,77218.6,3.1394140255380307,77217.6,2.715923532821436,77218.70000000001,20.32175450848595,77217.5,6.855152407284341,77218.80000000002,8.45453244935605,77217.40000000001,4.19436651765962,77218.90000000001,8.992214542978223,77217.3,4.548080982167833,77219.00000000001,12.087972691142612,77217.20000000001,1.3214597784678077,77219.1,3.618630100938074
1710000036.1499655,100722,BTCUSDT,77218.2,19.208917104603753,77218.3,6.323052651117806,77218.09999999999,5.181388509981373,77218.40000000001,5.754165770533186,77218.0,10.462133793976092,77218.5,6.947831477306016,77217.9,2.5832224540754725,77218.6,5.525028588821138,77217.8,2.0698060740621367,77218.7,8.029969563005888,77217.7,3.1918469569346284,77218.8,4.154692664212163,77217.59999999999,7.611400755006463,77218.90000000001,1.3902487064197218,77217.5,1.490474502245137,77219.0,2.8297280639229383,77217.4,1.4450703146259936,77219.1,2.0493633218685288,77217.3,25.224126726772074,77219.2,6.98136131368709
1710000036.1999655,100723,BTCUSDT,77218.1,14.661952513129338,77218.3,5.26773780300724,77218.0,4.610031454854232,77218.40000000001,4.266618782247536,77217.90000000001,9.890579168370094,77218.5,7.352139330070452,77217.8,3.4776504924723923,77218.6,4.292795421138385,77217.70000000001,4.826646473791349,77218.7,5.004292275769111,77217.6,10.38310074071246,77218.8,3.515797342982731,77217.5,10.766715878457777,77218.90000000001,3.529054215895635,77217.40000000001,6.287557251928367,77219.0,11.451599181873403,77217.3,9.925461563111005,77219.1,0.6345560637553854,77217.20000000001,0.9211978504200782,77219.2,2.5919720021715644
1710000036.2499654,100724,BTCUSDT,77218.2,4.076957583287638,77218.3,6.004888459793193,77218.09999999999,4.054808240617455,77218.40000000001,12.181327118551255,77218.0,16.16193556924725,77218.5,5.405731254207817,77217.9,2.839305436293635,77218.6,8.553954935214257,77217.8,6.777956342378071,77218.7,3.7519789841126565,77217.7,10.335919767032353,77218.8,16.49088509777685,77217.59999999999,4.464459173933168,77218.90000000001,4.536336035741275,77217.5,2.212516409281105,77219.0,4.313148767311226,77217.4,2.716719943180043,77219.1,1.839239564894604,77217.3,0.27819437430420757,77219.2,1.165196342305114
1710000036.2999654,100725,BTCUSDT,77218.2,6.723911073606433,77218.3,7.281898104630328,77218.09999999999,6.951811936727758,77218.40000000001,5.165275174224275,77218.0,4.987398627218864,77218.5,9.988819385051375,77217.9,4.986831975988503,77218.6,20.016543289703037,77217.8,4.316540843614232,77218.7,6.194502158400529,77217.7,1.8067018864461513,77218.8,5.837642353768571,77217.59999999999,8.82669913213386,77218.90000000001,12.620949427883499,77217.5,24.488666937205366,77219.0,2.1261382039548207,77217.4,3.8261489205562396,77219.1,2.7965731272384233,77217.3,3.3187780027882323,77219.2,0.6853031246042794
1710000036.3499653,100726,BTCUSDT,77218.1,4.9164051009147745,77218.3,4.207169846158238,77218.0,7.805076467227672,77218.40000000001,4.697213896123832,77217.90000000001,12.411326824031892,77218.5,7.246941785589046,77217.8,6.550279395037731,77218.6,5.678490587745832,77217.70000000001,2.187428759874122,77218.7,12.748430288689375,77217.6,5.5547736402374,77218.8,22.10552041698438,77217.5,4.283193176202711,77218.90000000001,6.1530272600529425,77217.40000000001,1.031404506979865,77219.0,4.795822747460216,77217.3,6.186719443149296,77219.1,6.429588912639662,77217.20000000001,5.880646129619046,77219.2,1.0261944944746972
1710000036.3999653,100727,BTCUSDT,77218.1,24.94168564564911,77218.40000000001,3.9144237536509,77218.0,14.223487974320278,77218.50000000001,4.56685930816283,77217.90000000001,7.475504921574572,77218.6,4.450629164263753,77217.8,16.13748521123292,77218.70000000001,2.828131467714426,77217.70000000001,4.754603750955938,77218.8,4.2347993737572605,77217.6,3.178239857359517,77218.90000000001,5.748571286452725,77217.5,1.7619052096178214,77219.00000000001,6.244464893824238,77217.40000000001,16.56830522344127,77219.1,7.329981097710182,77217.3,8.264930108690828,77219.20000000001,2.1828786994527967,77217.20000000001,1.5714984472808784,77219.3,2.911354974285271
1710000036.4499652,100728,BTCUSDT,77218.2,3.755510602644318,77218.3,8.684575776973004,77218.09999999999,4.515490429356716,77218.40000000001,8.213999098462265,77218.0,6.039490357059129,77218.5,3.2607788091678316,77217.9,13.160648993160372,77218.6,4.808213872208999,77217.8,7.303767523938114,77218.7,4.780761642258687,77217.7,5.309017200624316,77218.8,3.0425803573680175,77217.59999999999,2.0943761310802365,77218.90000000001,4.3285274244540295,77217.5,3.12083837953975,77219.0,2.7779277393325748,77217.4,4.865889683278886,77219.1,5.091274460931629,77217.3,0.18803124959314466,77219.2,1.6544598782349171
1710000036.4999652,100729,BTCUSDT,77218.2,4.007653239371863,77218.3,4.6762309704105505,77218.09999999999,3.4120919882559666,77218.40000000001,25.535578480898625,77218.0,8.135676094550327,77218.5,3.166050288026368,77217.9,2.481828835495427,77218.6,7.48170133731846,77217.8,4.313507893855791,77218.7,8.182036603609351,77217.7,11.88060542425615,77218.8,5.258172928729869,77217.59999999999,2.0286301593984057,77218.90000000001,7.296602744605388,77217.5,13.27718483150614,77219.0,4.27220561145057,77217.4,4.982783475260412,77219.1,2.046786102720622,77217.3,1.9220114611634453,77219.2,5.306890081978741
1710000036.5499651,100730,BTCUSDT,77218.3,4.353205685991103,77218.5,4.552821098222261,77218.2,6.237444411906666,77218.6,3.9770301549855844,77218.1,6.831377676987238,77218.7,4.179285816355555,77218.0,8.671890777710058,77218.8,9.003339176480104,77217.90000000001,4.49289863496718,77218.9,2.7977600280193577,77217.8,5.762599684604066,77219.0,21.32749143000518,77217.7,5.097702114156646,77219.1,1.3457211534196596,77217.6,0.8697810533826623,77219.2,2.344779728346073,77217.5,1.271548596038713,77219.3,7.107682138472601,77217.40000000001,7.452308745227621,77219.4,1.1969612292859921
1710000036.599965,100731,BTCUSDT,77218.40000000001,4.678043192983084,77218.50000000001,13.160533978277433,77218.3,5.9938397501543585,77218.60000000002,7.470048339776282,77218.20000000001,4.947871405276423,77218.70000000001,6.787988401853303,77218.1,4.350099343089476,77218.80000000002,4.060113388203402,77218.00000000001,6.025737927668908,77218.90000000001,5.576767658119897,77217.90000000001,2.989886579028222,77219.00000000001,2.2470107763808,77217.8,3.0391151666326297,77219.10000000002,3.345925334078713,77217.70000000001,4.762810899368908,77219.20000000001,10.6383015057827,77217.6,0.54742280573496,77219.30000000002,1.5170624287737087,77217.50000000001,0.8612766785217999,77219.40000000001,2.7909862355622606
1710000036.649965,100732,BTCUSDT,77218.3,7.21052150089831,77218.40000000001,12.211741432384903,77218.2,12.862018196526964,77218.50000000001,15.955773682808008,77218.1,8.735825493870209,77218.6,12.257327392670636,77218.0,3.469065575500034,77218.70000000001,3.2804971771977813,77217.90000000001,2.026036891522163,77218.8,6.908206430759791,77217.8,12.688255460085367,77218.90000000001,2.427778584809522,77217.7,5.2527880688055735,77219.00000000001,6.6889309112255315,77217.6,11.302982467957648,77219.1,4.9635653378631694,77217.5,14.465588947496958,77219.20000000001,2.090484585846982,77217.40000000001,1.7226918963692368,77219.3,3.132397050693739
1710000036.699965,100733,BTCUSDT,77218.40000000001,3.605706982420673,77218.50000000001,8.863672029642842,77218.3,8.77274488575625,77218.60000000002,8.697061674239565,77218.20000000001,4.492606383686843,77218.70000000001,5.7550012905488135,77218.1,4.184982902542021,77218.80000000002,2.464665498060655,77218.00000000001,5.306247497314863,77218.90000000001,2.528464052514188,77217.90000000001,1.9337061097542723,77219.00000000001,7.234144644253478,77217.8,1.2382066990774079,77219.10000000002,13.977556700651906,77217.70000000001,3.6965322026020706,77219.20000000001,17.102035657705265,77217.6,0.6389897096648637,77219.30000000002,3.9037590621938243,77217.50000000001,1.718992489633333,77219.40000000001,7.418349633028827
1710000036.749965,100734,BTCUSDT,77218.40000000001,5.4777949195043565,77218.50000000001,3.667906442014681,77218.3,5.179081479840144,77218.60000000002,7.451308369189009,77218.20000000001,3.9740470018431746,77218.70000000001,5.062448064710653,77218.1,2.633547846684723,77218.80000000002,5.947828708480707,77218.00000000001,7.647185956428275,77218.90000000001,4.133052294168795,77217.90000000001,3.7805133877487878,77219.00000000001,1.9697003764511436,77217.8,2.1022903186254576,77219.10000000002,1.872137875117146,77217.70000000001,3.4287098204390487,77219.20000000001,3.8137595279535654,77217.6,12.299025753393474,77219.30000000002,0.7042059181285557,77217.50000000001,3.6638428768877556,77219.40000000001,2.990401024710449
1710000036.799965,100735,BTCUSDT,77218.40000000001,11.859292844363328,77218.50000000001,4.52036286177309,77218.3,3.3665112528421597,77218.60000000002,7.662279122255355,77218.20000000001,4.493441902037679,77218.70000000001,2.870985828801159,77218.1,3.5580630494181116,77218.80000000002,3.8803538701025486,77218.00000000001,5.837193544339774,77218.90000000001,2.7577994228612397,77217.90000000001,3.731292197566635,77219.00000000001,4.234793218272095,77217.8,3.6590995899187497,77219.10000000002,15.789532508045724,77217.70000000001,0.9862883025097753,77219.20000000001,12.861143741894276,77217.6,3.8884946079249385,77219.30000000002,6.753205778235609,77217.50000000001,2.2512318360986505,77219.40000000001,2.4193577061388813
1710000036.8499649,100736,BTCUSDT,77218.3,4.488785393133777,77218.5,6.342582938522691,77218.2,12.421436834295676,77218.6,4.756527459307738,77218.1,7.022379192762239,77218.7,7.726084361013175,77218.0,8.432486221586942,77218.8,5.719759155968008,77217.90000000001,4.059703930229205,77218.9,15.646929375951528,77217.8,5.380106250418063,77219.0,6.8161334345448825,77217.7,2.8923754156501857,77219.1,5.63403455767025,77217.6,1.9925335219496834,77219.2,1.9246636222421354,77217.5,5.417167371846166,77219.3,3.3475164214855364,77217.40000000001,4.598905896458788,77219.4,1.2557673990370404
1710000036.8999648,100737,BTCUSDT,77218.40000000001,5.947470627140292,77218.50000000001,7.234880712331813,77218.3,4.574920546858334,77218.60000000002,8.227398722043816,77218.20000000001,9.358132376890742,77218.70000000001,4.003968903953519,77218.1,3.8302474048168857,77218.80000000002,6.72884139238588,77218.00000000001,6.757455798109472,77218.90000000001,6.870930611965513,77217.90000000001,6.191611472272987,77219.00000000001,3.595639048240397,77217.8,3.2091399588201637,77219.10000000002,2.3765051603359395,77217.70000000001,1.48236427465595,77219.20000000001,5.518127454869766,77217.6,0.7912839753238214,77219.30000000002,11.509105121127236,77217.50000000001,7.010608211619346,77219.40000000001,7.793814241946024
1710000036.9499648,100738,BTCUSDT,77218.40000000001,4.2881922823473,77218.6,3.6875176512941694,77218.3,9.346448949187675,77218.70000000001,3.5109669025107024,77218.20000000001,20.6702221290027,77218.8,7.29321568913498,77218.1,8.000757164250658,77218.90000000001,3.528411228966312,77218.00000000001,6.4817803229967685,77219.0,2.17672693373957,77217.90000000001,8.876334876281234,77219.1,2.3435071230310593,77217.8,5.980819644007522,77219.20000000001,2.216888612814116,77217.70000000001,1.0836352633441209,77219.3,3.4272122383297106,77217.6,1.1418798405833255,77219.40000000001,5.62910453978557,77217.50000000001,1.0849565048298315,77219.5,1.677075104944038
1710000036.9999647,100739,BTCUSDT,77218.40000000001,4.941713480990311,77218.50000000001,5.499184322614819,77218.3,9.963064156160446,77218.60000000002,3.989951218360595,77218.20000000001,3.143110035448048,77218.70000000001,4.392117994386696,77218.1,4.609207766832911,77218.80000000002,5.529306450252292,77218.00000000001,3.8635600625909623,77218.90000000001,8.240909446040256,77217.90000000001,1.7604535145431925,77219.00000000001,3.860898721006447,77217.8,3.1267240346954823,77219.10000000002,5.37170940191942,77217.70000000001,14.358211993321364,77219.20000000001,3.656465269947547,77217.6,17.733508799102122,77219.30000000002,1.8395741574757771,77217.50000000001,0.12541836089102665,77219.40000000001,0.7244723289270288
1710000037.0499647,100740,BTCUSDT,77218.40000000001,5.867186790086258,77218.50000000001,5.250658479998722,77218.3,3.7232567865663793,77218.60000000002,4.604573261506662,77218.20000000001,11.50155684706142,77218.70000000001,4.2384247461392555,77218.1,7.406430470070392,77218.80000000002,6.18748514418075,77218.00000000001,4.228743108078277,77218.90000000001,3.0926224399903943,77217.90000000001,3.4418908481228785,77219.00000000001,5.18700366890198,77217.8,2.9277695197320965,77219.10000000002,2.1677585525975442,77217.70000000001,1.295287300001808,77219.20000000001,9.273292942856706,77217.6,2.7215101470351586,77219.30000000002,4.325539728082108,77217.50000000001,2.6965980273279544,77219.40000000001,8.240643052538044
1710000037.0999646,100741,BTCUSDT,77218.40000000001,6.221721297833042,77218.50000000001,13.939844558483918,77218.3,8.287430817151145,77218.60000000002,3.673107213219127,77218.20000000001,3.5826216491468488,77218.70000000001,8.988160404040242,77218.1,9.627930734722879,77218.80000000002,5.551509410399802,77218.00000000001,5.2338301540202865,77218.90000000001,5.997960764955577,77217.90000000001,3.9129630641088946,77219.00000000001,6.160226951040892,77217.8,1.6593152736745052,77219.10000000002,14.20551779922878,77217.70000000001,6.347655392568184,77219.20000000001,4.78972337600058,77217.6,1.9210732632893772,77219.30000000002,1.1019660785578305,77217.50000000001,2.106078964275795,77219.40000000001,4.3338316803356545
1710000037.1499646,100742,BTCUSDT,77218.5,10.322625081796641,77218.6,3.7065455686099313,77218.4,5.5958672672501235,77218.70000000001,8.884458085385514,77218.3,5.959905393848838,77218.8,7.016193747486486,77218.2,5.308275420279327,77218.90000000001,21.651014052945108,77218.1,2.224679764702056,77219.0,4.701581299203565,77218.0,1.9834741587366527,77219.1,2.2963925461034336,77217.9,3.131793653111994,77219.20000000001,1.8762320700592723,77217.8,14.062336181135795,77219.3,12.534018937103594,77217.7,2.0385530919657797,77219.40000000001,4.483802772328913,77217.6,3.052161719865761,77219.5,6.762309463095073
1710000037.1999645,100743,BTCUSDT,77218.40000000001,3.601009945450245,77218.50000000001,9.361724851777302,77218.3,8.695062637146792,77218.60000000002,6.051136563741075,77218.20000000001,12.12883728670523,77218.70000000001,12.36331425401457,77218.1,5.368607555286198,77218.80000000002,6.14585366873811,77218.00000000001,24.64527417263268,77218.90000000001,3.4199639350202373,77217.90000000001,3.1699028015734987,77219.00000000001,2.4073579259275517,77217.8,10.248343065764132,77219.10000000002,6.657949719436354,77217.70000000001,1.2466003427146344,77219.20000000001,16.81816560710839,77217.6,5.6516062426699945,77219.30000000002,8.00242714969011,77217.50000000001,0.19739459489905578,77219.40000000001,2.8124742715919133
1710000037.2499645,100744,BTCUSDT,77218.5,10.412227491615978,77218.6,5.475773968504153,77218.4,10.753134578842051,77218.70000000001,3.911323921041405,77218.3,4.063701024274845,77218.8,2.97725240843465,77218.2,4.21291211170722,77218.90000000001,4.311559664558953,77218.1,8.544577448484176,77219.0,6.235228565584154,77218.0,3.895931921265094,77219.1,5.823521510546016,77217.9,1.4169097497052687,77219.20000000001,1.9951285401964456,77217.8,4.744148283318853,77219.3,4.901820773757454,77217.7,6.351265169114705,77219.40000000001,2.4633510479772407,77217.6,5.128517230241524,77219.5,4.607803314393587
1710000037.2999644,100745,BTCUSDT,77218.40000000001,4.568949873984825,77218.70000000001,6.808988171050359,77218.3,6.8828463791216095,77218.80000000002,29.62434078863174,77218.20000000001,3.6984993022709465,77218.90000000001,5.762783830003016,77218.1,4.099725251210566,77219.00000000001,5.385288712365789,77218.00000000001,3.0565320420439077,77219.1,2.1951326461712517,77217.90000000001,4.999816443440943,77219.20000000001,3.237014998988617,77217.8,2.003285235763065,77219.30000000002,2.7658675641155384,77217.70000000001,1.0021435943903378,77219.40000000001,12.818465206920257,77217.6,3.8809497616605864,77219.50000000001,7.144599455478314,77217.50000000001,2.200471527578475,77219.6,9.34517427666838
1710000037.3499644,100746,BTCUSDT,77218.5,8.886197883126405,77218.6,6.9448943527849885,77218.4,4.467613813373568,77218.70000000001,3.829140160063292,77218.3,6.526880509420907,77218.8,5.486951704182057,77218.2,2.8035961390624724,77218.90000000001,4.414191786959188,77218.1,4.892582034799127,77219.0,9.01538691729407,77218.0,1.9166103244262775,77219.1,3.313882969500782,77217.9,8.118658486704401,77219.20000000001,5.381316723288303,77217.8,2.1697264359393804,77219.3,8.265978321169726,77217.7,3.119293989887859,77219.40000000001,3.1594255351878067,77217.6,15.017913372503719,77219.5,11.758655836930885
1710000037.3999643,100747,BTCUSDT,77218.7,4.205986087984184,77218.8,5.176123311122871,77218.59999999999,3.3238301525495646,77218.90000000001,3.2839462893087377,77218.5,4.813560914827333,77219.0,14.122215477795468,77218.4,10.6028672219324,77219.1,5.265195162543816,77218.3,5.331719199367122,77219.2,2.0238046795261826,77218.2,2.5708407205930737,77219.3,1.700344680526902,77218.09999999999,6.818477496093149,77219.40000000001,1.8296376497241158,77218.0,8.931670325320939,77219.5,4.923713407018312,77217.9,1.4424403336541793,77219.6,1.086572619640486,77217.8,3.9514122591534546,77219.7,9.243960477188072
1710000037.4499643,100748,BTCUSDT,77218.8,5.088672789924226,77218.90000000001,31.87905866461038,77218.7,8.726647446325742,77219.00000000001,7.011628410562331,77218.6,5.001448937081429,77219.1,6.650933661859019,77218.5,4.071868104523704,77219.20000000001,2.517158492461072,77218.40000000001,4.0106925984066315,77219.3,12.664610348872042,77218.3,5.537219488190994,77219.40000000001,1.9507622255374715,77218.2,9.85107046586204,77219.50000000001,2.452682516620185,77218.1,1.9176361837858091,77219.6,2.210111185479893,77218.0,3.8434452554018406,77219.70000000001,3.5470903437951953,77217.90000000001,2.7044818817890994,77219.8,5.056828908881707
1710000037.4999642,100749,BTCUSDT,77218.7,9.694224922066818,77218.8,4.371047527478195,77218.59999999999,9.304447739186736,77218.90000000001,7.560316462871105,77218.5,7.398043396073609,77219.0,5.427672961871009,77218.4,6.798469566630099,77219.1,2.732644126808766,77218.3,9.630058410208907,77219.2,2.2285984091098183,77218.2,2.244157791395651,77219.3,5.039544321751908,77218.09999999999,6.579250293059329,77219.40000000001,1.517262000779105,77218.0,10.941339250745642,77219.5,15.338724152432476,77217.9,4.125111652930894,77219.6,3.025282365503095,77217.8,5.40981348303883,77219.7,1.5921154167900842
1710000037.5499642,100750,BTCUSDT,77218.7,4.65830584741829,77218.8,5.0133763093527435,77218.59999999999,5.528650049752924,77218.90000000001,4.7084868920405265,77218.5,4.674979579866871,77219.0,6.677046489724309,77218.4,8.150783101728353,77219.1,7.720536332611509,77218.3,8.73715377795822,77219.2,2.1308548361692017,77218.2,1.7956426023612928,77219.3,7.830855096576416,77218.09999999999,4.246379279919946,77219.40000000001,4.652333482667363,77218.0,1.016080077109044,77219.5,1.9791694358485474,77217.9,4.468361156861582,77219.6,8.241144888624703,77217.8,9.954858628922633,77219.7,2.7759460975224055
1710000037.5999641,100751,BTCUSDT,77218.7,10.760234811062281,77218.8,6.685512661390221,77218.59999999999,6.109783041713772,77218.90000000001,12.619053547552795,77218.5,9.041309694598784,77219.0,12.390772332857209,77218.4,3.3848660607293617,77219.1,5.3725062942319965,77218.3,9.39261150024097,77219.2,2.4712973696399727,77218.2,7.932394514068388,77219.3,2.408334424852911,77218.09999999999,7.8035144554502205,77219.40000000001,4.987009422981855,77218.0,1.658896336267142,77219.5,3.364908093696924,77217.9,4.98162288793397,77219.6,4.4188804646830695,77217.8,2.2292042495452726,77219.7,9.185081448599945
1710000037.649964,100752,BTCUSDT,77218.6,13.81036441438572,77218.70000000001,4.379762908284535,77218.5,6.206027371549817,77218.80000000002,9.709747737385383,77218.40000000001,3.7705966033837965,77218.90000000001,5.797797594501751,77218.3,3.5013537934792973,77219.00000000001,8.103385279906423,77218.20000000001,5.3235833482564665,77219.1,9.751097429242673,77218.1,10.598377070252283,77219.20000000001,5.784840137493372,77218.0,6.369631630553316,77219.30000000002,4.387104339839048,77217.90000000001,2.7408182120200104,77219.40000000001,4.977836672375469,77217.8,9.956435380469653,77219.50000000001,2.556080041280287,77217.70000000001,1.5099021441519698,77219.6,1.9669488133524788
1710000037.699964,100753,BTCUSDT,77218.6,3.905628423530108,77218.70000000001,6.360142828351705,77218.5,5.927359384797235,77218.80000000002,6.751239047359112,77218.40000000001,4.602812546322127,77218.90000000001,6.598434601334842,77218.3,10.822035371881432,77219.00000000001,14.846457612874849,77218.20000000001,5.50455312074482,77219.1,2.174098214123945,77218.1,15.525640059813092,77219.20000000001,6.494825764197165,77218.0,2.8376735394003236,77219.30000000002,1.836722506469417,77217.90000000001,1.4192237682946707,77219.40000000001,1.534462724717332,77217.8,0.5865744693795631,77219.50000000001,9.69744957173305,77217.70000000001,3.1128010279463405,77219.6,4.815350090092223
1710000037.749964,100754,BTCUSDT,77218.6,17.275973890651755,77218.8,5.912641017449574,77218.5,15.209856862728557,77218.90000000001,8.339140263739099,77218.40000000001,3.0931577410821736,77219.0,7.380088479592166,77218.3,7.042589028185314,77219.1,11.85191292760127,77218.20000000001,3.8668020101297174,77219.2,5.5170541165177,77218.1,1.6490497128532808,77219.3,3.214318999142555,77218.0,1.4570607989172144,77219.40000000001,4.151515337765931,77217.90000000001,7.6028732022198025,77219.5,1.724918079936183,77217.8,3.398371074101371,77219.6,1.3126677723380513,77217.70000000001,0.5144641101219773,77219.7,2.8615449162692697
1710000037.799964,100755,BTCUSDT,77218.7,7.140666903706183,77218.8,3.7273559375164926,77218.59999999999,3.6513982743773146,77218.90000000001,6.394008433710048,77218.5,6.3801469558135295,77219.0,2.9176614021112175,77218.4,5.807416251207929,77219.1,9.693063092482188,77218.3,7.125088563743041,77219.2,2.5625007374810345,77218.2,5.190608534674597,77219.3,6.062047137435677,77218.09999999999,1.3517679236093953,77219.40000000001,8.93368852297165,77218.0,10.269236809774338,77219.5,8.40055878149668,77217.9,7.363462488587616,77219.6,5.865421066047401,77217.8,4.014285285286938,77219.7,4.540611408786279
1710000037.849964,100756,BTCUSDT,77218.5,5.486170305102612,77218.7,12.694337567295982,77218.4,3.2690814547870586,77218.8,8.00019646486146,77218.3,15.184646750647936,77218.9,7.699807604993234,77218.2,22.805734901623623,77219.0,7.053178071287367,77218.1,2.139869288181382,77219.09999999999,9.018083221848435,77218.0,2.939821058081872,77219.2,3.962775571973486,77217.9,2.6964001947041965,77219.3,2.4509281094715156,77217.8,3.0583524435659983,77219.4,2.704096132272235,77217.7,4.413265692329543,77219.5,7.109822202480775,77217.6,1.4100980083024028,77219.59999999999,0.9617751282639685
1710000037.8999639,100757,BTCUSDT,77218.7,8.038531966529769,77218.8,12.855847830612955,77218.59999999999,3.2642967470375015,77218.90000000001,10.870397374021305,77218.5,5.744236872032576,77219.0,6.684065843135276,77218.4,2.7832755751796174,77219.1,4.666868300088701,77218.3,3.0314700776290393,77219.2,3.1733254927509034,77218.2,4.4054845364236215,77219.3,8.294966119921119,77218.09999999999,6.646889835276118,77219.40000000001,4.776160091619991,77218.0,3.9010591612824665,77219.5,3.029615247279012,77217.9,14.804935901840398,77219.6,3.6856730844578247,77217.8,1.1719385492633763,77219.7,1.0459307313074175
1710000037.9499638,100758,BTCUSDT,77218.6,10.6893658328614,77218.70000000001,8.471237076031098,77218.5,7.536817803500401,77218.80000000002,3.485041723391587,77218.40000000001,4.598018155697859,77218.90000000001,13.757065216920237,77218.3,10.339122402090037,77219.00000000001,3.7449295136273655,77218.20000000001,2.6834326962854482,77219.1,4.384720457826571,77218.1,3.359172801584301,77219.20000000001,6.185664104560958,77218.0,14.777063053844543,77219.30000000002,3.0039515987212875,77217.90000000001,1.0569773942918186,77219.40000000001,9.916021503813356,77217.8,0.5547542968551609,77219.50000000001,12.610556517372782,77217.70000000001,4.36948038312957,77219.6,11.367872395374508
1710000037.9999638,100759,BTCUSDT,77218.6,3.7662048549013845,77218.70000000001,6.2793634075343014,77218.5,5.595884498670717,77218.80000000002,4.810829296698697,77218.40000000001,15.447758990794302,77218.90000000001,9.717026047413754,77218.3,6.733894097354454,77219.00000000001,3.111047670923802,77218.20000000001,7.301902121120192,77219.1,7.1933164257943405,77218.1,3.81401523209744,77219.20000000001,11.949666779015107,77218.0,1.930780340887301,77219.30000000002,2.444280819503062,77217.90000000001,1.061245793211347,77219.40000000001,7.147790075749464,77217.8,4.288898964600146,77219.50000000001,1.9129971981037572,77217.70000000001,0.7156152011855869,77219.6,0.16390373392608112
1710000038.0499637,100760,BTCUSDT,77218.5,4.798922407706673,77218.6,11.93625255266139,77218.4,6.095561164590878,77218.70000000001,8.426266723068665,77218.3,2.945456735639003,77218.8,4.617550264883798,77218.2,5.009321332208738,77218.90000000001,3.225228605156243,77218.1,2.5122042237399476,77219.0,10.170241282786446,77218.0,12.815929685921228,77219.1,1.9283415282490637,77217.9,2.917097525966086,77219.20000000001,13.907638242966243,77217.8,1.1472967771611007,77219.3,4.927270702568959,77217.7,14.733953174951457,77219.40000000001,15.707726454976996,77217.6,2.5487564475459914,77219.5,0.7105260066232589
1710000038.0999637,100761,BTCUSDT,77218.5,12.41463112886127,77218.6,13.307290853786023,77218.4,6.944745821524869,77218.70000000001,9.012753167184515,77218.3,8.18723706198891,77218.8,7.136726824580117,77218.2,9.424263449999568,77218.90000000001,7.025897363349665,77218.1,5.054298371298957,77219.0,3.081760229773484,77218.0,7.0485639715804815,77219.1,4.165543778267475,77217.9,2.5970481445571227,77219.20000000001,7.676867801818756,77217.8,5.572310826197104,77219.3,11.880100085305267,77217.7,1.1234104170234844,77219.40000000001,4.590033893778432,77217.6,1.1201228388440205,77219.5,9.356290367679183
1710000038.1499636,100762,BTCUSDT,77218.6,5.35351036407557,77218.70000000001,15.928480489770422,77218.5,10.808012474296227,77218.80000000002,4.596064815190123,77218.40000000001,2.8302786820729215,77218.90000000001,4.20764339040068,77218.3,3.7213032929552043,77219.00000000001,11.227812859793652,77218.20000000001,15.659706177738604,77219.1,2.29217563190916,77218.1,4.149297337247846,77219.20000000001,4.779231516224909,77218.0,1.590061748241386,77219.30000000002,3.0960318821987225,77217.90000000001,2.3255243854989223,77219.40000000001,3.8719687496922655,77217.8,4.729273825078507,77219.50000000001,5.262631377022774,77217.70000000001,0.5882270485915754,77219.6,6.705468129928896
1710000038.1999636,100763,BTCUSDT,77218.6,12.395600924723091,77218.70000000001,5.986522256520746,77218.5,12.173107003799117,77218.80000000002,11.232924976369404,77218.40000000001,5.107928175429796,77218.90000000001,4.719526240933162,77218.3,13.201043366555487,77219.00000000001,7.423377127013735,77218.20000000001,12.538010273758728,77219.1,8.37770026306075,77218.1,5.359234891148036,77219.20000000001,2.092526753440412,77218.0,2.5783117634858534,77219.30000000002,15.074789242363806,77217.90000000001,2.3392519476083082,77219.40000000001,1.1915754857069292,77217.8,5.31789216939583,77219.50000000001,5.697099859413922,77217.70000000001,1.344452438068331,77219.6,1.4134188728103187
1710000038.2499635,100764,BTCUSDT,77218.7,10.090709101232605,77218.8,7.931767255146431,77218.59999999999,4.771428892862452,77218.90000000001,6.105298557081753,77218.5,5.153918274323052,77219.0,4.4552910624235285,77218.4,9.939087202042323,77219.1,5.042774750662604,77218.3,9.152418970670142,77219.2,2.444702782768792,77218.2,2.2080608596935583,77219.3,16.745141012664785,77218.09999999999,4.744680414082638,77219.40000000001,4.051519776938818,77218.0,3.7622640721216873,77219.5,1.7696560285226004,77217.9,5.4733904150501616,77219.6,0.7543659478270484,77217.8,3.4069186543039347,77219.7,3.383038278122425
1710000038.2999635,100765,BTCUSDT,77218.6,6.5877348280225085,77218.8,4.189652957628142,77218.5,6.601574341795663,77218.90000000001,3.5830827785074644,77218.40000000001,3.711588503172785,77219.0,2.926410925421142,77218.3,5.280376705622965,77219.1,2.7532821646567727,77218.20000000001,4.534944971135154,77219.2,12.808970510451843,77218.1,6.6884557691254685,77219.3,1.922288646214306,77218.0,2.215492687660149,77219.40000000001,5.679291646396007,77217.90000000001,9.803838134169565,77219.5,0.9338903820612448,77217.8,7.094863346825943,77219.6,3.70044611251493,77217.70000000001,3.15943703286437,77219.7,12.662589977054584
1710000038.3499634,100766,BTCUSDT,77218.6,6.8330115812182095,77218.70000000001,7.422264831356383,77218.5,4.751978087879511,77218.80000000002,6.578189086418215,77218.40000000001,3.880182738013941,77218.90000000001,3.4190232498507926,77218.3,4.2734295994756835,77219.00000000001,7.777380706013883,77218.20000000001,11.916675675919118,77219.1,4.447847345609855,77218.1,5.718102994957571,77219.20000000001,2.034963249604771,77218.0,10.5929984475421,77219.30000000002,4.562917249097772,77217.90000000001,6.862665619937752,77219.40000000001,7.128092636276602,77217.8,1.585441286345875,77219.50000000001,3.4130705699910493,77217.70000000001,12.92376847883886,77219.6,0.37563664397033564
1710000038.3999634,100767,BTCUSDT,77218.7,16.708571203704405,77218.8,5.029998896214136,77218.59999999999,11.106036021163622,77218.90000000001,14.051700983883713,77218.5,8.298826387675032,77219.0,3.852365338872258,77218.4,4.025866751046162,77219.1,2.5458647062773827,77218.3,9.122168104506661,77219.2,9.578124994522982,77218.2,5.606417584624905,77219.3,3.3387179994738334,77218.09999999999,1.5196853132675567,77219.40000000001,6.794400832321578,77218.0,5.9861977343569475,77219.5,10.549155398338945,77217.9,5.645222848154936,77219.6,7.457237393467968,77217.8,5.480969433015327,77219.7,3.98444506363709
1710000038.4499633,100768,BTCUSDT,77218.7,5.632352975019285,77218.8,3.9486388400284342,77218.59999999999,4.573934227396421,77218.90000000001,6.338653532929712,77218.5,4.089841523209694,77219.0,3.8001855767391755,77218.4,5.397968761719289,77219.1,3.144452603542168,77218.3,8.445961335344858,77219.2,4.649448958947431,77218.2,5.0119754309449664,77219.3,2.2377805987755104,77218.09999999999,2.7696605363224345,77219.40000000001,3.3111390366550433,77218.0,7.405476056239072,77219.5,6.681479157325291,77217.9,1.4091437562297875,77219.6,4.230316774099481,77217.8,1.1159802310297204,77219.7,17.774639995082527
1710000038.4999633,100769,BTCUSDT,77218.7,6.91371214087888,77219.0,8.401285540767928,77218.59999999999,9.666462083962534,77219.1,8.306151337021257,77218.5,7.613607750304425,77219.2,15.533456382685317,77218.4,6.029880059210374,77219.3,6.445733092931969,77218.3,9.569027328507719,77219.4,6.433327902930296,77218.2,6.881017201691995,77219.5,2.667173401839034,77218.09999999999,3.056193900048332,77219.6,1.8373962856512267,77218.0,3.6189802455793645,77219.7,3.233220223779984,77217.9,23.859770646355305,77219.8,4.1788498473100475,77217.8,6.175440161331107,77219.9,1.62595054739607
1710000038.5499632,100770,BTCUSDT,77218.8,4.995001579135172,77219.0,6.7819458739755065,77218.7,7.220891883757687,77219.1,6.757569783226039,77218.6,12.66954232481864,77219.2,11.941836905307044,77218.5,16.55963948662874,77219.3,6.803595676147048,77218.40000000001,16.28995472224991,77219.4,9.146562372994733,77218.3,2.8634052532584677,77219.5,3.8305207290820804,77218.2,2.2892954878314278,77219.6,1.2168239745355145,77218.1,1.6332599257771896,77219.7,0.8162754114121247,77218.0,5.489555673684651,77219.8,2.6172595343975322,77217.90000000001,1.4992085971218174,77219.9,5.7372502637057075
1710000038.5999632,100771,BTCUSDT,77218.90000000001,18.40373342952051,77219.1,7.709040957286527,77218.8,5.676086240545347,77219.20000000001,4.656895183314392,77218.70000000001,3.8057513909745486,77219.3,3.7577317764702425,77218.6,4.505038975691953,77219.40000000001,21.60783407332545,77218.50000000001,2.0034162481783393,77219.5,2.8786280316611457,77218.40000000001,2.43495609779324,77219.6,6.650922723424989,77218.3,2.938451595861866,77219.70000000001,3.644505510185528,77218.20000000001,1.443606272386945,77219.8,2.8767555870859685,77218.1,0.8356887899398153,77219.90000000001,3.4460748766444893,77218.00000000001,0.41228972077135473,77220.0,6.252286184079924
1710000038.6499631,100772,BTCUSDT,77218.90000000001,5.521776040132801,77219.00000000001,4.013489480202718,77218.8,6.168136496809148,77219.10000000002,6.0903218011465405,77218.70000000001,5.3252144836565325,77219.20000000001,8.196277393478718,77218.6,9.547192787647703,77219.30000000002,7.95783224054502,77218.50000000001,2.621312290494108,77219.40000000001,5.892074110878042,77218.40000000001,1.9349314898452343,77219.50000000001,6.344823466909098,77218.3,3.1240259754442326,77219.60000000002,1.768554256042368,77218.20000000001,8.723480762243536,77219.70000000001,4.607758053913948,77218.1,2.1523145871551415,77219.80000000002,0.5248366334814861,77218.00000000001,3.082794221426019,77219.90000000001,10.267550620273033
1710000038.699963,100773,BTCUSDT,77219.0,17.85259830400819,77219.1,4.186819096648089,77218.9,6.560144803575028,77219.20000000001,9.600427291231963,77218.8,5.782318018851891,77219.3,3.1819327454212605,77218.7,5.897582867838276,77219.40000000001,6.184298668002281,77218.6,7.2182565975048165,77219.5,7.728708478349216,77218.5,7.492164559423683,77219.6,5.955967577335793,77218.4,2.1724218159113065,77219.70000000001,3.2716410146468844,77218.3,6.786758521656846,77219.8,13.066935793986191,77218.2,0.7289506402387451,77219.90000000001,3.4674907429374757,77218.1,1.4989033784786618,77220.0,1.0216025182534663
1710000038.749963,100774,BTCUSDT,77219.1,17.068439039074676,77219.20000000001,4.396945150189728,77219.0,6.811056149626807,77219.30000000002,5.424863909719966,77218.90000000001,4.430837607942884,77219.40000000001,6.13546607759654,77218.8,8.500076281742494,77219.50000000001,2.493290617772164,77218.70000000001,15.947035794656488,77219.6,8.640432671291698,77218.6,7.16367942733058,77219.70000000001,7.3149270084380245,77218.5,3.1710307433006872,77219.80000000002,6.771190660859946,77218.40000000001,2.7560621986921143,77219.90000000001,9.958945157189406,77218.3,1.1802773015898635,77220.00000000001,1.783208071581314,77218.20000000001,3.205937757736133,77220.1,1.5380116481182144
1710000038.799963,100775,BTCUSDT,77219.1,6.3124249740310585,77219.20000000001,11.361595224559231,77219.0,6.162567666947633,77219.30000000002,5.000552085469916,77218.90000000001,3.9386726834650925,77219.40000000001,4.901564610321445,77218.8,5.300501128163574,77219.50000000001,7.883493231790155,77218.70000000001,2.5161034934503954,77219.6,3.002106208748563,77218.6,3.5099116706692897,77219.70000000001,3.387639217864855,77218.5,3.1886646129203378,77219.80000000002,7.5102313933998115,77218.40000000001,2.367162543106976,77219.90000000001,3.587803063332844,77218.3,4.311675652466912,77220.00000000001,1.456792240328174,77218.20000000001,5.073268661131369,77220.1,3.168435690537862
1710000038.849963,100776,BTCUSDT,77219.0,12.188345994823942,77219.1,6.893467546289095,77218.9,6.9579803235549615,77219.20000000001,11.519653465292485,77218.8,9.605833170956638,77219.3,6.480814196093567,77218.7,7.996508663435311,77219.40000000001,4.671838435614209,77218.6,5.170789577266601,77219.5,2.2563204215275054,77218.5,1.9766182303720536,77219.6,8.67433026334182,77218.4,1.4461046489782476,77219.70000000001,1.9424235803693257,77218.3,7.155261288547766,77219.8,0.8045864309269236,77218.2,1.7273960025985917,77219.90000000001,3.9086518020269567,77218.1,3.619919085313869,77220.0,6.005077719362555
1710000038.899963,100777,BTCUSDT,77219.1,6.448519831472676,77219.20000000001,8.768456740528032,77219.0,5.961599537475999,77219.30000000002,6.950987985649134,77218.90000000001,11.92227959249764,77219.40000000001,4.852987594833595,77218.8,4.345345596823565,77219.50000000001,2.41422121790572,77218.70000000001,5.801730575818047,77219.6,2.1208963524979,77218.6,4.405915086123749,77219.70000000001,8.123336531559941,77218.5,4.393329251012631,77219.80000000002,2.456849860755418,77218.40000000001,6.970266359754461,77219.90000000001,2.0572926172890096,77218.3,5.682502629705648,77220.00000000001,4.169085860643412,77218.20000000001,0.7453004658082035,77220.1,9.421154360545705
1710000038.9499629,100778,BTCUSDT,77219.0,3.656368964018955,77219.1,8.872568013262393,77218.9,7.929181886646741,77219.20000000001,9.48762381221037,77218.8,3.986614366945096,77219.3,5.150359939976905,77218.7,6.704823060423446,77219.40000000001,4.717620779037318,77218.6,6.78039280569898,77219.5,6.02019717474269,77218.5,2.0870790018141943,77219.6,7.675521873791187,77218.4,6.301536664768284,77219.70000000001,5.466529224459501,77218.3,1.474117737652894,77219.8,2.0478796546405578,77218.2,2.3980727220909355,77219.90000000001,1.7136252961985878,77218.1,1.034100086718862,77220.0,6.546366442366971
1710000038.9999628,100779,BTCUSDT,77219.0,6.933980788834642,77219.1,4.624489240679767,77218.9,13.207880616309197,77219.20000000001,4.048730564169539,77218.8,9.138023905636484,77219.3,16.4055095960924,77218.7,7.594492835941156,77219.40000000001,22.16748389829391,77218.6,6.211319337970267,77219.5,2.9808427150060695,77218.5,2.511717408630533,77219.6,3.1695891662060847,77218.4,1.2286222411535523,77219.70000000001,5.779024552719323,77218.3,2.051549821911235,77219.8,7.553561558176357,77218.2,2.1799808159514185,77219.90000000001,3.0153712179591885,77218.1,13.489147378622027,77220.0,1.1091959775420634
1710000039.0499628,100780,BTCUSDT,77218.90000000001,6.380571375184779,77219.00000000001,5.324374474732597,77218.8,9.111994085580609,77219.10000000002,7.096562093067075,77218.70000000001,5.384925028526269,77219.20000000001,8.844950652494715,77218.6,3.4723313012962906,77219.30000000002,8.003551409354827,77218.50000000001,10.021028134864139,77219.40000000001,10.435369256412587,77218.40000000001,7.723867473993938,77219.50000000001,3.69709030049918,77218.3,17.227098363023607,77219.60000000002,3.1095224097712384,77218.20000000001,4.871360732183571,77219.70000000001,1.502531955608212,77218.1,16.13889463361269,77219.80000000002,5.2693930580841934,77218.00000000001,5.5995865400090645,77219.90000000001,0.2721591750014923
1710000039.0999627,100781,BTCUSDT,77218.90000000001,9.561705712663144,77219.1,8.056196012461147,77218.8,4.580734117195429,77219.20000000001,5.890947909626014,77218.70000000001,3.2680879721803833,77219.3,5.351508919336139,77218.6,3.517923722947559,77219.40000000001,4.117578514647954,77218.50000000001,2.709815652406615,77219.5,3.045741496362938,77218.40000000001,1.9186352400405369,77219.6,11.697985936763708,77218.3,4.223587081881801,77219.70000000001,3.2216410617118263,77218.20000000001,3.8631227941076522,77219.8,4.7585999365864,77218.1,10.597974908928313,77219.90000000001,1.1874329884172454,77218.00000000001,1.4013658776787195,77220.0,14.883848383753751
1710000039.1499627,100782,BTCUSDT,77219.0,25.573706078334823,77219.1,7.2635754539784605,77218.9,3.335039274738602,77219.20000000001,3.5404525608148316,77218.8,5.4279480853396755,77219.3,4.8846623423324536,77218.7,6.127417942582929,77219.40000000001,4.711052505253247,77218.6,12.877062393109755,77219.5,5.060633112793926,77218.5,6.333101414099216,77219.6,10.672165532360935,77218.4,1.8353821543540323,77219.70000000001,2.2440808738248608,77218.3,1.254102417700788,77219.8,1.401610048375667,77218.2,3.2745489729772714,77219.90000000001,1.9495927625962963,77218.1,2.2008504236836193,77220.0,16.179894105807684
1710000039.1999626,100783,BTCUSDT,77219.0,6.713182883613815,77219.1,4.016428117749694,77218.9,4.733814472490641,77219.20000000001,6.1990895938930395,77218.8,14.522156814121482,77219.3,4.785247316398371,77218.7,2.668435858109669,77219.40000000001,4.365147340515585,77218.6,2.6300842334549452,77219.5,3.045405099973989,77218.5,5.450287727744261,77219.6,1.8792179439005379,77218.4,3.69988928755068,77219.70000000001,4.960915772997113,77218.3,2.9917457776494825,77219.8,0.8772465019740037,77218.2,17.339769920900988,77219.90000000001,2.229871041430738,77218.1,6.030724895869534,77220.0,1.5760032530574428
1710000039.2499626,100784,BTCUSDT,77218.90000000001,3.688374617791094,77219.00000000001,5.385279274244966,77218.8,12.010596710028924,77219.10000000002,7.889810485311049,77218.70000000001,3.428594017711674,77219.20000000001,6.377676716719003,77218.6,11.31105572755251,77219.30000000002,7.216345122587927,77218.50000000001,2.643889409467854,77219.40000000001,10.094740786870691,77218.40000000001,3.035532453685007,77219.50000000001,4.021103085639911,77218.3,4.1873967337195594,77219.60000000002,8.802012254279926,77218.20000000001,11.529968154159757,77219.70000000001,11.417253612073209,77218.1,0.43194393814652005,77219.80000000002,10.598471205276772,77218.00000000001,0.22368739434405913,77219.90000000001,1.2357517137807033
1710000039.2999625,100785,BTCUSDT,77218.8,6.215134287423755,77218.90000000001,7.312540339283837,77218.7,5.811448357286068,77219.00000000001,14.095235658197748,77218.6,3.9006371011783765,77219.1,4.08095711425176,77218.5,12.539982587233059,77219.20000000001,2.7193754693371255,77218.40000000001,5.761932303003457,77219.3,6.579495605306817,77218.3,4.417170025853784,77219.40000000001,6.339712952869476,77218.2,1.958615793635599,77219.50000000001,8.859295994636579,77218.1,1.403411046629425,77219.6,2.8487224608479824,77218.0,0.712960272621725,77219.70000000001,3.551687508637105,77217.90000000001,4.43157056202814,77219.8,11.335925742331769
1710000039.3499625,100786,BTCUSDT,77218.90000000001,6.203699583768519,77219.00000000001,6.894897735006877,77218.8,6.82633724454466,77219.10000000002,5.310393519074556,77218.70000000001,10.092571851614872,77219.20000000001,3.61913225971734,77218.6,5.637305725213077,77219.30000000002,7.5238942740996535,77218.50000000001,11.372635634776898,77219.40000000001,10.61384742474523,77218.40000000001,4.44312939572283,77219.50000000001,5.7218873746029875,77218.3,3.205070694911352,77219.60000000002,3.725783944920835,77218.20000000001,10.269168329736532,77219.70000000001,11.477471985086009,77218.1,9.4309845389194,77219.80000000002,0.9957213400729937,77218.00000000001,7.5907211361135,77219.90000000001,11.854123864894028
1710000039.3999624,100787,BTCUSDT,77218.90000000001,6.524611656388176,77219.00000000001,9.640094768636933,77218.8,6.5028591231552095,77219.10000000002,23.333684751866013,77218.70000000001,5.233117074420881,77219.20000000001,7.806252711032128,77218.6,8.692253062655755,77219.30000000002,5.125668318015977,77218.50000000001,9.779189633442263,77219.40000000001,5.1599945927767426,77218.40000000001,3.7217384974872054,77219.50000000001,2.056365963533583,77218.3,3.199632260148693,77219.60000000002,6.496080427001795,77218.20000000001,10.967757914974637,77219.70000000001,1.9596951534699638,77218.1,2.15548068806169,77219.80000000002,1.0687592567169248,77218.00000000001,4.694070486091969,77219.90000000001,12.894390822678174
1710000039.4499624,100788,BTCUSDT,77218.90000000001,3.9704605178850194,77219.00000000001,8.82998930624189,77218.8,6.885711050903652,77219.10000000002,7.5326502372539235,77218.70000000001,11.963064572129575,77219.20000000001,8.929181385561755,77218.6,8.473186590233462,77219.30000000002,12.87926557470497,77218.50000000001,20.3947455901891,77219.40000000001,5.482237459100518,77218.40000000001,2.0611119757202627,77219.50000000001,4.058304616993668,77218.3,7.397157549130454,77219.60000000002,1.312467706994036,77218.20000000001,1.034278551984757,77219.70000000001,1.0780768215460232,77218.1,5.652707355219471,77219.80000000002,3.1819326558890983,77218.00000000001,1.841150767335126,77219.90000000001,0.446484938096946
1710000039.4999623,100789,BTCUSDT,77219.1,5.14865331167257,77219.20000000001,4.83330315460813,77219.0,7.425881863914337,77219.30000000002,6.4749404144256655,77218.90000000001,4.600243368271144,77219.40000000001,6.903166682459098,77218.8,3.665541847962552,77219.50000000001,8.735670601064541,77218.70000000001,3.041922699746109,77219.6,2.691882590384379,77218.6,7.701111560928414,77219.70000000001,6.5225271486946585,77218.5,2.006697566083926,77219.80000000002,1.6943050230973866,77218.40000000001,8.090501969433609,77219.90000000001,6.7951383930559,77218.3,1.9855697998792277,77220.00000000001,4.69408770228618,77218.20000000001,0.5302882644914809,77220.1,2.829371124434967
1710000039.5499623,100790,BTCUSDT,77219.0,6.178549595399874,77219.1,5.790523111776229,77218.9,5.550718874278331,77219.20000000001,3.385563647315805,77218.8,4.595263321680525,77219.3,8.450288042109385,77218.7,4.241254902929204,77219.40000000001,7.423478493150266,77218.6,3.844833515674,77219.5,4.201312300747042,77218.5,4.91946247441569,77219.6,13.637859486694733,77218.4,1.6610169529558547,77219.70000000001,1.3338704536841215,77218.3,4.545536880727653,77219.8,12.71134066034061,77218.2,18.71143915445586,77219.90000000001,3.047867492283333,77218.1,2.525060898013238,77220.0,4.142141761900067
1710000039.5999622,100791,BTCUSDT,77219.0,7.6214502764095275,77219.1,11.885875251271962,77218.9,8.686508522863937,77219.20000000001,5.947685537935216,77218.8,5.278579262426835,77219.3,6.882182419399781,77218.7,4.833065037938479,77219.40000000001,4.84832903759884,77218.6,2.065761224244302,77219.5,2.764952626675213,77218.5,4.2817374424175245,77219.6,8.518598408171027,77218.4,2.5069503276542227,77219.70000000001,4.1579661908249985,77218.3,2.4922486366337577,77219.8,1.2428503143383964,77218.2,13.108871094607919,77219.90000000001,8.11509956588835,77218.1,0.3269771241381735,77220.0,5.088824749593035
1710000039.6499622,100792,BTCUSDT,77219.1,10.810298895519246,77219.20000000001,4.455342379332386,77219.0,8.143268235713212,77219.30000000002,3.4534915577364087,77218.90000000001,12.850003232211016,77219.40000000001,3.1382027166081596,77218.8,12.224408124106505,77219.50000000001,5.099714597383354,77218.70000000001,4.377489222966976,77219.6,16.4934275942448,77218.6,20.177381523168528,77219.70000000001,5.801324741461416,77218.5,1.7438255134551874,77219.80000000002,4.022256496103346,77218.40000000001,3.812974125867255,77219.90000000001,3.6898626145663753,77218.3,3.771155988609527,77220.00000000001,0.47560896334412395,77218.20000000001,4.968461365404481,77220.1,4.984659363715298
1710000039.6999621,100793,BTCUSDT,77218.90000000001,6.978108273145297,77219.00000000001,6.960664443572162,77218.8,7.788485263839911,77219.10000000002,3.5570637776060634,77218.70000000001,6.7393845169756315,77219.20000000001,4.118195954997118,77218.6,5.229008683492003,77219.30000000002,8.336926482304264,77218.50000000001,6.891887752574878,77219.40000000001,2.506350308054931,77218.40000000001,5.177968109090028,77219.50000000001,15.51013688053295,77218.3,1.8820594232283387,77219.60000000002,8.86676334230862,77218.20000000001,5.650010729457707,77219.70000000001,6.748939754840142,77218.1,1.724910685707512,77219.80000000002,1.7580855266982987,77218.00000000001,9.458669977921245,77219.90000000001,1.784098748827924
1710000039.749962,100794,BTCUSDT,77218.90000000001,9.970249266871594,77219.00000000001,7.706057128439129,77218.8,11.50902389417784,77219.10000000002,9.345442237849783,77218.70000000001,3.275646106172968,77219.20000000001,4.719056764896728,77218.6,8.358809357584091,77219.30000000002,4.560615926676256,77218.50000000001,16.35475894438857,77219.40000000001,7.323294057850793,77218.40000000001,1.6624851851266047,77219.50000000001,10.080577225260905,77218.3,1.6250204844299538,77219.60000000002,1.8057282273757942,77218.20000000001,6.104447263103508,77219.70000000001,8.808990538206174,77218.1,3.4744980767609728,77219.80000000002,1.7646111980388897,77218.00000000001,1.7312355310071228,77219.90000000001,1.679611306319599
1710000039.799962,100795,BTCUSDT,77218.90000000001,4.713090835126577,77219.00000000001,7.354831461277554,77218.8,12.426586060260153,77219.10000000002,4.6673768362488905,77218.70000000001,3.6265928889147676,77219.20000000001,10.094924633266285,77218.6,7.815824974977836,77219.30000000002,13.085158790980126,77218.50000000001,2.7237847431053295,77219.40000000001,2.623114148817784,77218.40000000001,4.718564025398284,77219.50000000001,5.412167996765799,77218.3,3.8170402603274147,77219.60000000002,4.854842615797008,77218.20000000001,1.5956567151096928,77219.70000000001,3.4127358507114094,77218.1,4.692860898292787,77219.80000000002,2.6675135321423546,77218.00000000001,4.550834789181216,77219.90000000001,2.400021257972131
1710000039.849962,100796,BTCUSDT,77218.8,3.693441454709761,77218.90000000001,8.016813218593102,77218.7,10.66004779655302,77219.00000000001,4.951707924397657,77218.6,2.988505368153036,77219.1,20.102765892754586,77218.5,3.6244610610599532,77219.20000000001,2.941543286076602,77218.40000000001,3.8465707690099764,77219.3,7.366156591553896,77218.3,2.9920876550013538,77219.40000000001,5.019872040269515,77218.2,3.348404582639933,77219.50000000001,1.7011827052653272,77218.1,2.40362414092239,77219.6,5.962053615344761,77218.0,4.187039936311944,77219.70000000001,0.9103262487004351,77217.90000000001,0.7132659179651649,77219.8,4.09476173779375
1710000039.899962,100797,BTCUSDT,77218.7,5.319899099879246,77218.9,7.2185431795777175,77218.59999999999,3.948421148443781,77219.0,4.692241458415383,77218.5,2.8819138616393243,77219.09999999999,8.648832181678648,77218.4,4.45004029844811,77219.2,9.174008879477466,77218.3,6.9291187076129965,77219.29999999999,9.058389270412762,77218.2,2.94557750827353,77219.4,2.41880234483719,77218.09999999999,15.488751810761663,77219.5,6.253869242932643,77218.0,7.9840885964503725,77219.59999999999,0.8528815163391704,77217.9,2.1506824525467083,77219.7,5.83186472841729,77217.8,0.32476574512863854,77219.79999999999,3.351211664157028
1710000039.949962,100798,BTCUSDT,77218.7,7.593658937972861,77218.8,4.710387735425582,77218.59999999999,4.500813080289141,77218.90000000001,12.340497615745363,77218.5,5.317859298507457,77219.0,4.791164749088966,77218.4,7.54754907964211,77219.1,12.014654574471514,77218.3,2.101420306458386,77219.2,4.378560077515296,77218.2,5.374456106505246,77219.3,3.134206477029782,77218.09999999999,7.12079802316316,77219.40000000001,15.428187853062884,77218.0,12.28891965341312,77219.5,2.0368898493594116,77217.9,1.4264822126895726,77219.6,13.032113713468831,77217.8,2.454598085087089,77219.7,0.9342794833057253
1710000039.9999619,100799,BTCUSDT,77218.7,4.9386493158319285,77218.8,4.843786284851043,77218.59999999999,11.65610024663679,77218.90000000001,3.9092364964097563,77218.5,3.066238821008182,77219.0,4.0543875995085745,77218.4,6.135227112511491,77219.1,2.9253938661840273,77218.3,4.551566494553525,77219.2,5.948324197184039,77218.2,9.154940745539788,77219.3,2.6447816655982015,77218.09999999999,8.000653586561363,77219.40000000001,2.2710276727734677,77218.0,5.317521737204688,77219.5,3.0532052850874365,77217.9,0.8872300828782884,77219.6,5.410740365617352,77217.8,0.9823881106327772,77219.7,0.7773664816353051
