timestamp,update_id,symbol,bid_p_1,bid_v_1,ask_p_1,ask_v_1,bid_p_2,bid_v_2,ask_p_2,ask_v_2,bid_p_3,bid_v_3,ask_p_3,ask_v_3,bid_p_4,bid_v_4,ask_p_4,ask_v_4,bid_p_5,bid_v_5,ask_p_5,ask_v_5,bid_p_6,bid_v_6,ask_p_6,ask_v_6,bid_p_7,bid_v_7,ask_p_7,ask_v_7,bid_p_8,bid_v_8,ask_p_8,ask_v_8,bid_p_9,bid_v_9,ask_p_9,ask_v_9,bid_p_10,bid_v_10,ask_p_10,ask_v_10
1710000000.05,100000,ETHUSDT,2546.46,4.35265832613568,2546.4700000000003,8.224249335796994,2546.45,10.380585496548626,2546.4800000000005,4.666706143674119,2546.44,11.762690555945055,2546.4900000000002,7.91397889961001,2546.43,3.2425826759048078,2546.5000000000005,5.63178700483253,2546.42,3.7362729444917915,2546.51,2.8030456557570647,2546.41,7.759680269880731,2546.5200000000004,15.065239065017037,2546.4,2.2577045962019113,2546.53,1.5490409787130877,2546.39,4.500805478723302,2546.5400000000004,6.022438930334467,2546.38,1.6931752585267748,2546.55,5.024622342530061,2546.37,2.9181450116985945,2546.5600000000004,0.19879736657506433
1710000000.1,100001,ETHUSDT,2546.46,4.42793641594375,2546.4700000000003,24.28173839751685,2546.45,6.141425519590921,2546.4800000000005,6.65849061792258,2546.44,8.109371548054481,2546.4900000000002,5.92321052641398,2546.43,12.174455002342459,2546.5000000000005,8.999376452549289,2546.42,4.063338127669555,2546.51,3.767838063248799,2546.41,13.81995208125437,2546.5200000000004,3.284132114483172,2546.4,9.212880616623092,2546.53,8.294367115530456,2546.39,3.890159624882423,2546.5400000000004,11.028328912039642,2546.38,0.8087798132102288,2546.55,0.8341176504081599,2546.37,4.836039150560868,2546.5600000000004,8.846587612187086
1710000000.1499999,100002,ETHUSDT,2546.46,4.317957280757712,2546.4700000000003,8.434214944617347,2546.45,5.874873803959737,2546.4800000000005,7.7662182197112815,2546.44,5.74879915430324,2546.4900000000002,2.9774659688228993,2546.43,3.4140842624713086,2546.5000000000005,5.824595135449931,2546.42,2.513305154290953,2546.51,4.773522541639979,2546.41,2.1940444337935,2546.5200000000004,1.8170155371398313,2546.4,1.9854073176633005,2546.53,3.5362250728592115,2546.39,9.201429429207183,2546.5400000000004,12.724488413883492,2546.38,3.0016338574433554,2546.55,2.8730445873977715,2546.37,4.056595962294696,2546.5600000000004,1.5698480426354093
1710000000.1999998,100003,ETHUSDT,2546.46,3.809811640225938,2546.4700000000003,7.660674253742053,2546.45,9.89091460760529,2546.4800000000005,7.637808354370199,2546.44,7.019542012612563,2546.4900000000002,5.01054342268482,2546.43,6.675382997452983,2546.5000000000005,3.338646010217328,2546.42,6.31435073071665,2546.51,5.016886503527845,2546.41,7.121573144655244,2546.5200000000004,1.9937905517559211,2546.4,7.339583066308993,2546.53,5.849302682288458,2546.39,5.550803604397068,2546.5400000000004,3.5475991019658766,2546.38,15.213719525539021,2546.55,1.3102513107965015,2546.37,1.4211060297013516,2546.5600000000004,1.0333003741801001
1710000000.2499998,100004,ETHUSDT,2546.4700000000003,5.49888733408288,2546.4800000000005,3.653317819458629,2546.46,10.58619957467697,2546.4900000000007,5.144127161535567,2546.4500000000003,6.0088657722901555,2546.5000000000005,7.758926941018254,2546.44,6.899153868637506,2546.5100000000007,7.144068765700131,2546.4300000000003,3.6769790591626617,2546.5200000000004,4.12677110284218,2546.42,2.696647352711159,2546.5300000000007,15.473963730141389,2546.4100000000003,2.561839951213381,2546.5400000000004,1.8374444482414574,2546.4,1.3540169577856556,2546.5500000000006,12.333619962302361,2546.3900000000003,2.1319676596976276,2546.5600000000004,5.690539102052446,2546.38,9.808496938345906,2546.5700000000006,4.829079524380648
1710000000.2999997,100005,ETHUSDT,2546.48,15.007171154138,2546.4900000000002,8.934676052510646,2546.47,4.289673368555619,2546.5000000000005,10.1439458993454,2546.46,8.518702597732824,2546.51,4.808184268687697,2546.45,3.2935139021210964,2546.5200000000004,7.387472136929275,2546.44,9.465300136585789,2546.53,3.839557665907736,2546.43,3.89776135547816,2546.5400000000004,3.3639401355620375,2546.42,2.296365552237499,2546.55,5.438083349922852,2546.41,2.7800663296892982,2546.5600000000004,5.089241170020646,2546.4,2.1993821745823388,2546.57,2.163345526276467,2546.39,0.8689023903733375,2546.5800000000004,17.468631074767337
1710000000.3499997,100006,ETHUSDT,2546.4900000000002,3.9107854963886393,2546.5000000000005,12.512546191665725,2546.48,3.6689358476234304,2546.5100000000007,7.131575676224188,2546.4700000000003,3.225219928400162,2546.5200000000004,7.76327736187365,2546.46,10.925618308599715,2546.5300000000007,7.153578612394314,2546.4500000000003,3.2379262512460727,2546.5400000000004,11.630173863467512,2546.44,5.066369277987031,2546.5500000000006,3.3831919824808194,2546.4300000000003,8.85935041556398,2546.5600000000004,2.330402486888601,2546.42,6.864593736777558,2546.5700000000006,0.9863110302520541,2546.4100000000003,9.0527255041605,2546.5800000000004,1.6941834100278648,2546.4,3.4788157944599103,2546.5900000000006,9.661325160098704
1710000000.3999996,100007,ETHUSDT,2546.4900000000002,3.856976826948155,2546.5200000000004,14.15119299594478,2546.48,6.1122847945943715,2546.5300000000007,14.829573412029383,2546.4700000000003,5.966844133254757,2546.5400000000004,4.026979160572333,2546.46,6.567568665874969,2546.5500000000006,4.8869199605522216,2546.4500000000003,5.987912069697246,2546.5600000000004,4.863504546085627,2546.44,2.6060737806347287,2546.5700000000006,6.904492282115443,2546.4300000000003,7.630984700979533,2546.5800000000004,9.569998797885532,2546.42,2.2417210985445637,2546.5900000000006,4.55897102419489,2546.4100000000003,0.7553295918079633,2546.6000000000004,1.9378165272895904,2546.4,6.760406288126041,2546.6100000000006,8.235620918975249
1710000000.4499996,100008,ETHUSDT,2546.5,5.691560920429499,2546.52,4.309862845380016,2546.49,4.013810307528619,2546.53,4.213231880690932,2546.48,2.804757472869995,2546.54,3.8287753987507274,2546.47,13.093402041503198,2546.55,7.765567780913761,2546.46,11.978722685194372,2546.56,5.700296382462255,2546.45,4.023619956164911,2546.57,3.1044732414399556,2546.44,3.1184828550775006,2546.58,5.317972234421318,2546.43,7.370583148131764,2546.59,1.3594753315338992,2546.42,5.6457143036818405,2546.6,0.42181182218501234,2546.41,4.206853628383134,2546.61,2.4135810398878563
1710000000.4999995,100009,ETHUSDT,2546.51,7.589232913081501,2546.5200000000004,3.6718057019394035,2546.5,10.494255624073517,2546.5300000000007,6.182362558428522,2546.4900000000002,4.654101237199818,2546.5400000000004,5.018758447088098,2546.48,3.6320580609035598,2546.5500000000006,4.76530654063316,2546.4700000000003,18.217397225269874,2546.5600000000004,7.578180260538295,2546.46,4.543602440958541,2546.5700000000006,4.08243224111049,2546.4500000000003,1.4793587881253156,2546.5800000000004,5.100340801840444,2546.44,5.886429904980786,2546.5900000000006,3.1967039229956695,2546.4300000000003,5.017904614566102,2546.6000000000004,5.6756111234709925,2546.42,0.6491571775361761,2546.6100000000006,3.756144941471809
1710000000.5499995,100010,ETHUSDT,2546.4900000000002,7.477669036619522,2546.51,5.442888524898495,2546.48,5.212264440825134,2546.5200000000004,4.675981309920026,2546.4700000000003,6.386758851994088,2546.53,3.6172609861307734,2546.46,16.09927540329371,2546.5400000000004,10.86454474076844,2546.4500000000003,2.509152067311019,2546.55,6.685861601764134,2546.44,10.97378778609711,2546.5600000000004,5.306667887992154,2546.4300000000003,3.9044347611454056,2546.57,7.5030893650409975,2546.42,1.5793169570361099,2546.5800000000004,2.474381178597527,2546.4100000000003,1.5803387854091593,2546.59,1.459397576599975,2546.4,5.727124227974743,2546.6000000000004,11.490547459424201
1710000000.5999994,100011,ETHUSDT,2546.48,3.7253173766104606,2546.4900000000002,7.1871241983564005,2546.47,4.842553078869109,2546.5000000000005,6.005855829106558,2546.46,2.8961299518785646,2546.51,4.2937522029454644,2546.45,10.195239217183767,2546.5200000000004,4.483212914447875,2546.44,5.431040509144557,2546.53,6.699689691040812,2546.43,9.576013993132568,2546.5400000000004,8.771362883525969,2546.42,7.044470927474646,2546.55,2.551246187721893,2546.41,2.260121476316049,2546.5600000000004,7.792592738996776,2546.4,3.7827896536779315,2546.57,1.540769078020832,2546.39,0.1,2546.5800000000004,1.619208870076143
1710000000.6499994,100012,ETHUSDT,2546.48,9.229681349236794,2546.4900000000002,8.022933491699682,2546.47,10.178044966009875,2546.5000000000005,3.4587551725633374,2546.46,8.867823276026442,2546.51,3.077993408757277,2546.45,2.9674230653592786,2546.5200000000004,7.59463654860723,2546.44,3.15657851894335,2546.53,5.171980502075691,2546.43,1.654075863816579,2546.5400000000004,1.8985813561834546,2546.42,1.7911009080374796,2546.55,2.8706287058779747,2546.41,4.238276768552332,2546.5600000000004,1.7313035864887705,2546.4,10.681288873952862,2546.57,1.5922431725998494,2546.39,4.7409672063750445,2546.5800000000004,5.70585287061374
1710000000.6999993,100013,ETHUSDT,2546.4700000000003,9.795532618220616,2546.5000000000005,5.39754892946107,2546.46,4.825548726132125,2546.5100000000007,8.638127754736407,2546.4500000000003,4.3557835464149655,2546.5200000000004,4.7119475675714035,2546.44,7.128156922611804,2546.5300000000007,4.4225462084610925,2546.4300000000003,2.508386230516622,2546.5400000000004,5.385446942952692,2546.42,2.407095411540671,2546.5500000000006,4.129359817952894,2546.4100000000003,12.330759795802159,2546.5600000000004,3.547902189559593,2546.4,4.802755303659205,2546.5700000000006,2.1464773642097548,2546.3900000000003,4.1525809157994855,2546.5800000000004,5.024926233509152,2546.38,6.869856945458273,2546.5900000000006,1.4993243064542863
1710000000.7499993,100014,ETHUSDT,2546.48,7.160971835835641,2546.4900000000002,12.248248815121126,2546.47,28.961846956548914,2546.5000000000005,5.073027067756914,2546.46,3.224231872043908,2546.51,9.696070644902168,2546.45,5.353184011690206,2546.5200000000004,7.6714402543190685,2546.44,6.038764113062131,2546.53,6.2008393466947,2546.43,10.574558178356487,2546.5400000000004,4.6397186784756395,2546.42,2.0688772209520607,2546.55,1.724860419337792,2546.41,15.496169720979589,2546.5600000000004,1.8448329967347452,2546.4,1.42664478580887,2546.57,4.748181871723858,2546.39,2.5987210205168876,2546.5800000000004,4.999024760947345
1710000000.7999992,100015,ETHUSDT,2546.4700000000003,6.371608303499382,2546.4800000000005,4.141867890812744,2546.46,11.90852387850616,2546.4900000000007,4.141108121539473,2546.4500000000003,5.052761375355778,2546.5000000000005,12.533870496855748,2546.44,13.587563246671618,2546.5100000000007,5.85639939430494,2546.4300000000003,9.973756908740718,2546.5200000000004,6.6022001138979585,2546.42,4.212344144518022,2546.5300000000007,3.9424226650476335,2546.4100000000003,1.7110836122072985,2546.5400000000004,3.531844543312787,2546.4,3.077350222176772,2546.5500000000006,3.3553300763528027,2546.3900000000003,1.8489238039922364,2546.5600000000004,9.207637404357603,2546.38,0.1,2546.5700000000006,0.3996154413311153
1710000000.8499992,100016,ETHUSDT,2546.48,5.094454212949321,2546.4900000000002,11.353810224918504,2546.47,3.337280359983678,2546.5000000000005,22.62701246549406,2546.46,16.334071749538026,2546.51,16.991121486110828,2546.45,2.580193937154072,2546.5200000000004,12.516749851216101,2546.44,6.272017192431466,2546.53,4.662008432873136,2546.43,3.1862640267320037,2546.5400000000004,11.473768549016665,2546.42,1.5660790655826018,2546.55,8.91371943432123,2546.41,2.055919282928725,2546.5600000000004,3.7302038030857068,2546.4,3.4655352692154624,2546.57,8.57278414735135,2546.39,0.12399747722377616,2546.5800000000004,9.031807973477605
1710000000.8999991,100017,ETHUSDT,2546.4700000000003,11.604080517899405,2546.4800000000005,13.32862517684839,2546.46,9.08829675168724,2546.4900000000007,3.343259987199377,2546.4500000000003,4.561014829036509,2546.5000000000005,6.72937812614088,2546.44,2.9856526295138557,2546.5100000000007,9.350345519828668,2546.4300000000003,2.0041784118319312,2546.5200000000004,6.754946041591604,2546.42,4.929043678979118,2546.5300000000007,2.558839393477636,2546.4100000000003,5.0438365868217625,2546.5400000000004,9.03101715582417,2546.4,5.779251573344414,2546.5500000000006,4.93863652805848,2546.3900000000003,4.984326225795009,2546.5600000000004,2.9005149499052725,2546.38,2.023631881993156,2546.5700000000006,0.43175458244890963
1710000000.949999,100018,ETHUSDT,2546.4900000000002,5.167253826315137,2546.5000000000005,6.811002697270258,2546.48,7.906759516062086,2546.5100000000007,3.3632771239617325,2546.4700000000003,6.920497307463782,2546.5200000000004,10.193932161042477,2546.46,8.256419559270114,2546.5300000000007,2.6753402296321984,2546.4500000000003,3.843606795228128,2546.5400000000004,4.762792144767654,2546.44,3.6564686459365654,2546.5500000000006,2.4135646181289054,2546.4300000000003,10.269947906945625,2546.5600000000004,12.26409045854184,2546.42,1.1988528653769657,2546.5700000000006,1.8509546526140135,2546.4100000000003,0.4017683702332659,2546.5800000000004,3.27944780516092,2546.4,6.5227112421007325,2546.5900000000006,1.9803278537457722
1710000000.999999,100019,ETHUSDT,2546.48,5.837295574490531,2546.4900000000002,5.952685567371553,2546.47,15.425456003653125,2546.5000000000005,3.265644151557144,2546.46,3.988567342680924,2546.51,2.8200608305244415,2546.45,5.439355575688355,2546.5200000000004,8.434760098995218,2546.44,9.298405258616935,2546.53,11.886744567213675,2546.43,3.402000971846645,2546.5400000000004,4.610226696913993,2546.42,8.154010360418194,2546.55,6.787827583500928,2546.41,2.434035352207628,2546.5600000000004,5.573080968411868,2546.4,8.994029422846001,2546.57,0.6484858748557569,2546.39,4.265601095426495,2546.5800000000004,1.6844617388376506
1710000001.049999,100020,ETHUSDT,2546.48,18.29046924297983,2546.4900000000002,8.206562836789342,2546.47,6.660900549291634,2546.5000000000005,21.74475437955239,2546.46,3.8532265804859147,2546.51,3.080647615942084,2546.45,2.5809592500115968,2546.5200000000004,11.373517091485269,2546.44,7.211206234646084,2546.53,7.046948749021868,2546.43,7.534426590736352,2546.5400000000004,7.26204356029174,2546.42,1.5126697291314848,2546.55,3.403109630102834,2546.41,2.779389027047416,2546.5600000000004,3.421688992816856,2546.4,3.8855631102151613,2546.57,0.5767074186011477,2546.39,11.214837493442987,2546.5800000000004,3.605615196204954
1710000001.099999,100021,ETHUSDT,2546.48,24.96306781405635,2546.4900000000002,4.993556976799114,2546.47,4.317921686421397,2546.5000000000005,18.962099679660177,2546.46,4.942551132247418,2546.51,6.637628784544267,2546.45,2.4475258703704,2546.5200000000004,5.817660717360937,2546.44,2.4932865866362706,2546.53,3.7810131125923925,2546.43,3.0141280489918945,2546.5400000000004,2.296220409049291,2546.42,2.925793874194637,2546.55,12.071843900102039,2546.41,6.735293976225786,2546.5600000000004,10.308981199584048,2546.4,0.7053854974135475,2546.57,2.2609095534350283,2546.39,1.6596512493806508,2546.5800000000004,0.5646947560864043
1710000001.149999,100022,ETHUSDT,2546.48,3.6691429368310398,2546.5,9.356412578994778,2546.47,4.566755185399715,2546.51,6.505933003864452,2546.46,3.1468297837370107,2546.52,6.817998241746642,2546.45,4.114405929456142,2546.53,5.667672786746797,2546.44,8.558728961039865,2546.54,14.433493398954159,2546.43,5.5040155699169535,2546.55,1.8865548424172354,2546.42,3.3627952386302815,2546.56,2.4363501470637585,2546.41,6.824274657026474,2546.57,7.304206973828998,2546.4,4.059450364816225,2546.58,2.849900726658071,2546.39,0.6710124527193401,2546.59,1.6844007148589373
1710000001.1999989,100023,ETHUSDT,2546.4900000000002,6.95183509507439,2546.5000000000005,3.7431993873845326,2546.48,7.48150566340102,2546.5100000000007,4.6111452335022705,2546.4700000000003,6.421508771643694,2546.5200000000004,6.544039146694432,2546.46,4.99361453732319,2546.5300000000007,6.756393544468456,2546.4500000000003,5.602110730150692,2546.5400000000004,9.029558278932416,2546.44,3.224735317408995,2546.5500000000006,2.931268357804079,2546.4300000000003,2.5570170743989995,2546.5600000000004,3.6070612553233845,2546.42,10.23365823595425,2546.5700000000006,1.7312681484558508,2546.4100000000003,14.46333475550892,2546.5800000000004,1.0226639348070632,2546.4,2.82390134516621,2546.5900000000006,3.2871933370377384
1710000001.2499988,100024,ETHUSDT,2546.4900000000002,9.396327019561438,2546.5000000000005,4.7918148557646445,2546.48,3.404559911323395,2546.5100000000007,4.159337514880774,2546.4700000000003,4.209303381878142,2546.5200000000004,4.080920788611485,2546.46,2.88121529958465,2546.5300000000007,10.322192844590706,2546.4500000000003,2.0282872689428766,2546.5400000000004,6.508197826960443,2546.44,5.9637901823392365,2546.5500000000006,2.734861747653546,2546.4300000000003,1.6185927519163763,2546.5600000000004,3.260384736960218,2546.42,1.1723938313416744,2546.5700000000006,0.8607521434903421,2546.4100000000003,13.709154016515914,2546.5800000000004,0.4716040942550563,2546.4,0.1,2546.5900000000006,0.3932811021125621
1710000001.2999988,100025,ETHUSDT,2546.48,11.477576080655412,2546.4900000000002,11.658628078822554,2546.47,3.4537346460649423,2546.5000000000005,6.8405021484649655,2546.46,6.015356458003636,2546.51,9.404392714013392,2546.45,8.069343193256755,2546.5200000000004,4.420178741762402,2546.44,4.6372908913112285,2546.53,3.2571226768263806,2546.43,5.433105446853342,2546.5400000000004,5.74653475693902,2546.42,3.8207956042959377,2546.55,11.534045163963313,2546.41,5.533040246888861,2546.5600000000004,6.692709608833924,2546.4,1.8623221587080612,2546.57,5.321096898033984,2546.39,1.17412973511695,2546.5800000000004,15.546524272425488
1710000001.3499987,100026,ETHUSDT,2546.48,3.8297282194404336,2546.4900000000002,6.3544998122634935,2546.47,3.9472147846286396,2546.5000000000005,12.361106074102935,2546.46,10.135971282119003,2546.51,9.849237048585826,2546.45,5.028660081625204,2546.5200000000004,11.688210189216969,2546.44,3.071640056914048,2546.53,3.411810439073766,2546.43,3.225188384121271,2546.5400000000004,9.961553400081835,2546.42,2.436062734242861,2546.55,3.773612421494655,2546.41,4.109020282063105,2546.5600000000004,3.316449390861224,2546.4,5.3533324434407845,2546.57,2.285146899950121,2546.39,3.8656268499427004,2546.5800000000004,5.5993464600996194
1710000001.3999987,100027,ETHUSDT,2546.4700000000003,4.789394011406724,2546.4900000000002,4.031008441922968,2546.46,27.80236989979183,2546.5000000000005,5.943239049473954,2546.4500000000003,17.858901511953054,2546.51,14.095092333138776,2546.44,4.6173539303919675,2546.5200000000004,4.36282829205987,2546.4300000000003,4.3460970396981935,2546.53,4.631131163830954,2546.42,5.550596631281726,2546.5400000000004,2.8205563901307995,2546.4100000000003,18.30122303994472,2546.55,1.3694315238909927,2546.4,1.3455103309773322,2546.5600000000004,4.700814207527693,2546.3900000000003,8.649707709717594,2546.57,20.03210364489104,2546.38,2.744386112024791,2546.5800000000004,9.236073234873691
1710000001.4499986,100028,ETHUSDT,2546.4700000000003,10.015304016667693,2546.4800000000005,7.884774973890584,2546.46,12.290192891828099,2546.4900000000007,4.009405939386331,2546.4500000000003,6.287657074108811,2546.5000000000005,4.561194846726606,2546.44,3.9659854792207745,2546.5100000000007,4.4158579692309265,2546.4300000000003,16.927552665221953,2546.5200000000004,8.913905879242868,2546.42,4.013372735001787,2546.5300000000007,3.726007550329858,2546.4100000000003,4.586613854975569,2546.5400000000004,3.727203858064531,2546.4,2.549650746273029,2546.5500000000006,8.359309229254158,2546.3900000000003,6.183745138414778,2546.5600000000004,2.088467141611224,2546.38,2.6178029958623017,2546.5700000000006,2.3008206387860906
1710000001.4999986,100029,ETHUSDT,2546.46,6.604791618791342,2546.4700000000003,19.98032313650337,2546.45,10.551749355098648,2546.4800000000005,5.235890514643444,2546.44,4.504483834596778,2546.4900000000002,6.903124006163667,2546.43,5.008966920878251,2546.5000000000005,4.568327581470444,2546.42,8.42905410814286,2546.51,10.161800099917365,2546.41,8.798540641142587,2546.5200000000004,5.323967964244087,2546.4,2.9542486575025566,2546.53,8.433876066528704,2546.39,2.6594995142752103,2546.5400000000004,2.0447013536276115,2546.38,2.0736599029047627,2546.55,6.179339420493217,2546.37,14.254234556027532,2546.5600000000004,0.3996316827708719
1710000001.5499985,100030,ETHUSDT,2546.46,7.834124411164245,2546.4700000000003,6.620702244474753,2546.45,5.7035707679807075,2546.4800000000005,3.2778159200998913,2546.44,6.773441507074731,2546.4900000000002,5.061449193689526,2546.43,8.471283202992304,2546.5000000000005,4.353444367236911,2546.42,2.6726200907150175,2546.51,3.1626494651764174,2546.41,9.644200034101246,2546.5200000000004,3.7745793915739303,2546.4,5.412871524787552,2546.53,2.45159504307128,2546.39,2.6412638636104306,2546.5400000000004,4.109013268600459,2546.38,3.7699479239902267,2546.55,0.8823987617152916,2546.37,0.3499125739125064,2546.5600000000004,0.5142100912191987
1710000001.5999985,100031,ETHUSDT,2546.4700000000003,7.099826567336378,2546.4800000000005,5.626972191096718,2546.46,9.49419040704888,2546.4900000000007,9.337942588335666,2546.4500000000003,9.622345279362738,2546.5000000000005,4.84685966076648,2546.44,3.058952873149771,2546.5100000000007,5.230018467588934,2546.4300000000003,5.7653462230320915,2546.5200000000004,2.4993401675759803,2546.42,5.298817441051476,2546.5300000000007,2.64451125497596,2546.4100000000003,2.8079611251810284,2546.5400000000004,1.9239433547061713,2546.4,2.021005021817597,2546.5500000000006,1.291940601778795,2546.3900000000003,1.4064901823427487,2546.5600000000004,4.14472062526743,2546.38,1.1797632998544576,2546.5700000000006,1.9200770402233196
1710000001.6499984,100032,ETHUSDT,2546.48,7.614088006934367,2546.4900000000002,6.02456964222349,2546.47,7.741798482690764,2546.5000000000005,5.149500318390458,2546.46,8.720858768510032,2546.51,8.668190237421163,2546.45,3.2971323145653626,2546.5200000000004,7.352538912112943,2546.44,6.754132330408986,2546.53,5.942542084501781,2546.43,13.451751611624779,2546.5400000000004,3.9359151021189795,2546.42,6.111560122592255,2546.55,2.494582716793367,2546.41,1.6995098995677345,2546.5600000000004,2.6171687125147454,2546.4,1.5184321984049256,2546.57,2.460988928469856,2546.39,3.6113859041458616,2546.5800000000004,2.15407179899809
1710000001.6999984,100033,ETHUSDT,2546.48,5.974040931097894,2546.4900000000002,6.538385545275361,2546.47,5.401800779343921,2546.5000000000005,7.897829159971521,2546.46,4.199602392686395,2546.51,14.794923501116852,2546.45,8.105347135710808,2546.5200000000004,4.727393023566533,2546.44,4.605744443841896,2546.53,10.298873584775162,2546.43,8.88141579788198,2546.5400000000004,6.006879817871873,2546.42,1.6633169021214913,2546.55,22.867448535215047,2546.41,9.35505444637548,2546.5600000000004,2.610804881488739,2546.4,2.0063338046522765,2546.57,6.837125245942576,2546.39,0.23914606224117313,2546.5800000000004,15.050554967794167
1710000001.7499983,100034,ETHUSDT,2546.48,4.331352952025787,2546.4900000000002,16.616992630406333,2546.47,11.5362965320578,2546.5000000000005,7.629055243222331,2546.46,3.443396539156091,2546.51,3.861756244707361,2546.45,2.5712223320878236,2546.5200000000004,10.419857134617201,2546.44,4.036746027374296,2546.53,5.881542457621221,2546.43,4.815345357075863,2546.5400000000004,2.186006924084626,2546.42,1.3931963055322267,2546.55,5.092657004702326,2546.41,6.991377955283855,2546.5600000000004,1.6880409791098883,2546.4,1.9382728968897447,2546.57,6.415024555838873,2546.39,3.7832196802545424,2546.5800000000004,2.3301774818366683
1710000001.7999983,100035,ETHUSDT,2546.4700000000003,9.975604209981674,2546.4900000000002,5.373801390928253,2546.46,4.52142057529152,2546.5000000000005,6.236131163529405,2546.4500000000003,5.083468808747409,2546.51,5.952932990237112,2546.44,3.0683375839712563,2546.5200000000004,2.582639299133909,2546.4300000000003,10.791814301189442,2546.53,14.600104638139841,2546.42,3.080541944532556,2546.5400000000004,2.1786057846876226,2546.4100000000003,2.188455575081712,2546.55,7.987549196130495,2546.4,6.283213281662637,2546.5600000000004,1.0322974543712955,2546.3900000000003,3.0183128800030734,2546.57,0.6351284172562289,2546.38,0.1389062118080794,2546.5800000000004,6.988228506408905
1710000001.8499982,100036,ETHUSDT,2546.4700000000003,10.815491369006242,2546.4800000000005,11.792066890487991,2546.46,3.91540278905867,2546.4900000000007,6.138311251536301,2546.4500000000003,7.092213434820637,2546.5000000000005,3.73046001387365,2546.44,3.0944497665275965,2546.5100000000007,8.515615594133628,2546.4300000000003,2.980575623219,2546.5200000000004,3.213128998516983,2546.42,1.9161957801312495,2546.5300000000007,6.232640674336549,2546.4100000000003,3.485892342291713,2546.5400000000004,3.7098710458208797,2546.4,2.273075099701458,2546.5500000000006,8.887160167886705,2546.3900000000003,0.9287025299401258,2546.5600000000004,6.8110459759704005,2546.38,7.913346209285669,2546.5700000000006,10.766955843965501
1710000001.8999982,100037,ETHUSDT,2546.4700000000003,4.486140951503473,2546.4800000000005,12.174089936775545,2546.46,7.017393082487049,2546.4900000000007,3.8383115317588263,2546.4500000000003,4.734518162159415,2546.5000000000005,5.098561369979592,2546.44,4.424215715006996,2546.5100000000007,10.714180621010918,2546.4300000000003,3.5777559022181107,2546.5200000000004,2.2787651176772363,2546.42,15.37686883859497,2546.5300000000007,1.6901842838150385,2546.4100000000003,1.4252752943543443,2546.5400000000004,2.6719354739472383,2546.4,4.59262739529335,2546.5500000000006,40.149734727673696,2546.3900000000003,9.172884879981789,2546.5600000000004,1.3118856686389897,2546.38,11.996319949690877,2546.5700000000006,1.9717773979433715
1710000001.9499981,100038,ETHUSDT,2546.48,16.28815451206592,2546.4900000000002,11.728334324859835,2546.47,7.710807168973183,2546.5000000000005,9.832039125205682,2546.46,6.665407531941965,2546.51,4.322165635750474,2546.45,2.4344023307992604,2546.5200000000004,4.703228146342967,2546.44,9.901855940733508,2546.53,2.363902790746204,2546.43,2.0414689768251875,2546.5400000000004,8.614306844523714,2546.42,2.085817410679341,2546.55,1.2038757683132992,2546.41,2.485404785488952,2546.5600000000004,2.852481444796201,2546.4,4.654253491273197,2546.57,2.7925733790497023,2546.39,14.225831686929794,2546.5800000000004,0.38172057643314616
1710000001.999998,100039,ETHUSDT,2546.4900000000002,7.407969637889399,2546.5000000000005,7.979265238757357,2546.48,3.4317365334420487,2546.5100000000007,7.30970729638406,2546.4700000000003,6.905597998525852,2546.5200000000004,10.729706054519099,2546.46,7.329954941998151,2546.5300000000007,15.11439097450551,2546.4500000000003,2.809226004146359,2546.5400000000004,2.737737843511444,2546.44,2.7815781562928903,2546.5500000000006,4.704528223928229,2546.4300000000003,1.4811155939782608,2546.5600000000004,2.477566267281866,2546.42,7.633336607259294,2546.5700000000006,1.9246397536987747,2546.4100000000003,4.363726747038039,2546.5800000000004,0.790016317797494,2546.4,0.7465858412444477,2546.5900000000006,0.7653234446739241
1710000002.049998,100040,ETHUSDT,2546.4900000000002,6.2918713291595605,2546.51,3.9490920440340638,2546.48,6.407888502196853,2546.5200000000004,3.7591849370998434,2546.4700000000003,2.8661068113644865,2546.53,4.825210833355238,2546.46,4.366733276815858,2546.5400000000004,4.047686845135062,2546.4500000000003,2.7359307963011967,2546.55,6.726922313026704,2546.44,14.681821286676762,2546.5600000000004,9.718006561085996,2546.4300000000003,3.4474103049253952,2546.57,7.270683699603649,2546.42,1.4098087193231423,2546.5800000000004,13.232365944774429,2546.4100000000003,2.9936456175001482,2546.59,3.4096047815916104,2546.4,13.760288803047466,2546.6000000000004,4.673577759535865
1710000002.099998,100041,ETHUSDT,2546.4900000000002,4.21332183874404,2546.5000000000005,6.653076278582857,2546.48,3.4085719629090563,2546.5100000000007,12.129196981425963,2546.4700000000003,8.311879234587837,2546.5200000000004,2.899545334735628,2546.46,3.7410630538813607,2546.5300000000007,4.61427899526197,2546.4500000000003,16.8280494947972,2546.5400000000004,2.090920293875275,2546.44,2.805192233584128,2546.5500000000006,3.604305285999101,2546.4300000000003,8.053463006541993,2546.5600000000004,20.015608391173437,2546.42,4.45852099563322,2546.5700000000006,3.9538802027776034,2546.4100000000003,0.8283777685559759,2546.5800000000004,4.533596833701588,2546.4,1.1542547595445674,2546.5900000000006,1.7518807409338795
1710000002.149998,100042,ETHUSDT,2546.4900000000002,11.055512646051787,2546.5000000000005,4.054796053744303,2546.48,13.930449762338352,2546.5100000000007,3.7623432120187994,2546.4700000000003,14.80914768222848,2546.5200000000004,6.054432721680391,2546.46,4.808643601595553,2546.5300000000007,2.425410266136467,2546.4500000000003,3.257593524067488,2546.5400000000004,5.251558122093677,2546.44,3.1675544695263746,2546.5500000000006,5.012288527914174,2546.4300000000003,5.047515092036697,2546.5600000000004,2.9276210243640635,2546.42,4.081695753747992,2546.5700000000006,1.9791231332621373,2546.4100000000003,6.464373499492064,2546.5800000000004,1.3125882864453198,2546.4,2.7400573325091786,2546.5900000000006,1.6337182517456996
1710000002.199998,100043,ETHUSDT,2546.48,5.853343567619277,2546.4900000000002,7.762613126659426,2546.47,5.49928870291927,2546.5000000000005,5.694204105227618,2546.46,6.155429268579143,2546.51,7.386638481028257,2546.45,4.435796402081406,2546.5200000000004,4.9975711441611566,2546.44,3.4900653039177487,2546.53,3.113120811871527,2546.43,7.871777138976128,2546.5400000000004,14.164959597891086,2546.42,3.537672759291899,2546.55,5.1999347462624605,2546.41,2.231861381035136,2546.5600000000004,4.233220824288005,2546.4,0.4131972041486935,2546.57,3.7562460277977694,2546.39,12.61624223753598,2546.5800000000004,0.594384043308382
1710000002.2499979,100044,ETHUSDT,2546.46,5.581519034050823,2546.48,3.747609618049843,2546.45,4.129544965360852,2546.4900000000002,8.651301770102439,2546.44,9.504139522392418,2546.5,10.228385907045336,2546.43,5.979221700231987,2546.51,8.556274141006737,2546.42,2.622159744199933,2546.52,4.166903895640942,2546.41,2.2567820275048494,2546.53,3.305310215533865,2546.4,4.011001209529322,2546.54,7.771578253358139,2546.39,1.8894466813503568,2546.55,6.640317603937,2546.38,11.479410086288917,2546.56,2.4772438565786414,2546.37,1.3569592666170867,2546.57,16.509939462100974
1710000002.2999978,100045,ETHUSDT,2546.46,6.790688811008896,2546.4700000000003,6.386864359202249,2546.45,4.757466328178191,2546.4800000000005,10.029398713079052,2546.44,5.131364978534004,2546.4900000000002,3.927625079227551,2546.43,10.549563218074475,2546.5000000000005,5.260430843626329,2546.42,9.085593326551042,2546.51,3.3788031116712354,2546.41,3.803948139679685,2546.5200000000004,9.305213837147186,2546.4,2.7649612899891336,2546.53,9.532666965326477,2546.39,1.791484521832157,2546.5400000000004,3.613643470173982,2546.38,10.246327001215496,2546.55,3.354706113650207,2546.37,1.5806585542692628,2546.5600000000004,10.00796174571271
1710000002.3499978,100046,ETHUSDT,2546.46,10.168131296046564,2546.48,4.466424178091064,2546.45,5.579785989334551,2546.4900000000002,4.4739938760343065,2546.44,10.636918067569095,2546.5,9.45962676783975,2546.43,10.78145648918904,2546.51,3.7329320221851283,2546.42,24.316893887641715,2546.52,19.749268772445788,2546.41,4.313896790423687,2546.53,3.991246933523319,2546.4,11.875466389060527,2546.54,9.97450576563958,2546.39,22.87261228270156,2546.55,12.231139965315913,2546.38,1.4767431207517565,2546.56,8.522968416049288,2546.37,0.23372819392625635,2546.57,4.0617043923181955
1710000002.3999977,100047,ETHUSDT,2546.4500000000003,14.63675529629153,2546.4700000000003,12.360532013828335,2546.44,4.774101265005111,2546.4800000000005,13.16915866004651,2546.4300000000003,7.341043982516407,2546.4900000000002,9.150535514482906,2546.42,4.588377413426397,2546.5000000000005,2.7848990863030183,2546.4100000000003,3.543045416482018,2546.51,4.21246486515415,2546.4,8.32194746334114,2546.5200000000004,3.9909530520194894,2546.3900000000003,3.9260674718682727,2546.53,12.793051918544375,2546.38,8.634189186231886,2546.5400000000004,6.079577993589473,2546.3700000000003,4.754502712689875,2546.55,5.746187041353358,2546.36,3.236032564649934,2546.5600000000004,3.6716818656447416
1710000002.4499977,100048,ETHUSDT,2546.4500000000003,17.123600598696658,2546.4600000000005,5.83842022745388,2546.44,11.388778328185122,2546.4700000000007,6.043349142189718,2546.4300000000003,3.836373815241636,2546.4800000000005,8.239216219194544,2546.42,19.30926025127203,2546.4900000000007,12.132767619666739,2546.4100000000003,9.643868090602858,2546.5000000000005,16.048748453991003,2546.4,1.8580655547180114,2546.5100000000007,3.470118415860247,2546.3900000000003,3.704406373513676,2546.5200000000004,9.328616981185682,2546.38,3.2445863779428805,2546.5300000000007,6.730457314938832,2546.3700000000003,6.384787598261379,2546.5400000000004,0.9595315192098782,2546.36,3.28371948533931,2546.5500000000006,2.3192169831517617
1710000002.4999976,100049,ETHUSDT,2546.4500000000003,7.610530008485194,2546.4700000000003,3.880323574499488,2546.44,6.504745067891847,2546.4800000000005,8.165194983830855,2546.4300000000003,3.3709385313421496,2546.4900000000002,6.938139415230683,2546.42,5.733684849474599,2546.5000000000005,6.500190875473344,2546.4100000000003,5.475718153860192,2546.51,5.390953300102977,2546.4,6.080985263214483,2546.5200000000004,2.8627427443161917,2546.3900000000003,2.789785833156535,2546.53,4.633020450098246,2546.38,1.413434813827485,2546.5400000000004,7.008656981402039,2546.3700000000003,3.6750663235886765,2546.55,2.142362261071292,2546.36,1.7909178329663655,2546.5600000000004,0.10197707887507801
1710000002.5499976,100050,ETHUSDT,2546.44,11.96529520570852,2546.4500000000003,5.486731743959904,2546.43,3.845715219195786,2546.4600000000005,4.48170198369273,2546.42,6.634763892846543,2546.4700000000003,4.178868454124285,2546.41,10.7119659152626,2546.4800000000005,10.62049005251898,2546.4,2.4812645735915804,2546.4900000000002,5.337913348548593,2546.39,6.027998921144523,2546.5000000000005,2.083166117915856,2546.38,1.5754251103198582,2546.51,9.740111705573113,2546.37,5.035019694557133,2546.5200000000004,7.203252666895409,2546.36,1.16901198585728,2546.53,0.6772432700131747,2546.35,1.7166000486532473,2546.5400000000004,1.3573567608827153
1710000002.5999975,100051,ETHUSDT,2546.44,6.973466542809785,2546.46,10.049329849744396,2546.43,5.380198769863959,2546.4700000000003,3.2183281272869055,2546.42,2.8612634321295425,2546.48,3.474217168775538,2546.41,11.242348999166946,2546.4900000000002,2.828487704346431,2546.4,3.361208477555629,2546.5,12.809870297145988,2546.39,3.5561514201420144,2546.51,5.054766854958769,2546.38,3.3797815466119556,2546.52,3.078248938144073,2546.37,9.0288200136306,2546.53,10.229952740685931,2546.36,1.9034552394812563,2546.54,3.1870720839226467,2546.35,13.17539883894072,2546.55,5.859595033144022
1710000002.6499975,100052,ETHUSDT,2546.44,7.195702736083463,2546.4500000000003,8.70374425215466,2546.43,6.865036664037962,2546.4600000000005,6.075744323512353,2546.42,7.053081699504457,2546.4700000000003,4.485470649064168,2546.41,15.505637372056833,2546.4800000000005,5.7484545143854415,2546.4,7.027583463141082,2546.4900000000002,7.152645726780225,2546.39,2.7566143864957806,2546.5000000000005,7.849421042504735,2546.38,2.1015051338205866,2546.51,3.7436921470113287,2546.37,1.5438358392425915,2546.5200000000004,3.306394168648044,2546.36,3.778853933134435,2546.53,7.807152761559351,2546.35,3.3739964300657954,2546.5400000000004,7.856642581784338
1710000002.6999974,100053,ETHUSDT,2546.44,4.29700951239065,2546.4500000000003,9.367670201939026,2546.43,6.924798711870577,2546.4600000000005,3.577668239051687,2546.42,4.935308687642243,2546.4700000000003,4.707533989265852,2546.41,3.1133923330644757,2546.4800000000005,5.634731847993842,2546.4,2.732526740065753,2546.4900000000002,4.2579527904517,2546.39,5.927242943296742,2546.5000000000005,6.742359962344398,2546.38,5.7962870781869755,2546.51,12.056644766189624,2546.37,1.6833889658180867,2546.5200000000004,2.5906870555889734,2546.36,1.0822288648630702,2546.53,12.994494241358826,2546.35,3.113483655493568,2546.5400000000004,4.091897234866374
1710000002.7499974,100054,ETHUSDT,2546.4500000000003,7.823926596598875,2546.4600000000005,7.125816324009261,2546.44,7.950216872748914,2546.4700000000007,6.320470318572374,2546.4300000000003,3.136977788062522,2546.4800000000005,5.025175413761493,2546.42,15.48132337582315,2546.4900000000007,2.7670932343718126,2546.4100000000003,2.018394109750401,2546.5000000000005,4.425337516956583,2546.4,4.382628226857923,2546.5100000000007,4.191931353480869,2546.3900000000003,6.640392132293534,2546.5200000000004,4.777667582160863,2546.38,5.182723343464485,2546.5300000000007,5.16879689010288,2546.3700000000003,3.4476929218887515,2546.5400000000004,3.7065677586833234,2546.36,2.64961169081891,2546.5500000000006,1.3747280002078346
1710000002.7999973,100055,ETHUSDT,2546.44,7.018689474424953,2546.4500000000003,3.8784442092431717,2546.43,5.844200359098962,2546.4600000000005,4.544945505585899,2546.42,9.162253231913823,2546.4700000000003,14.395890831086353,2546.41,10.798655512141602,2546.4800000000005,19.832070271938335,2546.4,2.651464721515648,2546.4900000000002,3.2814021845970074,2546.39,2.3815121914055344,2546.5000000000005,2.874988209418559,2546.38,10.2058568062542,2546.51,7.291651590517486,2546.37,1.6318997420767958,2546.5200000000004,19.509304136013434,2546.36,5.389063218845539,2546.53,0.6079761551930496,2546.35,9.041699903283138,2546.5400000000004,5.015370963548214
1710000002.8499973,100056,ETHUSDT,2546.42,7.852451148317149,2546.4300000000003,5.0226073454577085,2546.41,4.589214261180476,2546.4400000000005,4.40265523711774,2546.4,9.461264343519998,2546.4500000000003,4.378415362012351,2546.39,7.536715469715417,2546.4600000000005,4.391511067492726,2546.38,4.114152940782002,2546.4700000000003,4.334010829687939,2546.37,2.851752485634334,2546.4800000000005,4.7984827280777935,2546.36,5.3284378433532105,2546.4900000000002,1.617620990705872,2546.35,1.0610930034583963,2546.5000000000005,10.111755770979034,2546.34,0.9308857854195532,2546.51,0.6848621507333692,2546.33,3.4410981239620333,2546.5200000000004,13.98657735598848
1710000002.8999972,100057,ETHUSDT,2546.43,4.09980073359727,2546.44,5.237180086532837,2546.4199999999996,8.145822468973117,2546.4500000000003,3.504933397688572,2546.41,4.15459991880735,2546.46,11.30082302890004,2546.3999999999996,4.7826784781360985,2546.4700000000003,14.081518070628107,2546.39,9.458001218967286,2546.48,2.8765305228308238,2546.3799999999997,5.028532472516168,2546.4900000000002,1.756343798411497,2546.37,9.667805781001686,2546.5,3.9146647589405124,2546.3599999999997,15.097605187449862,2546.51,2.806166046672975,2546.35,2.5648213061940814,2546.52,0.954218021688556,2546.3399999999997,4.182540738260242,2546.53,4.115721185572839
1710000002.9499972,100058,ETHUSDT,2546.42,4.747055938105003,2546.4300000000003,9.116469308577688,2546.41,3.7453216752196847,2546.4400000000005,4.210945052543612,2546.4,4.265687535223012,2546.4500000000003,2.804782402684925,2546.39,2.437626707401044,2546.4600000000005,4.053911597476439,2546.38,3.0832658250793026,2546.4700000000003,4.3446023333764145,2546.37,3.7949009355172723,2546.4800000000005,3.473154192845546,2546.36,1.8014056165269892,2546.4900000000002,4.826729213706779,2546.35,5.613393064986137,2546.5000000000005,1.1706158024311557,2546.34,7.683842600847049,2546.51,0.7834152663119386,2546.33,0.718334671356813,2546.5200000000004,0.1874317903820887
1710000002.9999971,100059,ETHUSDT,2546.43,4.703555567834235,2546.44,6.661797123531881,2546.4199999999996,10.23669857028062,2546.4500000000003,4.264834682311594,2546.41,5.015234736140071,2546.46,5.914379277857035,2546.3999999999996,4.866681962563473,2546.4700000000003,9.013933847579702,2546.39,2.0067640909731126,2546.48,3.057248925541046,2546.3799999999997,3.038067416487467,2546.4900000000002,8.382098012693385,2546.37,1.8676635625998628,2546.5,3.839632815888561,2546.3599999999997,6.741097766458202,2546.51,3.7008940503427894,2546.35,4.552436026333304,2546.52,5.651870448134737,2546.3399999999997,1.907558287036081,2546.53,0.4182581071475095
1710000003.049997,100060,ETHUSDT,2546.43,8.117080454658478,2546.44,10.559925757124065,2546.4199999999996,4.700437441799781,2546.4500000000003,10.000251245291508,2546.41,3.0892569998282395,2546.46,4.2924595131672225,2546.3999999999996,6.8567334266989315,2546.4700000000003,9.711824283742455,2546.39,4.603110483524696,2546.48,4.080379796372148,2546.3799999999997,8.388255806569127,2546.4900000000002,1.9324452384074602,2546.37,8.777907259449417,2546.5,5.0383340678198305,2546.3599999999997,8.1631458544176,2546.51,5.56015224783098,2546.35,0.5452021308983496,2546.52,4.8213359383948,2546.3399999999997,2.0709846080900367,2546.53,1.8304407674758656
1710000003.099997,100061,ETHUSDT,2546.42,5.811045701208863,2546.4300000000003,4.806590817422737,2546.41,3.6324303627111196,2546.4400000000005,12.254925539498618,2546.4,4.314990158745067,2546.4500000000003,5.018639248736777,2546.39,3.0100948676314156,2546.4600000000005,7.461358662577824,2546.38,3.902713502691013,2546.4700000000003,10.327161263920406,2546.37,4.51556313617785,2546.4800000000005,9.538718526942906,2546.36,1.8171422551109297,2546.4900000000002,1.9142271670575757,2546.35,2.233658792233489,2546.5000000000005,1.5039834999400887,2546.34,5.966608638778616,2546.51,6.0143165538380705,2546.33,1.0044731614464066,2546.5200000000004,0.36920090195113053
1710000003.149997,100062,ETHUSDT,2546.42,5.5654301668749735,2546.4300000000003,5.932641198070121,2546.41,10.570548995952121,2546.4400000000005,13.450075494253394,2546.4,5.065463065420975,2546.4500000000003,7.811129391302188,2546.39,3.346598756518855,2546.4600000000005,4.928279448240721,2546.38,3.8889178551255137,2546.4700000000003,5.329268463204739,2546.37,3.6041316679976743,2546.4800000000005,2.7108054912362998,2546.36,7.583592132805124,2546.4900000000002,1.5468448990989292,2546.35,3.5937070713139674,2546.5000000000005,11.046214129472881,2546.34,1.199881116123159,2546.51,8.384275143260663,2546.33,4.738870653352578,2546.5200000000004,5.301891208285492
1710000003.199997,100063,ETHUSDT,2546.41,3.875555827004673,2546.42,4.737526091480792,2546.3999999999996,4.952297661731537,2546.4300000000003,3.718526294925126,2546.39,12.441383491101888,2546.44,6.646019600041422,2546.3799999999997,28.512004931761773,2546.4500000000003,12.303365273507762,2546.37,4.232770582458377,2546.46,2.2417827791248257,2546.3599999999997,9.276009372001942,2546.4700000000003,6.510965984061373,2546.35,3.701087165270163,2546.48,7.667360152669398,2546.3399999999997,2.4003429333384885,2546.4900000000002,16.352581973662367,2546.33,2.691766155917137,2546.5,4.6618440627052635,2546.3199999999997,4.7218687045009595,2546.51,3.6863286312267443
1710000003.249997,100064,ETHUSDT,2546.4,5.503669518240305,2546.4100000000003,5.017370298114684,2546.39,5.61668864468661,2546.4200000000005,4.782118505720135,2546.38,5.016184716424575,2546.4300000000003,10.129935151356824,2546.37,6.102977778000457,2546.4400000000005,14.038175391531972,2546.36,2.475068532930659,2546.4500000000003,8.226338223099964,2546.35,4.137868133671409,2546.4600000000005,10.382194598899504,2546.34,2.611997357703789,2546.4700000000003,4.828700321755001,2546.33,1.304890977219486,2546.4800000000005,5.166803611356844,2546.32,8.699708898802019,2546.4900000000002,3.686324177138872,2546.31,8.172945657741943,2546.5000000000005,10.79592569518295
1710000003.2999969,100065,ETHUSDT,2546.41,7.301601461851888,2546.42,10.28598067032978,2546.3999999999996,7.94790683707886,2546.4300000000003,13.463960915503225,2546.39,9.723199745018075,2546.44,3.1483751057896474,2546.3799999999997,4.58524642950829,2546.4500000000003,5.5102495433275305,2546.37,9.676380219251104,2546.46,2.006646133472361,2546.3599999999997,4.761035434722338,2546.4700000000003,1.7983788138183656,2546.35,2.157569242236439,2546.48,4.210258081298923,2546.3399999999997,3.842913613402523,2546.4900000000002,6.594530207055099,2546.33,6.16695678766988,2546.5,2.4467540695341703,2546.3199999999997,1.4730939048997314,2546.51,3.9337375710648885
1710000003.3499968,100066,ETHUSDT,2546.42,9.133234006979297,2546.4300000000003,11.902750493489167,2546.41,7.4801793719831915,2546.4400000000005,4.195858019934121,2546.4,2.9239145515704474,2546.4500000000003,3.2049600003931884,2546.39,3.0895111850944055,2546.4600000000005,16.686778684699178,2546.38,9.689446202708329,2546.4700000000003,9.305659497450929,2546.37,3.9738735668141625,2546.4800000000005,2.7881723831706786,2546.36,6.482758037540184,2546.4900000000002,11.658194620920522,2546.35,1.9086691346196993,2546.5000000000005,8.009848441007586,2546.34,10.857858687746662,2546.51,1.5820018151710111,2546.33,5.1482509632642275,2546.5200000000004,12.477914856413063
1710000003.3999968,100067,ETHUSDT,2546.42,10.827024038406023,2546.4300000000003,5.185115216667192,2546.41,4.452613364002733,2546.4400000000005,10.074495890586434,2546.4,22.364610452434512,2546.4500000000003,5.246081949778488,2546.39,2.932894227425914,2546.4600000000005,5.11916503513646,2546.38,6.5451386330946315,2546.4700000000003,4.19869041739968,2546.37,9.145140116672874,2546.4800000000005,2.6226420435446034,2546.36,2.7773569181050815,2546.4900000000002,3.625885203657102,2546.35,3.1641764066992444,2546.5000000000005,4.8042030561096585,2546.34,0.7716420283002492,2546.51,3.534155293494562,2546.33,5.061801357033727,2546.5200000000004,14.958361675057718
1710000003.4499967,100068,ETHUSDT,2546.42,3.7566905516514457,2546.4300000000003,10.309227647651502,2546.41,3.9916059114450273,2546.4400000000005,5.615301904354373,2546.4,8.019526807516618,2546.4500000000003,3.8514262464935354,2546.39,2.5267084461206495,2546.4600000000005,4.172371397990982,2546.38,7.930598040309885,2546.4700000000003,2.599920783595376,2546.37,7.120618459857726,2546.4800000000005,1.98003695985623,2546.36,2.16386206302313,2546.4900000000002,5.265873852091813,2546.35,6.470096983580287,2546.5000000000005,2.018016503981798,2546.34,9.461299195217268,2546.51,5.768739273432901,2546.33,5.276129584733008,2546.5200000000004,5.990220155863957
1710000003.4999967,100069,ETHUSDT,2546.4,3.8814859594594218,2546.4300000000003,7.874775503322558,2546.39,21.922879453502755,2546.4400000000005,5.040860331745172,2546.38,3.70129423981692,2546.4500000000003,6.038328978910714,2546.37,7.890857181035211,2546.4600000000005,2.616717499924389,2546.36,3.8734822708060737,2546.4700000000003,5.366002952181398,2546.35,3.1903495447304446,2546.4800000000005,6.818699422672488,2546.34,1.601843620976593,2546.4900000000002,10.27294020259232,2546.33,1.9938779651172547,2546.5000000000005,1.4355384010675953,2546.32,8.551039714896342,2546.51,1.0821134214211956,2546.31,14.802658876272753,2546.5200000000004,7.202772946424939
1710000003.5499966,100070,ETHUSDT,2546.41,8.26285696680267,2546.42,9.895787127749514,2546.3999999999996,14.00171042098263,2546.4300000000003,3.5096104438326234,2546.39,2.901630968072612,2546.44,4.127039514791,2546.3799999999997,7.464979885000276,2546.4500000000003,4.316864339269245,2546.37,8.004128957886563,2546.46,4.549406327265524,2546.3599999999997,5.750617911388222,2546.4700000000003,4.761206519121014,2546.35,3.247640345540103,2546.48,1.8133299379318517,2546.3399999999997,3.030861716050608,2546.4900000000002,5.142477103850205,2546.33,2.4550435271078044,2546.5,0.7103126568636057,2546.3199999999997,1.308038973507748,2546.51,10.969686593065658
1710000003.5999966,100071,ETHUSDT,2546.42,7.003866141426295,2546.4300000000003,4.302968014801982,2546.41,5.879721774404423,2546.4400000000005,3.472384819338875,2546.4,2.963171435696883,2546.4500000000003,3.0235046382773367,2546.39,5.457298422900879,2546.4600000000005,5.180736685249059,2546.38,5.078089946778547,2546.4700000000003,4.903571047404742,2546.37,9.690353192911036,2546.4800000000005,3.6273819659197697,2546.36,7.053241033086561,2546.4900000000002,4.336226071937435,2546.35,3.110901326431775,2546.5000000000005,2.896310924060394,2546.34,3.9604981228634197,2546.51,1.9767489095171826,2546.33,4.214741615126103,2546.5200000000004,0.5130493884342252
1710000003.6499965,100072,ETHUSDT,2546.42,12.350757419038663,2546.4300000000003,5.10222212280893,2546.41,9.482801269197424,2546.4400000000005,21.113001794098665,2546.4,14.270665234362772,2546.4500000000003,10.213806074661488,2546.39,7.902373214154053,2546.4600000000005,5.386679374413828,2546.38,3.052282556032912,2546.4700000000003,2.48140651491104,2546.37,3.2633506778911205,2546.4800000000005,4.621591218384747,2546.36,4.702817103701337,2546.4900000000002,5.181913532224199,2546.35,4.256843775320218,2546.5000000000005,1.9437805676563065,2546.34,7.327664182328322,2546.51,2.2705044989056544,2546.33,4.7025013535070865,2546.5200000000004,3.6160446102202806
1710000003.6999965,100073,ETHUSDT,2546.42,4.610549498174659,2546.4300000000003,9.6375079061168,2546.41,3.8074625907140875,2546.4400000000005,4.545997663810138,2546.4,2.8310941136318784,2546.4500000000003,3.8937197606732656,2546.39,5.022269918255217,2546.4600000000005,16.832088872393975,2546.38,14.424253517114964,2546.4700000000003,2.3447995119673974,2546.37,3.6281620273940245,2546.4800000000005,1.7376899239214885,2546.36,3.719024790670665,2546.4900000000002,9.463964782099307,2546.35,1.0255361574647783,2546.5000000000005,2.287423331338548,2546.34,3.9223562396469003,2546.51,5.774599053075772,2546.33,3.5292980919909636,2546.5200000000004,6.99837076505012
1710000003.7499964,100074,ETHUSDT,2546.43,13.715688766700316,2546.44,10.822548051298048,2546.4199999999996,6.369734066628429,2546.4500000000003,6.216148444728317,2546.41,4.825012816718514,2546.46,4.327428045495196,2546.3999999999996,7.328390813631155,2546.4700000000003,5.353599288616245,2546.39,4.68904826684628,2546.48,2.2451909970801434,2546.3799999999997,4.246841520162814,2546.4900000000002,10.27109359582361,2546.37,4.415858283496238,2546.5,6.590855163196822,2546.3599999999997,2.658196571363404,2546.51,3.429869037788303,2546.35,1.5474045524320492,2546.52,6.624935907200931,2546.3399999999997,2.829375473617299,2546.53,0.1
1710000003.7999964,100075,ETHUSDT,2546.42,23.329235564721568,2546.4300000000003,7.86933518667988,2546.41,4.000229715288616,2546.4400000000005,3.710998440345446,2546.4,15.924009051948728,2546.4500000000003,8.241165734349941,2546.39,4.373361473974945,2546.4600000000005,5.055599207360046,2546.38,5.96988342033692,2546.4700000000003,4.543422963021383,2546.37,11.711859016248125,2546.4800000000005,3.736760510610224,2546.36,1.3554325356467485,2546.4900000000002,6.31737900636294,2546.35,7.074976478229543,2546.5000000000005,1.306243872614707,2546.34,0.8499849582932193,2546.51,2.2442903848880884,2546.33,0.6062303424178229,2546.5200000000004,4.812709788276404
1710000003.8499963,100076,ETHUSDT,2546.42,4.653453289380343,2546.4300000000003,8.017472660357988,2546.41,7.9105326458582255,2546.4400000000005,4.600205018140013,2546.4,3.076527618067117,2546.4500000000003,11.332239843276453,2546.39,3.0369580139931265,2546.4600000000005,8.764452876014825,2546.38,4.279147473229817,2546.4700000000003,6.8780333801154905,2546.37,8.999626039575361,2546.4800000000005,2.841035119356839,2546.36,2.621056847538717,2546.4900000000002,5.684790040070794,2546.35,4.444784533198497,2546.5000000000005,3.4098640600606904,2546.34,2.8995222892095778,2546.51,2.069194103588904,2546.33,9.902288518925088,2546.5200000000004,4.9205245322936575
1710000003.8999963,100077,ETHUSDT,2546.43,7.7689349357277955,2546.44,4.932245422769315,2546.4199999999996,8.469375147120395,2546.4500000000003,5.509295938246014,2546.41,11.350580027783723,2546.46,4.976414372118656,2546.3999999999996,2.466104608921776,2546.4700000000003,3.3169886039347185,2546.39,2.7036854472853933,2546.48,3.678424511490897,2546.3799999999997,4.7590767804789955,2546.4900000000002,1.7867057803475686,2546.37,5.063826612567896,2546.5,2.828222391981046,2546.3599999999997,1.1939252270567677,2546.51,1.734502589646596,2546.35,2.2615897111985155,2546.52,3.159855665382956,2546.3399999999997,1.8701559772349783,2546.53,1.633436487310399
1710000003.9499962,100078,ETHUSDT,2546.43,4.213580707196944,2546.44,13.99452476545868,2546.4199999999996,4.548446439630853,2546.4500000000003,9.23652580043966,2546.41,4.178924931464211,2546.46,3.7734437715545326,2546.3999999999996,3.585708103699975,2546.4700000000003,3.1299960557066093,2546.39,6.220737381423165,2546.48,9.94486549445159,2546.3799999999997,18.321022553258054,2546.4900000000002,6.353541746229041,2546.37,5.053348722369347,2546.5,2.514494071931356,2546.3599999999997,6.312114672550537,2546.51,7.695749079069084,2546.35,1.367848609327266,2546.52,6.926552266030828,2546.3399999999997,2.4280374189661145,2546.53,4.087543177888944
1710000003.9999962,100079,ETHUSDT,2546.44,13.02829114434554,2546.4500000000003,3.616824475106662,2546.43,5.240824880524695,2546.4600000000005,7.94671919513542,2546.42,8.954855481830464,2546.4700000000003,3.668563475744874,2546.41,14.918833735716316,2546.4800000000005,11.740860715057808,2546.4,4.173823752783921,2546.4900000000002,6.3300727838033675,2546.39,11.86552908325711,2546.5000000000005,3.083096046801752,2546.38,2.9236182622912286,2546.51,3.9194001220513317,2546.37,1.8006942464899687,2546.5200000000004,1.4971710348510665,2546.36,1.0417803985507241,2546.53,2.246264335498883,2546.35,1.6909279741028782,2546.5400000000004,2.6307929797081586
1710000004.0499961,100080,ETHUSDT,2546.4500000000003,4.353939581397214,2546.4600000000005,4.495208421183262,2546.44,5.4566918492453045,2546.4700000000007,15.121200000990395,2546.4300000000003,7.047565210631543,2546.4800000000005,5.451456793794331,2546.42,8.772621272224097,2546.4900000000007,9.767200179217614,2546.4100000000003,5.606691027752974,2546.5000000000005,3.0623353294823357,2546.4,4.625017396361004,2546.5100000000007,7.876679855286554,2546.3900000000003,2.275261073415469,2546.5200000000004,14.487154768684533,2546.38,2.964705471322578,2546.5300000000007,2.3825408187406945,2546.3700000000003,18.146935652294626,2546.5400000000004,3.888992381540866,2546.36,7.5257241210759895,2546.5500000000006,0.13908701418954267
1710000004.099996,100081,ETHUSDT,2546.4500000000003,4.598206894075006,2546.4600000000005,13.154507341301166,2546.44,3.313057669522967,2546.4700000000007,16.09255738630785,2546.4300000000003,4.392316781486102,2546.4800000000005,15.464748239550714,2546.42,2.9857395158251174,2546.4900000000007,2.569893481782842,2546.4100000000003,3.664700871524433,2546.5000000000005,12.65065352089147,2546.4,3.145110371780131,2546.5100000000007,4.404812584425414,2546.3900000000003,9.80603042939956,2546.5200000000004,1.7684292554731378,2546.38,10.835941289920017,2546.5300000000007,1.7610577656226793,2546.3700000000003,7.853031723552168,2546.5400000000004,0.670229202145265,2546.36,0.36302666583344,2546.5500000000006,2.3917685802990674
1710000004.149996,100082,ETHUSDT,2546.44,3.9949831503314566,2546.4500000000003,5.142192596719685,2546.43,14.665112573393184,2546.4600000000005,5.113280824355627,2546.42,5.172784676547108,2546.4700000000003,7.73660499878671,2546.41,5.195878995582674,2546.4800000000005,6.791067340028817,2546.4,3.4506677793311775,2546.4900000000002,2.639790490287466,2546.39,2.906578725753975,2546.5000000000005,11.822457182936507,2546.38,10.945456394290964,2546.51,4.958517899064255,2546.37,5.91024240090958,2546.5200000000004,1.4621304140689664,2546.36,12.579951655895925,2546.53,6.048955944457053,2546.35,0.6220097462902429,2546.5400000000004,5.338576013301494
1710000004.199996,100083,ETHUSDT,2546.44,13.066004597651267,2546.4500000000003,19.20257104989868,2546.43,5.224144530245976,2546.4600000000005,8.140089150316337,2546.42,5.1646394808075895,2546.4700000000003,8.924878392756302,2546.41,10.94886639422635,2546.4800000000005,5.9696892266910835,2546.4,2.033311418004574,2546.4900000000002,8.505031213991888,2546.39,2.5493452014743982,2546.5000000000005,5.134088225817067,2546.38,1.6910998507700032,2546.51,2.2519999103994746,2546.37,9.884205280364087,2546.5200000000004,5.201629678602043,2546.36,3.814941117305197,2546.53,4.199017771312966,2546.35,9.019870434646077,2546.5400000000004,15.459562662190965
1710000004.249996,100084,ETHUSDT,2546.44,11.002289098587923,2546.4500000000003,6.0938604917533405,2546.43,4.806414089955962,2546.4600000000005,7.172715399845516,2546.42,3.0138223583670847,2546.4700000000003,3.8272843158998575,2546.41,3.7424707682816427,2546.4800000000005,3.2485561284234894,2546.4,3.7917275096385845,2546.4900000000002,5.6981848832878885,2546.39,6.751817852456643,2546.5000000000005,4.235481167617921,2546.38,2.499305746441682,2546.51,1.4145940107595485,2546.37,1.3062123581297476,2546.5200000000004,5.125450929612445,2546.36,6.432376077929961,2546.53,0.40799438133971727,2546.35,3.311314789021666,2546.5400000000004,2.319555851237428
1710000004.299996,100085,ETHUSDT,2546.43,4.704101140333522,2546.46,5.324156973002,2546.4199999999996,17.000557359102533,2546.4700000000003,7.321517740461412,2546.41,9.234474800799683,2546.48,8.177445291314449,2546.3999999999996,3.760364737048441,2546.4900000000002,5.91625826603971,2546.39,6.026490197736255,2546.5,3.4210694711006706,2546.3799999999997,2.8694492729883767,2546.51,7.1891722537491525,2546.37,4.4433522268778045,2546.52,1.5523903279865916,2546.3599999999997,2.761194101109167,2546.53,2.056872859279166,2546.35,1.5403114136081943,2546.54,8.914771945872936,2546.3399999999997,0.9962105076174491,2546.55,3.893157717563814
1710000004.3499959,100086,ETHUSDT,2546.4500000000003,4.607235052838628,2546.4600000000005,5.214313669633089,2546.44,4.512896403135391,2546.4700000000007,5.76195744352432,2546.4300000000003,14.051494776389601,2546.4800000000005,3.5393133522702116,2546.42,2.6879515234748754,2546.4900000000007,16.66112520943525,2546.4100000000003,2.1443816291910243,2546.5000000000005,5.716080647548276,2546.4,1.843814155024389,2546.5100000000007,4.281372843573614,2546.3900000000003,2.015544156290434,2546.5200000000004,5.257417515933768,2546.38,6.169135549859904,2546.5300000000007,1.0386048525653961,2546.3700000000003,0.5389818484715129,2546.5400000000004,4.537721915707772,2546.36,8.63575928008223,2546.5500000000006,7.6642132488197765
1710000004.3999958,100087,ETHUSDT,2546.44,5.614840432346885,2546.46,7.325911846552078,2546.43,8.253249999390725,2546.4700000000003,4.4002242195833725,2546.42,6.142922490781304,2546.48,7.341098783286226,2546.41,2.544218952209057,2546.4900000000002,8.47667219877459,2546.4,4.091823821736114,2546.5,2.276839899145339,2546.39,6.438833070678397,2546.51,4.434716497728192,2546.38,4.827826768769205,2546.52,5.188764881447849,2546.37,1.4911341024188671,2546.53,1.1824250275206478,2546.36,2.303923154817647,2546.54,3.871380382161409,2546.35,2.788652116266979,2546.55,0.6202963580059985
1710000004.4499958,100088,ETHUSDT,2546.4500000000003,6.145455817753112,2546.4600000000005,7.923783638131438,2546.44,10.815983686084117,2546.4700000000007,20.63551588776715,2546.4300000000003,4.116044956444405,2546.4800000000005,5.329836553919915,2546.42,15.441264347565921,2546.4900000000007,2.5630874973340756,2546.4100000000003,4.302913082328979,2546.5000000000005,6.2706392330393275,2546.4,1.6840691304461903,2546.5100000000007,9.968272890593667,2546.3900000000003,1.614559293640749,2546.5200000000004,1.834225776632322,2546.38,3.8521671970439844,2546.5300000000007,2.9328201844776034,2546.3700000000003,8.132292794049542,2546.5400000000004,0.6431410618644221,2546.36,2.9908759152836115,2546.5500000000006,2.3993377723890768
1710000004.4999957,100089,ETHUSDT,2546.4500000000003,4.140461919588183,2546.4600000000005,10.806774790942907,2546.44,3.2387680781907076,2546.4700000000007,14.29007660499391,2546.4300000000003,2.9463812375044096,2546.4800000000005,4.473649273056942,2546.42,4.932012031285875,2546.4900000000007,8.332215532780952,2546.4100000000003,8.037650225136257,2546.5000000000005,3.0061043879969844,2546.4,2.106849133789684,2546.5100000000007,1.6361818006198163,2546.3900000000003,5.791124385552295,2546.5200000000004,4.03039193357197,2546.38,1.064435239140991,2546.5300000000007,4.73033276381542,2546.3700000000003,6.8298793665076625,2546.5400000000004,6.92294596693242,2546.36,2.8605408181782965,2546.5500000000006,2.242316481987533
1710000004.5499957,100090,ETHUSDT,2546.4500000000003,5.833057334321177,2546.4600000000005,5.58164245600959,2546.44,5.621310258325797,2546.4700000000007,19.37821689046783,2546.4300000000003,3.9107678897712823,2546.4800000000005,3.5943537621262625,2546.42,7.439032039525499,2546.4900000000007,6.702970372381174,2546.4100000000003,3.134493410591251,2546.5000000000005,6.209036329894398,2546.4,2.2167517275302786,2546.5100000000007,2.1296256321331226,2546.3900000000003,3.3512872497313486,2546.5200000000004,17.524058730793456,2546.38,1.3540479344833831,2546.5300000000007,3.170029451905526,2546.3700000000003,2.8978419471704426,2546.5400000000004,17.742908286959533,2546.36,3.871672016470545,2546.5500000000006,3.6195477012244477
1710000004.5999956,100091,ETHUSDT,2546.46,11.116771084803752,2546.4700000000003,10.566861133019396,2546.45,7.92997250986582,2546.4800000000005,12.681495643708075,2546.44,5.353778981079109,2546.4900000000002,10.861075568491772,2546.43,3.8968327152047433,2546.5000000000005,6.138858202304172,2546.42,3.0440573065344045,2546.51,2.248578571629909,2546.41,3.7044029770139697,2546.5200000000004,2.0443189495623617,2546.4,6.653966034892683,2546.53,14.940702795019838,2546.39,5.515468749107894,2546.5400000000004,5.9131276932657215,2546.38,1.8402696791821063,2546.55,1.0502117417736887,2546.37,1.5279856723250442,2546.5600000000004,0.47781017886206784
1710000004.6499956,100092,ETHUSDT,2546.46,6.370393415756144,2546.4900000000002,8.2179693247355,2546.45,5.515594200577546,2546.5000000000005,4.583657698348738,2546.44,3.8259400332386226,2546.51,6.151714128833175,2546.43,5.2072068139233405,2546.5200000000004,7.152739447447967,2546.42,2.247336591987182,2546.53,4.79583058429161,2546.41,4.0444121513986975,2546.5400000000004,9.68891018580629,2546.4,2.4789586546943285,2546.55,14.528948919891924,2546.39,6.346268195296433,2546.5600000000004,1.3801353183607512,2546.38,0.8903979210790528,2546.57,2.2674323332796114,2546.37,5.495356325830991,2546.5800000000004,3.588181834538433
1710000004.6999955,100093,ETHUSDT,2546.48,8.936542862533672,2546.4900000000002,3.9532728457336903,2546.47,3.84769026727228,2546.5000000000005,3.3543698693683393,2546.46,4.68052785046916,2546.51,3.163975919331244,2546.45,2.9417916533384507,2546.5200000000004,18.448602039212233,2546.44,5.559345162963117,2546.53,2.506138342819118,2546.43,9.045223206222751,2546.5400000000004,4.023393121218189,2546.42,4.675171465511487,2546.55,2.357281832423771,2546.41,2.2978611887927407,2546.5600000000004,1.3184950326286113,2546.4,4.719890457812472,2546.57,2.8179366307901152,2546.39,5.653420249508482,2546.5800000000004,6.093994781126167
1710000004.7499955,100094,ETHUSDT,2546.48,3.6097511595496243,2546.4900000000002,5.692121319292589,2546.47,3.5572255294310913,2546.5000000000005,4.95931649427181,2546.46,3.225615184001816,2546.51,7.591249410754942,2546.45,5.72026191231503,2546.5200000000004,8.875427966677682,2546.44,5.837659114769854,2546.53,6.49651200619963,2546.43,7.258954257137747,2546.5400000000004,3.145436374217992,2546.42,4.5140808607666125,2546.55,1.3825747696014243,2546.41,3.1958153450735916,2546.5600000000004,3.365254271852262,2546.4,5.646147998005112,2546.57,2.691563224251945,2546.39,3.2787308749328905,2546.5800000000004,0.5882501323282257
1710000004.7999954,100095,ETHUSDT,2546.4700000000003,4.262542406642093,2546.4800000000005,3.6871796912683847,2546.46,8.850158571989285,2546.4900000000007,8.635335271263603,2546.4500000000003,3.2462359606569695,2546.5000000000005,9.044102166062368,2546.44,7.232595450158126,2546.5100000000007,5.887859355759389,2546.4300000000003,3.3137526201723833,2546.5200000000004,2.3008011277702574,2546.42,2.0023266876134973,2546.5300000000007,7.009904834143843,2546.4100000000003,5.877580002922728,2546.5400000000004,5.242492206569484,2546.4,5.12240117998567,2546.5500000000006,9.57825409019968,2546.3900000000003,1.902307987411799,2546.5600000000004,3.5876390688480844,2546.38,1.534248167386473,2546.5700000000006,2.075289146602599
1710000004.8499954,100096,ETHUSDT,2546.48,6.588019110439992,2546.4900000000002,6.859918461453955,2546.47,12.732337383058816,2546.5000000000005,3.655779707387812,2546.46,13.644491067328579,2546.51,3.8678556762415077,2546.45,3.312681004010095,2546.5200000000004,11.796239749054948,2546.44,7.452844338337035,2546.53,8.745021988423119,2546.43,1.8467815061386976,2546.5400000000004,2.119530639395342,2546.42,3.52866148359204,2546.55,3.5743152719286844,2546.41,1.9926077041833652,2546.5600000000004,6.568012117908334,2546.4,2.1443657096903137,2546.57,2.538650840217796,2546.39,3.317298277622556,2546.5800000000004,3.6075083751668706
1710000004.8999953,100097,ETHUSDT,2546.4900000000002,5.813522250210138,2546.5000000000005,9.571372264244829,2546.48,6.540595947142628,2546.5100000000007,11.664344061711546,2546.4700000000003,7.882524115320376,2546.5200000000004,5.833546536309038,2546.46,7.851730618347689,2546.5300000000007,3.950299216587834,2546.4500000000003,7.473191431812065,2546.5400000000004,2.735827628004131,2546.44,7.6452373443447605,2546.5500000000006,1.9667177097416193,2546.4300000000003,1.2020488425913187,2546.5600000000004,1.2689320797392905,2546.42,3.383595679615671,2546.5700000000006,4.316074481534714,2546.4100000000003,2.522562369170891,2546.5800000000004,5.211660937890658,2546.4,7.164153054473205,2546.5900000000006,2.8339990142386986
1710000004.9499953,100098,ETHUSDT,2546.48,3.62496739170293,2546.51,8.759426286232106,2546.47,9.2412042170935,2546.5200000000004,9.481353880468994,2546.46,3.9408369898627225,2546.53,18.810867067916366,2546.45,7.6700164589560424,2546.5400000000004,10.420742717463524,2546.44,6.438098677786093,2546.55,14.113010658765711,2546.43,1.7466910720297684,2546.5600000000004,7.665246635006083,2546.42,7.511255578125708,2546.57,1.8938864283011556,2546.41,2.0670117313105383,2546.5800000000004,4.821805311064948,2546.4,9.928095952361826,2546.59,4.80056436976176,2546.39,4.905110796338872,2546.6000000000004,13.735259996027837
1710000004.9999952,100099,ETHUSDT,2546.51,3.774221160870942,2546.5200000000004,3.7577136646321128,2546.5,5.6548837400770235,2546.5300000000007,8.796643125643987,2546.4900000000002,7.567489000653266,2546.5400000000004,3.0020984781586706,2546.48,7.994491450202894,2546.5500000000006,3.457825293758421,2546.4700000000003,8.767166156410404,2546.5600000000004,13.494268673895304,2546.46,1.7221401975444135,2546.5700000000006,1.9310474872135615,2546.4500000000003,4.329149391880832,2546.5800000000004,5.010841504041774,2546.44,2.7934061192755903,2546.5900000000006,6.675720023732062,2546.4300000000003,4.420744934083966,2546.6000000000004,8.37418012377947,2546.42,2.6172835018235396,2546.6100000000006,0.9219242379531898
1710000005.0499952,100100,ETHUSDT,2546.5,5.50424655053141,2546.51,4.030219913318964,2546.49,6.747416573592558,2546.5200000000004,7.376086138378439,2546.48,7.21582352512964,2546.53,3.624251829158573,2546.47,9.208023292375607,2546.5400000000004,3.700035388658703,2546.46,18.723669705853077,2546.55,6.170124776859507,2546.45,2.2188420544413794,2546.5600000000004,7.226358982158562,2546.44,9.39081040672389,2546.57,14.402300875114271,2546.43,2.8872467109578652,2546.5800000000004,8.222924617738922,2546.42,1.263958438285715,2546.59,0.5610800822745684,2546.41,0.16669286806632694,2546.6000000000004,0.841313350361728
1710000005.0999951,100101,ETHUSDT,2546.4900000000002,18.99916634425697,2546.5000000000005,5.22243189458109,2546.48,4.785438591006126,2546.5100000000007,15.01921210858745,2546.4700000000003,3.526953326051932,2546.5200000000004,3.1395463029706367,2546.46,3.853565549400384,2546.5300000000007,3.1848661934147726,2546.4500000000003,9.017652212628033,2546.5400000000004,8.304755284131428,2546.44,1.6479725066407132,2546.5500000000006,1.6329519217854152,2546.4300000000003,12.416294670404007,2546.5600000000004,2.1626540056931454,2546.42,3.269421165613376,2546.5700000000006,9.735724240113978,2546.4100000000003,1.511268815095121,2546.5800000000004,2.0790248992052933,2546.4,3.8986012471107596,2546.5900000000006,2.829731357745605
1710000005.149995,100102,ETHUSDT,2546.4900000000002,5.316292638170107,2546.5000000000005,8.239567568371172,2546.48,5.924352320870474,2546.5100000000007,4.108525283643041,2546.4700000000003,11.35421298524077,2546.5200000000004,4.289419767755881,2546.46,5.061907189599418,2546.5300000000007,12.240465300235623,2546.4500000000003,4.526162868717652,2546.5400000000004,2.243806642794958,2546.44,7.108954201046098,2546.5500000000006,5.890795808825141,2546.4300000000003,1.422347798981538,2546.5600000000004,3.734701049751462,2546.42,1.0994005711064267,2546.5700000000006,7.292326395881054,2546.4100000000003,1.9478253116079043,2546.5800000000004,2.6921328546225483,2546.4,0.44143952107283296,2546.5900000000006,2.803073098051054
1710000005.199995,100103,ETHUSDT,2546.4900000000002,25.013385523302922,2546.5000000000005,4.608663879308592,2546.48,3.398366044347156,2546.5100000000007,5.832573438399875,2546.4700000000003,3.9455172627859603,2546.5200000000004,3.1317062795134802,2546.46,6.416574382956422,2546.5300000000007,6.534592525831296,2546.4500000000003,4.012945682366533,2546.5400000000004,5.896282239625238,2546.44,2.8103261468271796,2546.5500000000006,4.166157773284485,2546.4300000000003,4.036855170729551,2546.5600000000004,4.402126603849126,2546.42,2.270503427039758,2546.5700000000006,1.5615830807771394,2546.4100000000003,3.1133566874411676,2546.5800000000004,3.1899403376274496,2546.4,1.5633490396946463,2546.5900000000006,1.17370198740458
1710000005.249995,100104,ETHUSDT,2546.48,4.167268385134075,2546.4900000000002,7.424879111025918,2546.47,12.076639799822122,2546.5000000000005,6.942231615647675,2546.46,6.075132355546227,2546.51,6.687765687243855,2546.45,16.925225269917725,2546.5200000000004,4.750310611709818,2546.44,5.0248262805512915,2546.53,5.418321721987376,2546.43,1.8683138402316064,2546.5400000000004,10.383056473134209,2546.42,1.6412730086771998,2546.55,4.424914409050405,2546.41,2.2481004485130347,2546.5600000000004,10.52273380734729,2546.4,11.190574714962974,2546.57,2.332903368637568,2546.39,6.583809424949905,2546.5800000000004,6.486532433283388
1710000005.299995,100105,ETHUSDT,2546.4700000000003,5.994459690744508,2546.4800000000005,4.379108086130207,2546.46,3.960586077324352,2546.4900000000007,5.860928067747284,2546.4500000000003,5.117713544892212,2546.5000000000005,4.806403383424116,2546.44,4.860750421495585,2546.5100000000007,4.178705748636875,2546.4300000000003,8.871408784040808,2546.5200000000004,6.116825628457581,2546.42,3.781616411822388,2546.5300000000007,6.557624548576799,2546.4100000000003,3.951996761637552,2546.5400000000004,1.9516339485871925,2546.4,3.233183405685015,2546.5500000000006,2.7592166086316334,2546.3900000000003,1.5500322511443025,2546.5600000000004,4.392193217784022,2546.38,1.5869761599109489,2546.5700000000006,0.9619628068983097
1710000005.349995,100106,ETHUSDT,2546.48,3.8897872235835216,2546.4900000000002,3.7325244881003776,2546.47,7.046233226010244,2546.5000000000005,11.234841007233985,2546.46,4.261450382179216,2546.51,4.249975350993437,2546.45,12.077274757272624,2546.5200000000004,5.766441665687293,2546.44,8.287255875247297,2546.53,9.201232681726351,2546.43,2.756570451393367,2546.5400000000004,2.8031293400756367,2546.42,6.405193276640064,2546.55,1.5514187035215894,2546.41,6.7541107857019105,2546.5600000000004,3.760643570480809,2546.4,3.849660144484703,2546.57,7.674404666321427,2546.39,0.8277041467135603,2546.5800000000004,0.1
1710000005.3999949,100107,ETHUSDT,2546.48,5.9101380660999965,2546.4900000000002,7.316960233258376,2546.47,8.616348188591829,2546.5000000000005,8.064833260527163,2546.46,10.071992620830297,2546.51,4.745325117597784,2546.45,10.482853065207053,2546.5200000000004,3.3387896341544483,2546.44,3.6070777496021402,2546.53,10.111694781164378,2546.43,10.858342329191784,2546.5400000000004,4.050148340394758,2546.42,2.39500962113871,2546.55,3.5467409055836363,2546.41,4.954767296175479,2546.5600000000004,2.6835173374205343,2546.4,10.307936973824905,2546.57,3.4505663375210673,2546.39,1.7152751436664428,2546.5800000000004,2.5647030122200065
1710000005.4499948,100108,ETHUSDT,2546.4900000000002,6.480753517672292,2546.5000000000005,4.12051819520555,2546.48,13.133038333862697,2546.5100000000007,4.2271030659096915,2546.4700000000003,5.4445464995749075,2546.5200000000004,7.365507169765165,2546.46,2.67785749610263,2546.5300000000007,2.537530311928136,2546.4500000000003,5.147657915649779,2546.5400000000004,10.214816113981684,2546.44,3.759275967165638,2546.5500000000006,2.3395402617004137,2546.4300000000003,4.772181779212373,2546.5600000000004,12.918672401023262,2546.42,0.8603503890073793,2546.5700000000006,4.626406322577888,2546.4100000000003,1.3669041900119083,2546.5800000000004,5.7166507169905145,2546.4,4.275974479619045,2546.5900000000006,8.011004940254233
1710000005.4999948,100109,ETHUSDT,2546.48,9.817048596953903,2546.5,16.177751212904088,2546.47,3.962189230792718,2546.51,10.784102102301848,2546.46,7.212821387110257,2546.52,4.006409476706332,2546.45,9.16255512549059,2546.53,4.284782007087498,2546.44,2.6575903121816933,2546.54,3.93171463742408,2546.43,3.4287806952858757,2546.55,14.461529096184359,2546.42,2.9729518235276595,2546.56,3.3351057495206433,2546.41,0.9127540376071925,2546.57,6.906810276626125,2546.4,9.531057597089921,2546.58,0.4050094387418487,2546.39,17.71829101617586,2546.59,1.7815160836080204
1710000005.5499947,100110,ETHUSDT,2546.48,15.08808499109932,2546.4900000000002,9.818682955176184,2546.47,11.531021472220885,2546.5000000000005,14.910051763901063,2546.46,3.6335591360039707,2546.51,4.872300400411307,2546.45,13.811571219540305,2546.5200000000004,2.8198049444594355,2546.44,6.21793566912025,2546.53,4.197693081289394,2546.43,7.517716622729619,2546.5400000000004,1.6652205469005064,2546.42,14.50313127947404,2546.55,4.433893429195962,2546.41,7.963783593707833,2546.5600000000004,5.589756786796446,2546.4,4.029842296627837,2546.57,6.604551273322191,2546.39,1.4671127745728443,2546.5800000000004,7.0536447115300875
1710000005.5999947,100111,ETHUSDT,2546.48,13.521776199828544,2546.4900000000002,4.770210278703557,2546.47,7.505008678165622,2546.5000000000005,4.213311307907151,2546.46,7.642966441877782,2546.51,3.4699529185163223,2546.45,2.7662887056176366,2546.5200000000004,8.316423586328487,2546.44,6.96829659428394,2546.53,6.297273759095545,2546.43,4.0867174504883845,2546.5400000000004,4.554263647596239,2546.42,4.463689578755062,2546.55,8.419779466861813,2546.41,5.374967190963767,2546.5600000000004,3.573372953879952,2546.4,3.9215886136295097,2546.57,3.886461957876623,2546.39,7.607744979918069,2546.5800000000004,1.8733973845871956
1710000005.6499946,100112,ETHUSDT,2546.4700000000003,3.833553047412803,2546.4800000000005,8.060538478528052,2546.46,5.297366920471397,2546.4900000000007,3.6883427275137937,2546.4500000000003,5.700019925068592,2546.5000000000005,6.280897923378813,2546.44,3.0586712178352182,2546.5100000000007,12.396259388736135,2546.4300000000003,3.603885415584753,2546.5200000000004,9.447022652105932,2546.42,10.061923737481901,2546.5300000000007,11.38845730449509,2546.4100000000003,11.852287502673146,2546.5400000000004,1.433952451992705,2546.4,16.461006808270138,2546.5500000000006,8.229682540286056,2546.3900000000003,1.561853661102214,2546.5600000000004,2.1418733730395934,2546.38,5.709914496424013,2546.5700000000006,4.311298717597136
1710000005.6999946,100113,ETHUSDT,2546.46,4.429407853743485,2546.48,7.527596671551581,2546.45,7.662048638966237,2546.4900000000002,7.486075369767139,2546.44,6.566614085020161,2546.5,4.160154208491343,2546.43,5.173029571115983,2546.51,5.215565384330954,2546.42,5.218895570361742,2546.52,8.912626288288422,2546.41,5.49195579058797,2546.53,3.2707556476896604,2546.4,1.6683841930877046,2546.54,20.88351430691755,2546.39,3.342690299496706,2546.55,10.215480649015728,2546.38,1.763428671540069,2546.56,2.9850993694915156,2546.37,3.286306173915086,2546.57,3.154253018294083
1710000005.7499945,100114,ETHUSDT,2546.46,5.232857754136967,2546.48,4.425811225658587,2546.45,9.308093502811765,2546.4900000000002,4.073710753908855,2546.44,3.7965054184455673,2546.5,7.035350128361255,2546.43,5.239892153147009,2546.51,4.178315912940419,2546.42,9.361720324057043,2546.52,6.717022506581246,2546.41,4.894737294675801,2546.53,2.3096655537431388,2546.4,1.8668256969885553,2546.54,4.071411314890504,2546.39,9.77983612677924,2546.55,4.073908232313267,2546.38,12.514908727997707,2546.56,6.023782269959425,2546.37,0.1,2546.57,11.516837323127834
1710000005.7999945,100115,ETHUSDT,2546.4500000000003,6.77842875922425,2546.4700000000003,6.350835185783179,2546.44,4.265958899886264,2546.4800000000005,17.935895953077804,2546.4300000000003,4.483431672815151,2546.4900000000002,3.3357178923088853,2546.42,8.91336153921116,2546.5000000000005,7.454825539034493,2546.4100000000003,2.078265991874309,2546.51,4.060994274496579,2546.4,1.6721587382261005,2546.5200000000004,5.053685157009433,2546.3900000000003,2.1623339264916424,2546.53,5.173262657983986,2546.38,9.571531239649605,2546.5400000000004,1.9521552106290323,2546.3700000000003,3.0291600606195437,2546.55,12.357725810019053,2546.36,2.0345839743788554,2546.5600000000004,3.055243116222726
1710000005.8499944,100116,ETHUSDT,2546.4700000000003,10.603881043949519,2546.4800000000005,5.748535619036982,2546.46,7.698769654934027,2546.4900000000007,6.712509819041539,2546.4500000000003,4.793001086444779,2546.5000000000005,6.8285609142602155,2546.44,2.441475951373708,2546.5100000000007,2.5867795029793705,2546.4300000000003,8.305396911807094,2546.5200000000004,2.073494540239373,2546.42,4.8253289532993815,2546.5300000000007,3.252623371557971,2546.4100000000003,4.550548989153578,2546.5400000000004,4.313311995263952,2546.4,0.9864426257971453,2546.5500000000006,14.601985657187766,2546.3900000000003,2.0212445549061324,2546.5600000000004,1.1892188930683854,2546.38,0.1,2546.5700000000006,3.0832701262945
1710000005.8999944,100117,ETHUSDT,2546.46,4.692588806007696,2546.48,4.564217012278781,2546.45,9.420677242539941,2546.4900000000002,6.767973663878408,2546.44,7.796464352961692,2546.5,5.409620626399219,2546.43,3.1579937490564967,2546.51,3.170951082142654,2546.42,2.821384078738189,2546.52,14.719598635078093,2546.41,5.595548798550356,2546.53,4.387582302712458,2546.4,2.083415603249221,2546.54,2.49829064511784,2546.39,5.232652930093732,2546.55,7.1897970672887315,2546.38,4.6675781278147035,2546.56,1.117136576751751,2546.37,2.937796315332444,2546.57,9.06750730592557
1710000005.9499943,100118,ETHUSDT,2546.48,15.774645644322174,2546.4900000000002,9.346221368217906,2546.47,3.9906634216767936,2546.5000000000005,8.365326049392294,2546.46,3.200977641854578,2546.51,5.019019615928837,2546.45,6.546787919205157,2546.5200000000004,3.125220913757331,2546.44,2.4550070650533287,2546.53,11.603183002539991,2546.43,2.722738586592844,2546.5400000000004,1.9719306877084486,2546.42,1.607437692700182,2546.55,9.62619552562068,2546.41,2.2414243416946755,2546.5600000000004,2.2249009350885682,2546.4,2.525619286918307,2546.57,2.1495717645995196,2546.39,0.8127477341582593,2546.5800000000004,3.62948991533677
1710000005.9999943,100119,ETHUSDT,2546.46,4.104110058056649,2546.48,3.756761638448135,2546.45,13.323344041127562,2546.4900000000002,9.655345686302223,2546.44,4.88612975073042,2546.5,4.629895373159291,2546.43,12.285620397554698,2546.51,5.532704375905306,2546.42,35.09712098769198,2546.52,3.070772863652838,2546.41,5.54014994839878,2546.53,2.1942076966714406,2546.4,4.078763624909447,2546.54,1.376312751812116,2546.39,6.352123018961859,2546.55,3.448577421764343,2546.38,1.6759203264054898,2546.56,1.0723578461063092,2546.37,8.433636832526224,2546.57,7.088679631567437
1710000006.0499942,100120,ETHUSDT,2546.4700000000003,4.068181048880819,2546.4800000000005,16.6771282035057,2546.46,3.9677372428715993,2546.4900000000007,3.537759727067911,2546.4500000000003,12.899388415683607,2546.5000000000005,4.049918663808551,2546.44,6.93163328126492,2546.5100000000007,6.322400803057877,2546.4300000000003,2.7330539295851617,2546.5200000000004,2.789706297782526,2546.42,4.430258179287058,2546.5300000000007,8.145898426176354,2546.4100000000003,3.954142995577066,2546.5400000000004,7.156382180244935,2546.4,5.983302280977132,2546.5500000000006,5.360503597076836,2546.3900000000003,0.9078868230867415,2546.5600000000004,8.63960289934759,2546.38,0.4204476025925706,2546.5700000000006,0.49569506941087355
1710000006.0999942,100121,ETHUSDT,2546.4700000000003,4.6104388762448725,2546.4900000000002,9.497239344396197,2546.46,4.051427434788914,2546.5000000000005,7.115755661138327,2546.4500000000003,3.256520187913986,2546.51,8.50303408338757,2546.44,4.87980264529431,2546.5200000000004,6.9004823595072455,2546.4300000000003,2.375536936700648,2546.53,4.808545844373903,2546.42,3.3989160386619646,2546.5400000000004,5.672162960006629,2546.4100000000003,2.6275925103076982,2546.55,3.5385528494234855,2546.4,4.871344359018304,2546.5600000000004,1.913465752299209,2546.3900000000003,7.7904556462338315,2546.57,5.133947470529983,2546.38,1.075156930687828,2546.5800000000004,0.2812211579690833
1710000006.1499941,100122,ETHUSDT,2546.4700000000003,6.420162588679074,2546.4800000000005,17.628498342456425,2546.46,3.511808573023573,2546.4900000000007,3.477065953496944,2546.4500000000003,5.5690287608049225,2546.5000000000005,9.588355692634916,2546.44,8.31910386986627,2546.5100000000007,2.973100402257323,2546.4300000000003,3.5262759059748747,2546.5200000000004,4.580362190837539,2546.42,9.926898211954835,2546.5300000000007,7.562897589149106,2546.4100000000003,2.5582839446152543,2546.5400000000004,7.354706637777108,2546.4,4.481497721882188,2546.5500000000006,9.166728005022751,2546.3900000000003,0.9753201864450933,2546.5600000000004,1.8324749519170398,2546.38,0.1,2546.5700000000006,6.307027971884327
1710000006.199994,100123,ETHUSDT,2546.48,10.911961310669431,2546.4900000000002,9.0723554550321,2546.47,5.460848690041972,2546.5000000000005,5.149075000033193,2546.46,7.490664219357178,2546.51,6.768927787448292,2546.45,4.83122816694564,2546.5200000000004,2.4085604333907242,2546.44,9.410088518451559,2546.53,2.2889970010852076,2546.43,4.314613836769229,2546.5400000000004,8.216812196358635,2546.42,1.9459552810905998,2546.55,5.362979960178589,2546.41,1.4405335229994563,2546.5600000000004,9.008250945307942,2546.4,1.7067664169447783,2546.57,1.4800642031850884,2546.39,5.322389354415803,2546.5800000000004,7.626245369228921
1710000006.249994,100124,ETHUSDT,2546.4700000000003,8.332295503135729,2546.4900000000002,8.402230834001287,2546.46,3.736248659605423,2546.5000000000005,5.222608979549425,2546.4500000000003,6.026091460705414,2546.51,4.762805150169401,2546.44,7.666560785166254,2546.5200000000004,4.068417596863496,2546.4300000000003,2.231709929575056,2546.53,2.640124090877745,2546.42,2.700924753010705,2546.5400000000004,6.6230432253141185,2546.4100000000003,2.750262400553411,2546.55,11.439363776653956,2546.4,6.213999482200379,2546.5600000000004,1.3988138394652232,2546.3900000000003,3.3326249576246205,2546.57,3.367333786244465,2546.38,7.091444388543654,2546.5800000000004,0.4104915477384916
1710000006.299994,100125,ETHUSDT,2546.4900000000002,10.674528379867587,2546.5000000000005,10.108378302436268,2546.48,6.833167314163506,2546.5100000000007,4.991057033540616,2546.4700000000003,8.359832455318443,2546.5200000000004,7.342640811746593,2546.46,3.065332624160211,2546.5300000000007,6.165801430403806,2546.4500000000003,13.505148074272292,2546.5400000000004,5.430449230126801,2546.44,14.12723390247358,2546.5500000000006,5.56748451032269,2546.4300000000003,1.6852271166161679,2546.5600000000004,2.024968239346208,2546.42,4.216750780763658,2546.5700000000006,4.0141531620844795,2546.4100000000003,1.1803900070093722,2546.5800000000004,1.9611001585043204,2546.4,2.817965313505361,2546.5900000000006,3.522012417382821
1710000006.349994,100126,ETHUSDT,2546.48,5.967078693536529,2546.4900000000002,4.252793118021841,2546.47,12.485784660106116,2546.5000000000005,6.0239932905458655,2546.46,6.52216160589865,2546.51,8.48915036338383,2546.45,7.007497578309837,2546.5200000000004,12.302650722935969,2546.44,6.848536363575149,2546.53,4.057258075593314,2546.43,8.66791833525259,2546.5400000000004,5.312251477574881,2546.42,4.0154890753161805,2546.55,1.7580586845253308,2546.41,2.751470873801006,2546.5600000000004,1.82966991842153,2546.4,23.625052333966337,2546.57,7.8119509585455145,2546.39,2.684343698651014,2546.5800000000004,21.723149451545336
1710000006.399994,100127,ETHUSDT,2546.4900000000002,7.2052615482954865,2546.5000000000005,5.00108335573322,2546.48,7.267528858066045,2546.5100000000007,4.001917145958493,2546.4700000000003,4.002563229379905,2546.5200000000004,4.824340046241051,2546.46,2.828871129022715,2546.5300000000007,4.568646506792723,2546.4500000000003,6.140123112950197,2546.5400000000004,2.528569094857904,2546.44,5.229062070900953,2546.5500000000006,12.499387999918445,2546.4300000000003,3.9296479111201776,2546.5600000000004,5.331168848765603,2546.42,2.468002346740424,2546.5700000000006,2.893140229968866,2546.4100000000003,8.008381403939316,2546.5800000000004,2.976253587042185,2546.4,0.7248069328903581,2546.5900000000006,3.942426818512464
1710000006.4499938,100128,ETHUSDT,2546.4900000000002,6.621343712058572,2546.5000000000005,5.51841121602375,2546.48,9.999737859725512,2546.5100000000007,6.590472963821925,2546.4700000000003,2.8397129824658855,2546.5200000000004,13.788747585970784,2546.46,18.812331318101045,2546.5300000000007,3.0644653301727782,2546.4500000000003,4.234000352712566,2546.5400000000004,2.622555544130063,2546.44,1.9567727402096757,2546.5500000000006,3.4497481465448914,2546.4300000000003,3.730073547198901,2546.5600000000004,2.9620391752307373,2546.42,1.9435538055938308,2546.5700000000006,2.617379008905115,2546.4100000000003,3.2351988721145375,2546.5800000000004,12.792043723872116,2546.4,0.7120400492010257,2546.5900000000006,1.2405706063823971
1710000006.4999938,100129,ETHUSDT,2546.4900000000002,6.499145826524098,2546.5000000000005,7.071533055060938,2546.48,10.404488584717484,2546.5100000000007,7.459571345628577,2546.4700000000003,14.803307938988858,2546.5200000000004,9.735362769801107,2546.46,2.5682985446023805,2546.5300000000007,3.4554315256657486,2546.4500000000003,7.926971120272236,2546.5400000000004,3.415058168003478,2546.44,6.93311863013605,2546.5500000000006,11.876848733459061,2546.4300000000003,6.82911564880477,2546.5600000000004,5.396440491944674,2546.42,3.5196507240353982,2546.5700000000006,2.1845606608057824,2546.4100000000003,0.6836381856194531,2546.5800000000004,14.478648101803607,2546.4,2.9094481819065385,2546.5900000000006,3.0716944903782357
1710000006.5499938,100130,ETHUSDT,2546.5,5.961226353091497,2546.51,3.6882747458053102,2546.49,3.339373248924157,2546.5200000000004,3.8961435819975003,2546.48,7.337824890323526,2546.53,3.3827125924818056,2546.47,2.402360925620665,2546.5400000000004,21.11712215462908,2546.46,7.133354496234699,2546.55,2.43115685710277,2546.45,2.27996202555435,2546.5600000000004,2.9801380716443466,2546.44,8.78590935307204,2546.57,2.578440648523844,2546.43,1.4227642328584116,2546.5800000000004,2.239728377676721,2546.42,2.447606164810812,2546.59,3.364073943616407,2546.41,11.222876298878235,2546.6000000000004,7.5537652098549675
1710000006.5999937,100131,ETHUSDT,2546.5,3.622378371940948,2546.51,4.118529754044097,2546.49,5.887637601849407,2546.5200000000004,5.916860168744891,2546.48,8.314983254146798,2546.53,6.446984369996544,2546.47,5.129475616862067,2546.5400000000004,5.982658808232783,2546.46,2.658125761391508,2546.55,5.388995555614608,2546.45,4.5443448246557425,2546.5600000000004,2.917807599932691,2546.44,5.170833370861319,2546.57,1.512638742901025,2546.43,8.539970843181933,2546.5800000000004,1.160804599137562,2546.42,1.4176875642247917,2546.59,3.825534814561853,2546.41,4.462867683908552,2546.6000000000004,6.249277218429513
1710000006.6499937,100132,ETHUSDT,2546.5,4.344915944247912,2546.51,4.2394284339933455,2546.49,5.818287594180676,2546.5200000000004,6.722735791660686,2546.48,13.023496065346828,2546.53,5.2789641905492015,2546.47,6.693121081542549,2546.5400000000004,7.4669810390878535,2546.46,4.320219034044001,2546.55,3.2286362102061954,2546.45,6.003461346151033,2546.5600000000004,6.7423334199829625,2546.44,2.022707565768011,2546.57,2.904238019188806,2546.43,16.140560602900724,2546.5800000000004,2.526818449707097,2546.42,0.6089452762921999,2546.59,4.14138868106409,2546.41,2.6362043856629,2546.6000000000004,0.1
1710000006.6999936,100133,ETHUSDT,2546.5,5.276193945604302,2546.51,5.251543828974575,2546.49,8.36425754283039,2546.5200000000004,3.290542259948925,2546.48,15.374044526350493,2546.53,4.726246555027009,2546.47,3.600071055212908,2546.5400000000004,4.731058237017454,2546.46,2.5052311033141823,2546.55,4.030818643499595,2546.45,6.03737678182563,2546.5600000000004,6.314045302435257,2546.44,2.7665081303732775,2546.57,1.683430305805036,2546.43,6.322487401266051,2546.5800000000004,21.68675685781647,2546.42,0.5051008627817803,2546.59,9.610629030883134,2546.41,15.720226243233938,2546.6000000000004,0.5439970609907714
1710000006.7499936,100134,ETHUSDT,2546.51,5.5130237410372915,2546.5200000000004,7.433034176561877,2546.5,6.442824373760724,2546.5300000000007,4.798141334082041,2546.4900000000002,6.475875404453537,2546.5400000000004,15.00773778230013,2546.48,6.867963451322575,2546.5500000000006,10.264920332501266,2546.4700000000003,6.782439023701685,2546.5600000000004,9.671760322349172,2546.46,2.3451876009577006,2546.5700000000006,3.1213081881288245,2546.4500000000003,3.803101098030159,2546.5800000000004,11.639403826594492,2546.44,7.058995632519424,2546.5900000000006,1.4463686939346587,2546.4300000000003,2.481464034311537,2546.6000000000004,4.465999211965056,2546.42,3.065182608248683,2546.6100000000006,2.094558002822822
1710000006.7999935,100135,ETHUSDT,2546.51,3.7590243108384733,2546.5400000000004,5.15472274777384,2546.5,25.526400083302672,2546.5500000000006,3.9862631967305404,2546.4900000000002,5.006450818713841,2546.5600000000004,2.82859210024734,2546.48,4.995110774507744,2546.5700000000006,11.440845387175418,2546.4700000000003,2.544342873623495,2546.5800000000004,3.964038206326533,2546.46,7.381891061780669,2546.5900000000006,2.068750665719083,2546.4500000000003,2.2466466246079273,2546.6000000000004,1.4544524105412515,2546.44,14.527598367648505,2546.6100000000006,13.258865618882169,2546.4300000000003,3.72776767874934,2546.6200000000003,8.020724152261659,2546.42,1.6807412681239182,2546.6300000000006,0.1
1710000006.8499935,100136,ETHUSDT,2546.52,4.5826004878556805,2546.53,9.398720010340925,2546.5099999999998,9.779264871942111,2546.5400000000004,12.100909119594675,2546.5,12.893090039289252,2546.55,3.107569080237617,2546.49,2.589507158703306,2546.5600000000004,2.8581156587892242,2546.48,22.58783198654698,2546.57,2.6876880615942467,2546.47,8.900190607234144,2546.5800000000004,3.2246347275913445,2546.46,8.734286882203353,2546.59,4.040108107645796,2546.45,5.906931405845189,2546.6000000000004,2.3336047107236872,2546.44,6.805938255853047,2546.61,12.40297267001512,2546.43,2.1067374649656516,2546.6200000000003,0.17662653130980066
1710000006.8999934,100137,ETHUSDT,2546.52,6.6384044158372,2546.53,7.747828654909087,2546.5099999999998,4.228237975529506,2546.5400000000004,7.670915937562791,2546.5,3.1461268155502338,2546.55,4.118061089062654,2546.49,14.11317326421415,2546.5600000000004,10.487352621299076,2546.48,2.5031836827355365,2546.57,3.3870281350830176,2546.47,3.6739298416123285,2546.5800000000004,9.637262491585327,2546.46,4.445294336268601,2546.59,6.406538352162499,2546.45,1.1215257572251962,2546.6000000000004,2.1413422080104767,2546.44,3.5667170821065377,2546.61,2.2707665368440004,2546.43,27.926024254482865,2546.6200000000003,23.76242232310699
1710000006.9499934,100138,ETHUSDT,2546.51,14.378018740078794,2546.5200000000004,9.367007895893396,2546.5,9.141450690316073,2546.5300000000007,9.438555187301853,2546.4900000000002,4.593695638461972,2546.5400000000004,8.137379115316799,2546.48,2.755103882903515,2546.5500000000006,10.260070074618472,2546.4700000000003,6.376617329768048,2546.5600000000004,8.001918224198121,2546.46,6.776502590314806,2546.5700000000006,2.512439385488982,2546.4500000000003,4.968009178609737,2546.5800000000004,10.475301396063173,2546.44,3.1110696449169106,2546.5900000000006,3.2781008723623657,2546.4300000000003,2.0830060289430787,2546.6000000000004,4.838186733714094,2546.42,1.7820264185796943,2546.6100000000006,1.3769455355768399
1710000006.9999933,100139,ETHUSDT,2546.5,6.339071847027556,2546.52,9.289052127010939,2546.49,4.317537074707112,2546.53,14.228926388997206,2546.48,5.2744538736077065,2546.54,8.877354266507716,2546.47,2.6150490175970442,2546.55,4.281561568159679,2546.46,5.756002732684328,2546.56,7.207178148865162,2546.45,2.339387462412688,2546.57,2.1065841374961756,2546.44,1.4982607703007031,2546.58,2.283125039905753,2546.43,16.68623083198055,2546.59,4.371215022070068,2546.42,5.409905771649645,2546.6,8.625253740788756,2546.41,10.803468185413777,2546.61,0.6733563113130016
1710000007.0499933,100140,ETHUSDT,2546.4900000000002,12.26370803673737,2546.5000000000005,3.8271691609272755,2546.48,3.5671249328484067,2546.5100000000007,4.566648484066871,2546.4700000000003,3.0283709497024867,2546.5200000000004,30.178357470271898,2546.46,7.417999992664296,2546.5300000000007,5.722583918418001,2546.4500000000003,2.99064748182969,2546.5400000000004,2.2501163501048578,2546.44,16.99386482789936,2546.5500000000006,12.890555086279022,2546.4300000000003,13.41727294587514,2546.5600000000004,1.6650596313637576,2546.42,2.6837444371760624,2546.5700000000006,12.156837040635775,2546.4100000000003,4.108497083140639,2546.5800000000004,7.171593502377158,2546.4,4.805752965689302,2546.5900000000006,2.4845676014389584
1710000007.0999932,100141,ETHUSDT,2546.5,4.268549371813348,2546.51,4.312891116889392,2546.49,4.9703472798401,2546.5200000000004,6.492630245431327,2546.48,2.934441276090044,2546.53,4.737842177386227,2546.47,4.841285843707994,2546.5400000000004,6.072367788313736,2546.46,9.018440326033147,2546.55,4.350005842608306,2546.45,5.141864614709882,2546.5600000000004,3.847311335489926,2546.44,3.7147289133440995,2546.57,11.958507082049444,2546.43,1.1569497336917305,2546.5800000000004,1.3406946723785131,2546.42,3.433608729707677,2546.59,7.018805571610085,2546.41,8.386938744250445,2546.6000000000004,12.322212228815584
1710000007.1499932,100142,ETHUSDT,2546.51,4.393961752974328,2546.5200000000004,17.3291792444438,2546.5,3.4005621245188267,2546.5300000000007,4.879949631176377,2546.4900000000002,11.596386067684737,2546.5400000000004,12.522955062069588,2546.48,4.951138070335435,2546.5500000000006,7.566247270564089,2546.4700000000003,14.23441223067469,2546.5600000000004,7.160010622441295,2546.46,3.5095389795759475,2546.5700000000006,3.484174610849304,2546.4500000000003,15.295065806835705,2546.5800000000004,4.672439434994719,2546.44,1.5820817423768663,2546.5900000000006,1.593370203772988,2546.4300000000003,6.632520556390523,2546.6000000000004,3.4410740997050016,2546.42,8.330450051585297,2546.6100000000006,6.567345317705643
1710000007.1999931,100143,ETHUSDT,2546.51,6.201085829967658,2546.5200000000004,5.9226774838041445,2546.5,4.169464758727387,2546.5300000000007,6.854526887532739,2546.4900000000002,6.885493645112971,2546.5400000000004,5.5690932829265245,2546.48,18.308441822739034,2546.5500000000006,5.4590956230226,2546.4700000000003,8.450599866370887,2546.5600000000004,11.089151664687284,2546.46,4.01153485065051,2546.5700000000006,2.4440409382755255,2546.4500000000003,4.35848333623689,2546.5800000000004,7.324622637687219,2546.44,5.465384669283927,2546.5900000000006,7.377285635239378,2546.4300000000003,3.2013288682248837,2546.6000000000004,6.121364975967785,2546.42,0.5942966009467333,2546.6100000000006,3.235148403570122
1710000007.249993,100144,ETHUSDT,2546.52,19.503209231781803,2546.53,11.024529752138378,2546.5099999999998,17.888813465931793,2546.5400000000004,14.375496947676947,2546.5,16.694571469793487,2546.55,6.583404569753121,2546.49,3.331755217371268,2546.5600000000004,2.786258546227947,2546.48,4.537379487689165,2546.57,7.716694698527909,2546.47,2.4257234318502343,2546.5800000000004,2.1202262440270356,2546.46,9.366047145636784,2546.59,1.2066920435757211,2546.45,7.930355371499802,2546.6000000000004,1.715214524273296,2546.44,4.624511322153382,2546.61,2.864806945419001,2546.43,7.0010188139744205,2546.6200000000003,1.2229106328328625
1710000007.299993,100145,ETHUSDT,2546.5,8.561724915092755,2546.51,4.6328280313439985,2546.49,7.261669102006094,2546.5200000000004,22.73245151942603,2546.48,13.921401372658073,2546.53,8.886386308455297,2546.47,5.298775328554854,2546.5400000000004,13.592104552197801,2546.46,17.165981200618315,2546.55,2.7656544979816835,2546.45,2.569995766997825,2546.5600000000004,3.0402022554761468,2546.44,2.504402562895625,2546.57,3.057490918191766,2546.43,5.469476141157416,2546.5800000000004,6.492447109014254,2546.42,15.502937807018421,2546.59,14.281972738831207,2546.41,9.515163301485076,2546.6000000000004,2.7554881321857256
1710000007.349993,100146,ETHUSDT,2546.4900000000002,13.740859977924671,2546.5000000000005,7.276848236650235,2546.48,10.707396335709731,2546.5100000000007,10.32327024920296,2546.4700000000003,3.6303571614602643,2546.5200000000004,3.6257044743548494,2546.46,13.535920155841458,2546.5300000000007,10.524293385575582,2546.4500000000003,12.277175124464224,2546.5400000000004,13.03824740728606,2546.44,8.050994350444357,2546.5500000000006,3.882809200620424,2546.4300000000003,18.668376756632856,2546.5600000000004,4.373148518238178,2546.42,2.8996129357305254,2546.5700000000006,1.2172541017953473,2546.4100000000003,27.3885582997008,2546.5800000000004,4.214526776203323,2546.4,3.1181503243010873,2546.5900000000006,1.6429225589616445
1710000007.399993,100147,ETHUSDT,2546.5,7.642849729903922,2546.51,20.6177597592452,2546.49,19.057288641752276,2546.5200000000004,6.543262298685112,2546.48,6.7313990308617715,2546.53,8.94844671665457,2546.47,3.5660722913492022,2546.5400000000004,4.921011634241269,2546.46,18.249008849238965,2546.55,11.348419701349165,2546.45,8.624495381212753,2546.5600000000004,7.612108091912161,2546.44,2.01982476486456,2546.57,2.8313115001870797,2546.43,17.052692202980374,2546.5800000000004,1.105007723477482,2546.42,8.20515061869807,2546.59,0.545396244888261,2546.41,43.11282399911735,2546.6000000000004,0.180978833007308
1710000007.449993,100148,ETHUSDT,2546.5,4.831598349689713,2546.52,3.95959326269259,2546.49,14.725203472256137,2546.53,5.245291759560173,2546.48,23.095800650442396,2546.54,7.232601837036052,2546.47,5.607605549009962,2546.55,4.381332555188381,2546.46,6.698959374540573,2546.56,6.940665548280699,2546.45,2.5074130076941015,2546.57,3.601576603513958,2546.44,12.57596311254401,2546.58,3.588831241086539,2546.43,2.690001779941626,2546.59,3.9174403720436013,2546.42,6.446526201981003,2546.6,2.9990117899518847,2546.41,2.576469642491434,2546.61,10.713404347031398
1710000007.4999928,100149,ETHUSDT,2546.5,4.0676668345042835,2546.51,6.70965268481017,2546.49,3.5242032954942197,2546.5200000000004,11.074220753099093,2546.48,5.311199045316341,2546.53,3.43077049385425,2546.47,3.1405894219524413,2546.5400000000004,3.4239445369986745,2546.46,9.492338412491543,2546.55,5.831925900502178,2546.45,5.438668777561125,2546.5600000000004,3.7666430412178573,2546.44,10.12027726926987,2546.57,2.0963549331547107,2546.43,1.6117235969187687,2546.5800000000004,3.059561687052377,2546.42,5.638947796332691,2546.59,3.032240500505294,2546.41,0.15299847872087094,2546.6000000000004,2.759021496037785
1710000007.5499928,100150,ETHUSDT,2546.5,5.451835511271685,2546.52,8.826930666689522,2546.49,12.764424469149471,2546.53,4.897082543944693,2546.48,3.0180436952599194,2546.54,16.653766374200714,2546.47,5.160814092414599,2546.55,2.45443372103755,2546.46,3.6595871333195227,2546.56,8.435242808372873,2546.45,7.683812624792761,2546.57,6.318512833410052,2546.44,16.205925550481627,2546.58,10.528812067550945,2546.43,4.048992535718799,2546.59,0.9251614275205282,2546.42,9.874920074886225,2546.6,0.7116390868056683,2546.41,0.7307062226707027,2546.61,0.1
1710000007.5999928,100151,ETHUSDT,2546.51,4.699931847722069,2546.5200000000004,4.477248343864475,2546.5,4.36960846863115,2546.5300000000007,11.197421387885193,2546.4900000000002,10.22236949189246,2546.5400000000004,8.045473233065199,2546.48,4.370314968163557,2546.5500000000006,10.186956082234492,2546.4700000000003,11.047313069383394,2546.5600000000004,6.930743150670034,2546.46,1.79878542689411,2546.5700000000006,2.2283637156483778,2546.4500000000003,2.3255956180321324,2546.5800000000004,6.153392836143258,2546.44,3.0272573556825932,2546.5900000000006,4.096968298481592,2546.4300000000003,0.6067209042895998,2546.6000000000004,2.0953515294229184,2546.42,1.170701289419819,2546.6100000000006,0.4901599683612369
1710000007.6499927,100152,ETHUSDT,2546.48,6.6392729333687175,2546.5,4.832601378582602,2546.47,9.932735051318971,2546.51,7.396372750255562,2546.46,25.48014954682576,2546.52,8.787145957609933,2546.45,4.859567806243556,2546.53,12.18301601497324,2546.44,3.275559183704588,2546.54,6.072688914524973,2546.43,10.457581892785292,2546.55,5.582108826011259,2546.42,8.248120556904583,2546.56,7.918946634067092,2546.41,3.3100249343437858,2546.57,2.188010725546139,2546.4,11.103892394453162,2546.58,1.0864747947634026,2546.39,1.8818637370643874,2546.59,22.6370821257747
1710000007.6999927,100153,ETHUSDT,2546.5,8.25989237652128,2546.51,7.665303007731394,2546.49,4.046773683392546,2546.5200000000004,13.61596996351463,2546.48,5.362643412609,2546.53,8.87797242686329,2546.47,3.9894139274481457,2546.5400000000004,6.803384653587353,2546.46,2.9143987635800936,2546.55,2.7129904510114997,2546.45,5.728775132751187,2546.5600000000004,3.477352478301833,2546.44,7.305893534207524,2546.57,4.10440370525058,2546.43,4.294176246133216,2546.5800000000004,4.118578641399767,2546.42,3.9541946588275287,2546.59,6.0546839172862095,2546.41,2.442213576615134,2546.6000000000004,1.3050433004059296
1710000007.7499926,100154,ETHUSDT,2546.48,3.773893707529379,2546.5,5.108062736417424,2546.47,7.559167124277909,2546.51,3.256318148382159,2546.46,4.21261071578352,2546.52,12.211780828631232,2546.45,3.693136852479877,2546.53,5.690330779087937,2546.44,10.008634456445076,2546.54,3.8444237793122165,2546.43,6.139414561818507,2546.55,4.857570078280925,2546.42,2.785813827771037,2546.56,2.6495365656890484,2546.41,4.109311068253356,2546.57,1.8599849639308912,2546.4,1.3217687527137043,2546.58,5.078969094828739,2546.39,1.7479457738766044,2546.59,3.2301666439084933
1710000007.7999926,100155,ETHUSDT,2546.4900000000002,6.1540757868479625,2546.5000000000005,9.963658389773492,2546.48,4.255019651097347,2546.5100000000007,7.727589179745598,2546.4700000000003,3.757856876409127,2546.5200000000004,7.644871786022026,2546.46,22.523390035670644,2546.5300000000007,2.568005059128577,2546.4500000000003,5.787524031358254,2546.5400000000004,6.716030385953426,2546.44,2.48250445247518,2546.5500000000006,4.144818807086839,2546.4300000000003,2.8275368328779793,2546.5600000000004,8.228646055596197,2546.42,1.760185479552213,2546.5700000000006,9.537549022441489,2546.4100000000003,18.432292189940355,2546.5800000000004,10.40891654751898,2546.4,0.661521404135876,2546.5900000000006,6.433532032351516
1710000007.8499925,100156,ETHUSDT,2546.4900000000002,5.151167440258369,2546.5000000000005,7.276003279355968,2546.48,9.665564715752724,2546.5100000000007,4.170881601112447,2546.4700000000003,4.213957257285024,2546.5200000000004,10.705174544500784,2546.46,3.66644989173839,2546.5300000000007,6.115640771445024,2546.4500000000003,4.055705265619652,2546.5400000000004,3.450868619501544,2546.44,2.0514634245319496,2546.5500000000006,8.192974415323846,2546.4300000000003,11.320987905167648,2546.5600000000004,3.5891021499006657,2546.42,5.9962260127226665,2546.5700000000006,1.5845699722137316,2546.4100000000003,2.526374798234434,2546.5800000000004,11.682609534839763,2546.4,7.18157497651972,2546.5900000000006,2.044014035858905
1710000007.8999925,100157,ETHUSDT,2546.4900000000002,7.502800516501258,2546.5000000000005,5.815252225635336,2546.48,10.02688817928574,2546.5100000000007,9.133143171510682,2546.4700000000003,5.206361723410613,2546.5200000000004,5.568284842380331,2546.46,4.888159867924061,2546.5300000000007,5.59715554214023,2546.4500000000003,12.336460109238484,2546.5400000000004,7.83429633775917,2546.44,1.885869875081401,2546.5500000000006,3.6273019079646733,2546.4300000000003,1.2589666920590363,2546.5600000000004,1.3969033231100276,2546.42,1.760126951397841,2546.5700000000006,6.2243659071508075,2546.4100000000003,2.6243272803414435,2546.5800000000004,0.603893556249674,2546.4,1.8686931123792863,2546.5900000000006,8.413784564149552
1710000007.9499924,100158,ETHUSDT,2546.4700000000003,5.587936785700366,2546.4900000000002,11.22714688092752,2546.46,4.343205254778456,2546.5000000000005,8.51365995806485,2546.4500000000003,4.1721762297690645,2546.51,5.13555907103732,2546.44,9.663893125873196,2546.5200000000004,11.663672315354495,2546.4300000000003,2.217106007269228,2546.53,3.7141725475826846,2546.42,8.101859801875834,2546.5400000000004,4.7345185378664745,2546.4100000000003,3.4459410141267672,2546.55,6.128835974056733,2546.4,2.7592935020463556,2546.5600000000004,2.7974147476860356,2546.3900000000003,2.843927394432219,2546.57,1.8087276350489985,2546.38,2.9513325208340873,2546.5800000000004,0.30812787992139384
1710000007.9999924,100159,ETHUSDT,2546.4700000000003,4.036281766310963,2546.4800000000005,12.875857167382733,2546.46,13.071711339948944,2546.4900000000007,9.384126948099256,2546.4500000000003,3.9687539000383563,2546.5000000000005,6.893226102800499,2546.44,8.612212075707175,2546.5100000000007,4.767617213735122,2546.4300000000003,8.148239405652522,2546.5200000000004,3.2028850614953335,2546.42,9.181926231023981,2546.5300000000007,1.9581242171218585,2546.4100000000003,2.5945796505591736,2546.5400000000004,7.24239084794533,2546.4,8.774161357626253,2546.5500000000006,3.8390870315039223,2546.3900000000003,0.5651922082124653,2546.5600000000004,1.3479194432352597,2546.38,0.16700538002074455,2546.5700000000006,0.1
1710000008.0499923,100160,ETHUSDT,2546.48,8.41665214076007,2546.5,8.897932173954562,2546.47,7.698546440480233,2546.51,6.518828322726462,2546.46,3.0751028437514987,2546.52,4.661907476073514,2546.45,2.9451527330613385,2546.53,10.307717999582723,2546.44,3.3934873079360828,2546.54,10.15137606392677,2546.43,3.4569802965744563,2546.55,9.384333817912271,2546.42,20.475952094701753,2546.56,4.139756652312784,2546.41,3.315188593510965,2546.57,2.4983930724573233,2546.4,2.8251789386660264,2546.58,6.994206199509746,2546.39,5.2923365930844914,2546.59,4.402974917265457
1710000008.0999923,100161,ETHUSDT,2546.48,4.736389018831593,2546.4900000000002,3.904582869600512,2546.47,3.7476972992942335,2546.5000000000005,6.294805209749468,2546.46,7.745545319582364,2546.51,4.421452506609684,2546.45,3.2242428850568943,2546.5200000000004,2.465070546832638,2546.44,2.525995942434002,2546.53,7.242728782227925,2546.43,3.2493174368731896,2546.5400000000004,1.6011246858972241,2546.42,9.631961049329988,2546.55,4.416319043427216,2546.41,0.973003918424644,2546.5600000000004,7.294210195681289,2546.4,2.5941072451779044,2546.57,0.582913876389927,2546.39,11.612877495771087,2546.5800000000004,0.8362271755173979
1710000008.1499922,100162,ETHUSDT,2546.4900000000002,8.41153233014595,2546.5000000000005,11.270453122462754,2546.48,15.389037861271749,2546.5100000000007,5.711594296999639,2546.4700000000003,5.013958968028879,2546.5200000000004,4.311269498683371,2546.46,7.304699805722823,2546.5300000000007,7.880283103711448,2546.4500000000003,4.7701827545458535,2546.5400000000004,2.3378414990740684,2546.44,10.98401301529589,2546.5500000000006,6.304101854290954,2546.4300000000003,10.978037375802973,2546.5600000000004,3.9491311584675612,2546.42,20.28084685240269,2546.5700000000006,7.977043930985723,2546.4100000000003,3.8649090382222036,2546.5800000000004,17.00796875375468,2546.4,8.439654169908382,2546.5900000000006,2.544073950908945
1710000008.1999922,100163,ETHUSDT,2546.48,14.004142121601939,2546.4900000000002,8.230622491199265,2546.47,3.330445217165673,2546.5000000000005,14.614552312606179,2546.46,3.056841674164136,2546.51,7.230428601713214,2546.45,6.179047204755857,2546.5200000000004,7.192748260293159,2546.44,11.884459793331272,2546.53,7.170585401930793,2546.43,4.542584704323138,2546.5400000000004,6.298538634633626,2546.42,11.36213657332529,2546.55,14.958347298846022,2546.41,12.285631908431188,2546.5600000000004,8.584661354477966,2546.4,0.46878011216583587,2546.57,5.359073037152441,2546.39,0.683217351213134,2546.5800000000004,4.375714250407738
1710000008.2499921,100164,ETHUSDT,2546.4700000000003,14.396507657219026,2546.5000000000005,7.05369620261842,2546.46,5.666766987643211,2546.5100000000007,12.835891363002702,2546.4500000000003,4.9711369598268735,2546.5200000000004,2.860796461384726,2546.44,13.012333837492822,2546.5300000000007,6.86867920935719,2546.4300000000003,4.1305905106142475,2546.5400000000004,3.0657093654729732,2546.42,5.784112702219284,2546.5500000000006,2.908954999992565,2546.4100000000003,3.254466190805212,2546.5600000000004,1.614833749411941,2546.4,0.9503176907375169,2546.5700000000006,0.9326897823415388,2546.3900000000003,8.317413926936387,2546.5800000000004,4.395067237310456,2546.38,2.5367979222695167,2546.5900000000006,2.5957278649872078
1710000008.299992,100165,ETHUSDT,2546.48,5.33263353966675,2546.4900000000002,4.1943617869045475,2546.47,3.9465236402339894,2546.5000000000005,6.053011237991937,2546.46,5.269979421186065,2546.51,14.411340040408241,2546.45,10.133237048035145,2546.5200000000004,20.133936816895314,2546.44,5.490772243703791,2546.53,3.048106165327,2546.43,2.9806744057862744,2546.5400000000004,13.462482188600715,2546.42,4.071783763603946,2546.55,2.274575057440725,2546.41,2.219992253090755,2546.5600000000004,2.5409790999600306,2546.4,0.7276617996884802,2546.57,0.7157960654279534,2546.39,1.0725632700233145,2546.5800000000004,0.253751132469193
1710000008.349992,100166,ETHUSDT,2546.46,12.475721899389228,2546.48,6.419389925688482,2546.45,6.025550386718952,2546.4900000000002,4.454897387936775,2546.44,4.3070007260736345,2546.5,3.217381566287997,2546.43,8.970003920259819,2546.51,13.411101482451837,2546.42,8.469693371665416,2546.52,3.324986255441636,2546.41,9.791926442001897,2546.53,2.794381702653939,2546.4,4.864191591858227,2546.54,6.955788338047141,2546.39,7.44728173475136,2546.55,11.93537593073942,2546.38,2.224552336224274,2546.56,2.3484919129392092,2546.37,0.6324272500457708,2546.57,5.844572440460002
1710000008.399992,100167,ETHUSDT,2546.46,5.2470392226953,2546.4700000000003,5.421844097712571,2546.45,8.072315659588309,2546.4800000000005,5.446699020535269,2546.44,4.121054751613988,2546.4900000000002,3.2631866527157616,2546.43,11.22668390330578,2546.5000000000005,2.429446398670704,2546.42,7.107324235900334,2546.51,3.189767518676329,2546.41,2.4202221964302573,2546.5200000000004,3.07472747498768,2546.4,2.1274150899992206,2546.53,8.92923765362361,2546.39,4.483411711639988,2546.5400000000004,1.2579689588264737,2546.38,0.8696384505410452,2546.55,0.7031016459694535,2546.37,6.974960344203871,2546.5600000000004,5.110147570194524
1710000008.449992,100168,ETHUSDT,2546.46,4.164435142728159,2546.48,3.683597214117931,2546.45,4.745056241853498,2546.4900000000002,5.014463323061516,2546.44,4.834334649376844,2546.5,11.013153951893313,2546.43,3.0291527592136465,2546.51,9.356417604036741,2546.42,2.84083664707057,2546.52,7.575375554208163,2546.41,18.39735967207424,2546.53,22.815579984692455,2546.4,2.288289003816863,2546.54,1.3949878054860383,2546.39,4.009581003860991,2546.55,7.819958386823652,2546.38,14.003593475603038,2546.56,2.6964662457849773,2546.37,1.5798895335157555,2546.57,4.413024714008641
1710000008.499992,100169,ETHUSDT,2546.4700000000003,13.128672920638842,2546.4800000000005,4.401528295850252,2546.46,22.043935873068136,2546.4900000000007,5.482839378095271,2546.4500000000003,8.637060819775735,2546.5000000000005,3.5779810567121713,2546.44,3.460055310569173,2546.5100000000007,5.7405980159920365,2546.4300000000003,6.494487355763018,2546.5200000000004,4.194775046666529,2546.42,9.403320764241709,2546.5300000000007,5.166456505518381,2546.4100000000003,1.7883413747852424,2546.5400000000004,5.050894641422415,2546.4,8.704972015200408,2546.5500000000006,1.2279744231372525,2546.3900000000003,6.526909457890497,2546.5600000000004,6.796942662240023,2546.38,4.84871384570946,2546.5700000000006,5.452030322041523
1710000008.5499918,100170,ETHUSDT,2546.4700000000003,4.451849023363934,2546.4900000000002,4.2749637355005925,2546.46,12.564432012399209,2546.5000000000005,5.169172139125754,2546.4500000000003,6.586033584446871,2546.51,7.174877595053685,2546.44,16.431657043677042,2546.5200000000004,4.124330305111859,2546.4300000000003,2.756464271208397,2546.53,6.61551380605829,2546.42,4.742900303491165,2546.5400000000004,18.70424485595443,2546.4100000000003,1.6250975492595536,2546.55,7.679239275582945,2546.4,1.2431699917703987,2546.5600000000004,2.507427134407227,2546.3900000000003,2.889448738413546,2546.57,0.8107743092475059,2546.38,2.1563518394406045,2546.5800000000004,1.621118017267596
1710000008.5999918,100171,ETHUSDT,2546.4700000000003,7.894729291112085,2546.4800000000005,4.469695891737688,2546.46,11.766457300058729,2546.4900000000007,4.090464107173297,2546.4500000000003,4.22044819559788,2546.5000000000005,2.8440377616091053,2546.44,3.2939614649506286,2546.5100000000007,8.189732578784332,2546.4300000000003,3.2037316563455036,2546.5200000000004,11.794151450058498,2546.42,3.4167840218832093,2546.5300000000007,1.9075577029455937,2546.4100000000003,2.8617963755773976,2546.5400000000004,5.343060652306377,2546.4,3.629070294952175,2546.5500000000006,3.705475861108214,2546.3900000000003,2.320490795267614,2546.5600000000004,0.6481653533015713,2546.38,5.434452511753515,2546.5700000000006,0.3584040945939896
1710000008.6499918,100172,ETHUSDT,2546.4700000000003,4.042288986515678,2546.4900000000002,7.47275095163992,2546.46,7.590446157928821,2546.5000000000005,8.610042374107984,2546.4500000000003,14.380073923048043,2546.51,10.24528157070396,2546.44,3.039704168255887,2546.5200000000004,3.442302892183096,2546.4300000000003,2.888276846825427,2546.53,5.647849968213363,2546.42,7.073412537110865,2546.5400000000004,6.800866258095951,2546.4100000000003,2.667345625325357,2546.55,7.783665637879358,2546.4,3.906290987121867,2546.5600000000004,13.779200269735533,2546.3900000000003,1.1785775643554044,2546.57,1.3154655387858658,2546.38,0.7778160433154354,2546.5800000000004,0.6618399710936952
1710000008.6999917,100173,ETHUSDT,2546.48,10.891299101588695,2546.4900000000002,10.185651937881559,2546.47,4.486178473332752,2546.5000000000005,5.734797166694509,2546.46,4.303385298077563,2546.51,10.19632010670772,2546.45,4.984856938905138,2546.5200000000004,5.624390421971274,2546.44,3.780947497502921,2546.53,13.673597999710854,2546.43,2.4497342244610025,2546.5400000000004,12.07607530547866,2546.42,2.380709373123252,2546.55,8.639414286620937,2546.41,1.3315551039301354,2546.5600000000004,8.335789459358708,2546.4,4.120256969465359,2546.57,8.44602091152438,2546.39,1.697909045870441,2546.5800000000004,1.2472336262174688
1710000008.7499917,100174,ETHUSDT,2546.4700000000003,4.133417038373854,2546.4800000000005,4.125634539983774,2546.46,4.091740901592108,2546.4900000000007,10.14677480189513,2546.4500000000003,6.0899134714056515,2546.5000000000005,8.46873590037899,2546.44,5.69000317008838,2546.5100000000007,2.5839458378206097,2546.4300000000003,7.204473468311202,2546.5200000000004,2.008079864367739,2546.42,4.916538358677038,2546.5300000000007,2.470707803620747,2546.4100000000003,4.473049818137103,2546.5400000000004,18.30108061552414,2546.4,27.790236644424635,2546.5500000000006,2.050181981073724,2546.3900000000003,7.813678928294679,2546.5600000000004,4.152328259171014,2546.38,1.5693215326500658,2546.5700000000006,1.3150867306203313
1710000008.7999916,100175,ETHUSDT,2546.48,13.05938658439182,2546.4900000000002,18.62617175059839,2546.47,3.49354139675678,2546.5000000000005,3.2647701673274874,2546.46,6.5039199066700295,2546.51,3.661081849494916,2546.45,7.346926846779623,2546.5200000000004,3.3822750937069297,2546.44,4.088646881319766,2546.53,11.881648493921713,2546.43,1.7819723422315359,2546.5400000000004,8.908410169900485,2546.42,4.344761152483284,2546.55,15.198600697296225,2546.41,18.831582457580367,2546.5600000000004,17.778109682196856,2546.4,4.085648686379703,2546.57,3.245968811463974,2546.39,6.981492723386997,2546.5800000000004,0.9381515073783752
1710000008.8499916,100176,ETHUSDT,2546.48,7.450144959380494,2546.4900000000002,3.7866808803136496,2546.47,4.238838792411558,2546.5000000000005,5.205883117834018,2546.46,13.166836150282366,2546.51,7.764500043088972,2546.45,13.58090236016702,2546.5200000000004,7.859150224800848,2546.44,2.285109301376637,2546.53,2.208878349597472,2546.43,2.047351985872803,2546.5400000000004,1.7412405491125107,2546.42,11.80843495777335,2546.55,4.315079665143585,2546.41,3.1187318864509583,2546.5600000000004,0.9238213590217733,2546.4,2.2823627059604332,2546.57,1.2477825135562939,2546.39,6.434941979735018,2546.5800000000004,1.1498774793359654
1710000008.8999915,100177,ETHUSDT,2546.48,8.060354752860132,2546.5,8.087319554086102,2546.47,4.5843372677869105,2546.51,3.367627769492736,2546.46,2.8392734051447133,2546.52,6.274595589557304,2546.45,3.156497212768856,2546.53,12.726981788893863,2546.44,3.062474730111038,2546.54,3.030604976877047,2546.43,3.1357873066126,2546.55,4.502652807170044,2546.42,8.454062474471812,2546.56,10.440067004891723,2546.41,1.1610905746745876,2546.57,1.516669753220266,2546.4,6.5415697537533,2546.58,4.814976126360569,2546.39,10.099058824901254,2546.59,5.476331408556489
1710000008.9499915,100178,ETHUSDT,2546.4700000000003,9.083075001327577,2546.4800000000005,3.9729213534304857,2546.46,3.2973125620736807,2546.4900000000007,3.5461670555027407,2546.4500000000003,3.4646136573290405,2546.5000000000005,7.0478942076391995,2546.44,3.556131932782896,2546.5100000000007,3.556059894228384,2546.4300000000003,2.6869366128454724,2546.5200000000004,2.0107295021228686,2546.42,4.772372376269368,2546.5300000000007,11.860600759243923,2546.4100000000003,4.677189304019022,2546.5400000000004,2.0756373925142215,2546.4,6.159981327002385,2546.5500000000006,1.9836216917000489,2546.3900000000003,1.6527323033109647,2546.5600000000004,2.802164643980405,2546.38,1.5267542608867264,2546.5700000000006,0.1
1710000008.9999914,100179,ETHUSDT,2546.4700000000003,14.056349198944584,2546.4800000000005,9.469422988283252,2546.46,3.348826293298604,2546.4900000000007,3.514835824475531,2546.4500000000003,5.843720843038959,2546.5000000000005,3.553045019196239,2546.44,9.66664648867554,2546.5100000000007,4.3418102444141775,2546.4300000000003,6.120210030032546,2546.5200000000004,2.117012377079289,2546.42,2.714002951330299,2546.5300000000007,3.9541908162126678,2546.4100000000003,2.3946657690109228,2546.5400000000004,2.5494077218620133,2546.4,1.3415443239566227,2546.5500000000006,1.6358199671277465,2546.3900000000003,1.6944247987489538,2546.5600000000004,6.6104177693994535,2546.38,1.1091015806059952,2546.5700000000006,0.21384186407643016
1710000009.0499914,100180,ETHUSDT,2546.48,4.058246980151349,2546.4900000000002,7.1154258482908785,2546.47,5.473198382538818,2546.5000000000005,7.002768259119264,2546.46,7.372335771432496,2546.51,6.750130540310483,2546.45,3.2138584164085837,2546.5200000000004,10.461334145745818,2546.44,2.545150446339756,2546.53,3.1053119660145856,2546.43,16.109713995828734,2546.5400000000004,2.60995408133832,2546.42,4.058933437014621,2546.55,2.1865988110417174,2546.41,6.9235681946623595,2546.5600000000004,2.798654072908864,2546.4,0.7804587506964101,2546.57,7.132624339143438,2546.39,0.14125724935795203,2546.5800000000004,4.143206806764489
1710000009.0999913,100181,ETHUSDT,2546.4700000000003,5.573001885168919,2546.4900000000002,6.8417863796665745,2546.46,3.3936843039378255,2546.5000000000005,9.056415455603581,2546.4500000000003,3.106484877957339,2546.51,8.995164187926767,2546.44,4.233276495711221,2546.5200000000004,2.608419811498706,2546.4300000000003,3.3458969205306026,2546.53,2.618736961998145,2546.42,6.050159429422569,2546.5400000000004,3.2711786601260533,2546.4100000000003,1.37778700078452,2546.55,8.960200940584556,2546.4,6.685328017415433,2546.5600000000004,7.004130603415529,2546.3900000000003,2.9891583824515275,2546.57,0.872464181078378,2546.38,0.7803607459622626,2546.5800000000004,2.598376885635986
1710000009.1499913,100182,ETHUSDT,2546.46,4.786767293861201,2546.4700000000003,9.976001866502344,2546.45,4.0501912216790075,2546.4800000000005,6.644793090215117,2546.44,9.29546764660909,2546.4900000000002,5.474164601394872,2546.43,5.414460095158121,2546.5000000000005,6.7325754462669,2546.42,2.636197884356684,2546.51,3.948338707086018,2546.41,5.205154621312063,2546.5200000000004,2.463041093456738,2546.4,6.202415584607829,2546.53,1.5588288849835301,2546.39,2.3272870493135516,2546.5400000000004,1.5771802562342314,2546.38,2.093236399176429,2546.55,3.2113476964161283,2546.37,3.9217766849224414,2546.5600000000004,0.1
1710000009.1999912,100183,ETHUSDT,2546.4500000000003,6.04861609059043,2546.4700000000003,6.315081227720787,2546.44,3.257694633149004,2546.4800000000005,11.07888293430107,2546.4300000000003,6.898387726960356,2546.4900000000002,11.392491052679633,2546.42,4.741419848109899,2546.5000000000005,3.8369748923210016,2546.4100000000003,8.478651171382893,2546.51,2.2081568241229035,2546.4,12.473493605011528,2546.5200000000004,3.5052158118571315,2546.3900000000003,17.629403720067412,2546.53,2.0853723727622677,2546.38,3.4559251091130214,2546.5400000000004,2.60016242916934,2546.3700000000003,1.7345175516047666,2546.55,3.2575791629074486,2546.36,2.125903654308984,2546.5600000000004,14.692651277232562
1710000009.2499912,100184,ETHUSDT,2546.4500000000003,16.02260493913121,2546.4600000000005,4.353678544381386,2546.44,13.160755973196327,2546.4700000000007,16.55351670285306,2546.4300000000003,7.457973706188,2546.4800000000005,12.743093713804075,2546.42,3.1853402463971414,2546.4900000000007,3.707694900902778,2546.4100000000003,2.3383719211599927,2546.5000000000005,8.268117872933189,2546.4,2.5184735421694144,2546.5100000000007,4.144750015638835,2546.3900000000003,3.00121384598801,2546.5200000000004,14.444741750655378,2546.38,1.3281083754531227,2546.5300000000007,6.320943563432145,2546.3700000000003,7.8054788604847944,2546.5400000000004,0.5946380319386072,2546.36,2.1984236228426757,2546.5500000000006,0.2337544750151678
1710000009.2999911,100185,ETHUSDT,2546.44,3.91911512992934,2546.4700000000003,4.533455820332032,2546.43,4.011286375869137,2546.4800000000005,5.487261384227036,2546.42,6.947470521263325,2546.4900000000002,11.110532688280076,2546.41,6.805484033061287,2546.5000000000005,2.883422321630685,2546.4,4.21211040056277,2546.51,3.8792948655829527,2546.39,6.113520111602865,2546.5200000000004,5.763243654712156,2546.38,2.3747248790511715,2546.53,2.060225661579433,2546.37,2.2725720832609753,2546.5400000000004,1.381143269818082,2546.36,0.5871930895106177,2546.55,5.658706121880078,2546.35,7.349109792718124,2546.5600000000004,0.6579659583642539
1710000009.349991,100186,ETHUSDT,2546.44,6.627126199029149,2546.4500000000003,6.981327461059,2546.43,5.364472570630651,2546.4600000000005,4.308973068502642,2546.42,9.120485918627836,2546.4700000000003,3.324859537479612,2546.41,3.2428287685173407,2546.4800000000005,4.763088258415253,2546.4,6.167731152144266,2546.4900000000002,3.127097371214826,2546.39,9.334190686904599,2546.5000000000005,10.062370380147502,2546.38,8.300186152042038,2546.51,5.155180771560809,2546.37,4.048163111476201,2546.5200000000004,2.2396923771735806,2546.36,3.736296559843589,2546.53,5.528784476411672,2546.35,0.6284876447844402,2546.5400000000004,1.8557298136538511
1710000009.399991,100187,ETHUSDT,2546.44,5.0901258101289315,2546.46,5.689794958540616,2546.43,6.660004720913564,2546.4700000000003,5.494172583173661,2546.42,3.5112553158618423,2546.48,3.899580358967542,2546.41,9.091665847160176,2546.4900000000002,3.782167615705949,2546.4,6.869652137371686,2546.5,3.662050972899665,2546.39,4.53966773019331,2546.51,5.190352184252695,2546.38,3.61725225628555,2546.52,3.2595858347228805,2546.37,8.01309525166968,2546.53,3.8990794311793113,2546.36,5.926165591322528,2546.54,0.9218804428838121,2546.35,1.3632435352813814,2546.55,4.633086657106958
1710000009.449991,100188,ETHUSDT,2546.4500000000003,5.893883258623507,2546.4600000000005,8.655949953654668,2546.44,6.444636336614971,2546.4700000000007,4.7499327455456015,2546.4300000000003,9.977585068062083,2546.4800000000005,5.899800994904872,2546.42,17.55029849726346,2546.4900000000007,8.196974408097947,2546.4100000000003,9.37192292553765,2546.5000000000005,3.9523626891347328,2546.4,3.7555847400830698,2546.5100000000007,7.864402115340814,2546.3900000000003,6.067365821526046,2546.5200000000004,1.2046034122427887,2546.38,0.8381805649374897,2546.5300000000007,9.280890317110774,2546.3700000000003,9.232812228851301,2546.5400000000004,1.90115336821551,2546.36,0.3237090101205815,2546.5500000000006,5.789397322344125
1710000009.499991,100189,ETHUSDT,2546.44,8.070991719995806,2546.46,4.1820410289885235,2546.43,3.6905130591942132,2546.4700000000003,5.411734629979916,2546.42,9.008626456104048,2546.48,3.2780462161887507,2546.41,8.506655567946545,2546.4900000000002,7.669828421613427,2546.4,4.493036568702509,2546.5,2.360542430222438,2546.39,7.487202470924942,2546.51,2.9039494747457817,2546.38,1.6532020250266792,2546.52,1.6090613667990254,2546.37,4.217411991779156,2546.53,14.355438717065852,2546.36,8.592144417175355,2546.54,9.708270398596822,2546.35,4.4379239173945235,2546.55,1.7804269121938907
1710000009.549991,100190,ETHUSDT,2546.44,8.021241935033023,2546.4500000000003,7.890766676716147,2546.43,3.551163372555094,2546.4600000000005,22.141074381149192,2546.42,4.86954816651064,2546.4700000000003,4.880537800534945,2546.41,17.915695023111113,2546.4800000000005,3.4619907982135363,2546.4,3.03050048856303,2546.4900000000002,6.919664769178687,2546.39,3.1707376288310467,2546.5000000000005,2.7139367578857323,2546.38,1.3330844875507863,2546.51,5.388762841573276,2546.37,1.7148536366939444,2546.5200000000004,2.013806436329535,2546.36,2.7624209297695286,2546.53,9.683387666694665,2546.35,0.2086634662444259,2546.5400000000004,1.489034096081547
1710000009.5999908,100191,ETHUSDT,2546.44,3.606521210843216,2546.4500000000003,11.745916348695863,2546.43,4.714212429227784,2546.4600000000005,13.975323518968953,2546.42,3.706252422809321,2546.4700000000003,7.641646642431617,2546.41,8.53601726366826,2546.4800000000005,5.647965276192537,2546.4,6.282906510548944,2546.4900000000002,4.4270349298853775,2546.39,3.6749879507380823,2546.5000000000005,4.552483559298358,2546.38,5.857201830413236,2546.51,1.2612252791536156,2546.37,1.7538331555022932,2546.5200000000004,7.7930468246979325,2546.36,0.7201564054074616,2546.53,0.5891369242425155,2546.35,5.293717845417174,2546.5400000000004,4.261878572105621
1710000009.6499908,100192,ETHUSDT,2546.4500000000003,5.5717666556756456,2546.4600000000005,8.189677021798575,2546.44,3.5607013125082716,2546.4700000000007,5.068374700109602,2546.4300000000003,5.471225500766191,2546.4800000000005,7.267160989668234,2546.42,3.6226288828450706,2546.4900000000007,10.309126144434455,2546.4100000000003,4.419160436836983,2546.5000000000005,4.6117854842632635,2546.4,3.040823499208332,2546.5100000000007,5.3726268967259525,2546.3900000000003,5.2686056006094235,2546.5200000000004,9.173192132933142,2546.38,5.022504128475735,2546.5300000000007,3.4786942273619257,2546.3700000000003,4.672184747103779,2546.5400000000004,1.303455920012842,2546.36,4.669593160926141,2546.5500000000006,0.4161854498291491
1710000009.6999907,100193,ETHUSDT,2546.4500000000003,4.790828820816714,2546.4600000000005,12.988750955074716,2546.44,5.488931165561704,2546.4700000000007,7.246431210778285,2546.4300000000003,5.041270543633591,2546.4800000000005,7.78910229271961,2546.42,12.347384191847254,2546.4900000000007,4.699911521562678,2546.4100000000003,5.2264144132265375,2546.5000000000005,4.29537335474496,2546.4,4.782686381692602,2546.5100000000007,3.4695810827554574,2546.3900000000003,13.911733618364085,2546.5200000000004,5.426414013848563,2546.38,4.222144067305799,2546.5300000000007,10.73608556807261,2546.3700000000003,6.195765641261019,2546.5400000000004,6.134864303494925,2546.36,4.19239989994419,2546.5500000000006,5.82841407941937
1710000009.7499907,100194,ETHUSDT,2546.4500000000003,4.962866039737322,2546.4600000000005,4.859494305058241,2546.44,4.355656528790918,2546.4700000000007,5.1904413895674475,2546.4300000000003,5.474127420511026,2546.4800000000005,9.369429947444058,2546.42,12.680727530307983,2546.4900000000007,5.269504625218211,2546.4100000000003,2.7512317070757017,2546.5000000000005,2.9599410084377453,2546.4,6.789387063312118,2546.5100000000007,3.452298342251225,2546.3900000000003,1.5625978288355125,2546.5200000000004,11.48911950444409,2546.38,6.4536393921323505,2546.5300000000007,9.602801377061803,2546.3700000000003,2.978649950344209,2546.5400000000004,0.791235722032898,2546.36,8.176544576379616,2546.5500000000006,3.7467508271051373
1710000009.7999907,100195,ETHUSDT,2546.4500000000003,8.126646903493514,2546.4600000000005,7.273630071832666,2546.44,6.152040901029155,2546.4700000000007,7.558536733861557,2546.4300000000003,7.212305174299598,2546.4800000000005,2.8371548386030976,2546.42,3.4322186803506103,2546.4900000000007,13.191096615721204,2546.4100000000003,2.7320706693631505,2546.5000000000005,2.2964878744436814,2546.4,4.676313882500743,2546.5100000000007,4.263560204838539,2546.3900000000003,4.066449695987018,2546.5200000000004,3.6358219561629213,2546.38,7.756375280613055,2546.5300000000007,4.91311087618681,2546.3700000000003,13.014699964030237,2546.5400000000004,3.9197478528781593,2546.36,3.9967396862146947,2546.5500000000006,9.275596816112744
1710000009.8499906,100196,ETHUSDT,2546.44,6.772684746819208,2546.4500000000003,3.7831686456426907,2546.43,15.717492085518863,2546.4600000000005,7.265624719747293,2546.42,3.281102394741212,2546.4700000000003,16.463220613341523,2546.41,10.943503366584952,2546.4800000000005,5.943224311475138,2546.4,4.546474245038356,2546.4900000000002,9.51749410655628,2546.39,4.818904546182265,2546.5000000000005,5.872647274126345,2546.38,10.808586427086265,2546.51,4.155729091042787,2546.37,0.872078888119297,2546.5200000000004,0.8626076939838556,2546.36,2.3861376632140163,2546.53,2.6574005151294604,2546.35,3.3934503773716296,2546.5400000000004,2.5155824799676356
1710000009.8999906,100197,ETHUSDT,2546.4500000000003,3.752418569994866,2546.4600000000005,4.8822320631242055,2546.44,12.188666948428946,2546.4700000000007,3.7142566795954224,2546.4300000000003,6.4723295022137055,2546.4800000000005,4.167135537159529,2546.42,5.43192838285972,2546.4900000000007,3.1603048590008918,2546.4100000000003,7.002471794342245,2546.5000000000005,2.1481371488820518,2546.4,7.2208855095083795,2546.5100000000007,8.017544631996207,2546.3900000000003,6.712425172219395,2546.5200000000004,1.3966350267267749,2546.38,7.963053596260794,2546.5300000000007,1.0116128812698526,2546.3700000000003,10.249463651868329,2546.5400000000004,6.567608143853755,2546.36,2.79296740575388,2546.5500000000006,7.606159504954304
1710000009.9499905,100198,ETHUSDT,2546.44,4.271277645073579,2546.46,5.048315148946115,2546.43,4.559159749610943,2546.4700000000003,9.383086126313197,2546.42,5.676922727902978,2546.48,4.703903359757749,2546.41,7.387212055886544,2546.4900000000002,4.492800372080589,2546.4,5.29175467687839,2546.5,10.49526110126773,2546.39,4.509520376824069,2546.51,6.100725439318985,2546.38,2.7230986376853696,2546.52,8.787718776994762,2546.37,13.846564612444526,2546.53,1.629167532126417,2546.36,5.758390020311141,2546.54,5.3674451358750925,2546.35,1.7310322211914388,2546.55,5.947692108760968
1710000009.9999905,100199,ETHUSDT,2546.4500000000003,8.321782918342498,2546.4600000000005,7.020120341719168,2546.44,3.484144791543369,2546.4700000000007,4.118720945018048,2546.4300000000003,5.733063757306656,2546.4800000000005,3.152694723405885,2546.42,7.982144063637395,2546.4900000000007,3.5305670625261203,2546.4100000000003,4.177235545661663,2546.5000000000005,6.808827250966208,2546.4,10.039770656082375,2546.5100000000007,2.5316349710800052,2546.3900000000003,1.8943706082735705,2546.5200000000004,1.731163903418094,2546.38,3.992887664199384,2546.5300000000007,2.0120984728705578,2546.3700000000003,9.092328683444379,2546.5400000000004,2.8765995641878717,2546.36,1.1119946370850367,2546.5500000000006,4.480137831147419
1710000010.0499904,100200,ETHUSDT,2546.46,6.555615885018314,2546.4700000000003,11.601382267741856,2546.45,8.248612016236443,2546.4800000000005,3.2309099340747314,2546.44,9.971149601235561,2546.4900000000002,5.6980284676922475,2546.43,11.376268153633964,2546.5000000000005,6.277212835084502,2546.42,2.366469401910748,2546.51,3.747387567541379,2546.41,1.7676282790053173,2546.5200000000004,5.525362931671107,2546.4,10.271814571455558,2546.53,1.915877733879419,2546.39,1.4745224062291662,2546.5400000000004,3.2103767131678955,2546.38,8.141391686700537,2546.55,9.996664234690043,2546.37,12.005277759578265,2546.5600000000004,0.2093227564152303
1710000010.0999904,100201,ETHUSDT,2546.46,4.752102162817321,2546.48,5.312708818896608,2546.45,9.190130611229053,2546.4900000000002,3.6069784850968034,2546.44,7.649308106403531,2546.5,6.694867705636472,2546.43,8.710796730570575,2546.51,3.92417546986777,2546.42,5.086909709275757,2546.52,6.4991405235333755,2546.41,10.704796379989345,2546.53,16.392155798000662,2546.4,3.0787869179582135,2546.54,1.6176592870935225,2546.39,2.2605639250748633,2546.55,4.428437710011962,2546.38,0.6475892234390717,2546.56,11.501284165990006,2546.37,11.04295084368958,2546.57,6.373473619228586
1710000010.1499903,100202,ETHUSDT,2546.4700000000003,15.455694186680882,2546.4800000000005,4.611996109771457,2546.46,17.00656794344086,2546.4900000000007,8.23114258076383,2546.4500000000003,4.675632032722786,2546.5000000000005,3.127590873878096,2546.44,9.948762513695726,2546.5100000000007,6.557759291737133,2546.4300000000003,4.375021203765735,2546.5200000000004,14.49739868098399,2546.42,6.074400446509259,2546.5300000000007,3.486280821412045,2546.4100000000003,2.9259264953398225,2546.5400000000004,3.698372576975923,2546.4,2.3838993429355977,2546.5500000000006,2.6877275408630736,2546.3900000000003,6.129135964312822,2546.5600000000004,11.748975046874017,2546.38,6.147319990733873,2546.5700000000006,9.06080101834506
1710000010.1999903,100203,ETHUSDT,2546.4700000000003,4.601967856727317,2546.4800000000005,3.931147634952351,2546.46,8.434772155747165,2546.4900000000007,27.316738359243594,2546.4500000000003,7.662011571365094,2546.5000000000005,3.7009686019186008,2546.44,11.657655627650447,2546.5100000000007,36.86790533811734,2546.4300000000003,11.64457981128573,2546.5200000000004,12.87893300208147,2546.42,10.529815382264863,2546.5300000000007,5.6852073234076315,2546.4100000000003,1.3612841323835738,2546.5400000000004,7.395677214573512,2546.4,7.638492228813151,2546.5500000000006,1.5976788405205635,2546.3900000000003,2.062693344883105,2546.5600000000004,9.121896258627533,2546.38,10.014968818045755,2546.5700000000006,2.7180354580146187
1710000010.2499902,100204,ETHUSDT,2546.4700000000003,3.6453252820567004,2546.4800000000005,4.958312373422207,2546.46,4.460447516757459,2546.4900000000007,4.0580766720927475,2546.4500000000003,4.871927485189083,2546.5000000000005,7.699059495164359,2546.44,11.394140271942712,2546.5100000000007,10.561451128612402,2546.4300000000003,2.0382681751422775,2546.5200000000004,6.197123383330059,2546.42,6.844132329161717,2546.5300000000007,18.170108600677292,2546.4100000000003,2.2438866611037662,2546.5400000000004,1.464023534160566,2546.4,2.915105356928227,2546.5500000000006,2.118750858762149,2546.3900000000003,2.0197116799378616,2546.5600000000004,0.5804897462834008,2546.38,4.1522313003053855,2546.5700000000006,2.964163803051547
1710000010.2999902,100205,ETHUSDT,2546.48,16.267876942691004,2546.4900000000002,6.469401495188398,2546.47,3.714099949346749,2546.5000000000005,10.392956628346388,2546.46,5.935557355081321,2546.51,4.61987025890952,2546.45,6.350117503964151,2546.5200000000004,7.759254184855326,2546.44,19.02120811442491,2546.53,2.9381171967958943,2546.43,1.8141134299370265,2546.5400000000004,1.6453048103371761,2546.42,2.1763165079830005,2546.55,1.2402060594468123,2546.41,1.0259667379251176,2546.5600000000004,1.1767827598780132,2546.4,0.80989754062754,2546.57,1.3698460410313436,2546.39,3.175424999411577,2546.5800000000004,9.816986106950916
1710000010.3499901,100206,ETHUSDT,2546.48,8.229702361521996,2546.4900000000002,5.177150249007612,2546.47,13.335171514421535,2546.5000000000005,14.849502334873367,2546.46,2.9352133107632246,2546.51,6.717667526200124,2546.45,10.131281850474815,2546.5200000000004,5.420888087781943,2546.44,5.744105589944493,2546.53,4.315006626138266,2546.43,3.684981107972992,2546.5400000000004,12.973599613406313,2546.42,1.2817158396444566,2546.55,2.098741291305055,2546.41,7.796913369565805,2546.5600000000004,5.335025733660556,2546.4,1.6560049549147746,2546.57,0.8903046143711016,2546.39,0.1,2546.5800000000004,1.1780251893903737
1710000010.39999,100207,ETHUSDT,2546.48,13.029160952565935,2546.4900000000002,4.971774961002707,2546.47,3.3004056905381813,2546.5000000000005,3.7536600443486563,2546.46,3.7166217784683884,2546.51,3.3271391920888136,2546.45,4.765318794488881,2546.5200000000004,7.286742656679427,2546.44,2.550418118095042,2546.53,5.546381667250875,2546.43,3.922225441135617,2546.5400000000004,10.18113154686343,2546.42,12.107646893148896,2546.55,8.572691549170155,2546.41,4.5231371596077175,2546.5600000000004,3.102493553723308,2546.4,2.4970201648931605,2546.57,8.125431631770136,2546.39,2.037937197755162,2546.5800000000004,2.4926180339844413
1710000010.44999,100208,ETHUSDT,2546.48,4.573275467307498,2546.4900000000002,7.737606001388297,2546.47,3.8784072421006153,2546.5000000000005,3.481395174759222,2546.46,2.811343322535616,2546.51,3.6930081567192703,2546.45,4.540850949617787,2546.5200000000004,4.9308050069169305,2546.44,8.229211831306658,2546.53,3.119919713829569,2546.43,9.241118337660044,2546.5400000000004,4.453916652756205,2546.42,2.0109778210552824,2546.55,5.069160939282692,2546.41,3.3775292279607854,2546.5600000000004,3.824395901147793,2546.4,3.3259795053185837,2546.57,0.8852064517506175,2546.39,2.9106829909627114,2546.5800000000004,1.2688098099767768
1710000010.49999,100209,ETHUSDT,2546.48,4.812259236729691,2546.4900000000002,4.747550640798897,2546.47,11.647784315899425,2546.5000000000005,3.2021755294078385,2546.46,7.609498173025017,2546.51,6.31816860243696,2546.45,2.6877644678015398,2546.5200000000004,2.52944758997824,2546.44,5.986965243074218,2546.53,2.3830396156068905,2546.43,1.658441304063078,2546.5400000000004,2.807345604382495,2546.42,3.0314977442773823,2546.55,2.7905097331599604,2546.41,3.703331177260546,2546.5600000000004,6.9677133103958235,2546.4,2.191506838073002,2546.57,4.084581162063845,2546.39,0.3165347861697518,2546.5800000000004,13.190540535372
1710000010.54999,100210,ETHUSDT,2546.4700000000003,4.929915744193185,2546.4800000000005,7.930222840259525,2546.46,3.5332485797401234,2546.4900000000007,6.0971979832967,2546.4500000000003,5.689466945634118,2546.5000000000005,2.8605203021689167,2546.44,5.90770197091644,2546.5100000000007,5.722673180465847,2546.4300000000003,2.9120344637845794,2546.5200000000004,12.215254891413528,2546.42,2.1436352102413156,2546.5300000000007,2.3390129318365944,2546.4100000000003,9.172307682579342,2546.5400000000004,2.8456357354023347,2546.4,11.765309302592275,2546.5500000000006,2.4251586745886193,2546.3900000000003,3.229147505064397,2546.5600000000004,10.19536645378992,2546.38,6.949358140070875,2546.5700000000006,12.438500735513719
1710000010.59999,100211,ETHUSDT,2546.4500000000003,4.0380798561436695,2546.4800000000005,5.128986956652827,2546.44,6.487342918927448,2546.4900000000007,8.078773176467816,2546.4300000000003,19.466634797310018,2546.5000000000005,4.9692302292342845,2546.42,5.933822383148536,2546.5100000000007,7.149620229360249,2546.4100000000003,4.010820304296947,2546.5200000000004,11.954067953867115,2546.4,5.098058788762243,2546.5300000000007,4.089273141948019,2546.3900000000003,5.196965018626609,2546.5400000000004,9.936359252102129,2546.38,2.473817674469389,2546.5500000000006,8.816408413439474,2546.3700000000003,3.3933527805197636,2546.5600000000004,1.9920103913993845,2546.36,6.208764807838514,2546.5700000000006,8.78978393644418
1710000010.6499898,100212,ETHUSDT,2546.46,9.98787068191275,2546.4700000000003,7.045802892815915,2546.45,7.480700699413867,2546.4800000000005,7.353390664889949,2546.44,6.367028809169277,2546.4900000000002,3.5001793830613583,2546.43,2.4498118944423757,2546.5000000000005,3.50235138407215,2546.42,5.796035880979973,2546.51,2.0987560911672696,2546.41,11.064048457223173,2546.5200000000004,3.45758489361892,2546.4,6.970541714460724,2546.53,10.151871092677993,2546.39,2.639486464169816,2546.5400000000004,17.579486967615665,2546.38,3.561034803486396,2546.55,1.3478463690262903,2546.37,4.010308045377788,2546.5600000000004,37.66423489950875
1710000010.6999898,100213,ETHUSDT,2546.46,5.282170007390147,2546.48,3.73841080499825,2546.45,9.101280272855677,2546.4900000000002,17.36926171620288,2546.44,4.9582841443422305,2546.5,7.926005570718861,2546.43,6.520116741633132,2546.51,7.5303613153022395,2546.42,2.5325964976360185,2546.52,11.109607586415175,2546.41,1.8562859081907708,2546.53,3.2586812375057534,2546.4,1.7775506086644008,2546.54,2.667562046816467,2546.39,10.739735619447794,2546.55,3.3894133277804217,2546.38,2.4559766033129815,2546.56,11.215024866019906,2546.37,11.64411662774754,2546.57,3.5470512275691712
1710000010.7499897,100214,ETHUSDT,2546.46,4.561151327788722,2546.4700000000003,5.671318092817817,2546.45,4.389200545286295,2546.4800000000005,4.4651917140339314,2546.44,3.2412933150283365,2546.4900000000002,4.635643567012501,2546.43,9.717013360385671,2546.5000000000005,7.311642249769197,2546.42,7.781136732570349,2546.51,2.8675703984215017,2546.41,25.212630315057584,2546.5200000000004,4.888169102975435,2546.4,1.4354844868286687,2546.53,7.4248956760119125,2546.39,1.0233521239064836,2546.5400000000004,1.0083989542154628,2546.38,2.955730562443872,2546.55,0.620728166633123,2546.37,0.17243105956738175,2546.5600000000004,1.6127030464809093
1710000010.7999897,100215,ETHUSDT,2546.4500000000003,10.600682345484566,2546.4600000000005,7.165238166087953,2546.44,8.129471745838135,2546.4700000000007,14.34626606158865,2546.4300000000003,6.702181662490007,2546.4800000000005,4.146283384692185,2546.42,7.849324885201682,2546.4900000000007,2.483172349036578,2546.4100000000003,8.068167708568343,2546.5000000000005,6.091512592408624,2546.4,3.5454513559501524,2546.5100000000007,7.641777389349786,2546.3900000000003,7.622164427135177,2546.5200000000004,3.691417303181322,2546.38,3.995487620387798,2546.5300000000007,1.9485615369242257,2546.3700000000003,1.644994159054646,2546.5400000000004,1.5059648981618436,2546.36,2.3971852277197163,2546.5500000000006,10.221210872428108
1710000010.8499897,100216,ETHUSDT,2546.4500000000003,4.190572067800377,2546.4700000000003,7.686698451508249,2546.44,10.035307686061834,2546.4800000000005,10.313961218911102,2546.4300000000003,7.4489689866374835,2546.4900000000002,2.8641537333015017,2546.42,2.777844575141185,2546.5000000000005,3.8345592487230347,2546.4100000000003,3.8413878572567484,2546.51,13.496542084782961,2546.4,4.2350611315786235,2546.5200000000004,4.558676557230189,2546.3900000000003,8.465357681074444,2546.53,5.052763959376905,2546.38,7.957841343408375,2546.5400000000004,4.2371061274200414,2546.3700000000003,1.28601679253902,2546.55,0.44712744162851215,2546.36,0.6428352481287949,2546.5600000000004,1.7424697132385831
1710000010.8999896,100217,ETHUSDT,2546.4500000000003,4.437218424568235,2546.4700000000003,10.843838042962123,2546.44,3.6183165930729784,2546.4800000000005,4.214439585653477,2546.4300000000003,12.78350171087762,2546.4900000000002,10.466702894660909,2546.42,3.0905531336126857,2546.5000000000005,5.402015478712965,2546.4100000000003,7.163796921074703,2546.51,6.816620924721295,2546.4,1.8925015525255684,2546.5200000000004,2.031304821775802,2546.3900000000003,2.5888116384342688,2546.53,6.463976157642494,2546.38,7.105713803009699,2546.5400000000004,5.548156105979142,2546.3700000000003,1.0132366941001627,2546.55,5.183578133266624,2546.36,5.850002764092918,2546.5600000000004,2.0743404609232132
1710000010.9499896,100218,ETHUSDT,2546.44,4.46683273649307,2546.4500000000003,5.25200188563544,2546.43,6.363961013754646,2546.4600000000005,5.061561579172842,2546.42,4.750683714755628,2546.4700000000003,3.7682153634354703,2546.41,7.02157259436451,2546.4800000000005,4.975053178351725,2546.4,3.4019300504333487,2546.4900000000002,2.4736090242840767,2546.39,6.465554885033086,2546.5000000000005,1.6148707578750956,2546.38,24.917592364763827,2546.51,7.360781182993802,2546.37,2.6086175269002716,2546.5200000000004,4.095809368688788,2546.36,6.454820868357008,2546.53,0.5703015949277513,2546.35,5.413306377117992,2546.5400000000004,7.4537748164974005
1710000010.9999895,100219,ETHUSDT,2546.44,5.146731777220969,2546.4500000000003,16.959848158338573,2546.43,4.748119533869781,2546.4600000000005,7.3143802733897765,2546.42,9.896147617893467,2546.4700000000003,10.988544651258206,2546.41,5.023130759165175,2546.4800000000005,5.99721576642509,2546.4,5.681900363759233,2546.4900000000002,11.755024880754455,2546.39,1.9073226173786393,2546.5000000000005,15.487419899554801,2546.38,12.161838310309534,2546.51,2.4343576217102534,2546.37,3.826606288654757,2546.5200000000004,5.912826134964585,2546.36,1.8173417533331828,2546.53,1.585971970985014,2546.35,2.726306609945418,2546.5400000000004,6.832953249620958
1710000011.0499895,100220,ETHUSDT,2546.44,5.919004669737069,2546.4500000000003,5.423513609748008,2546.43,7.287446977371849,2546.4600000000005,4.08499594873488,2546.42,8.21674457365801,2546.4700000000003,12.242657777059208,2546.41,8.42347119418108,2546.4800000000005,3.213519503816257,2546.4,2.756979153653725,2546.4900000000002,9.418134560685864,2546.39,3.169632698972239,2546.5000000000005,3.797727887459108,2546.38,4.430851343999906,2546.51,1.435315163234938,2546.37,2.9269761976989033,2546.5200000000004,7.641064686401709,2546.36,6.952710193543282,2546.53,7.179720462260086,2546.35,3.370246970304364,2546.5400000000004,1.840095761234164
1710000011.0999894,100221,ETHUSDT,2546.44,5.948965939436573,2546.4500000000003,7.471976435732449,2546.43,4.515109986168696,2546.4600000000005,3.3929991650935913,2546.42,6.320893272365412,2546.4700000000003,6.955862192042703,2546.41,4.463365517533217,2546.4800000000005,2.878772181630216,2546.4,5.568198376276325,2546.4900000000002,17.726522006725475,2546.39,4.256043014433937,2546.5000000000005,9.152045449630602,2546.38,6.003287965724973,2546.51,2.057717441792737,2546.37,3.254485725579655,2546.5200000000004,3.3850274309209007,2546.36,14.852259475625953,2546.53,1.0313895128518484,2546.35,0.28491492508899513,2546.5400000000004,3.042084796447273
1710000011.1499894,100222,ETHUSDT,2546.44,5.253914415217778,2546.4500000000003,13.722556807877583,2546.43,7.890323114029049,2546.4600000000005,4.414745539993687,2546.42,4.1087539485522235,2546.4700000000003,3.355510644097046,2546.41,2.6449531388340644,2546.4800000000005,9.602267771623394,2546.4,7.860232620768664,2546.4900000000002,6.591466498963438,2546.39,3.2211964392787538,2546.5000000000005,9.055758690795827,2546.38,1.3281309360542035,2546.51,2.178693322499287,2546.37,9.921142009942514,2546.5200000000004,6.444596147712778,2546.36,14.291319738859432,2546.53,1.1137346440881282,2546.35,4.315092657676226,2546.5400000000004,4.537577994486445
1710000011.1999893,100223,ETHUSDT,2546.44,5.322872007725207,2546.4500000000003,5.07578731988332,2546.43,4.565512100417724,2546.4600000000005,6.045772781202482,2546.42,3.2153624336110123,2546.4700000000003,4.310339716843161,2546.41,6.357717228984898,2546.4800000000005,5.553297861392714,2546.4,2.6113617143472077,2546.4900000000002,16.295826285763212,2546.39,3.821078523235083,2546.5000000000005,6.5050154895043555,2546.38,5.147936837537545,2546.51,3.0824280775723323,2546.37,1.0988099307050945,2546.5200000000004,2.7679801642715955,2546.36,2.045106132695696,2546.53,1.684326557874246,2546.35,12.155460121550549,2546.5400000000004,4.517067660484698
1710000011.2499893,100224,ETHUSDT,2546.44,9.745886754456166,2546.46,10.289779792443586,2546.43,4.134499718083477,2546.4700000000003,17.40549767236865,2546.42,3.6740885926457296,2546.48,10.166732342641865,2546.41,2.4330864798657634,2546.4900000000002,2.4100057425226526,2546.4,2.478981135303299,2546.5,3.4810563358936215,2546.39,5.3763373155577465,2546.51,5.7410384368338185,2546.38,10.07394541802936,2546.52,2.367730101675266,2546.37,1.275545627428987,2546.53,1.9127229636140743,2546.36,0.4264690249074011,2546.54,14.35872474272874,2546.35,0.4700528146249299,2546.55,15.98600455658571
1710000011.2999892,100225,ETHUSDT,2546.4500000000003,4.423719638125688,2546.4600000000005,3.991236828892378,2546.44,3.481110039408265,2546.4700000000007,3.9604102538746853,2546.4300000000003,3.8735772268596396,2546.4800000000005,9.241439107979382,2546.42,6.595091461455345,2546.4900000000007,8.4174097300452,2546.4100000000003,19.47847718277379,2546.5000000000005,5.316651958954333,2546.4,6.455132010900821,2546.5100000000007,2.980907972549256,2546.3900000000003,2.830473071179186,2546.5200000000004,6.034279391045471,2546.38,6.415747420605776,2546.5300000000007,4.789149454514325,2546.3700000000003,2.1460068067933205,2546.5400000000004,1.1641342071532987,2546.36,6.935630755907723,2546.5500000000006,4.274346000618527
1710000011.3499892,100226,ETHUSDT,2546.4500000000003,5.555163362898986,2546.4600000000005,5.188517465098506,2546.44,12.58274053067748,2546.4700000000007,6.02240738116746,2546.4300000000003,5.060350505285385,2546.4800000000005,4.388374269249153,2546.42,10.424870902894167,2546.4900000000007,3.237430938019596,2546.4100000000003,3.1797910270227776,2546.5000000000005,2.456700859990786,2546.4,2.3325515096063816,2546.5100000000007,2.111704541291801,2546.3900000000003,4.261285035005685,2546.5200000000004,3.827947515434498,2546.38,11.354453628677081,2546.5300000000007,1.4513186407594372,2546.3700000000003,2.435201931969266,2546.5400000000004,2.693002684992107,2546.36,2.6717229689308017,2546.5500000000006,7.954243329420744
1710000011.3999891,100227,ETHUSDT,2546.4500000000003,12.032253145413947,2546.4700000000003,8.476051254512974,2546.44,7.770468092797973,2546.4800000000005,5.530436064782229,2546.4300000000003,16.43299955417272,2546.4900000000002,6.575983514482566,2546.42,3.8322808735617073,2546.5000000000005,3.4514974581976663,2546.4100000000003,7.359467175271761,2546.51,4.5440424002974735,2546.4,2.1472847092338023,2546.5200000000004,2.6084583257224905,2546.3900000000003,9.80940177214173,2546.53,4.7495228775889355,2546.38,7.758507328687037,2546.5400000000004,1.134997560759937,2546.3700000000003,5.7676132780353715,2546.55,12.247002265505044,2546.36,0.29031765391841025,2546.5600000000004,2.703023339584226
1710000011.449989,100228,ETHUSDT,2546.46,6.087366696037989,2546.4700000000003,14.118268173788598,2546.45,6.242103974399868,2546.4800000000005,4.576307384640931,2546.44,12.571672739578036,2546.4900000000002,9.706648174108404,2546.43,4.219124836252135,2546.5000000000005,15.464367601646014,2546.42,9.897245910249014,2546.51,3.9960265853743753,2546.41,6.27562945268447,2546.5200000000004,10.239363070052141,2546.4,2.007018523664305,2546.53,3.961912330593604,2546.39,2.1400079682376103,2546.5400000000004,9.012240768087102,2546.38,3.139905007043949,2546.55,5.8601290552393905,2546.37,4.146646602026702,2546.5600000000004,6.905720411101684
1710000011.499989,100229,ETHUSDT,2546.46,6.936247887697234,2546.4700000000003,4.509810926583043,2546.45,4.235928910614762,2546.4800000000005,5.391921890215109,2546.44,12.752287822406439,2546.4900000000002,3.4493178494760794,2546.43,3.4151750508793803,2546.5000000000005,10.170148564767617,2546.42,12.990549579220382,2546.51,7.835311244280751,2546.41,2.1659617770536332,2546.5200000000004,4.124319879961474,2546.4,4.699525262395459,2546.53,3.5964467944042466,2546.39,0.9556315197029849,2546.5400000000004,11.892286796474957,2546.38,0.750724784155545,2546.55,4.034535538329951,2546.37,2.268354725140914,2546.5600000000004,1.2889970044599997
1710000011.549989,100230,ETHUSDT,2546.4500000000003,6.582374053276727,2546.4600000000005,3.6366041506993465,2546.44,8.071103295302262,2546.4700000000007,4.991297611807792,2546.4300000000003,13.230561437430174,2546.4800000000005,11.388085824074052,2546.42,8.164447948329371,2546.4900000000007,12.158808105932097,2546.4100000000003,8.094800782418666,2546.5000000000005,5.454105885999629,2546.4,6.216777407717368,2546.5100000000007,2.03419484219295,2546.3900000000003,1.8192604947600146,2546.5200000000004,3.3031607824157154,2546.38,5.205423401740267,2546.5300000000007,4.44033803133071,2546.3700000000003,1.1888636014324967,2546.5400000000004,0.7859983603530359,2546.36,2.7979312739299163,2546.5500000000006,4.530141801235563
1710000011.599989,100231,ETHUSDT,2546.4500000000003,4.682101240705439,2546.4600000000005,7.063474988815667,2546.44,7.070179931923738,2546.4700000000007,7.4618409720239525,2546.4300000000003,3.500096369134714,2546.4800000000005,8.021364113386705,2546.42,5.678656182999224,2546.4900000000007,4.550658512705679,2546.4100000000003,4.233482993632222,2546.5000000000005,6.961526175294357,2546.4,6.207714762529459,2546.5100000000007,8.544287333577206,2546.3900000000003,5.2536416264133425,2546.5200000000004,8.947481847808433,2546.38,1.941665611509028,2546.5300000000007,10.76390422156941,2546.3700000000003,8.870195668157756,2546.5400000000004,7.950691614539482,2546.36,14.411134005556544,2546.5500000000006,5.365311424630096
1710000011.649989,100232,ETHUSDT,2546.46,5.7858732779403725,2546.4700000000003,8.356350819142063,2546.45,7.560967133703188,2546.4800000000005,4.379000715203821,2546.44,4.413913809587752,2546.4900000000002,15.660605249188489,2546.43,5.351569654251346,2546.5000000000005,4.685132483338631,2546.42,4.3566829935149185,2546.51,2.177574727717413,2546.41,3.893257578088688,2546.5200000000004,2.9803189607423284,2546.4,5.757900457736295,2546.53,4.577754018371781,2546.39,4.515704627989214,2546.5400000000004,3.7967884191007784,2546.38,13.757065182053546,2546.55,0.4628901332841359,2546.37,11.657995908485065,2546.5600000000004,0.5133358083542944
1710000011.6999888,100233,ETHUSDT,2546.44,3.6382004889108326,2546.46,15.929837804452228,2546.43,3.6792796270819403,2546.4700000000003,9.769819016786847,2546.42,3.455268917656066,2546.48,10.397497494659747,2546.41,2.598412786431794,2546.4900000000002,3.972463235390813,2546.4,7.605168695670863,2546.5,2.9385121800336886,2546.39,2.0118280367041037,2546.51,2.56029482625328,2546.38,8.178636937609294,2546.52,33.9659600721885,2546.37,2.9850346643495547,2546.53,2.475894501940469,2546.36,3.1122423966152892,2546.54,5.051608605544499,2546.35,4.906817166467896,2546.55,0.9447475672758033
1710000011.7499888,100234,ETHUSDT,2546.46,7.878874717270969,2546.4700000000003,3.6223487193464012,2546.45,3.86985099627834,2546.4800000000005,11.155178740594973,2546.44,3.9512630221474394,2546.4900000000002,4.921751646163436,2546.43,4.396433319775991,2546.5000000000005,4.747001295207204,2546.42,5.308730001954025,2546.51,4.775614538247589,2546.41,6.920112566317615,2546.5200000000004,2.400942652334284,2546.4,4.819181556774145,2546.53,2.804845752009628,2546.39,2.4650578724458465,2546.5400000000004,1.2756470918072775,2546.38,5.789509504788668,2546.55,2.7479388818777966,2546.37,1.0263471511858009,2546.5600000000004,0.7244277779690657
1710000011.7999887,100235,ETHUSDT,2546.4500000000003,4.453711297597261,2546.4600000000005,13.940841761675255,2546.44,15.337686852333459,2546.4700000000007,5.711578982265769,2546.4300000000003,9.281818570401045,2546.4800000000005,12.821993114238898,2546.42,5.172672368709641,2546.4900000000007,4.167872967821143,2546.4100000000003,4.7433431836163695,2546.5000000000005,8.135458875017637,2546.4,2.1094594030987555,2546.5100000000007,2.4679190063025853,2546.3900000000003,1.3412223654132873,2546.5200000000004,9.083606101668698,2546.38,3.254372141327015,2546.5300000000007,1.425774573682157,2546.3700000000003,3.3024789268670456,2546.5400000000004,6.342835530965569,2546.36,1.0659223764583754,2546.5500000000006,7.49673572388266
1710000011.8499887,100236,ETHUSDT,2546.4500000000003,5.225154574906249,2546.4600000000005,5.387493614578291,2546.44,5.700689071823557,2546.4700000000007,4.45845406306182,2546.4300000000003,3.386027197733794,2546.4800000000005,7.001933352542883,2546.42,5.695202617509062,2546.4900000000007,2.9524105352958063,2546.4100000000003,4.407045562801878,2546.5000000000005,13.108038595923697,2546.4,2.8589460708093606,2546.5100000000007,2.878565554950164,2546.3900000000003,1.3276308137094137,2546.5200000000004,6.820841591419436,2546.38,3.756993973226858,2546.5300000000007,6.117478862925565,2546.3700000000003,6.163646268002798,2546.5400000000004,11.056788325345043,2546.36,3.061493822884722,2546.5500000000006,3.106277763557736
1710000011.8999887,100237,ETHUSDT,2546.44,7.421611352768413,2546.4500000000003,7.061780318214945,2546.43,4.3759142345959825,2546.4600000000005,3.250250741735585,2546.42,12.941182121573462,2546.4700000000003,5.188133376813998,2546.41,4.703817434141062,2546.4800000000005,3.5618093245908407,2546.4,5.087861039635595,2546.4900000000002,4.87905131084707,2546.39,8.01462867159405,2546.5000000000005,4.057141388474058,2546.38,9.396090913323693,2546.51,1.377438846093723,2546.37,1.775180419352611,2546.5200000000004,1.2884481227560123,2546.36,8.034659842498582,2546.53,5.583419452028298,2546.35,5.455035365545532,2546.5400000000004,0.6415102486600078
1710000011.9499886,100238,ETHUSDT,2546.44,5.437264633347185,2546.4500000000003,4.158523645047723,2546.43,8.353969246947585,2546.4600000000005,13.390128008041497,2546.42,13.328503944402298,2546.4700000000003,5.58951681986225,2546.41,6.349628090023552,2546.4800000000005,11.045803264368514,2546.4,2.09636688947497,2546.4900000000002,2.1041216853837166,2546.39,8.03186672339321,2546.5000000000005,7.065989666530617,2546.38,4.821554830995715,2546.51,4.5411618568203025,2546.37,2.5128605073975643,2546.5200000000004,3.7644030123043635,2546.36,2.6911813442743457,2546.53,0.7267696757094426,2546.35,3.67004113422654,2546.5400000000004,12.356829258805785
1710000011.9999886,100239,ETHUSDT,2546.4500000000003,7.993189739686375,2546.4600000000005,6.687303741383275,2546.44,3.261886757293982,2546.4700000000007,15.699365501934789,2546.4300000000003,6.514463157209065,2546.4800000000005,5.847027974548549,2546.42,3.8245584089686524,2546.4900000000007,8.490564163622944,2546.4100000000003,6.660271690577658,2546.5000000000005,5.434388264003491,2546.4,5.782933137538031,2546.5100000000007,3.8929750611272684,2546.3900000000003,1.3385542836740119,2546.5200000000004,6.026231414474952,2546.38,9.053778500498144,2546.5300000000007,2.5736424003743066,2546.3700000000003,1.0193851177209572,2546.5400000000004,5.671262980893191,2546.36,3.0543266482989293,2546.5500000000006,0.843263320738294
1710000012.0499885,100240,ETHUSDT,2546.4500000000003,8.101864083690405,2546.4600000000005,5.357724351873671,2546.44,3.9499269101974606,2546.4700000000007,9.23950677744934,2546.4300000000003,6.019890067661045,2546.4800000000005,3.888149970671897,2546.42,3.7315151299035776,2546.4900000000007,6.686336905859006,2546.4100000000003,11.084119341604428,2546.5000000000005,2.500682712163167,2546.4,3.1748945236466213,2546.5100000000007,4.435651142403148,2546.3900000000003,5.9929228306256475,2546.5200000000004,4.060721421413537,2546.38,6.015420651417039,2546.5300000000007,4.4861075959408385,2546.3700000000003,3.235521782857685,2546.5400000000004,0.5653719665223305,2546.36,1.145286767891354,2546.5500000000006,2.3338645917590335
1710000012.0999885,100241,ETHUSDT,2546.4500000000003,6.747476814872757,2546.4700000000003,4.547856995315735,2546.44,5.491885394793325,2546.4800000000005,3.54313863379302,2546.4300000000003,8.420420846088078,2546.4900000000002,3.9188583126305745,2546.42,6.671955191876929,2546.5000000000005,8.839963415276232,2546.4100000000003,4.94820355791458,2546.51,5.457216794700985,2546.4,1.8560542213870004,2546.5200000000004,3.2079026942701505,2546.3900000000003,3.6114552496875034,2546.53,10.769132289258593,2546.38,2.191290475607829,2546.5400000000004,1.7588450786943177,2546.3700000000003,6.894835599918486,2546.55,11.064831020077301,2546.36,0.1341688798991576,2546.5600000000004,4.380110028254671
1710000012.1499884,100242,ETHUSDT,2546.46,4.267454876012966,2546.4700000000003,8.865937623774416,2546.45,7.6944129457452375,2546.4800000000005,5.40650151657575,2546.44,4.634353235611044,2546.4900000000002,10.816363445127552,2546.43,2.542332215589145,2546.5000000000005,7.212246450774218,2546.42,5.117046103220592,2546.51,7.45288961112425,2546.41,3.2224014791026785,2546.5200000000004,3.4498505362603473,2546.4,3.7503865707535065,2546.53,1.4216077868189143,2546.39,0.9037709382014026,2546.5400000000004,17.14394518745793,2546.38,2.704232717078988,2546.55,4.38883694777405,2546.37,12.62425579416464,2546.5600000000004,0.725585195258868
1710000012.1999884,100243,ETHUSDT,2546.46,5.122075410596405,2546.4700000000003,7.91644270373688,2546.45,5.818276022493809,2546.4800000000005,5.125913686561617,2546.44,12.145428925534649,2546.4900000000002,3.917161994033446,2546.43,11.17688098684874,2546.5000000000005,10.62735883806781,2546.42,11.983960448783694,2546.51,2.8023607325578435,2546.41,8.589630777923036,2546.5200000000004,2.8632136258880134,2546.4,4.935205396957317,2546.53,2.3814875446117765,2546.39,17.09325138351445,2546.5400000000004,1.1331757912156737,2546.38,7.671536449234294,2546.55,2.0208515083527114,2546.37,0.8778874380962716,2546.5600000000004,1.3561785138365965
1710000012.2499883,100244,ETHUSDT,2546.46,11.449684834037587,2546.4700000000003,9.645408822336675,2546.45,7.821888303425291,2546.4800000000005,8.175825183452694,2546.44,5.127156957438371,2546.4900000000002,15.91523410340306,2546.43,16.680749141448814,2546.5000000000005,4.485261924070832,2546.42,3.5408515561876586,2546.51,4.0924486050187925,2546.41,4.4727396465742295,2546.5200000000004,3.633666536806815,2546.4,2.1323938558337754,2546.53,9.126821654944855,2546.39,4.674549091988699,2546.5400000000004,1.6007322159955883,2546.38,1.035200691080183,2546.55,1.4651891572671332,2546.37,3.8164285157754616,2546.5600000000004,11.557890837973247
1710000012.2999883,100245,ETHUSDT,2546.46,10.895096961968616,2546.4700000000003,4.665689064634428,2546.45,9.901038639543358,2546.4800000000005,12.428844473362414,2546.44,6.788687183970631,2546.4900000000002,5.539463739335293,2546.43,3.856251297261571,2546.5000000000005,4.195735917403409,2546.42,14.594151988320752,2546.51,9.510844880120885,2546.41,13.474161432017471,2546.5200000000004,2.7018517482438806,2546.4,2.1166772566366037,2546.53,4.74536140766946,2546.39,9.628719324509465,2546.5400000000004,1.5435806779320727,2546.38,12.280299666872986,2546.55,1.1114330573295652,2546.37,0.6696721833413548,2546.5600000000004,3.63219393933162
1710000012.3499882,100246,ETHUSDT,2546.4500000000003,13.459820454109622,2546.4700000000003,15.01214208242314,2546.44,4.638639452564129,2546.4800000000005,7.247111853160216,2546.4300000000003,4.345659637463468,2546.4900000000002,15.927281182951278,2546.42,7.714456009669404,2546.5000000000005,5.55207363090361,2546.4100000000003,5.756229719301022,2546.51,4.706528227310086,2546.4,6.5733231693398455,2546.5200000000004,9.37041414990287,2546.3900000000003,1.6248395002102118,2546.53,7.410218106684863,2546.38,4.514206987556699,2546.5400000000004,12.490888603649042,2546.3700000000003,0.5838485783010756,2546.55,2.332089702304622,2546.36,0.6725498916826669,2546.5600000000004,6.366860369074497
1710000012.3999882,100247,ETHUSDT,2546.46,4.093770043007426,2546.4700000000003,7.176553295773548,2546.45,3.8682020859234605,2546.4800000000005,3.955154676692688,2546.44,8.715741512289455,2546.4900000000002,8.400841776967537,2546.43,2.6487219369935158,2546.5000000000005,9.845184304628024,2546.42,2.340396591269282,2546.51,2.5469576327836623,2546.41,3.5010620587498185,2546.5200000000004,2.5176608037256187,2546.4,5.8298406401723435,2546.53,2.41627646355023,2546.39,3.116662805845138,2546.5400000000004,4.74791803829719,2546.38,1.3364446941057087,2546.55,0.5379205222832962,2546.37,20.57076897991521,2546.5600000000004,2.110952957032912
1710000012.4499881,100248,ETHUSDT,2546.46,5.432257632298172,2546.4700000000003,10.554149051511708,2546.45,4.4809092214109025,2546.4800000000005,4.2405082800836205,2546.44,8.535626283756299,2546.4900000000002,6.228608968248027,2546.43,7.4627420602339205,2546.5000000000005,3.436840032324313,2546.42,13.99764126937682,2546.51,3.4595720223454984,2546.41,5.713489722151623,2546.5200000000004,2.3267422220126215,2546.4,4.165558089707639,2546.53,4.015998951842818,2546.39,4.432317041505402,2546.5400000000004,2.288145906422561,2546.38,2.6097939210930665,2546.55,3.6682210880641795,2546.37,3.6402886801839713,2546.5600000000004,3.178484951451161
1710000012.499988,100249,ETHUSDT,2546.4700000000003,9.525887889575657,2546.4800000000005,5.461708600878998,2546.46,4.571963620362871,2546.4900000000007,6.183634283305272,2546.4500000000003,13.730907798284779,2546.5000000000005,3.413185156756909,2546.44,8.390709037786273,2546.5100000000007,6.352075817349583,2546.4300000000003,8.51342068391256,2546.5200000000004,5.431500790849068,2546.42,11.138234811138174,2546.5300000000007,8.105311175043122,2546.4100000000003,9.997585068354226,2546.5400000000004,22.585053356624808,2546.4,4.423335988543065,2546.5500000000006,2.415240433478113,2546.3900000000003,22.092152718592885,2546.5600000000004,0.6370473998091143,2546.38,3.416981463663093,2546.5700000000006,1.5590185705390722
1710000012.549988,100250,ETHUSDT,2546.4700000000003,6.261451660412751,2546.4800000000005,9.106800348723688,2546.46,7.336775778957674,2546.4900000000007,18.6011535199409,2546.4500000000003,3.5824629642046704,2546.5000000000005,3.5832973908617056,2546.44,4.86980285584815,2546.5100000000007,15.180611934917849,2546.4300000000003,14.453797161794402,2546.5200000000004,3.755796025221555,2546.42,3.7232791032362953,2546.5300000000007,3.8447147747449657,2546.4100000000003,7.258774268573038,2546.5400000000004,2.761154696311764,2546.4,5.288666190610042,2546.5500000000006,1.670645841781205,2546.3900000000003,3.6291001254539985,2546.5600000000004,6.51546101765555,2546.38,8.682918343709344,2546.5700000000006,4.705960546739418
1710000012.599988,100251,ETHUSDT,2546.4500000000003,7.6249249689984175,2546.4800000000005,5.949404133428505,2546.44,9.971175512439427,2546.4900000000007,8.93924531797536,2546.4300000000003,13.864770162438255,2546.5000000000005,4.024822764080376,2546.42,6.7778192647989925,2546.5100000000007,7.1417543309566325,2546.4100000000003,14.058059655878717,2546.5200000000004,3.9359453551269414,2546.4,2.615613776350732,2546.5300000000007,8.438446956647839,2546.3900000000003,11.638307759969255,2546.5400000000004,4.155126445182653,2546.38,1.8843495030529234,2546.5500000000006,3.429082015205248,2546.3700000000003,8.854203157556888,2546.5600000000004,2.0555500169312855,2546.36,0.5521761778269404,2546.5700000000006,3.1783149314517134
1710000012.649988,100252,ETHUSDT,2546.46,4.07491725785673,2546.4700000000003,4.79091840468206,2546.45,7.840516599562534,2546.4800000000005,7.131484323351323,2546.44,14.182747561179067,2546.4900000000002,5.334220515568632,2546.43,8.88814014709465,2546.5000000000005,3.056907724805315,2546.42,2.275085659138832,2546.51,17.638997884548097,2546.41,8.046952478953017,2546.5200000000004,12.577625176904865,2546.4,3.67187912450419,2546.53,1.8584729273929597,2546.39,4.866951982933455,2546.5400000000004,3.6755945764863176,2546.38,0.7958404646836936,2546.55,5.605201439909915,2546.37,2.6631188632032856,2546.5600000000004,3.7791842896655496
1710000012.699988,100253,ETHUSDT,2546.4500000000003,4.39962008942055,2546.4700000000003,5.132790159221163,2546.44,9.950266871401865,2546.4800000000005,12.340959541823295,2546.4300000000003,9.939889368298672,2546.4900000000002,2.886419231445893,2546.42,2.6317920004075677,2546.5000000000005,5.771812550876294,2546.4100000000003,2.1404234903254613,2546.51,3.593190139048998,2546.4,2.7569464807405755,2546.5200000000004,12.313383407413,2546.3900000000003,5.350155292309438,2546.53,14.611083632039474,2546.38,1.9264993707938367,2546.5400000000004,3.6674886476959827,2546.3700000000003,10.916367693939653,2546.55,1.8968554419663874,2546.36,1.2691660728613199,2546.5600000000004,1.0532400068521988
1710000012.7499878,100254,ETHUSDT,2546.44,11.395296792447002,2546.4500000000003,6.744480560904311,2546.43,4.485645043670529,2546.4600000000005,3.5508250401528216,2546.42,3.460845825058655,2546.4700000000003,3.2811107479846426,2546.41,4.860584734543764,2546.4800000000005,33.27543742774733,2546.4,4.734111891060295,2546.4900000000002,8.357796623942772,2546.39,7.787077073165117,2546.5000000000005,2.3732479555145547,2546.38,3.3569781215399037,2546.51,12.435752328389547,2546.37,4.156015322943873,2546.5200000000004,7.961106636779172,2546.36,5.073424841219258,2546.53,5.609587549023568,2546.35,5.816646985248736,2546.5400000000004,20.84547501434419
1710000012.7999878,100255,ETHUSDT,2546.44,5.3688809707725,2546.4500000000003,4.932435101373733,2546.43,3.2060216202054876,2546.4600000000005,8.327864712538137,2546.42,3.641454121911635,2546.4700000000003,5.743042381045264,2546.41,4.798439099009426,2546.4800000000005,7.438521708514907,2546.4,3.164567220477331,2546.4900000000002,2.7863226645371464,2546.39,2.9057478450954006,2546.5000000000005,2.3046199421583298,2546.38,2.856660344141962,2546.51,3.5154857079192774,2546.37,4.263107495742022,2546.5200000000004,3.3430926429223744,2546.36,0.6964840658291911,2546.53,16.352052588044987,2546.35,3.867212752422032,2546.5400000000004,2.7915086493685908
1710000012.8499877,100256,ETHUSDT,2546.4500000000003,5.897207564608678,2546.4600000000005,5.112203871373696,2546.44,7.143092028116358,2546.4700000000007,8.766909981409881,2546.4300000000003,9.843671360801281,2546.4800000000005,2.969409254761804,2546.42,7.3282744074787285,2546.4900000000007,2.660491168147921,2546.4100000000003,2.2316584325511597,2546.5000000000005,6.720373914976173,2546.4,8.246701932574409,2546.5100000000007,1.6575218905120044,2546.3900000000003,2.816691430564216,2546.5200000000004,2.1164259461137016,2546.38,7.596987219681797,2546.5300000000007,1.9339987159521292,2546.3700000000003,2.9087859526632864,2546.5400000000004,2.1576384256479675,2546.36,0.27642705050952854,2546.5500000000006,3.3407704606852384
1710000012.8999877,100257,ETHUSDT,2546.44,3.83428037652681,2546.46,16.425902789525615,2546.43,9.57258505389607,2546.4700000000003,8.941858486824248,2546.42,4.0028154279601,2546.48,3.8738320653518263,2546.41,5.486844213982054,2546.4900000000002,3.932559595162681,2546.4,2.164660398675301,2546.5,6.315985078205467,2546.39,2.031604424444321,2546.51,3.2322645393631766,2546.38,10.059298882552437,2546.52,7.784168419939795,2546.37,1.9926765243866542,2546.53,1.155142004143736,2546.36,1.5227270293040678,2546.54,2.9079431200879586,2546.35,14.000522618397284,2546.55,0.9698105345171036
1710000012.9499876,100258,ETHUSDT,2546.44,8.70240186655689,2546.46,8.285487568822997,2546.43,27.46236904310653,2546.4700000000003,5.138323852932988,2546.42,6.722606329787103,2546.48,9.370615650974338,2546.41,10.790085416059851,2546.4900000000002,9.258949176113934,2546.4,2.2485373712386143,2546.5,7.307956696116482,2546.39,2.6764898544811704,2546.51,2.2394731109645685,2546.38,3.0303618807178427,2546.52,2.040872662043025,2546.37,2.78382403764617,2546.53,1.202029342234799,2546.36,2.001492611357622,2546.54,8.109782025704563,2546.35,0.39833275188797096,2546.55,2.944862449523343
1710000012.9999876,100259,ETHUSDT,2546.44,8.028244293782565,2546.4500000000003,8.118999429005788,2546.43,9.317744462065118,2546.4600000000005,6.599307890563358,2546.42,3.7760774503771373,2546.4700000000003,2.8316046647084727,2546.41,4.939973973872513,2546.4800000000005,3.108413421090508,2546.4,6.31658612895024,2546.4900000000002,14.660509917596547,2546.39,4.062298982575949,2546.5000000000005,4.671612457123157,2546.38,5.379591816828783,2546.51,3.45543910421698,2546.37,0.8658729467127817,2546.5200000000004,3.7736928882020413,2546.36,7.577288669091014,2546.53,2.198614888059919,2546.35,3.954886866844008,2546.5400000000004,5.840260818587372
1710000013.0499876,100260,ETHUSDT,2546.44,3.831622851970156,2546.46,4.404898376052051,2546.43,4.344861056674233,2546.4700000000003,14.903336964123202,2546.42,6.3386888555103305,2546.48,7.403663010979441,2546.41,7.520354800168302,2546.4900000000002,2.4161471095775777,2546.4,3.3091471594151294,2546.5,13.083807518233678,2546.39,2.099158850684817,2546.51,2.1760728784092707,2546.38,4.937313528987914,2546.52,1.686745682210079,2546.37,2.7213423707297357,2546.53,1.796561816063973,2546.36,3.530478345703677,2546.54,1.176535069966166,2546.35,5.89644486859959,2546.55,3.7639545937152232
1710000013.0999875,100261,ETHUSDT,2546.4500000000003,6.943459609372225,2546.4600000000005,12.817929920963179,2546.44,9.979255490263586,2546.4700000000007,9.789237064461416,2546.4300000000003,8.188460825825942,2546.4800000000005,3.9937659675352495,2546.42,4.391953330973678,2546.4900000000007,4.227164971207054,2546.4100000000003,6.449210360145526,2546.5000000000005,5.823815722214183,2546.4,2.9517259373156985,2546.5100000000007,2.6201710493235604,2546.3900000000003,5.170394865743919,2546.5200000000004,10.727313079731324,2546.38,4.479022396498383,2546.5300000000007,3.112476132576526,2546.3700000000003,4.297344827983248,2546.5400000000004,3.1569419980916624,2546.36,4.97117252790678,2546.5500000000006,3.092951561485876
1710000013.1499875,100262,ETHUSDT,2546.4500000000003,5.059484384619235,2546.4600000000005,5.823402318321855,2546.44,3.2969171116231095,2546.4700000000007,3.3446393477898413,2546.4300000000003,5.384220057099263,2546.4800000000005,8.748178597071323,2546.42,3.821778441535387,2546.4900000000007,10.072021154368654,2546.4100000000003,9.995603264139564,2546.5000000000005,4.596598893724163,2546.4,2.6775531033501254,2546.5100000000007,3.5603783279957204,2546.3900000000003,5.5237833916669965,2546.5200000000004,3.4653955684335207,2546.38,1.733422175544218,2546.5300000000007,3.3499262027662438,2546.3700000000003,2.718366623193819,2546.5400000000004,2.079663693763741,2546.36,2.472606346231166,2546.5500000000006,0.49162286661324717
1710000013.1999874,100263,ETHUSDT,2546.44,17.43319836920431,2546.4500000000003,4.483649209689807,2546.43,7.69935531533304,2546.4600000000005,13.38532640066358,2546.42,3.6825870389000785,2546.4700000000003,2.8320563565447596,2546.41,2.5515211916544023,2546.4800000000005,5.552776540918773,2546.4,3.1439134431190787,2546.4900000000002,8.382898752145902,2546.39,4.278501477426605,2546.5000000000005,3.3712362867522176,2546.38,2.7406839201016715,2546.51,4.120998104749405,2546.37,2.3014609515582336,2546.5200000000004,0.9730563517964682,2546.36,1.4868504293419238,2546.53,10.710149749487398,2546.35,0.560070275360919,2546.5400000000004,9.106174998775888
1710000013.2499874,100264,ETHUSDT,2546.43,4.17827343044606,2546.44,9.913795090113547,2546.4199999999996,8.055336865450478,2546.4500000000003,10.51669686034026,2546.41,5.671999611440852,2546.46,3.1168426840287253,2546.3999999999996,11.151130186255157,2546.4700000000003,3.081303397357126,2546.39,7.2966286722120035,2546.48,6.998163322882799,2546.3799999999997,8.017942488070327,2546.4900000000002,3.4434129408216103,2546.37,6.004998866866444,2546.5,12.208716421322528,2546.3599999999997,12.725637535640725,2546.51,2.0159881193020306,2546.35,5.643081324191579,2546.52,6.399840313890357,2546.3399999999997,0.9157425974258029,2546.53,6.6508750583864344
1710000013.2999873,100265,ETHUSDT,2546.43,4.114626915443504,2546.44,4.250673675128022,2546.4199999999996,3.5156591539807867,2546.4500000000003,3.235603828972256,2546.41,18.740097056481275,2546.46,6.054932896222356,2546.3999999999996,4.203735707663156,2546.4700000000003,4.006472896006802,2546.39,11.887895523056129,2546.48,5.987400543125701,2546.3799999999997,7.2694218505723285,2546.4900000000002,18.81831194238041,2546.37,7.756908505213724,2546.5,12.804762765116465,2546.3599999999997,0.9417947283928222,2546.51,1.4314112062453723,2546.35,1.7811731560872741,2546.52,0.6523810465000004,2546.3399999999997,1.0162338268759539,2546.53,1.2311657987783324
1710000013.3499873,100266,ETHUSDT,2546.43,10.692362458078911,2546.44,4.179690539281841,2546.4199999999996,7.838533356394079,2546.4500000000003,5.022455809001484,2546.41,8.463599813460723,2546.46,9.634170008198089,2546.3999999999996,11.338492335620089,2546.4700000000003,3.9638384003620297,2546.39,4.621889809883617,2546.48,5.1634202661565265,2546.3799999999997,1.6776067698212553,2546.4900000000002,8.019074079281394,2546.37,3.4770242373808764,2546.5,3.5378898318743515,2546.3599999999997,3.5493435977958683,2546.51,6.526816389022999,2546.35,1.7146977825987193,2546.52,9.168814700230103,2546.3399999999997,3.2953147148292126,2546.53,2.1517626786279864
1710000013.3999872,100267,ETHUSDT,2546.43,9.084590042191957,2546.45,11.424717128515553,2546.4199999999996,3.751664241509458,2546.46,5.100694770247735,2546.41,13.907326568323674,2546.47,4.670796192176393,2546.3999999999996,7.378437982164658,2546.48,5.728893034938874,2546.39,7.94943311440264,2546.49,4.846832320296805,2546.3799999999997,4.931055092979909,2546.5,5.675705126350405,2546.37,1.506007903924544,2546.5099999999998,2.532946203564765,2546.3599999999997,9.716171746154329,2546.52,3.1455335082256157,2546.35,6.536209205233132,2546.5299999999997,3.585097554510233,2546.3399999999997,14.624950148285688,2546.54,3.831185372917612
1710000013.4499872,100268,ETHUSDT,2546.41,6.956043988375874,2546.44,3.9833664731156966,2546.3999999999996,6.681397129714295,2546.4500000000003,7.312624094184126,2546.39,5.13580666006359,2546.46,3.8185005823465965,2546.3799999999997,5.823844797348919,2546.4700000000003,7.0718470334645165,2546.37,2.6961591166249708,2546.48,16.91197118170604,2546.3599999999997,4.086537357426893,2546.4900000000002,3.3859024744450226,2546.35,1.281415393092959,2546.5,1.800456428321339,2546.3399999999997,2.2416520142798615,2546.51,9.508284414568125,2546.33,3.387841278561877,2546.52,0.7116327745544195,2546.3199999999997,4.191085686765216,2546.53,1.9972479428799228
1710000013.4999871,100269,ETHUSDT,2546.41,9.193628674059866,2546.42,3.6641556470937564,2546.3999999999996,8.716498237124537,2546.4300000000003,4.252924868717769,2546.39,5.8954427730840315,2546.44,8.251526546758493,2546.3799999999997,4.911615301813278,2546.4500000000003,3.0937094260012374,2546.37,5.065219798868842,2546.46,3.3950104386142543,2546.3599999999997,2.1289966870959907,2546.4700000000003,3.561032198508612,2546.35,3.9016586175114902,2546.48,12.047293151729939,2546.3399999999997,2.389195434284007,2546.4900000000002,4.203222519309999,2546.33,6.826857915467963,2546.5,5.617444297693298,2546.3199999999997,3.530320796303497,2546.51,0.9260953331210842
1710000013.549987,100270,ETHUSDT,2546.42,10.268314062481434,2546.4300000000003,11.31346097339641,2546.41,4.672977935450384,2546.4400000000005,5.652987958897749,2546.4,4.715441094754083,2546.4500000000003,13.34604102765199,2546.39,4.512976828793965,2546.4600000000005,6.9039448280533975,2546.38,2.5274927966955136,2546.4700000000003,10.143058822587696,2546.37,2.0195793046858066,2546.4800000000005,3.2382842749597183,2546.36,5.039572544860853,2546.4900000000002,3.534121952095407,2546.35,1.223243511893054,2546.5000000000005,5.5534602755484626,2546.34,4.104389208506562,2546.51,4.3288306473957405,2546.33,0.37347007785909436,2546.5200000000004,4.928890477189202
1710000013.599987,100271,ETHUSDT,2546.42,4.400328186729758,2546.4300000000003,6.213129818281923,2546.41,11.44310694204604,2546.4400000000005,5.0408713564715235,2546.4,3.8144865463086743,2546.4500000000003,9.907285995713348,2546.39,19.10310998542937,2546.4600000000005,14.575145079721857,2546.38,4.289832728708293,2546.4700000000003,2.9425415753090456,2546.37,5.85981673651151,2546.4800000000005,3.20900862256856,2546.36,4.731733880611205,2546.4900000000002,6.906687962455087,2546.35,1.3793319819791807,2546.5000000000005,2.4444609407273776,2546.34,4.684558052286093,2546.51,9.371509284241718,2546.33,1.940710086706189,2546.5200000000004,3.1976891716399534
1710000013.649987,100272,ETHUSDT,2546.41,9.616784255277494,2546.42,5.301946983729412,2546.3999999999996,10.435670622161297,2546.4300000000003,9.320492058640038,2546.39,3.0966495770956595,2546.44,7.400884746394764,2546.3799999999997,5.018259001808286,2546.4500000000003,2.5124085886945,2546.37,4.45692270139174,2546.46,3.770746373062126,2546.3599999999997,2.6212562057396713,2546.4700000000003,9.883430213759764,2546.35,4.021678234827304,2546.48,5.158605032248856,2546.3399999999997,1.4774003214492075,2546.4900000000002,15.807973318464182,2546.33,15.030324246976114,2546.5,0.6348867652890755,2546.3199999999997,4.542161148304885,2546.51,7.92912552786301
1710000013.699987,100273,ETHUSDT,2546.41,4.099450998095589,2546.42,5.34335072592812,2546.3999999999996,8.904138126513757,2546.4300000000003,6.186057092354851,2546.39,4.671016698928773,2546.44,4.870217073435915,2546.3799999999997,3.7480782615401966,2546.4500000000003,9.759698959126592,2546.37,3.0833465647618388,2546.46,2.425984737537299,2546.3599999999997,13.372309673374483,2546.4700000000003,3.7007103982063567,2546.35,8.417843632030422,2546.48,4.314531464361163,2546.3399999999997,7.219974619714713,2546.4900000000002,2.7898159149847634,2546.33,2.022249214744182,2546.5,2.4373943764851855,2546.3199999999997,1.17099015080677,2546.51,1.1824600907291771
1710000013.749987,100274,ETHUSDT,2546.42,6.194830855403125,2546.4300000000003,4.668028570163667,2546.41,3.75295298602176,2546.4400000000005,5.213936161393521,2546.4,6.378422520245177,2546.4500000000003,4.780607210684655,2546.39,9.068667149792745,2546.4600000000005,7.187462735375943,2546.38,3.3478699195524717,2546.4700000000003,3.2464795260965307,2546.37,1.9449215413782739,2546.4800000000005,12.30724083938624,2546.36,2.191656613716466,2546.4900000000002,5.15314307648638,2546.35,4.744169586349815,2546.5000000000005,6.30023790871735,2546.34,8.080846972182853,2546.51,7.30694782544956,2546.33,4.237746457502356,2546.5200000000004,5.952590668826091
1710000013.7999868,100275,ETHUSDT,2546.42,4.812756015811178,2546.4300000000003,6.550038363708042,2546.41,8.457441840654132,2546.4400000000005,6.706507725716543,2546.4,2.91366945519374,2546.4500000000003,3.6121932795231126,2546.39,8.774698194928618,2546.4600000000005,4.531464019924119,2546.38,4.039998926133777,2546.4700000000003,10.157831286361187,2546.37,3.469859534911662,2546.4800000000005,1.9641256447405007,2546.36,4.7395580666041806,2546.4900000000002,2.001570292807611,2546.35,1.7235852195929895,2546.5000000000005,3.5683938868679057,2546.34,9.09508199870628,2546.51,4.168472976045959,2546.33,0.7776655953833751,2546.5200000000004,2.517085918841747
1710000013.8499868,100276,ETHUSDT,2546.43,10.22186757603307,2546.44,6.604492793506709,2546.4199999999996,8.322236835235286,2546.4500000000003,6.25262583540221,2546.41,4.627925366227105,2546.46,12.750624018447008,2546.3999999999996,2.7879019434780243,2546.4700000000003,19.07852003819078,2546.39,4.110824537975249,2546.48,6.128677703403868,2546.3799999999997,7.211330093666202,2546.4900000000002,23.708558665245942,2546.37,3.575136107227506,2546.5,9.61506719318329,2546.3599999999997,4.064078895606437,2546.51,2.641553351694016,2546.35,4.2975958071964095,2546.52,2.6172676295302497,2546.3399999999997,0.5349630708343508,2546.53,3.938427181655803
1710000013.8999867,100277,ETHUSDT,2546.43,8.348898218534213,2546.44,8.116162570233671,2546.4199999999996,12.759324393213657,2546.4500000000003,6.684036497689696,2546.41,6.06457552557997,2546.46,5.075961940950638,2546.3999999999996,5.312151432034858,2546.4700000000003,4.499379723378959,2546.39,3.5138224347397635,2546.48,2.151860912753075,2546.3799999999997,4.59727585494004,2546.4900000000002,12.597812169506364,2546.37,3.0306591772162066,2546.5,7.408213930812314,2546.3599999999997,1.9990417772287288,2546.51,1.702073692364127,2546.35,0.5126701054053197,2546.52,1.5775946597468185,2546.3399999999997,1.4317557344808907,2546.53,0.5473557389924837
1710000013.9499867,100278,ETHUSDT,2546.42,5.297887530362745,2546.4500000000003,8.271490230198749,2546.41,12.891893981290256,2546.4600000000005,8.682892831667646,2546.4,4.941546987201879,2546.4700000000003,3.4927184108286142,2546.39,5.01225209718533,2546.4800000000005,21.21614451186924,2546.38,7.9858295924961755,2546.4900000000002,6.461319563617458,2546.37,2.9134288877525147,2546.5000000000005,3.512825892120059,2546.36,6.213437773165484,2546.51,6.286480735580027,2546.35,4.437492080241849,2546.5200000000004,7.726373676440852,2546.34,19.05819178951392,2546.53,10.249548235333737,2546.33,12.022284897238938,2546.5400000000004,4.954063953531363
1710000013.9999866,100279,ETHUSDT,2546.42,3.740289904155638,2546.4500000000003,3.6840812599679493,2546.41,3.301544021945296,2546.4600000000005,4.35007872843062,2546.4,9.387495796687793,2546.4700000000003,6.8295940528989885,2546.39,6.602914257935329,2546.4800000000005,3.291420715292941,2546.38,12.04569235888308,2546.4900000000002,2.7447160580858254,2546.37,4.833442121001001,2546.5000000000005,13.536728638694713,2546.36,5.097176524511812,2546.51,2.7909848311686574,2546.35,1.441366735921861,2546.5200000000004,5.501826469459603,2546.34,3.7644136874855114,2546.53,10.429953799356923,2546.33,1.8819499133552189,2546.5400000000004,2.0811254189998913
1710000014.0499866,100280,ETHUSDT,2546.4500000000003,3.699656818130358,2546.4600000000005,4.955176243001068,2546.44,4.189164614329448,2546.4700000000007,13.149369261791314,2546.4300000000003,4.4986250662653875,2546.4800000000005,10.3651080589091,2546.42,11.171655752849606,2546.4900000000007,5.7245269157411744,2546.4100000000003,4.9212461831276535,2546.5000000000005,9.2095069014498,2546.4,6.366909734729653,2546.5100000000007,4.038331096385297,2546.3900000000003,3.7674596364422888,2546.5200000000004,5.828652165518585,2546.38,18.428657693185468,2546.5300000000007,2.9157899956787636,2546.3700000000003,2.9350764186612186,2546.5400000000004,5.588896339530588,2546.36,3.844019574323291,2546.5500000000006,0.545659715932723
1710000014.0999866,100281,ETHUSDT,2546.4500000000003,8.913210647135617,2546.4600000000005,4.993887207195387,2546.44,7.440129295904011,2546.4700000000007,7.6791034085315975,2546.4300000000003,4.84114637930583,2546.4800000000005,3.9461292503363445,2546.42,7.745475102416733,2546.4900000000007,4.3452619763046645,2546.4100000000003,3.183436233626515,2546.5000000000005,6.00945809522259,2546.4,3.71587451480665,2546.5100000000007,6.559072351978401,2546.3900000000003,5.197192690862044,2546.5200000000004,1.4687403271133392,2546.38,1.770546859592944,2546.5300000000007,2.7000035139935497,2546.3700000000003,0.5244088313696844,2546.5400000000004,5.049079333109611,2546.36,3.6937118034344323,2546.5500000000006,5.151256830320571
1710000014.1499865,100282,ETHUSDT,2546.44,7.6057874924479485,2546.4500000000003,5.59324009864163,2546.43,4.389688247338308,2546.4600000000005,8.537179345786146,2546.42,3.586492834327255,2546.4700000000003,20.44275280306856,2546.41,16.32401112749051,2546.4800000000005,3.5431271900178576,2546.4,3.573373835621473,2546.4900000000002,2.934167557915043,2546.39,6.142764013113247,2546.5000000000005,11.333571707948776,2546.38,8.48563430366211,2546.51,6.403089648335144,2546.37,1.8821670484294806,2546.5200000000004,2.8038475451880434,2546.36,0.9779669078870887,2546.53,4.639348615113461,2546.35,3.5306798217728703,2546.5400000000004,6.060935460532528
1710000014.1999865,100283,ETHUSDT,2546.44,4.825738020091133,2546.4500000000003,3.9697809937180795,2546.43,6.877189157212648,2546.4600000000005,4.986643774780965,2546.42,2.925053149415104,2546.4700000000003,3.3253116976244,2546.41,2.980845244792233,2546.4800000000005,13.62310468642953,2546.4,2.502063322822077,2546.4900000000002,5.054793919133277,2546.39,5.197034505804044,2546.5000000000005,4.279900671387823,2546.38,2.3425361651795567,2546.51,7.8987974166660555,2546.37,10.224519283654402,2546.5200000000004,1.4413944944588524,2546.36,1.8425298390707416,2546.53,6.030093815666376,2546.35,5.582878589162508,2546.5400000000004,5.2268294671700675
1710000014.2499864,100284,ETHUSDT,2546.44,7.1734275326108055,2546.4500000000003,5.651277659874516,2546.43,6.804126060195449,2546.4600000000005,9.897812752149182,2546.42,2.9630900545945273,2546.4700000000003,2.857701242478062,2546.41,6.069413652051686,2546.4800000000005,4.077070532081219,2546.4,6.2027857553511305,2546.4900000000002,2.0470972711230493,2546.39,2.4586630715918663,2546.5000000000005,2.8787351857865655,2546.38,3.662250951523341,2546.51,3.8596780193097064,2546.37,0.9811198771030223,2546.5200000000004,10.031138815596822,2546.36,7.053965805202787,2546.53,9.439310325034315,2546.35,0.4202460716084006,2546.5400000000004,6.043897236739191
1710000014.2999864,100285,ETHUSDT,2546.4500000000003,6.014630650721136,2546.4600000000005,4.3308841786136885,2546.44,3.2535338302301584,2546.4700000000007,3.696385111163845,2546.4300000000003,4.900612203859266,2546.4800000000005,6.51808297210744,2546.42,4.095325391555525,2546.4900000000007,3.4933455388389243,2546.4100000000003,2.3964759304449763,2546.5000000000005,12.217001737620599,2546.4,2.775620826055441,2546.5100000000007,9.954804273873046,2546.3900000000003,11.265557344591084,2546.5200000000004,9.492026428269206,2546.38,4.36052004165368,2546.5300000000007,8.513994148990454,2546.3700000000003,3.163358561841472,2546.5400000000004,1.11787919520932,2546.36,1.3275220873467564,2546.5500000000006,1.48316491687409
1710000014.3499863,100286,ETHUSDT,2546.46,9.320751979802624,2546.4700000000003,10.103700443354453,2546.45,11.935172951621912,2546.4800000000005,3.2770256016450072,2546.44,2.9596353521017558,2546.4900000000002,6.948939553589572,2546.43,9.903260853876485,2546.5000000000005,4.636876046506874,2546.42,6.45193803715058,2546.51,8.28152268934824,2546.41,9.573682744051121,2546.5200000000004,6.1618660542569845,2546.4,1.9346598328670517,2546.53,3.4081305487030344,2546.39,0.8705510495770692,2546.5400000000004,2.2488838365393864,2546.38,11.618803295964502,2546.55,1.4323010608247988,2546.37,2.812401123869651,2546.5600000000004,0.7954649826232839
1710000014.3999863,100287,ETHUSDT,2546.46,4.070850124595825,2546.4700000000003,6.044441778839629,2546.45,6.962126481852017,2546.4800000000005,4.754884406902589,2546.44,5.56164808931277,2546.4900000000002,5.821076011379521,2546.43,6.3612049704739455,2546.5000000000005,9.478585402115037,2546.42,7.873387830584303,2546.51,4.70827894000198,2546.41,10.258672324815736,2546.5200000000004,4.402874948671466,2546.4,3.5220239227258294,2546.53,5.473022183337731,2546.39,2.695882364790427,2546.5400000000004,4.940129719791109,2546.38,2.8739016167523688,2546.55,1.1836311143654854,2546.37,4.592959208440704,2546.5600000000004,9.894867003259407
1710000014.4499862,100288,ETHUSDT,2546.46,4.739452973466449,2546.4700000000003,13.707207601416195,2546.45,14.391291028024657,2546.4800000000005,12.358624449261495,2546.44,5.7762358949693615,2546.4900000000002,2.879397674877737,2546.43,7.073689002588396,2546.5000000000005,14.462797122424988,2546.42,2.3419738651567137,2546.51,10.185251511746356,2546.41,5.561150675824786,2546.5200000000004,3.215052854950965,2546.4,4.304463178845707,2546.53,1.7851709775468312,2546.39,2.685827418109202,2546.5400000000004,6.638346905093285,2546.38,1.1389144210008129,2546.55,8.362775938831334,2546.37,1.196548986497005,2546.5600000000004,1.7609053023537597
1710000014.4999862,100289,ETHUSDT,2546.46,3.679634822465627,2546.4700000000003,6.768882587510184,2546.45,9.634699772834463,2546.4800000000005,6.379751250903071,2546.44,4.20937948217719,2546.4900000000002,5.091818793707371,2546.43,9.053057775376153,2546.5000000000005,3.8617664191677927,2546.42,4.554384516987357,2546.51,6.118775599757788,2546.41,5.168476743542481,2546.5200000000004,9.720745892719608,2546.4,2.453528677811744,2546.53,10.69704723510479,2546.39,7.8747786549363745,2546.5400000000004,2.6899746611485,2546.38,1.2806666353937088,2546.55,14.47172853550778,2546.37,1.9588923239163554,2546.5600000000004,0.1
1710000014.5499861,100290,ETHUSDT,2546.44,20.119047377754615,2546.46,9.78544778620904,2546.43,4.028926853372701,2546.4700000000003,4.376567430681787,2546.42,13.697423751294389,2546.48,6.695296735145455,2546.41,6.932695663997943,2546.4900000000002,2.45942329211773,2546.4,2.0132386908854243,2546.5,3.205652047815379,2546.39,1.6614738060451053,2546.51,2.7966872926848656,2546.38,1.337535036778545,2546.52,5.170157878689882,2546.37,1.4450857767908236,2546.53,4.494741607209641,2546.36,1.751032405787646,2546.54,1.3990846250590292,2546.35,1.2368750809429827,2546.55,0.29679767833201787
1710000014.599986,100291,ETHUSDT,2546.44,6.636336186786602,2546.4500000000003,4.298414635114319,2546.43,3.2622932963157685,2546.4600000000005,4.745357987692004,2546.42,5.232479050237318,2546.4700000000003,4.125045798746066,2546.41,3.6464553800772403,2546.4800000000005,2.8497082473058164,2546.4,3.549326168296842,2546.4900000000002,6.5727971268945495,2546.39,5.213552983312573,2546.5000000000005,9.765432621449206,2546.38,3.8294546644583263,2546.51,1.2782426488448502,2546.37,1.3107911462133386,2546.5200000000004,0.8938929954596743,2546.36,3.814585550967554,2546.53,5.262663663369554,2546.35,3.884340605911957,2546.5400000000004,2.0535142101650905
1710000014.649986,100292,ETHUSDT,2546.4500000000003,5.560057385573032,2546.4600000000005,12.524391800800455,2546.44,6.549348973073533,2546.4700000000007,12.779262177800927,2546.4300000000003,3.182852972667992,2546.4800000000005,3.8145370259738423,2546.42,5.490621809459256,2546.4900000000007,4.34556338759999,2546.4100000000003,11.813210667130605,2546.5000000000005,10.464448937336345,2546.4,4.09709459087019,2546.5100000000007,3.953734158732002,2546.3900000000003,6.334907399970259,2546.5200000000004,1.4606013923098453,2546.38,1.49649014991803,2546.5300000000007,3.7332199180577827,2546.3700000000003,1.3003307621683629,2546.5400000000004,7.226299593951139,2546.36,12.301209580892232,2546.5500000000006,2.4403942980166744
1710000014.699986,100293,ETHUSDT,2546.44,7.594038649304336,2546.4500000000003,10.287575920327713,2546.43,8.715136846010672,2546.4600000000005,7.393674442763139,2546.42,6.003130187551395,2546.4700000000003,9.447487870116005,2546.41,5.3117541427703685,2546.4800000000005,12.22112022336869,2546.4,12.843984889985071,2546.4900000000002,2.589324903312276,2546.39,12.519327447987788,2546.5000000000005,3.2082432358949866,2546.38,2.1688937674535653,2546.51,1.8872329189121797,2546.37,5.701816990890835,2546.5200000000004,4.578108906971143,2546.36,7.446403110650317,2546.53,2.4831250496859236,2546.35,4.250995636573721,2546.5400000000004,4.696923186024613
1710000014.749986,100294,ETHUSDT,2546.43,8.370871678159103,2546.44,4.895791165229892,2546.4199999999996,6.4455837150710735,2546.4500000000003,3.8777080777535393,2546.41,4.591917672056833,2546.46,11.665733605187196,2546.3999999999996,2.946961048210012,2546.4700000000003,7.520968300944249,2546.39,3.0568684466364875,2546.48,11.299619055578427,2546.3799999999997,5.1846679917999445,2546.4900000000002,2.8487070065230116,2546.37,3.9327399532047536,2546.5,1.2555803277289945,2546.3599999999997,8.575962474342665,2546.51,2.7473378694698,2546.35,1.3585292458484775,2546.52,5.1477884114484045,2546.3399999999997,0.715509798408655,2546.53,0.10983856641609321
1710000014.799986,100295,ETHUSDT,2546.44,5.430846401917339,2546.46,19.814855978596853,2546.43,5.5327999543470305,2546.4700000000003,5.193158154169258,2546.42,13.731281003743153,2546.48,9.218789816627782,2546.41,2.794398017314132,2546.4900000000002,18.94345288066784,2546.4,2.5742089348332535,2546.5,2.1668682417618994,2546.39,8.488562050285184,2546.51,5.5391997061925995,2546.38,2.9275117997624776,2546.52,6.2826497541758695,2546.37,1.204369536819859,2546.53,5.671697612789436,2546.36,9.007277076894171,2546.54,3.7715187809974955,2546.35,7.504281032606565,2546.55,0.771219517359092
1710000014.8499858,100296,ETHUSDT,2546.4500000000003,6.513691415451377,2546.4600000000005,5.689693693046955,2546.44,6.248001276532939,2546.4700000000007,8.678228752942104,2546.4300000000003,5.123175014034045,2546.4800000000005,6.375191519489675,2546.42,2.708837561753303,2546.4900000000007,32.45648011941342,2546.4100000000003,2.3648030344736983,2546.5000000000005,3.956571953666069,2546.4,3.3640111759319424,2546.5100000000007,5.423068426559583,2546.3900000000003,1.7517684997606202,2546.5200000000004,13.552165896546121,2546.38,9.244963718361197,2546.5300000000007,1.4897731606119975,2546.3700000000003,1.0732967622638303,2546.5400000000004,0.6716410390587432,2546.36,1.746683966653259,2546.5500000000006,0.7048764901880092
1710000014.8999858,100297,ETHUSDT,2546.4500000000003,16.682107270193313,2546.4600000000005,5.975825783331576,2546.44,4.446328035056128,2546.4700000000007,8.080864737347625,2546.4300000000003,8.126579429360476,2546.4800000000005,14.493114874348779,2546.42,4.057353764695146,2546.4900000000007,7.576888751931902,2546.4100000000003,2.9240358098074273,2546.5000000000005,4.971808441992458,2546.4,3.7519868182762965,2546.5100000000007,4.232916010582567,2546.3900000000003,2.706613460211548,2546.5200000000004,2.787775187730171,2546.38,3.097927644058406,2546.5300000000007,11.058239575667509,2546.3700000000003,2.206745951733647,2546.5400000000004,6.353300316289084,2546.36,5.193727253130078,2546.5500000000006,1.3260260045837162
1710000014.9499857,100298,ETHUSDT,2546.4500000000003,3.8794450353272016,2546.4700000000003,7.3367081016014986,2546.44,3.344963012989548,2546.4800000000005,10.067119815294326,2546.4300000000003,9.176886572303642,2546.4900000000002,13.956040302180506,2546.42,2.781034182665844,2546.5000000000005,3.347376927141587,2546.4100000000003,6.172595773582413,2546.51,5.993425143327741,2546.4,4.73311666634503,2546.5200000000004,8.38587861392908,2546.3900000000003,5.614272956305218,2546.53,2.575240210644081,2546.38,3.900163098890877,2546.5400000000004,1.351798282049962,2546.3700000000003,1.2130607476524675,2546.55,0.6587228706611195,2546.36,3.5493358637766956,2546.5600000000004,6.146854944074042
1710000014.9999857,100299,ETHUSDT,2546.46,5.997260992686922,2546.4700000000003,4.640497282364547,2546.45,10.317094533559494,2546.4800000000005,4.43965443162498,2546.44,6.207391724459628,2546.4900000000002,11.930994671069104,2546.43,5.0512615980510125,2546.5000000000005,6.840631828429685,2546.42,6.1845489211897995,2546.51,4.483233299231022,2546.41,1.9745384030346116,2546.5200000000004,2.4041487134276407,2546.4,1.8823382305304293,2546.53,7.220992372972998,2546.39,1.0384204987710073,2546.5400000000004,2.122080624063397,2546.38,4.753272334026064,2546.55,2.526972167176697,2546.37,2.1308407747026856,2546.5600000000004,0.1
1710000015.0499856,100300,ETHUSDT,2546.4700000000003,4.464863012888903,2546.4900000000002,6.991553373263297,2546.46,9.548748134281272,2546.5000000000005,6.325938805625218,2546.4500000000003,9.721525850225621,2546.51,5.024788265900477,2546.44,14.062627535114512,2546.5200000000004,2.7236948211458962,2546.4300000000003,7.650528531119148,2546.53,11.694119113491684,2546.42,3.434411685287249,2546.5400000000004,9.119590780197022,2546.4100000000003,5.794769398102744,2546.55,6.89781035184694,2546.4,4.15118292909604,2546.5600000000004,1.738132467677573,2546.3900000000003,8.325984716224523,2546.57,0.7203276416563358,2546.38,2.0999386176429886,2546.5800000000004,0.5574009691628581
1710000015.0999856,100301,ETHUSDT,2546.46,8.492403211935562,2546.48,5.530715091819984,2546.45,3.2941588428453357,2546.4900000000002,16.50619122305378,2546.44,11.831855008982252,2546.5,12.152955411994965,2546.43,2.788607600111232,2546.51,23.468636071257528,2546.42,6.3888563519897685,2546.52,6.6548616824893845,2546.41,4.16326628397516,2546.53,2.9304418957209903,2546.4,12.212799538071963,2546.54,3.307021182187715,2546.39,7.282221026577064,2546.55,2.239624548349479,2546.38,6.154034878972162,2546.56,0.43701536393333856,2546.37,12.54649152253248,2546.57,0.516079080536343
1710000015.1499856,100302,ETHUSDT,2546.46,3.815491096297516,2546.4700000000003,6.181355941271045,2546.45,6.621428144370917,2546.4800000000005,9.216128772382454,2546.44,3.363224728539903,2546.4900000000002,20.557487152124597,2546.43,3.955761996201262,2546.5000000000005,8.25499158025109,2546.42,10.898662084966418,2546.51,2.9834938402102766,2546.41,10.073052245729436,2546.5200000000004,5.292847910627518,2546.4,1.3436596946305013,2546.53,2.4068172067857816,2546.39,5.504619742027024,2546.5400000000004,1.1690885058812206,2546.38,6.525495647552123,2546.55,1.59486495005519,2546.37,1.4658862239453747,2546.5600000000004,6.605691219399775
1710000015.1999855,100303,ETHUSDT,2546.4500000000003,3.688513930555463,2546.4600000000005,16.943968638795184,2546.44,3.522983172759566,2546.4700000000007,3.801383848464699,2546.4300000000003,3.0756782290622993,2546.4800000000005,6.296011555378229,2546.42,13.669559349714556,2546.4900000000007,6.6623247220588295,2546.4100000000003,3.975172296092077,2546.5000000000005,2.2140868546482757,2546.4,3.4454878124093087,2546.5100000000007,4.2853010738259325,2546.3900000000003,4.84741927586551,2546.5200000000004,11.784404761549613,2546.38,4.083986413899856,2546.5300000000007,9.494097116462324,2546.3700000000003,0.7497792286369477,2546.5400000000004,7.223948969250126,2546.36,1.5621847751360278,2546.5500000000006,4.912886036481085
1710000015.2499855,100304,ETHUSDT,2546.46,5.199362098122961,2546.4700000000003,9.440937086644228,2546.45,3.749887778622476,2546.4800000000005,22.435932085242772,2546.44,10.218943698268516,2546.4900000000002,13.085042322182991,2546.43,3.4074484316882723,2546.5000000000005,12.336272835075944,2546.42,11.458193564378643,2546.51,3.8139471210701306,2546.41,1.7169653102780427,2546.5200000000004,2.816273632525765,2546.4,5.756498985953359,2546.53,1.7715460820887357,2546.39,11.323484342359977,2546.5400000000004,5.419440719047798,2546.38,1.0363566703223817,2546.55,1.892805514941276,2546.37,7.808102205912446,2546.5600000000004,5.138740294290265
1710000015.2999854,100305,ETHUSDT,2546.46,4.272542950550921,2546.4700000000003,14.093021335032404,2546.45,5.936906898677461,2546.4800000000005,7.477690922556468,2546.44,2.8482225926229066,2546.4900000000002,24.22305899586134,2546.43,6.953194308110184,2546.5000000000005,8.54583342082593,2546.42,15.51716904874428,2546.51,12.808162332117421,2546.41,2.974307387557966,2546.5200000000004,10.608909835779132,2546.4,4.552415837684898,2546.53,2.0829034896177854,2546.39,1.4499464614588602,2546.5400000000004,2.205061588300579,2546.38,6.04430292983767,2546.55,2.7812114667196948,2546.37,1.3795385296560918,2546.5600000000004,7.234048022919477
1710000015.3499854,100306,ETHUSDT,2546.46,4.785360666657391,2546.4700000000003,14.039652912642133,2546.45,6.194746031410183,2546.4800000000005,5.182604889504821,2546.44,4.758545325565024,2546.4900000000002,20.271304392263314,2546.43,6.424968548121395,2546.5000000000005,3.864079722194424,2546.42,6.564691219021627,2546.51,3.635747974688278,2546.41,2.424140824130145,2546.5200000000004,2.7054431605732,2546.4,11.275379732461857,2546.53,1.9279089171238715,2546.39,1.2025696052756538,2546.5400000000004,2.6151630909318304,2546.38,7.781582516402339,2546.55,3.1671039532091547,2546.37,2.4296887470799486,2546.5600000000004,1.8318494057878005
1710000015.3999853,100307,ETHUSDT,2546.46,4.635623125735855,2546.4900000000002,4.370883643773984,2546.45,4.5057242183679875,2546.5000000000005,4.800318840394558,2546.44,7.622242650088381,2546.51,6.564887428022502,2546.43,4.368367086637287,2546.5200000000004,6.920177892809373,2546.42,2.947416047308564,2546.53,2.6665734589428904,2546.41,7.684497530164373,2546.5400000000004,6.011864626061744,2546.4,5.507081170582109,2546.55,4.374135284073262,2546.39,0.8091985307041691,2546.5600000000004,8.810948581309852,2546.38,15.439027927439067,2546.57,3.169278209741291,2546.37,0.6599174316619697,2546.5800000000004,1.8491552318912268
1710000015.4499853,100308,ETHUSDT,2546.46,7.340142593953869,2546.4700000000003,4.253026057648066,2546.45,6.033044710901898,2546.4800000000005,9.493807675247496,2546.44,10.663100559073293,2546.4900000000002,8.335825628061446,2546.43,3.7438424779302912,2546.5000000000005,2.878756281808099,2546.42,10.157097981425837,2546.51,2.1264277811195034,2546.41,5.817673593721672,2546.5200000000004,5.718370285122742,2546.4,1.5518772166161576,2546.53,6.759712825020813,2546.39,1.626791405833598,2546.5400000000004,1.043185945704696,2546.38,3.1635192924058284,2546.55,3.33536502111312,2546.37,13.376347514217084,2546.5600000000004,2.479413973922643
1710000015.4999852,100309,ETHUSDT,2546.46,18.04034546394815,2546.4700000000003,6.3314833839135005,2546.45,10.083373067369177,2546.4800000000005,4.629419390637883,2546.44,10.186967611768106,2546.4900000000002,5.095379674614003,2546.43,8.755815595244194,2546.5000000000005,3.034852687077919,2546.42,4.005071165991338,2546.51,7.171352283494071,2546.41,3.6953084969506533,2546.5200000000004,7.7492150123557995,2546.4,2.3317896242269627,2546.53,1.829809702592457,2546.39,4.740480681447503,2546.5400000000004,2.874099635926666,2546.38,0.9376003431262859,2546.55,2.5462543591993945,2546.37,6.971501830278239,2546.5600000000004,0.8503224970083705
1710000015.5499852,100310,ETHUSDT,2546.4700000000003,8.393225783725232,2546.4800000000005,6.0563575581644455,2546.46,3.5340465794774993,2546.4900000000007,3.513555182587431,2546.4500000000003,4.774821522223439,2546.5000000000005,7.3380158184548225,2546.44,4.5739768133567456,2546.5100000000007,6.4839604736993826,2546.4300000000003,2.585242810002062,2546.5200000000004,2.7519296714325994,2546.42,3.107171720402725,2546.5300000000007,2.3572101495032034,2546.4100000000003,14.062198271397204,2546.5400000000004,7.74199314021465,2546.4,9.255302243517226,2546.5500000000006,5.686956079216109,2546.3900000000003,1.1894927890131568,2546.5600000000004,0.5021295832267053,2546.38,3.9591694614195343,2546.5700000000006,14.62122975471166
1710000015.5999851,100311,ETHUSDT,2546.48,5.622515958419431,2546.5,4.23069623167629,2546.47,5.805711237942962,2546.51,5.149411004014771,2546.46,4.672167676447967,2546.52,10.389106332440596,2546.45,15.53697269839934,2546.53,5.525966212545676,2546.44,5.285148778332221,2546.54,14.15567563100906,2546.43,2.1265355320458696,2546.55,3.1327758290746477,2546.42,1.9537350418485517,2546.56,2.2552135602675474,2546.41,4.901672810127465,2546.57,2.8577091392056486,2546.4,2.279153273072113,2546.58,12.1575209808723,2546.39,2.0271716931177752,2546.59,6.409865593038521
1710000015.649985,100312,ETHUSDT,2546.48,5.81044350645109,2546.4900000000002,16.366849300135108,2546.47,7.130853170003062,2546.5000000000005,15.985552834150155,2546.46,6.545508397114995,2546.51,3.1332403978654835,2546.45,6.909120467645407,2546.5200000000004,7.543055345164436,2546.44,3.9227749118714863,2546.53,3.158054681071543,2546.43,13.164650720971537,2546.5400000000004,2.479706702526572,2546.42,1.4881259623897902,2546.55,9.451875307781073,2546.41,6.121512883230513,2546.5600000000004,9.02448392456232,2546.4,4.103941666093873,2546.57,1.8821301093870493,2546.39,3.6716546240505403,2546.5800000000004,13.073338600540712
1710000015.699985,100313,ETHUSDT,2546.48,10.267813957644357,2546.4900000000002,4.596170638841056,2546.47,7.0730107241018,2546.5000000000005,3.9751185745831026,2546.46,2.8700213596629514,2546.51,5.157194129561898,2546.45,4.195984876644479,2546.5200000000004,6.059796226043217,2546.44,2.743243125295344,2546.53,7.7243541648285,2546.43,6.99540493203874,2546.5400000000004,2.045891731225583,2546.42,6.144063225645361,2546.55,3.913009029359593,2546.41,5.924103842018839,2546.5600000000004,9.325198458545087,2546.4,0.8416016920671933,2546.57,5.785948778805545,2546.39,3.1485635586673486,2546.5800000000004,3.3995523383736774
1710000015.749985,100314,ETHUSDT,2546.48,5.580910981445923,2546.4900000000002,5.847743821717164,2546.47,6.504694507290804,2546.5000000000005,7.2283458737595,2546.46,10.606291352631203,2546.51,5.691297645607504,2546.45,4.078319405044153,2546.5200000000004,3.808335795688746,2546.44,2.5684684293023716,2546.53,5.02657382015568,2546.43,1.9285920244761094,2546.5400000000004,12.123684802496202,2546.42,5.144419690202691,2546.55,7.57434541735365,2546.41,5.153261161950092,2546.5600000000004,11.04520410673463,2546.4,1.4207929801944643,2546.57,2.5982313028263944,2546.39,8.576763656981072,2546.5800000000004,1.2092563100975824
1710000015.799985,100315,ETHUSDT,2546.48,9.931155916991932,2546.5,7.800203120661896,2546.47,8.269180916725539,2546.51,4.0980836531188665,2546.46,11.44274711961719,2546.52,3.721570542493887,2546.45,4.448156246086187,2546.53,9.476270366080495,2546.44,6.225437200129844,2546.54,4.638619187575406,2546.43,4.734473098547625,2546.55,4.056563305487897,2546.42,20.716478486404046,2546.56,6.799567356097628,2546.41,20.479479930952497,2546.57,2.8821713751888822,2546.4,2.790569887529734,2546.58,3.873897642035972,2546.39,2.6824164484961392,2546.59,4.942998719496926
1710000015.849985,100316,ETHUSDT,2546.48,4.353160753745712,2546.4900000000002,7.231284884995285,2546.47,10.387006611435915,2546.5000000000005,6.151654798114727,2546.46,7.523456104063733,2546.51,8.485303929729982,2546.45,3.8979358447455406,2546.5200000000004,5.2798412169663065,2546.44,2.11907954675087,2546.53,10.082635489606336,2546.43,5.505153814437238,2546.5400000000004,5.8676617298678355,2546.42,2.808995006040412,2546.55,6.184594644878546,2546.41,2.741286928383154,2546.5600000000004,4.763681343594835,2546.4,2.8022847508412725,2546.57,2.2413608151847613,2546.39,0.6067824141171239,2546.5800000000004,5.219281766169876
1710000015.8999848,100317,ETHUSDT,2546.48,10.316989374264613,2546.4900000000002,6.245172122476885,2546.47,3.4857959302715935,2546.5000000000005,3.776180868752877,2546.46,23.571564846959834,2546.51,2.929823846570834,2546.45,11.532301164266345,2546.5200000000004,5.820787527280517,2546.44,18.814507758262568,2546.53,4.911226183981127,2546.43,2.9718555792148362,2546.5400000000004,4.448471798448237,2546.42,1.4187369345194754,2546.55,3.7677339707998763,2546.41,2.683743571819891,2546.5600000000004,5.54418538754256,2546.4,5.025931991150005,2546.57,1.4403404037714567,2546.39,1.0813376409496713,2546.5800000000004,0.59751794451484
1710000015.9499848,100318,ETHUSDT,2546.4700000000003,7.190296473115239,2546.4800000000005,5.853414852661725,2546.46,5.522033120443529,2546.4900000000007,3.4035552061890573,2546.4500000000003,4.760330641721753,2546.5000000000005,10.3845440217665,2546.44,3.9326208666991707,2546.5100000000007,8.948484514232948,2546.4300000000003,3.7683432815462767,2546.5200000000004,15.832360204293458,2546.42,4.66852273272091,2546.5300000000007,15.688952138367775,2546.4100000000003,2.189948052308835,2546.5400000000004,2.3906950146143537,2546.4,8.810292572083128,2546.5500000000006,3.3895987846173545,2546.3900000000003,3.110805016347397,2546.5600000000004,3.412491310272905,2546.38,1.5173296010115214,2546.5700000000006,1.5503818608884026
1710000015.9999847,100319,ETHUSDT,2546.4700000000003,3.841172736469683,2546.4800000000005,8.157898775159797,2546.46,9.518473762321154,2546.4900000000007,9.431047306988628,2546.4500000000003,7.079195124158623,2546.5000000000005,2.9958247584185504,2546.44,2.735156279156748,2546.5100000000007,3.2545395234545222,2546.4300000000003,3.168821993953019,2546.5200000000004,11.700656656156553,2546.42,4.376895437089638,2546.5300000000007,3.598633146661362,2546.4100000000003,2.3589170553438734,2546.5400000000004,2.3963780709226907,2546.4,13.146489710327664,2546.5500000000006,2.507477269144015,2546.3900000000003,3.7836592936621387,2546.5600000000004,1.3828694255934382,2546.38,10.901705886518862,2546.5700000000006,2.8463845983684783
1710000016.0499847,100320,ETHUSDT,2546.4700000000003,3.709282243316439,2546.4800000000005,4.083507894551404,2546.46,5.9781280119780655,2546.4900000000007,3.27105933712201,2546.4500000000003,3.629988578981392,2546.5000000000005,3.090468603190173,2546.44,5.2552312249133255,2546.5100000000007,3.4964275610783417,2546.4300000000003,3.185900262802485,2546.5200000000004,4.008689877383776,2546.42,1.676858476645746,2546.5300000000007,5.137565221678189,2546.4100000000003,6.7014539323542515,2546.5400000000004,9.93030047571262,2546.4,15.082716526042322,2546.5500000000006,1.0302868488456371,2546.3900000000003,10.644604012729706,2546.5600000000004,0.6708949000397428,2546.38,12.304008510949107,2546.5700000000006,0.4030819334276289
1710000016.0999846,100321,ETHUSDT,2546.4700000000003,3.8378578441381883,2546.4800000000005,3.962172987721573,2546.46,8.132762542063507,2546.4900000000007,4.316097675070177,2546.4500000000003,10.09554562494092,2546.5000000000005,8.668462026855835,2546.44,13.956708997973747,2546.5100000000007,11.248095097198611,2546.4300000000003,6.400682174789033,2546.5200000000004,5.31524970496601,2546.42,5.890411570279911,2546.5300000000007,6.769658663090864,2546.4100000000003,2.5735622909459908,2546.5400000000004,1.3723953139449643,2546.4,2.1224466444447603,2546.5500000000006,2.3032047765400976,2546.3900000000003,2.9199880058110472,2546.5600000000004,8.949449999434632,2546.38,2.52347742996665,2546.5700000000006,3.7163317827983624
1710000016.1499846,100322,ETHUSDT,2546.46,3.7336122121999957,2546.4700000000003,8.38932327833777,2546.45,3.503105760433016,2546.4800000000005,8.075230516283245,2546.44,3.300088015592058,2546.4900000000002,9.1723532701851,2546.43,2.8593175647815707,2546.5000000000005,9.884520316210814,2546.42,2.0795342506923524,2546.51,2.2640441315410627,2546.41,2.116393668170927,2546.5200000000004,9.907066729682754,2546.4,1.3784139674995097,2546.53,1.7209235236675267,2546.39,0.8536028508003131,2546.5400000000004,5.765552879569736,2546.38,1.563250042290325,2546.55,0.46250407868987947,2546.37,2.7982151801124147,2546.5600000000004,6.3604541067392715
1710000016.1999846,100323,ETHUSDT,2546.46,4.732962660744027,2546.4700000000003,3.8179736028844085,2546.45,13.44845721938346,2546.4800000000005,10.410112870922909,2546.44,6.988827501474198,2546.4900000000002,16.42193854561813,2546.43,6.234593417782856,2546.5000000000005,10.967882498374056,2546.42,3.3974260628107755,2546.51,3.435322630092461,2546.41,1.73814383138373,2546.5200000000004,6.023682353513864,2546.4,6.862216971842203,2546.53,3.0564562216111337,2546.39,1.0495947531876326,2546.5400000000004,1.526348268614698,2546.38,5.624634263890016,2546.55,5.6429988493615015,2546.37,1.050564308535479,2546.5600000000004,16.66168358331467
1710000016.2499845,100324,ETHUSDT,2546.46,10.909031097808626,2546.48,10.327797803549416,2546.45,7.633902483578005,2546.4900000000002,4.847584848493357,2546.44,4.223854475516665,2546.5,4.5231195832726865,2546.43,4.393166994484481,2546.51,7.463086846932651,2546.42,4.222305017535473,2546.52,4.467901310501007,2546.41,3.734603806378144,2546.53,2.4958436398270387,2546.4,8.328142743786138,2546.54,1.3145801398431436,2546.39,2.4352992462290595,2546.55,1.3051898510919684,2546.38,6.422152813845615,2546.56,1.4632165402320187,2546.37,1.185494740711587,2546.57,2.2395298125016376
1710000016.2999845,100325,ETHUSDT,2546.4700000000003,6.350689105054908,2546.4800000000005,7.042475564187605,2546.46,3.754205386770747,2546.4900000000007,3.208224572406565,2546.4500000000003,5.332095778154455,2546.5000000000005,6.333542822543889,2546.44,7.450000406545834,2546.5100000000007,2.5427105493024555,2546.4300000000003,6.156387406360675,2546.5200000000004,4.763198440517675,2546.42,10.295009073414667,2546.5300000000007,5.09077676773884,2546.4100000000003,6.047004721595048,2546.5400000000004,3.1684071877841946,2546.4,13.078112652428626,2546.5500000000006,1.2467637600736108,2546.3900000000003,9.016232580418388,2546.5600000000004,1.4303035546560574,2546.38,0.292737953570379,2546.5700000000006,3.1060026352153507
1710000016.3499844,100326,ETHUSDT,2546.46,6.530110193114284,2546.4700000000003,8.071829872849902,2546.45,5.160879006815672,2546.4800000000005,6.153623128420291,2546.44,7.7521096779057395,2546.4900000000002,6.397015317314507,2546.43,2.8267206928011754,2546.5000000000005,5.626245255895723,2546.42,3.8390736427082057,2546.51,3.7330744882076434,2546.41,5.199151751299139,2546.5200000000004,3.2324698580099342,2546.4,1.9703439405373695,2546.53,1.3845210319716372,2546.39,4.400139077105605,2546.5400000000004,15.406126279100583,2546.38,9.42734215576294,2546.55,1.4178439212083398,2546.37,4.075891266301892,2546.5600000000004,1.0266062538256675
1710000016.3999844,100327,ETHUSDT,2546.46,5.482950762318276,2546.48,4.758084034577788,2546.45,3.516423907846982,2546.4900000000002,11.026590633872033,2546.44,3.6438427499660815,2546.5,7.69166290139291,2546.43,3.197241061699506,2546.51,2.650099490351445,2546.42,4.603124973930205,2546.52,6.5933791024638335,2546.41,4.862061780005613,2546.53,1.7917503824456351,2546.4,6.393908545790161,2546.54,1.9250171581555717,2546.39,13.331081789874062,2546.55,1.8166584578458402,2546.38,4.154143089925956,2546.56,10.866206323379481,2546.37,1.1539114665816952,2546.57,1.4657128647301059
1710000016.4499843,100328,ETHUSDT,2546.4700000000003,9.670462365070986,2546.4800000000005,6.115125916169846,2546.46,14.313125936609222,2546.4900000000007,6.84072750197929,2546.4500000000003,3.3767589790541463,2546.5000000000005,5.991280253231684,2546.44,6.18013944138296,2546.5100000000007,3.0742621207214116,2546.4300000000003,4.882739135038167,2546.5200000000004,2.6982024383228302,2546.42,15.954425364519249,2546.5300000000007,7.235761679024376,2546.4100000000003,14.156015069890927,2546.5400000000004,4.812690737190227,2546.4,3.5174958782772583,2546.5500000000006,3.99902816182162,2546.3900000000003,3.8815367022571294,2546.5600000000004,1.0235796810062405,2546.38,6.468831783944322,2546.5700000000006,0.8057147781756324
1710000016.4999843,100329,ETHUSDT,2546.4700000000003,4.829774252650817,2546.4800000000005,9.850009465042314,2546.46,4.42718745095516,2546.4900000000007,7.6345216665455204,2546.4500000000003,5.716183850467376,2546.5000000000005,3.1487136026879177,2546.44,2.9221535511624976,2546.5100000000007,11.751069728415393,2546.4300000000003,3.7155573544968794,2546.5200000000004,10.451112048928772,2546.42,4.161372661578487,2546.5300000000007,4.13976694479814,2546.4100000000003,4.024890300828955,2546.5400000000004,3.7927098828745005,2546.4,4.30424918142198,2546.5500000000006,4.918870882487815,2546.3900000000003,5.890630117663306,2546.5600000000004,4.407891106606557,2546.38,3.4916288013544063,2546.5700000000006,6.101580198370242
1710000016.5499842,100330,ETHUSDT,2546.46,7.252717683433083,2546.4700000000003,15.482660812713934,2546.45,6.66474801087883,2546.4800000000005,5.538479398348645,2546.44,4.901617911652649,2546.4900000000002,4.435626769193782,2546.43,2.52512693247406,2546.5000000000005,4.276886415296851,2546.42,2.8443268400845705,2546.51,11.559236032886465,2546.41,6.534970359790757,2546.5200000000004,13.245709396777544,2546.4,1.2909783368550019,2546.53,2.985106388738348,2546.39,4.764879031974701,2546.5400000000004,2.6316212839457576,2546.38,6.564587540280054,2546.55,3.5886563724765383,2546.37,1.8358809061169794,2546.5600000000004,9.618838514664809
1710000016.5999842,100331,ETHUSDT,2546.4700000000003,7.9677290583397,2546.4800000000005,3.6709468422697427,2546.46,17.21082000806269,2546.4900000000007,13.389927498722372,2546.4500000000003,4.451790800291689,2546.5000000000005,4.00022807908532,2546.44,9.654254651007909,2546.5100000000007,3.7454735783394257,2546.4300000000003,14.111466826078136,2546.5200000000004,10.379223304488226,2546.42,13.169760597757458,2546.5300000000007,8.621660701410999,2546.4100000000003,1.783586248673728,2546.5400000000004,1.645305958998831,2546.4,4.314810996652988,2546.5500000000006,2.0660604643080926,2546.3900000000003,5.494592500412871,2546.5600000000004,0.6990814457012582,2546.38,0.7937299414249175,2546.5700000000006,4.62444989039872
1710000016.6499841,100332,ETHUSDT,2546.4700000000003,3.672296813688004,2546.4800000000005,11.926650405727983,2546.46,7.299870419725947,2546.4900000000007,3.536508787215537,2546.4500000000003,3.6598850612698257,2546.5000000000005,10.026389052998727,2546.44,14.641321698020802,2546.5100000000007,3.8546092932779388,2546.4300000000003,4.343408162205325,2546.5200000000004,3.1604030907618355,2546.42,6.605257194924304,2546.5300000000007,12.123064952286866,2546.4100000000003,1.5491609405218725,2546.5400000000004,7.9053339883868805,2546.4,3.0210065324413113,2546.5500000000006,0.9775056202655061,2546.3900000000003,1.6517079259475898,2546.5600000000004,8.146358685507549,2546.38,2.979494677822762,2546.5700000000006,0.15444114032537878
1710000016.699984,100333,ETHUSDT,2546.4700000000003,6.932259738021218,2546.4800000000005,8.29678513886036,2546.46,7.45016683910789,2546.4900000000007,6.0374237626238845,2546.4500000000003,8.984300876414203,2546.5000000000005,15.859274897795496,2546.44,5.589911564022774,2546.5100000000007,3.6779473625465284,2546.4300000000003,6.920212684906174,2546.5200000000004,4.314933035840815,2546.42,8.357736574469625,2546.5300000000007,2.2181161663712032,2546.4100000000003,1.4177371458327865,2546.5400000000004,7.151234798207699,2546.4,3.752409427647015,2546.5500000000006,6.558254974970631,2546.3900000000003,0.5923238129440314,2546.5600000000004,2.903643013953757,2546.38,0.4893820994611195,2546.5700000000006,7.818702055526228
1710000016.749984,100334,ETHUSDT,2546.46,5.592314837428589,2546.48,14.459640797157903,2546.45,4.2845762872141115,2546.4900000000002,4.636293098834956,2546.44,5.964005047482118,2546.5,5.517421839899567,2546.43,3.1808715343392384,2546.51,12.596911411413545,2546.42,3.738559097151266,2546.52,13.70159523847479,2546.41,8.310815742598319,2546.53,5.413230064388333,2546.4,3.663733807464022,2546.54,21.15172601280451,2546.39,3.1726158577033123,2546.55,2.9881350467870336,2546.38,7.810028779579852,2546.56,15.557210617164989,2546.37,3.804896253354246,2546.57,0.2593311829269184
1710000016.799984,100335,ETHUSDT,2546.46,4.777810612442282,2546.4900000000002,4.410204009382281,2546.45,3.3240003465083703,2546.5000000000005,11.857572863830029,2546.44,2.8364779430551006,2546.51,5.643573686084473,2546.43,3.8461635330375743,2546.5200000000004,4.913010828094243,2546.42,3.7128525032527016,2546.53,4.803668343006854,2546.41,4.402247285044084,2546.5400000000004,21.37598728116624,2546.4,6.716642162774519,2546.55,1.4888650434919892,2546.39,1.466330060294785,2546.5600000000004,5.479187488563141,2546.38,6.074252792437956,2546.57,2.3773888421412774,2546.37,1.5883807825669622,2546.5800000000004,0.8015350335249969
1710000016.849984,100336,ETHUSDT,2546.46,11.642994264756235,2546.48,3.699255841616691,2546.45,14.77479396941444,2546.4900000000002,11.875598489386661,2546.44,9.387235553831035,2546.5,7.078905320295068,2546.43,2.677960375846993,2546.51,5.412738538768213,2546.42,6.308793057539051,2546.52,4.020825846544805,2546.41,18.915366946497215,2546.53,7.39570159088696,2546.4,2.7693556497329794,2546.54,2.118767691990004,2546.39,3.9241993195958313,2546.55,13.515494557621755,2546.38,3.908869087967917,2546.56,3.4524270134691104,2546.37,0.1337814808351121,2546.57,2.680286158218522
1710000016.899984,100337,ETHUSDT,2546.4700000000003,10.81683455122679,2546.4800000000005,7.150877398696663,2546.46,3.551456929774461,2546.4900000000007,6.959816088219943,2546.4500000000003,10.863897519689486,2546.5000000000005,3.3284746344637957,2546.44,8.50597109976562,2546.5100000000007,17.52331111746355,2546.4300000000003,17.553152539875626,2546.5200000000004,7.721567137015599,2546.42,11.096925121983956,2546.5300000000007,2.459693935929085,2546.4100000000003,5.663697897057299,2546.5400000000004,3.4263805739643476,2546.4,0.8560337724376853,2546.5500000000006,4.274375671146483,2546.3900000000003,0.7167822998322444,2546.5600000000004,1.2888909017175325,2546.38,0.23537569405633152,2546.5700000000006,9.60530666524828
1710000016.9499838,100338,ETHUSDT,2546.48,3.669432958244912,2546.4900000000002,6.400658421662502,2546.47,10.964282946133338,2546.5000000000005,7.77921200900121,2546.46,3.068689061333882,2546.51,5.311661570150267,2546.45,4.058239505765071,2546.5200000000004,4.839938762015216,2546.44,7.326468274963116,2546.53,9.03545189144198,2546.43,6.9408175722491325,2546.5400000000004,4.7421421464360645,2546.42,3.500408079155789,2546.55,3.150780649613961,2546.41,2.539988260080284,2546.5600000000004,6.227292202866713,2546.4,1.7990746073726611,2546.57,2.3947889031101774,2546.39,3.3671549540848242,2546.5800000000004,3.785219292449313
1710000016.9999838,100339,ETHUSDT,2546.4900000000002,14.097402148233122,2546.51,5.588939423880542,2546.48,7.997447412823014,2546.5200000000004,4.573968613183142,2546.4700000000003,5.097499147013318,2546.53,6.166276604408653,2546.46,2.6062484380349327,2546.5400000000004,4.904277645379133,2546.4500000000003,2.8827443551900536,2546.55,2.2985924397870106,2546.44,6.791655765697437,2546.5600000000004,1.9574280966574185,2546.4300000000003,19.264908315323385,2546.57,8.482630448652278,2546.42,16.07548407487516,2546.5800000000004,1.9135154812573236,2546.4100000000003,6.218481414000665,2546.59,5.122736484835111,2546.4,1.8439743995420492,2546.6000000000004,4.855041767026448
1710000017.0499837,100340,ETHUSDT,2546.4900000000002,5.357957511821192,2546.51,11.318383781971578,2546.48,18.9896637238324,2546.5200000000004,5.367817469736087,2546.4700000000003,11.309966369287237,2546.53,5.984043833469707,2546.46,4.91250266835646,2546.5400000000004,6.090508693258746,2546.4500000000003,4.127972058794389,2546.55,5.927959736408013,2546.44,2.0808959417126025,2546.5600000000004,2.2792144392000746,2546.4300000000003,6.037139485418967,2546.57,5.041151801451209,2546.42,1.4723395962497157,2546.5800000000004,1.0157084582806895,2546.4100000000003,4.165748486912096,2546.59,1.0760868778257708,2546.4,2.5069614308916024,2546.6000000000004,1.0388931599076376
1710000017.0999837,100341,ETHUSDT,2546.5,4.274070525003463,2546.51,6.964958557272454,2546.49,9.417913561166294,2546.5200000000004,5.656803098342289,2546.48,6.3590719713852675,2546.53,10.975836483719295,2546.47,3.961759162110762,2546.5400000000004,6.4104118317204115,2546.46,17.596902533722908,2546.55,3.0629253488059933,2546.45,3.458805204919188,2546.5600000000004,3.361117001655691,2546.44,1.4714197315243833,2546.57,4.989836297106384,2546.43,4.3093340935491895,2546.5800000000004,2.445481542707671,2546.42,2.8811047642610736,2546.59,11.073251791613572,2546.41,3.3734920500416723,2546.6000000000004,4.987349663244995
1710000017.1499836,100342,ETHUSDT,2546.5,20.855673968552466,2546.51,8.409467242568308,2546.49,15.221480050006171,2546.5200000000004,6.753902362055321,2546.48,4.09381775286395,2546.53,4.1741549406050344,2546.47,2.8784084862111405,2546.5400000000004,3.171216216099962,2546.46,2.790980906768884,2546.55,5.924826711852951,2546.45,19.87013672829314,2546.5600000000004,6.247209716050781,2546.44,13.269729816548434,2546.57,2.6674053578436863,2546.43,6.279932766475929,2546.5800000000004,4.39802780763791,2546.42,17.630560683208014,2546.59,2.8173006105510536,2546.41,0.5754145557023539,2546.6000000000004,1.428725469284795
1710000017.1999836,100343,ETHUSDT,2546.5,7.584127594850981,2546.51,15.523227116620369,2546.49,5.4074538005975485,2546.5200000000004,8.8083981336225,2546.48,2.8395300512744046,2546.53,9.516674994117103,2546.47,3.5036152139859524,2546.5400000000004,12.028250157179798,2546.46,11.06712490046974,2546.55,2.2110460640891634,2546.45,2.4356723495420116,2546.5600000000004,3.135473798570642,2546.44,2.8992558943336615,2546.57,5.147628942615947,2546.43,3.6111476083602962,2546.5800000000004,5.171908472423563,2546.42,0.8073498457767706,2546.59,0.5891560647222585,2546.41,2.8620955807896062,2546.6000000000004,1.7820844469933688
1710000017.2499835,100344,ETHUSDT,2546.5,6.586273091408161,2546.51,4.965783194424552,2546.49,5.281969819268966,2546.5200000000004,4.182400799481969,2546.48,19.07970075202689,2546.53,9.023622472963407,2546.47,3.4463637182999394,2546.5400000000004,3.068011586857163,2546.46,3.9230073170960518,2546.55,3.4486402726266023,2546.45,16.430824646269862,2546.5600000000004,2.449731859751595,2546.44,1.8226320124348503,2546.57,4.781764355672587,2546.43,3.4237534359646578,2546.5800000000004,5.936894838626555,2546.42,17.430099952286817,2546.59,9.355652306765775,2546.41,24.069515387484834,2546.6000000000004,4.221521855871762
1710000017.2999835,100345,ETHUSDT,2546.51,3.6343306681358274,2546.5200000000004,3.794383861226555,2546.5,5.803206328374969,2546.5300000000007,4.414311872345975,2546.4900000000002,6.9966557130116875,2546.5400000000004,14.37949428044073,2546.48,3.069815488545091,2546.5500000000006,4.0137594110788015,2546.4700000000003,8.410143665349278,2546.5600000000004,9.831696380317121,2546.46,5.367259790394327,2546.5700000000006,6.299140580258667,2546.4500000000003,14.8954225508711,2546.5800000000004,3.4850398313752193,2546.44,4.8729795817388215,2546.5900000000006,0.9186317513462912,2546.4300000000003,2.933476275631912,2546.6000000000004,3.743223736301238,2546.42,13.088960432363336,2546.6100000000006,0.6391604115843312
1710000017.3499835,100346,ETHUSDT,2546.51,5.5878368514848304,2546.5200000000004,4.097548736238156,2546.5,4.700331313413211,2546.5300000000007,4.292088677831788,2546.4900000000002,9.277951652365292,2546.5400000000004,6.321828010238685,2546.48,2.913533908092814,2546.5500000000006,6.2804417122316485,2546.4700000000003,6.6948664039376276,2546.5600000000004,9.226961049662274,2546.46,2.397370831002141,2546.5700000000006,2.2575714905505038,2546.4500000000003,4.197673477134961,2546.5800000000004,7.369385257163343,2546.44,1.9361871157069963,2546.5900000000006,4.534568352850176,2546.4300000000003,4.322551662657367,2546.6000000000004,6.469654570318835,2546.42,7.224500842475527,2546.6100000000006,5.121054227452863
1710000017.3999834,100347,ETHUSDT,2546.51,4.15502262151082,2546.5200000000004,9.754902841086427,2546.5,4.043957805441829,2546.5300000000007,4.228427035757874,2546.4900000000002,3.970098587370183,2546.5400000000004,21.800864490607623,2546.48,11.366662363311542,2546.5500000000006,4.197091348916964,2546.4700000000003,8.999965967454628,2546.5600000000004,13.240994682539487,2546.46,6.807318894786057,2546.5700000000006,1.699265378463426,2546.4500000000003,4.108933835047361,2546.5800000000004,7.596245869501237,2546.44,8.005162268436344,2546.5900000000006,3.098179745794263,2546.4300000000003,0.5286993548626531,2546.6000000000004,5.162124410790511,2546.42,15.289539306035941,2546.6100000000006,0.4295937299671137
1710000017.4499834,100348,ETHUSDT,2546.53,6.3980634595450665,2546.5400000000004,4.056947365406471,2546.52,4.912360811728533,2546.5500000000006,9.240231830119681,2546.51,8.842766380755233,2546.5600000000004,5.16178290580381,2546.5,4.096049811282143,2546.5700000000006,21.033390437986505,2546.4900000000002,12.680021694831618,2546.5800000000004,2.324212359499966,2546.48,1.657519201802297,2546.5900000000006,5.1998609317928235,2546.4700000000003,2.888902008993427,2546.6000000000004,3.3257236458421735,2546.46,2.1085258208102164,2546.6100000000006,4.823705213208497,2546.4500000000003,0.47345212070602394,2546.6200000000003,7.578817828836335,2546.44,8.32483642530297,2546.6300000000006,2.0176130872476725
1710000017.4999833,100349,ETHUSDT,2546.53,6.19978512617477,2546.55,17.63233220353378,2546.52,3.835549489195067,2546.5600000000004,5.461139013474481,2546.51,5.8982244706121625,2546.57,2.870471272813669,2546.5,4.142457830186137,2546.5800000000004,5.702738146468787,2546.4900000000002,5.868234473702168,2546.59,7.6073034968525794,2546.48,6.179694658827975,2546.6000000000004,3.5800532109738255,2546.4700000000003,1.9710087646706684,2546.61,3.8073078249734325,2546.46,4.8754525802103466,2546.6200000000003,1.6204629280167993,2546.4500000000003,11.180897928650053,2546.63,5.9264666777080635,2546.44,1.4901612801401607,2546.6400000000003,1.3188886777558353
1710000017.5499833,100350,ETHUSDT,2546.54,11.470323767577225,2546.55,4.834287496640979,2546.5299999999997,6.6765575413203635,2546.5600000000004,3.567472288044041,2546.52,8.853270788968675,2546.57,2.9622243497887486,2546.5099999999998,8.110558430621014,2546.5800000000004,4.261702115523738,2546.5,7.108880515786844,2546.59,6.832536371066404,2546.49,13.951857872238122,2546.6000000000004,5.856953815496777,2546.48,4.799614347278747,2546.61,1.2400674428719318,2546.47,2.7239752764594245,2546.6200000000003,12.400668505474833,2546.46,5.151093272002123,2546.63,0.8526829717294083,2546.45,9.793087156659373,2546.6400000000003,1.6072721872295928
1710000017.5999832,100351,ETHUSDT,2546.53,5.132891076536892,2546.5400000000004,24.468459315056684,2546.52,11.636825659368661,2546.5500000000006,3.451076083510663,2546.51,4.947974681519774,2546.5600000000004,3.0181743087100488,2546.5,4.11318738435555,2546.5700000000006,5.47596083921364,2546.4900000000002,11.694578564896789,2546.5800000000004,10.671037530115884,2546.48,10.27436283117107,2546.5900000000006,3.789178388238244,2546.4700000000003,1.3821127817030705,2546.6000000000004,3.8258573691818256,2546.46,5.57073028077492,2546.6100000000006,6.8786833162838565,2546.4500000000003,2.429085310247988,2546.6200000000003,2.5838345062365238,2546.44,9.363548101876432,2546.6300000000006,2.019664725293224
1710000017.6499832,100352,ETHUSDT,2546.53,20.03095073069553,2546.5400000000004,18.150228724595863,2546.52,4.262905622839066,2546.5500000000006,3.4781229860058485,2546.51,3.444747384973084,2546.5600000000004,3.8582124540140206,2546.5,6.004085414723056,2546.5700000000006,3.0534114736258324,2546.4900000000002,4.911022552812995,2546.5800000000004,10.128132224721146,2546.48,2.281383659524985,2546.5900000000006,2.4142292067609423,2546.4700000000003,1.2717895663359813,2546.6000000000004,8.170521378215144,2546.46,1.9580350023775799,2546.6100000000006,1.3568444935143045,2546.4500000000003,8.891732791117189,2546.6200000000003,3.2432645992270857,2546.44,3.2709547904617016,2546.6300000000006,0.1
1710000017.6999831,100353,ETHUSDT,2546.53,6.415527093711567,2546.5400000000004,5.90660497142016,2546.52,8.81263759846388,2546.5500000000006,12.967821040313765,2546.51,7.239443180618082,2546.5600000000004,3.4727821912714583,2546.5,4.173879334366198,2546.5700000000006,4.493208332912263,2546.4900000000002,2.9556631648112397,2546.5800000000004,2.3547272416612124,2546.48,3.7323572200697672,2546.5900000000006,1.8974208695874313,2546.4700000000003,7.683696039107083,2546.6000000000004,3.6467653620594946,2546.46,2.285918398938264,2546.6100000000006,7.015776274386845,2546.4500000000003,1.3941359675513287,2546.6200000000003,6.337857860988523,2546.44,18.81054465191901,2546.6300000000006,0.27282391939511125
1710000017.749983,100354,ETHUSDT,2546.53,7.560327493847781,2546.5400000000004,4.76020479712823,2546.52,12.991154101984275,2546.5500000000006,4.192648970518245,2546.51,3.205025690048334,2546.5600000000004,3.5529842750114287,2546.5,9.027842289180782,2546.5700000000006,7.762897388124603,2546.4900000000002,3.8374564125298374,2546.5800000000004,3.5522209847564725,2546.48,4.301382369447226,2546.5900000000006,5.267508454284224,2546.4700000000003,2.6513650232293373,2546.6000000000004,8.835626980659196,2546.46,1.6685327034904587,2546.6100000000006,1.3583184105925399,2546.4500000000003,9.04127657735521,2546.6200000000003,10.48829861062365,2546.44,0.847530025742672,2546.6300000000006,9.479787527542655
1710000017.799983,100355,ETHUSDT,2546.54,15.130559735206734,2546.55,6.662503653414877,2546.5299999999997,6.0028102970199715,2546.5600000000004,4.200932465014843,2546.52,4.104457032235159,2546.57,4.822757276944028,2546.5099999999998,3.062544741585178,2546.5800000000004,11.544633234697622,2546.5,9.621444699006538,2546.59,4.158046447117396,2546.49,2.8503146776134844,2546.6000000000004,1.610237232766181,2546.48,6.0804621205406795,2546.61,7.769283636632861,2546.47,4.385564407499282,2546.6200000000003,1.1926744128758942,2546.46,1.9843557050077418,2546.63,1.2634734310590028,2546.45,2.2792027876890364,2546.6400000000003,3.8081009234207555
1710000017.849983,100356,ETHUSDT,2546.53,4.459201142010673,2546.5400000000004,9.823404472215124,2546.52,3.7495768949864487,2546.5500000000006,6.783672895008747,2546.51,2.832267228363117,2546.5600000000004,7.0352684195834865,2546.5,3.096544911214728,2546.5700000000006,7.9082552934109005,2546.4900000000002,2.7945157535052356,2546.5800000000004,4.409714393036391,2546.48,3.0298489481683335,2546.5900000000006,3.6848182485207603,2546.4700000000003,11.7803608843472,2546.6000000000004,5.25877771383036,2546.46,2.5872445873347294,2546.6100000000006,7.33989899510487,2546.4500000000003,2.040253264782611,2546.6200000000003,0.7790765069522564,2546.44,0.2905357070386833,2546.6300000000006,3.8552799768311865
1710000017.899983,100357,ETHUSDT,2546.53,4.015887367818188,2546.55,8.72609172186005,2546.52,3.320796995343102,2546.5600000000004,10.453270813681833,2546.51,4.018198490957625,2546.57,6.5986390206877275,2546.5,2.4243076972408297,2546.5800000000004,3.689252481715757,2546.4900000000002,3.4712616490558945,2546.59,3.6662975791665513,2546.48,10.947893946888698,2546.6000000000004,8.658159608056344,2546.4700000000003,6.411875049139804,2546.61,3.1299099775395445,2546.46,5.740287626463328,2546.6200000000003,13.782282621507584,2546.4500000000003,0.6329984395773146,2546.63,6.3427599771060414,2546.44,0.4069283826122107,2546.6400000000003,31.195292745343487
1710000017.949983,100358,ETHUSDT,2546.54,16.858661944943787,2546.55,5.256583677723528,2546.5299999999997,4.34343488852825,2546.5600000000004,9.780716342610376,2546.52,3.5287811247308545,2546.57,9.239763935195594,2546.5099999999998,13.682233079230633,2546.5800000000004,8.931505878415376,2546.5,4.317413225403811,2546.59,6.36964103942759,2546.49,13.038221166904828,2546.6000000000004,2.9915133845535915,2546.48,3.251840961722297,2546.61,11.301597548409408,2546.47,7.771708169180873,2546.6200000000003,1.1315846865124812,2546.46,1.3636766176780966,2546.63,2.480553227693911,2546.45,2.6298909863214055,2546.6400000000003,5.083111681442881
1710000017.9999828,100359,ETHUSDT,2546.53,7.795098564859238,2546.5400000000004,10.432957560136753,2546.52,11.287068694197451,2546.5500000000006,5.350880120108283,2546.51,3.130473534869693,2546.5600000000004,11.03005278127873,2546.5,3.806767323708307,2546.5700000000006,2.489527416706575,2546.4900000000002,2.72743525268186,2546.5800000000004,6.363390333459558,2546.48,13.324787780846812,2546.5900000000006,8.04140395496728,2546.4700000000003,4.323463800728937,2546.6000000000004,11.173804473324886,2546.46,2.4689598130030603,2546.6100000000006,1.057223122571115,2546.4500000000003,17.637529451228726,2546.6200000000003,0.9150622441774352,2546.44,7.395692433275959,2546.6300000000006,0.1483548928397476
1710000018.0499828,100360,ETHUSDT,2546.52,4.927622682517158,2546.53,8.348448522714065,2546.5099999999998,3.7778752297507894,2546.5400000000004,12.600940154677623,2546.5,7.694589848923432,2546.55,3.0037325258437897,2546.49,3.4035633599451094,2546.5600000000004,4.8455420533591695,2546.48,3.685260591535363,2546.57,4.394681129621895,2546.47,5.531307937228153,2546.5800000000004,1.6600693382378324,2546.46,4.687408556295116,2546.59,5.995698182409285,2546.45,11.027998822671073,2546.6000000000004,4.320179583317544,2546.44,1.717093144506301,2546.61,2.3350817290304824,2546.43,5.418331614987683,2546.6200000000003,6.916542619980757
1710000018.0999827,100361,ETHUSDT,2546.52,7.643011825541995,2546.53,8.159188885310513,2546.5099999999998,9.875511346425565,2546.5400000000004,5.110892872910288,2546.5,11.683370400997957,2546.55,11.225972699424602,2546.49,3.430300497121012,2546.5600000000004,2.9308456730407624,2546.48,11.86134336627736,2546.57,4.441419480959776,2546.47,1.8356743937025055,2546.5800000000004,3.693454051897432,2546.46,20.776243166092552,2546.59,2.794670036679726,2546.45,1.3495417941138157,2546.6000000000004,2.470883619151911,2546.44,3.9104463112720462,2546.61,1.136447476090296,2546.43,0.8051131556152127,2546.6200000000003,3.1211958297141287
1710000018.1499827,100362,ETHUSDT,2546.5,23.134692407031327,2546.51,5.704430834369253,2546.49,4.087201395909329,2546.5200000000004,6.870431117454482,2546.48,13.41142774088453,2546.53,5.518876785423453,2546.47,5.625220527015125,2546.5400000000004,8.01682478631863,2546.46,9.907178024749001,2546.55,25.324821776048,2546.45,14.0125862263493,2546.5600000000004,4.614547576334944,2546.44,3.697461034747716,2546.57,2.726061288639647,2546.43,5.150653923861792,2546.5800000000004,1.462828830936831,2546.42,10.166323324640462,2546.59,2.4003151362850996,2546.41,0.9304368723432583,2546.6000000000004,12.613061144725803
1710000018.1999826,100363,ETHUSDT,2546.4900000000002,7.117236792498095,2546.51,3.869912330014912,2546.48,7.001262742276861,2546.5200000000004,11.266281675060874,2546.4700000000003,3.6024421688001107,2546.53,3.657993948378665,2546.46,7.597019892284722,2546.5400000000004,2.5209432072761957,2546.4500000000003,3.287204033282815,2546.55,2.1536227981080227,2546.44,10.260881689824002,2546.5600000000004,2.7480376427709627,2546.4300000000003,2.1690819643589245,2546.57,2.4354637407340793,2546.42,8.240743856002208,2546.5800000000004,2.4826670561747033,2546.4100000000003,2.56023114761952,2546.59,2.970160151132629,2546.4,2.9967072515027366,2546.6000000000004,1.3940749044012128
1710000018.2499826,100364,ETHUSDT,2546.5,5.232866897704344,2546.52,12.604537955157705,2546.49,4.681626766694803,2546.53,8.88296408982288,2546.48,5.216048543745621,2546.54,3.7489802534158896,2546.47,37.06921753190303,2546.55,7.706096895785514,2546.46,4.694001043663732,2546.56,3.4750865188540496,2546.45,7.20857203401591,2546.57,3.0173996751707453,2546.44,15.270654338057557,2546.58,1.6458088004378348,2546.43,3.651792062079253,2546.59,2.1882666104653423,2546.42,14.875085558035671,2546.6,2.4073246406090885,2546.41,5.697127770585467,2546.61,6.275852137416563
1710000018.2999825,100365,ETHUSDT,2546.4900000000002,5.71893337210823,2546.5000000000005,5.956011417719228,2546.48,6.541934801798909,2546.5100000000007,5.419280410481662,2546.4700000000003,5.0030908074004685,2546.5200000000004,9.928595402867273,2546.46,5.85523203946363,2546.5300000000007,4.1927687303924905,2546.4500000000003,6.249064553795153,2546.5400000000004,2.7956895837867544,2546.44,5.3852922033631545,2546.5500000000006,3.6859007744040073,2546.4300000000003,6.802192020201465,2546.5600000000004,4.198584235889143,2546.42,1.3235410063491326,2546.5700000000006,3.0826288183011084,2546.4100000000003,5.938204690982079,2546.5800000000004,7.608734072027107,2546.4,1.7479851354809857,2546.5900000000006,5.411381869988592
1710000018.3499825,100366,ETHUSDT,2546.4900000000002,6.295546664939788,2546.5000000000005,6.004565073907447,2546.48,6.223229551138516,2546.5100000000007,3.9026374289080055,2546.4700000000003,10.610954645981977,2546.5200000000004,9.210338469390246,2546.46,2.913143168696047,2546.5300000000007,3.4614575309140565,2546.4500000000003,2.1559872136368123,2546.5400000000004,2.3118620805404935,2546.44,10.788206344320349,2546.5500000000006,1.9190946476176733,2546.4300000000003,4.4395643295049005,2546.5600000000004,11.975115287062923,2546.42,4.9414896497559395,2546.5700000000006,1.6908446040455338,2546.4100000000003,1.5103976610353058,2546.5800000000004,0.7651020392403347,2546.4,1.647108887270514,2546.5900000000006,1.9344674505902937
1710000018.3999825,100367,ETHUSDT,2546.5,4.014459555117857,2546.51,5.079388509687774,2546.49,5.164258898385322,2546.5200000000004,8.76404671908807,2546.48,5.090330529576308,2546.53,3.3712245490320054,2546.47,4.156337034253802,2546.5400000000004,6.543779711144522,2546.46,6.72688806808548,2546.55,7.788191917392058,2546.45,3.0961380276244928,2546.5600000000004,8.560350333952373,2546.44,2.8636005727479876,2546.57,1.258244003981331,2546.43,1.7033913849414275,2546.5800000000004,2.6425216325267327,2546.42,1.2266056218664732,2546.59,5.573986140384498,2546.41,11.78171608182566,2546.6000000000004,0.21888643085609838
1710000018.4499824,100368,ETHUSDT,2546.5,4.341831734541634,2546.51,3.867914471257122,2546.49,4.101924293805162,2546.5200000000004,16.54219118421883,2546.48,7.068273644981504,2546.53,8.519543788290784,2546.47,8.835661543492343,2546.5400000000004,3.759090343144975,2546.46,8.282537100438589,2546.55,3.5253485583664013,2546.45,8.29980212662873,2546.5600000000004,7.226887381089242,2546.44,5.1724038721308965,2546.57,3.173135228944937,2546.43,7.786576570844672,2546.5800000000004,3.5614225565829756,2546.42,0.9523941895359551,2546.59,2.584191287745729,2546.41,5.035222826836418,2546.6000000000004,0.33662808459966825
1710000018.4999824,100369,ETHUSDT,2546.5,14.402850884035827,2546.51,5.188152671986973,2546.49,5.0072106913205126,2546.5200000000004,11.255809332109667,2546.48,4.808598888019921,2546.53,12.544405631488432,2546.47,6.609240831906794,2546.5400000000004,6.637784447082086,2546.46,17.695285360389654,2546.55,2.224523385761505,2546.45,5.3100899076632,2546.5600000000004,1.6100811793331158,2546.44,2.3195016867158516,2546.57,9.257510124183192,2546.43,12.248348925537599,2546.5800000000004,10.839306601001876,2546.42,8.348252668851694,2546.59,2.7137864617145824,2546.41,8.237209408916069,2546.6000000000004,1.3141046369916314
1710000018.5499823,100370,ETHUSDT,2546.51,4.869422999288471,2546.5200000000004,15.565590579331234,2546.5,8.465472549343485,2546.5300000000007,6.595927621135983,2546.4900000000002,3.181930748502221,2546.5400000000004,8.576915862863588,2546.48,2.9484895246130582,2546.5500000000006,3.8357853567203226,2546.4700000000003,8.804607375858273,2546.5600000000004,2.1771961918480134,2546.46,4.150297094164385,2546.5700000000006,2.1586103956878797,2546.4500000000003,6.773208898181535,2546.5800000000004,5.033299033101931,2546.44,2.768566896689833,2546.5900000000006,6.590748197803635,2546.4300000000003,8.604993413511345,2546.6000000000004,15.214223285478855,2546.42,1.4283965254188933,2546.6100000000006,1.84425806164556
1710000018.5999823,100371,ETHUSDT,2546.5,4.130918481557446,2546.51,5.989293972992113,2546.49,7.004228678389433,2546.5200000000004,13.304104237161432,2546.48,7.2639365399693805,2546.53,9.358564134918606,2546.47,3.5250921700918756,2546.5400000000004,5.505832229228635,2546.46,4.034480105487454,2546.55,3.3630397005745314,2546.45,4.092195600436621,2546.5600000000004,6.298586170358462,2546.44,10.654259999312515,2546.57,1.2341882892186011,2546.43,17.255248523001768,2546.5800000000004,2.4664398160070524,2546.42,5.330790037117288,2546.59,3.111864896807987,2546.41,4.318696728125674,2546.6000000000004,0.1532696736504137
1710000018.6499822,100372,ETHUSDT,2546.5,7.035707928663953,2546.51,10.775760513833971,2546.49,4.249797533128958,2546.5200000000004,4.193440895890971,2546.48,7.746851424707797,2546.53,2.909746046158999,2546.47,9.55439869164047,2546.5400000000004,3.425854899226982,2546.46,10.088171964888344,2546.55,2.6944402063739963,2546.45,9.317667980749487,2546.5600000000004,1.774375837190651,2546.44,6.094047876007207,2546.57,12.215073196918958,2546.43,9.885629943940089,2546.5800000000004,5.312857860875987,2546.42,0.839238470044299,2546.59,0.7457519189268922,2546.41,1.5302659488354726,2546.6000000000004,4.329200612841029
1710000018.6999822,100373,ETHUSDT,2546.51,4.057129865846372,2546.5200000000004,6.843334918644532,2546.5,3.6688168357052087,2546.5300000000007,7.818234664808705,2546.4900000000002,13.345899542552282,2546.5400000000004,3.183338400138208,2546.48,4.184654786519884,2546.5500000000006,19.25236365404011,2546.4700000000003,6.45128852610377,2546.5600000000004,7.554888820464611,2546.46,3.624137178654408,2546.5700000000006,1.6390644638323606,2546.4500000000003,1.7329797158735918,2546.5800000000004,11.856591555639866,2546.44,3.2698346540714764,2546.5900000000006,0.9318982454787401,2546.4300000000003,1.117625540319626,2546.6000000000004,5.529492729191619,2546.42,14.52920351290856,2546.6100000000006,2.066294984976494
1710000018.749982,100374,ETHUSDT,2546.52,10.849304536352996,2546.53,5.844898842009341,2546.5099999999998,7.152042102396155,2546.5400000000004,5.928050612377881,2546.5,5.08064567072909,2546.55,13.860993095437278,2546.49,2.4811295199290457,2546.5600000000004,3.361026176047084,2546.48,5.154592136370194,2546.57,2.3396374727920146,2546.47,5.172683693760991,2546.5800000000004,2.4300002623678045,2546.46,4.846891882476849,2546.59,3.7187749342901655,2546.45,0.830176663083566,2546.6000000000004,0.8510249095634232,2546.44,8.385984003917462,2546.61,4.890036544983577,2546.43,5.880151462636797,2546.6200000000003,1.5732769051715503
1710000018.799982,100375,ETHUSDT,2546.52,4.704283317106409,2546.53,5.335573007922479,2546.5099999999998,4.257232544461835,2546.5400000000004,10.329533074618475,2546.5,15.128861407901864,2546.55,6.416753674262679,2546.49,4.285854839826123,2546.5600000000004,4.015470211174488,2546.48,2.598233039790526,2546.57,4.790268627880865,2546.47,10.257381385879686,2546.5800000000004,2.654824232510295,2546.46,3.057524112497913,2546.59,7.842264923830519,2546.45,5.638581057807173,2546.6000000000004,3.893025950633449,2546.44,1.6455242442158098,2546.61,1.0529741638625785,2546.43,0.23304604953015576,2546.6200000000003,5.225895163529235
1710000018.849982,100376,ETHUSDT,2546.52,10.450711160369952,2546.53,4.343889551233374,2546.5099999999998,3.6267679964765462,2546.5400000000004,6.5597501038956185,2546.5,3.0430877650743064,2546.55,3.5959951450324947,2546.49,13.388332168927212,2546.5600000000004,2.9442953755098555,2546.48,5.268821896944314,2546.57,2.640649167548124,2546.47,5.151120660572371,2546.5800000000004,17.731658904108464,2546.46,2.5817559902943534,2546.59,1.8547194791370558,2546.45,1.1455405417410767,2546.6000000000004,1.8501449647121901,2546.44,2.455448641196965,2546.61,7.688422118288198,2546.43,8.968928558783672,2546.6200000000003,1.532472052650089
1710000018.899982,100377,ETHUSDT,2546.53,6.783770800658067,2546.5400000000004,5.06570960660671,2546.52,8.374488534009707,2546.5500000000006,6.7734266850031215,2546.51,17.04771222997747,2546.5600000000004,18.138033448872793,2546.5,7.647165681177157,2546.5700000000006,10.485666187112548,2546.4900000000002,2.8981474050755436,2546.5800000000004,15.451012014908182,2546.48,2.079957791721128,2546.5900000000006,1.8398358930107395,2546.4700000000003,4.496253704200744,2546.6000000000004,2.4119664612922787,2546.46,19.267278320106563,2546.6100000000006,1.1195057648669884,2546.4500000000003,10.394878833272426,2546.6200000000003,0.6864285898045173,2546.44,1.0456426102081577,2546.6300000000006,1.2728450451018227
1710000018.949982,100378,ETHUSDT,2546.54,6.683180163537635,2546.55,13.216660089295507,2546.5299999999997,7.870772575500101,2546.5600000000004,10.917143925878289,2546.52,9.18704220929515,2546.57,8.094487176488276,2546.5099999999998,6.447397879621648,2546.5800000000004,12.422657572014279,2546.5,6.835322669170792,2546.59,12.538328005220295,2546.49,1.686988273313077,2546.6000000000004,14.063713216773431,2546.48,3.4610241686804657,2546.61,2.2968696029667433,2546.47,4.172822796911565,2546.6200000000003,1.0329285986670935,2546.46,3.178349434132951,2546.63,0.5625325655320137,2546.45,1.3590284001875792,2546.6400000000003,0.1
1710000018.9999819,100379,ETHUSDT,2546.54,6.19382890555633,2546.55,4.6244033143220395,2546.5299999999997,7.597346245802237,2546.5600000000004,5.8497179570343985,2546.52,4.268828894903093,2546.57,3.212488590007331,2546.5099999999998,7.2214563762085495,2546.5800000000004,2.4946854745679463,2546.5,2.2590192998859955,2546.59,3.648185805173572,2546.49,2.3629528012881122,2546.6000000000004,4.22339592877905,2546.48,5.276562597649161,2546.61,7.864941463020165,2546.47,1.879394387451274,2546.6200000000003,6.579198082641137,2546.46,0.8681616360779942,2546.63,3.966658412205722,2546.45,9.267048212023681,2546.6400000000003,0.9086719639595482
1710000019.0499818,100380,ETHUSDT,2546.53,4.4514944164714105,2546.5400000000004,13.371717320713916,2546.52,5.5894949227480994,2546.5500000000006,10.154989207817692,2546.51,5.3824579757313735,2546.5600000000004,5.274413854429216,2546.5,7.330501077599063,2546.5700000000006,12.258935642382365,2546.4900000000002,2.7724727052039917,2546.5800000000004,5.654469963609291,2546.48,2.610575096199357,2546.5900000000006,12.025265555585209,2546.4700000000003,8.659305196502372,2546.6000000000004,2.2298210985174998,2546.46,2.4325518935077195,2546.6100000000006,22.247844027898726,2546.4500000000003,4.610300937490648,2546.6200000000003,7.45659977326337,2546.44,3.2248929422593307,2546.6300000000006,0.5260843270211936
1710000019.0999818,100381,ETHUSDT,2546.53,10.379470161050513,2546.5400000000004,4.318421305390438,2546.52,7.001593787413626,2546.5500000000006,10.10337666059354,2546.51,3.40337054744255,2546.5600000000004,10.82475748233339,2546.5,7.059938720516464,2546.5700000000006,2.993508039529901,2546.4900000000002,2.839421896498031,2546.5800000000004,12.683514089006708,2546.48,4.992327112587212,2546.5900000000006,5.0060871497620045,2546.4700000000003,9.237445019053965,2546.6000000000004,2.531136667061239,2546.46,1.134422642408835,2546.6100000000006,2.740057447497965,2546.4500000000003,5.076198849967287,2546.6200000000003,2.2479473291298935,2546.44,1.9009415429475314,2546.6300000000006,0.4210737669952536
1710000019.1499817,100382,ETHUSDT,2546.52,15.11582069124752,2546.53,4.227699000928565,2546.5099999999998,6.851368618613954,2546.5400000000004,6.624845451780624,2546.5,8.737421459339911,2546.55,13.536070054901014,2546.49,3.7705339304029533,2546.5600000000004,4.096985187924453,2546.48,2.9516420671112464,2546.57,10.892219066932961,2546.47,4.146464120286607,2546.5800000000004,7.552487593759469,2546.46,1.2521999863031839,2546.59,11.724327865834969,2546.45,5.450500244008805,2546.6000000000004,3.0328895313449706,2546.44,0.5466937183341976,2546.61,0.5822074207973635,2546.43,6.944457218116662,2546.6200000000003,4.899753854711182
1710000019.1999817,100383,ETHUSDT,2546.53,11.09056851585726,2546.5400000000004,8.633004175880812,2546.52,5.260553339219264,2546.5500000000006,8.697425539012393,2546.51,6.506137876952889,2546.5600000000004,3.685150328241125,2546.5,2.656536097727643,2546.5700000000006,4.762105949707209,2546.4900000000002,2.327681565869356,2546.5800000000004,3.589787625987603,2546.48,2.832002079490241,2546.5900000000006,5.519095319055237,2546.4700000000003,10.026835031672864,2546.6000000000004,2.246818368957374,2546.46,8.767025542339834,2546.6100000000006,5.65798224377054,2546.4500000000003,1.0138944705945923,2546.6200000000003,2.346846175869501,2546.44,1.3497845234333241,2546.6300000000006,0.2180642356580831
1710000019.2499816,100384,ETHUSDT,2546.53,7.231138458518128,2546.5400000000004,4.612350485213565,2546.52,7.010519261862237,2546.5500000000006,4.709892450168354,2546.51,3.2496761096225955,2546.5600000000004,18.655448975094856,2546.5,15.160349633342525,2546.5700000000006,5.455919082179076,2546.4900000000002,6.782371630558962,2546.5800000000004,2.704692825989047,2546.48,1.9485572660576436,2546.5900000000006,2.2494394262469,2546.4700000000003,4.3417616503433045,2546.6000000000004,2.70545785200218,2546.46,8.93522079783444,2546.6100000000006,2.741370712454331,2546.4500000000003,9.48607087750607,2546.6200000000003,1.7107103431157218,2546.44,8.508882407550786,2546.6300000000006,5.663029650256197
1710000019.2999816,100385,ETHUSDT,2546.52,6.355653684939638,2546.54,5.185082132687322,2546.5099999999998,6.741368168498292,2546.55,4.101290294029381,2546.5,4.804295028977695,2546.56,5.6302417737813855,2546.49,6.879561974560366,2546.57,6.487228380766215,2546.48,4.067813704227332,2546.58,2.014286708556746,2546.47,2.409984759212713,2546.59,5.261477324437676,2546.46,2.159863842315716,2546.6,8.700368177439472,2546.45,6.034140477363716,2546.61,1.5039535559519521,2546.44,3.0269621444216757,2546.62,3.40511564616503,2546.43,2.0941676549009447,2546.63,1.4126028002756008
1710000019.3499815,100386,ETHUSDT,2546.52,4.972182389900704,2546.53,9.021801885760429,2546.5099999999998,12.970300018501334,2546.5400000000004,8.328632217532672,2546.5,3.81817310638771,2546.55,8.367183062527495,2546.49,2.646701311002894,2546.5600000000004,3.0508234117443256,2546.48,11.621562831901459,2546.57,5.208805896874525,2546.47,3.898468533002214,2546.5800000000004,7.686987424225377,2546.46,10.494901851031067,2546.59,2.421938857261339,2546.45,7.587705253419396,2546.6000000000004,5.871268107034152,2546.44,0.683014103799561,2546.61,4.266381116376556,2546.43,0.8645030241592825,2546.6200000000003,1.336399739198382
1710000019.3999815,100387,ETHUSDT,2546.5,5.066263070973957,2546.52,4.7382153826399325,2546.49,5.756981860637053,2546.53,6.099322988533602,2546.48,5.356456252743839,2546.54,3.0478145520103452,2546.47,7.509440676781866,2546.55,4.84648840527289,2546.46,9.601458220040893,2546.56,7.654672751531,2546.45,10.363101676831437,2546.57,11.787425213382747,2546.44,5.98539595561188,2546.58,1.2740926129417989,2546.43,1.4087823492534437,2546.59,9.316809454247991,2546.42,4.583122635638908,2546.6,12.142606664250964,2546.41,2.6936637486062844,2546.61,3.653463948751233
1710000019.4499815,100388,ETHUSDT,2546.51,7.264877049204559,2546.5200000000004,10.718318288808204,2546.5,4.490615860342918,2546.5300000000007,4.024319002484321,2546.4900000000002,5.061077569305436,2546.5400000000004,4.209497467448495,2546.48,10.48904142935309,2546.5500000000006,5.165556310251803,2546.4700000000003,6.166336502882596,2546.5600000000004,5.59658268109955,2546.46,5.254828031797049,2546.5700000000006,12.83533019010307,2546.4500000000003,1.4757518681806472,2546.5800000000004,3.1254945013071396,2546.44,1.6060761681457147,2546.5900000000006,1.2932687523615942,2546.4300000000003,13.518073583100701,2546.6000000000004,1.1813392606290363,2546.42,6.949701448216215,2546.6100000000006,0.2395097790943864
1710000019.4999814,100389,ETHUSDT,2546.51,11.589961489642759,2546.5200000000004,9.845697473021605,2546.5,3.363720322138735,2546.5300000000007,8.762358475011194,2546.4900000000002,7.3615537728901845,2546.5400000000004,4.0924378099772305,2546.48,7.85010922949219,2546.5500000000006,6.004669797824677,2546.4700000000003,6.318074089301527,2546.5600000000004,3.819275823702987,2546.46,8.924489644903954,2546.5700000000006,3.3576988987173264,2546.4500000000003,7.020506043220741,2546.5800000000004,2.528771788196877,2546.44,3.2007163546907247,2546.5900000000006,4.941051779648508,2546.4300000000003,4.6596645918361626,2546.6000000000004,1.6209746952640716,2546.42,0.8352532278061044,2546.6100000000006,2.2032679893913425
1710000019.5499814,100390,ETHUSDT,2546.51,22.09227540652821,2546.5200000000004,3.8535194668966715,2546.5,18.35419377414521,2546.5300000000007,12.25297425858317,2546.4900000000002,5.218430303027435,2546.5400000000004,19.76488557782804,2546.48,7.501842601088508,2546.5500000000006,2.6340932148389253,2546.4700000000003,13.777466077727402,2546.5600000000004,7.458823087260819,2546.46,4.15620256546736,2546.5700000000006,8.452343344811737,2546.4500000000003,3.406661407312195,2546.5800000000004,1.4319210291297448,2546.44,1.8326448442369858,2546.5900000000006,1.1855029399136106,2546.4300000000003,8.653234201300654,2546.6000000000004,0.678768250164514,2546.42,5.704326427247217,2546.6100000000006,0.8482654221924179
1710000019.5999813,100391,ETHUSDT,2546.52,7.719676348680933,2546.53,4.445425611684425,2546.5099999999998,4.16267752823445,2546.5400000000004,9.817647652122295,2546.5,7.5293887558935,2546.55,12.603863745128598,2546.49,13.834078782017452,2546.5600000000004,3.269326051006159,2546.48,6.140435873206993,2546.57,11.979294720944864,2546.47,8.07494908078945,2546.5800000000004,2.581191512482661,2546.46,4.286557905456629,2546.59,5.8374481200249075,2546.45,1.5580430082183514,2546.6000000000004,4.897243596398197,2546.44,1.7600722493047876,2546.61,1.012811108846448,2546.43,4.588536711834279,2546.6200000000003,3.3083361389020864
1710000019.6499813,100392,ETHUSDT,2546.51,6.868583080084386,2546.5200000000004,4.464121744455785,2546.5,5.314644840733317,2546.5300000000007,5.118093128121704,2546.4900000000002,6.487316230941143,2546.5400000000004,3.0825357264395663,2546.48,2.534419778397128,2546.5500000000006,8.236137278752215,2546.4700000000003,4.584793125974937,2546.5600000000004,3.162949388974553,2546.46,6.47550907719361,2546.5700000000006,6.084512818507765,2546.4500000000003,3.8745829935334193,2546.5800000000004,5.269199601175614,2546.44,11.275562153684739,2546.5900000000006,1.2145819015134105,2546.4300000000003,0.4497753281756491,2546.6000000000004,10.238678116454615,2546.42,7.0229876611665,2546.6100000000006,3.760188258591375
1710000019.6999812,100393,ETHUSDT,2546.52,13.29923987491899,2546.53,4.1401334402652195,2546.5099999999998,3.579694424934024,2546.5400000000004,11.705976907744091,2546.5,3.8750464622921665,2546.55,6.383144604981494,2546.49,10.564962630164247,2546.5600000000004,2.8589388341224087,2546.48,13.489980315610858,2546.57,6.24677617180524,2546.47,4.887816905806847,2546.5800000000004,1.6104159908248232,2546.46,1.5953005897615113,2546.59,1.4373063646072954,2546.45,9.969753661681455,2546.6000000000004,6.3202834658557085,2546.44,25.437835565394906,2546.61,1.3060027070243256,2546.43,1.2443335838869716,2546.6200000000003,4.664515243001974
1710000019.7499812,100394,ETHUSDT,2546.52,10.943006721175237,2546.53,9.914199411805805,2546.5099999999998,3.4486771585461793,2546.5400000000004,5.379154261362746,2546.5,6.003519287180402,2546.55,6.581790360575406,2546.49,5.6265109724881315,2546.5600000000004,10.566697304017753,2546.48,4.777214989205731,2546.57,6.181028917136706,2546.47,8.907258849508569,2546.5800000000004,3.3258588338000497,2546.46,2.685629355485818,2546.59,3.932957548305434,2546.45,11.913241744412213,2546.6000000000004,2.0592723553946053,2546.44,1.1109068880368866,2546.61,1.9203230315264879,2546.43,0.4458300142798771,2546.6200000000003,3.59253042183438
1710000019.799981,100395,ETHUSDT,2546.53,4.5968960281547915,2546.5400000000004,4.876225022522458,2546.52,12.432652748665994,2546.5500000000006,7.9998287965714034,2546.51,5.927825254555299,2546.5600000000004,2.89929965737945,2546.5,6.686341965821261,2546.5700000000006,7.448354421380946,2546.4900000000002,4.537283770688937,2546.5800000000004,3.0642975013426494,2546.48,7.707845445800741,2546.5900000000006,2.7652546898877564,2546.4700000000003,1.6495898776744315,2546.6000000000004,2.9953552511866164,2546.46,9.110542200153642,2546.6100000000006,17.603710021062877,2546.4500000000003,0.870467738753685,2546.6200000000003,0.5188625864089574,2546.44,5.08829856477681,2546.6300000000006,6.316708335690041
1710000019.849981,100396,ETHUSDT,2546.55,11.346153460374136,2546.5600000000004,4.502467965440491,2546.54,6.439455835665391,2546.5700000000006,7.494987065570045,2546.53,3.678922972710211,2546.5800000000004,12.167635729426065,2546.52,4.375244625515058,2546.5900000000006,5.1788461981341705,2546.51,3.0618268035003444,2546.6000000000004,3.970787853299313,2546.5,14.743458600929415,2546.6100000000006,1.7408527596518844,2546.4900000000002,8.554105509085579,2546.6200000000003,3.3737015521861897,2546.48,5.103791035985378,2546.6300000000006,6.297443281870427,2546.4700000000003,8.541010751828034,2546.6400000000003,3.059270579722103,2546.46,0.38520957768286684,2546.6500000000005,2.5710336017158104
1710000019.899981,100397,ETHUSDT,2546.55,7.425070509893093,2546.5600000000004,5.300211238831327,2546.54,4.122169702481585,2546.5700000000006,6.1311744359599345,2546.53,2.9863449086898486,2546.5800000000004,5.584718963165885,2546.52,2.8441968270188123,2546.5900000000006,4.991709335304154,2546.51,7.530920500965585,2546.6000000000004,8.103013073700891,2546.5,13.349552013755183,2546.6100000000006,4.276117250593505,2546.4900000000002,1.5099008535584846,2546.6200000000003,3.6431349294457283,2546.48,5.319004024335735,2546.6300000000006,0.8762921838468419,2546.4700000000003,6.76133901384001,2546.6400000000003,5.715865599477695,2546.46,3.4704833040789076,2546.6500000000005,6.556997631621443
1710000019.949981,100398,ETHUSDT,2546.55,5.693531786809231,2546.5600000000004,13.887597186977848,2546.54,11.389574985300047,2546.5700000000006,8.686881431537419,2546.53,5.428339825417744,2546.5800000000004,11.492690070520794,2546.52,13.658844443338888,2546.5900000000006,4.2235860675183625,2546.51,3.054500444475516,2546.6000000000004,9.354133478493637,2546.5,11.240742811708062,2546.6100000000006,5.686373976774355,2546.4900000000002,9.304522905381546,2546.6200000000003,3.632103168944715,2546.48,0.8605921554588175,2546.6300000000006,4.087938059022902,2546.4700000000003,9.826624655530503,2546.6400000000003,4.507198367993489,2546.46,3.9314787740031742,2546.6500000000005,1.9934248319941363
1710000019.999981,100399,ETHUSDT,2546.55,6.5455879957481535,2546.57,8.023699345050504,2546.54,4.072858590952264,2546.5800000000004,3.2754548630872815,2546.53,6.940769090444194,2546.59,6.984234307408146,2546.52,19.483880590776025,2546.6000000000004,6.909719358038173,2546.51,2.9908889310293163,2546.61,10.22281385453678,2546.5,9.265410261877152,2546.6200000000003,3.6300820796543385,2546.4900000000002,7.101133085777047,2546.63,4.394355515637834,2546.48,5.584704526680146,2546.6400000000003,3.1630334331500505,2546.4700000000003,0.5812078029019713,2546.65,1.4322022018293818,2546.46,0.4335807298550872,2546.6600000000003,0.8268865710356655
1710000020.0499809,100400,ETHUSDT,2546.56,14.002646200653782,2546.57,5.296493983990145,2546.5499999999997,7.581964286613962,2546.5800000000004,5.022231482008658,2546.54,5.659066532989996,2546.59,8.943134742214816,2546.5299999999997,3.599844186464746,2546.6000000000004,4.530538279499462,2546.52,9.406038418624359,2546.61,6.032239213775795,2546.5099999999998,2.3370679150474905,2546.6200000000003,3.8650355271915258,2546.5,4.71227959749624,2546.63,7.167100353056611,2546.49,5.845674736788345,2546.6400000000003,8.057335682172681,2546.48,11.739611702958628,2546.65,10.29894071925033,2546.47,8.287867846151274,2546.6600000000003,9.84510858873799
1710000020.0999808,100401,ETHUSDT,2546.56,20.052220552242062,2546.57,10.444062847208585,2546.5499999999997,6.7906673579975525,2546.5800000000004,3.9244362668508845,2546.54,4.93781789033771,2546.59,3.8304495614174505,2546.5299999999997,4.855287757236873,2546.6000000000004,2.5628184180086047,2546.52,8.361573885530296,2546.61,7.451820391237264,2546.5099999999998,1.9241561996780465,2546.6200000000003,3.3945949355081892,2546.5,13.870181981393632,2546.63,6.027945215257022,2546.49,6.110566655206102,2546.6400000000003,1.1511392569756194,2546.48,4.137614245497143,2546.65,3.592053390582301,2546.47,8.904751829224788,2546.6600000000003,7.342195067769984
1710000020.1499808,100402,ETHUSDT,2546.56,4.518930611104613,2546.57,7.6089634572066505,2546.5499999999997,5.587672238520092,2546.5800000000004,4.570144943346488,2546.54,14.245641628546768,2546.59,2.9954862022468367,2546.5299999999997,12.321042206372747,2546.6000000000004,3.8463166174275893,2546.52,4.8973424327464485,2546.61,8.012694664445426,2546.5099999999998,4.130442820861086,2546.6200000000003,2.437542013513817,2546.5,19.334322976942545,2546.63,7.457591372119317,2546.49,3.2284672302095467,2546.6400000000003,5.208774751662642,2546.48,6.161765108163207,2546.65,1.2482374860333665,2546.47,4.590626959457055,2546.6600000000003,1.5675746546442249
1710000020.1999807,100403,ETHUSDT,2546.56,6.944412010874693,2546.58,8.461952719585769,2546.5499999999997,4.290446654697708,2546.59,12.77496749366049,2546.54,5.6018461422755434,2546.6,4.760441678352151,2546.5299999999997,6.430283397088505,2546.61,6.760343457093644,2546.52,15.146260022386189,2546.62,8.093536627994897,2546.5099999999998,5.125932131559555,2546.63,4.530394802976764,2546.5,5.947454410542417,2546.64,5.57029666064677,2546.49,12.099759351231175,2546.65,2.9067945537374715,2546.48,2.9837690074352112,2546.66,7.3276295522083945,2546.47,0.47723560462756015,2546.67,6.979190180896829
1710000020.2499807,100404,ETHUSDT,2546.57,4.104588791633015,2546.5800000000004,5.601818538304105,2546.56,4.085860900791521,2546.5900000000006,5.771156558163644,2546.55,3.769458407553633,2546.6000000000004,4.384997840752016,2546.54,5.672295754559974,2546.6100000000006,3.6251313133366754,2546.53,10.06108397929035,2546.6200000000003,2.7406327109953312,2546.52,1.7231700375150523,2546.6300000000006,2.8458705305107097,2546.51,3.622102321963336,2546.6400000000003,4.8270895701727285,2546.5,9.252448882327014,2546.6500000000005,8.71860951024718,2546.4900000000002,0.9712440670031488,2546.6600000000003,0.5144176833001604,2546.48,7.093244366796063,2546.6700000000005,0.48089362878738534
1710000020.2999806,100405,ETHUSDT,2546.56,8.80833647683989,2546.57,5.051733646058362,2546.5499999999997,6.075150974817701,2546.5800000000004,5.829273320048289,2546.54,3.2019494821291654,2546.59,3.1621255605088416,2546.5299999999997,4.978589606310562,2546.6000000000004,5.207783305037646,2546.52,10.27791281261748,2546.61,5.724381728666566,2546.5099999999998,3.7073618783857696,2546.6200000000003,7.892811854277934,2546.5,4.317642905365362,2546.63,4.951828123476703,2546.49,2.236351868160681,2546.6400000000003,8.319289928145347,2546.48,3.150564361245275,2546.65,0.9840951228336634,2546.47,8.79383754807504,2546.6600000000003,7.430795694210478
1710000020.3499806,100406,ETHUSDT,2546.55,4.952447495648359,2546.5800000000004,4.90257647867892,2546.54,6.436042264395326,2546.5900000000006,5.220373889642794,2546.53,14.109018291023162,2546.6000000000004,7.598242214441081,2546.52,6.3630263626047885,2546.6100000000006,3.7245764975008795,2546.51,3.2117432940177855,2546.6200000000003,2.700466213511641,2546.5,5.546810686533698,2546.6300000000006,9.820614744787598,2546.4900000000002,12.08455778849433,2546.6400000000003,9.572055344122099,2546.48,1.7645422322770339,2546.6500000000005,3.4006560795156,2546.4700000000003,4.8598283127480615,2546.6600000000003,27.569650493622092,2546.46,0.1,2546.6700000000005,8.620106275229743
1710000020.3999805,100407,ETHUSDT,2546.55,13.157555396344478,2546.57,4.2846947889125175,2546.54,4.106001709029394,2546.5800000000004,6.640132471365629,2546.53,12.9920080701317,2546.59,4.371178685037553,2546.52,3.391261641748943,2546.6000000000004,4.290288068230477,2546.51,10.607088241894111,2546.61,2.090960232790054,2546.5,2.6552939223084207,2546.6200000000003,6.187905657592541,2546.4900000000002,6.138264409777809,2546.63,2.953501841953799,2546.48,2.4473072480520663,2546.6400000000003,1.6466762363059468,2546.4700000000003,7.986883191221509,2546.65,9.716921019600514,2546.46,2.106876967065862,2546.6600000000003,2.656063964228437
1710000020.4499805,100408,ETHUSDT,2546.55,10.858275357717629,2546.5600000000004,6.161434163738175,2546.54,21.723414543155954,2546.5700000000006,5.680970915385467,2546.53,4.028050061837163,2546.5800000000004,6.683956864621065,2546.52,5.793752857578644,2546.5900000000006,2.4542956127254194,2546.51,4.4950787992226005,2546.6000000000004,13.565259648696387,2546.5,4.796786757380691,2546.6100000000006,2.636183438401006,2546.4900000000002,17.127837645300612,2546.6200000000003,22.11244808666096,2546.48,3.223917625218996,2546.6300000000006,1.5344712610758546,2546.4700000000003,0.8383752356793486,2546.6400000000003,1.2870721624168069,2546.46,14.688461598746931,2546.6500000000005,5.8778648046198505
1710000020.4999804,100409,ETHUSDT,2546.55,6.626293866099649,2546.5600000000004,6.428648857780826,2546.54,5.502861736133349,2546.5700000000006,4.393980557337479,2546.53,5.973404691176903,2546.5800000000004,4.8679966896636415,2546.52,3.301651893760855,2546.5900000000006,22.140552519335763,2546.51,8.119690951495834,2546.6000000000004,8.408501738377723,2546.5,3.472194107354645,2546.6100000000006,2.647481000081737,2546.4900000000002,1.2124255123762568,2546.6200000000003,5.6515355066688056,2546.48,1.422488094414223,2546.6300000000006,2.2691345343072413,2546.4700000000003,4.035876463122904,2546.6400000000003,10.985767336850481,2546.46,5.306577225659898,2546.6500000000005,0.2658886749979732
1710000020.5499804,100410,ETHUSDT,2546.55,5.861667671497942,2546.5600000000004,5.131606014528957,2546.54,7.196138151013352,2546.5700000000006,4.35071314172502,2546.53,3.3343848173655495,2546.5800000000004,4.512036656574106,2546.52,3.2435704703777617,2546.5900000000006,14.120025577510585,2546.51,3.2714941098779837,2546.6000000000004,5.011267959257939,2546.5,5.051124421903424,2546.6100000000006,4.145414467324761,2546.4900000000002,11.527299710927434,2546.6200000000003,2.222311024018694,2546.48,4.083062468579042,2546.6300000000006,2.34289053109116,2546.4700000000003,5.341788739492498,2546.6400000000003,0.5596121530036152,2546.46,1.8073455030964058,2546.6500000000005,0.8999909144334522
1710000020.5999804,100411,ETHUSDT,2546.56,4.519026470679538,2546.57,4.855829551081921,2546.5499999999997,6.001364180272358,2546.5800000000004,3.9448099326914443,2546.54,6.493406566539399,2546.59,6.3662795766403075,2546.5299999999997,2.5230132132446834,2546.6000000000004,7.5421817902194155,2546.52,7.813846402111654,2546.61,7.344556980798099,2546.5099999999998,6.170549438372085,2546.6200000000003,2.5778427450805124,2546.5,2.902487451967848,2546.63,1.6766151496370947,2546.49,2.43875208164335,2546.6400000000003,4.204212942577441,2546.48,7.003892098016983,2546.65,9.030077309348487,2546.47,3.026039060988435,2546.6600000000003,0.9578044504703123
1710000020.6499803,100412,ETHUSDT,2546.56,3.6105823092123868,2546.57,9.79924321010849,2546.5499999999997,17.559116944755218,2546.5800000000004,4.3298511350764075,2546.54,7.767207170464385,2546.59,5.711189798989878,2546.5299999999997,5.528709081246962,2546.6000000000004,2.608336731702517,2546.52,5.226747155078819,2546.61,5.780476838840134,2546.5099999999998,7.456142857068933,2546.6200000000003,1.8731278375576537,2546.5,1.9995062785573143,2546.63,3.252401527911111,2546.49,13.322737425932335,2546.6400000000003,6.177957705905346,2546.48,0.7803132021886148,2546.65,3.237932492232966,2546.47,27.17539273568431,2546.6600000000003,6.924434108997602
1710000020.6999803,100413,ETHUSDT,2546.56,3.7037300134768274,2546.57,3.609234965137592,2546.5499999999997,8.066470795365996,2546.5800000000004,3.8230992103607444,2546.54,4.733616923618394,2546.59,6.964596548317282,2546.5299999999997,3.408311240565744,2546.6000000000004,11.804371579596772,2546.52,4.9763984486618185,2546.61,8.042521565847753,2546.5099999999998,9.170358275652918,2546.6200000000003,2.697541294415708,2546.5,1.4793932262625038,2546.63,1.334345701076176,2546.49,4.945733804335805,2546.6400000000003,2.0384576383767294,2546.48,0.4673516748440698,2546.65,1.1020900970847838,2546.47,6.4700820714807215,2546.6600000000003,3.069464378448994
1710000020.7499802,100414,ETHUSDT,2546.57,4.697325998169724,2546.5800000000004,8.681902930857875,2546.56,5.170211606764509,2546.5900000000006,5.712557930346007,2546.55,7.883943671394304,2546.6000000000004,25.532782100902867,2546.54,2.837617631794825,2546.6100000000006,7.69218501107821,2546.53,3.9568407087167583,2546.6200000000003,6.139637822854441,2546.52,8.850109160463466,2546.6300000000006,7.3268245936767915,2546.51,15.936278522335932,2546.6400000000003,1.4550949992631514,2546.5,2.7134608869567463,2546.6500000000005,3.549208833916799,2546.4900000000002,1.790222972685624,2546.6600000000003,2.6972024905797727,2546.48,4.1128283998217245,2546.6700000000005,0.792228317523015
1710000020.7999802,100415,ETHUSDT,2546.54,14.275659601465964,2546.57,7.545204124481945,2546.5299999999997,4.400487910599102,2546.5800000000004,8.160544480200292,2546.52,4.307692512585799,2546.59,3.828664373902652,2546.5099999999998,7.364004782760968,2546.6000000000004,10.870156865811966,2546.5,5.324405883466227,2546.61,3.0773928607676044,2546.49,6.7465731229329435,2546.6200000000003,16.082902263429833,2546.48,4.97166299199546,2546.63,14.859470209184497,2546.47,5.060124486794352,2546.6400000000003,25.207816096666907,2546.46,0.6582017812523149,2546.65,2.0680415349155967,2546.45,6.471732498892226,2546.6600000000003,0.8238563423356827
1710000020.84998,100416,ETHUSDT,2546.55,5.961097657978995,2546.5600000000004,8.337533398757143,2546.54,3.297535900841117,2546.5700000000006,3.7830501216243686,2546.53,4.329152058549674,2546.5800000000004,3.2756075037433483,2546.52,6.7133128205211845,2546.5900000000006,5.347103883005261,2546.51,7.490749766312429,2546.6000000000004,2.9694698146111165,2546.5,2.6347320276915642,2546.6100000000006,1.7196737823713233,2546.4900000000002,3.265297743322171,2546.6200000000003,2.113054290376657,2546.48,2.5910316808861547,2546.6300000000006,4.878961501389667,2546.4700000000003,9.263173321994753,2546.6400000000003,1.2866348262465674,2546.46,0.33577283279687514,2546.6500000000005,6.0965353257502946
1710000020.89998,100417,ETHUSDT,2546.53,4.379583979309352,2546.5600000000004,8.37295757454592,2546.52,5.165112509445481,2546.5700000000006,5.929327016284754,2546.51,3.8091756913823094,2546.5800000000004,5.851805852435465,2546.5,9.991082069366664,2546.5900000000006,6.758813871751072,2546.4900000000002,4.828735905050193,2546.6000000000004,12.952356815329424,2546.48,7.705706090791191,2546.6100000000006,3.512473600870421,2546.4700000000003,5.931476009392245,2546.6200000000003,6.613151308851901,2546.46,3.725279022236755,2546.6300000000006,6.889334617585115,2546.4500000000003,4.403216213905981,2546.6400000000003,1.22410979410017,2546.44,0.1622228959898345,2546.6500000000005,10.20588494526385
1710000020.94998,100418,ETHUSDT,2546.54,3.6372229876158837,2546.55,3.934846087536122,2546.5299999999997,3.994796465405991,2546.5600000000004,5.784540533080863,2546.52,18.492285983936853,2546.57,6.261294869477975,2546.5099999999998,14.87233017422101,2546.5800000000004,7.529475943907404,2546.5,7.655875116465274,2546.59,8.627538324719925,2546.49,5.712440897093131,2546.6000000000004,3.2752292902548437,2546.48,9.276746115285864,2546.61,1.359415552626667,2546.47,8.164603769134098,2546.6200000000003,0.9508940088045307,2546.46,0.41548355540306275,2546.63,1.230520693882072,2546.45,0.8613908685077429,2546.6400000000003,1.1679308774997392
1710000020.99998,100419,ETHUSDT,2546.55,5.94136634087664,2546.5600000000004,4.813205857580065,2546.54,7.654287231280848,2546.5700000000006,9.43987599468227,2546.53,4.313228491145088,2546.5800000000004,4.0682753938274825,2546.52,3.028770225111029,2546.5900000000006,4.451424243582604,2546.51,7.040123165039138,2546.6000000000004,2.8443650083868235,2546.5,5.902893724307489,2546.6100000000006,4.317218821487791,2546.4900000000002,1.515435163086506,2546.6200000000003,3.1762114264259327,2546.48,1.0040904733698524,2546.6300000000006,2.1340779617183685,2546.4700000000003,4.205802477205823,2546.6400000000003,0.49357557516180606,2546.46,3.408282917125069,2546.6500000000005,7.373980407618626
1710000021.04998,100420,ETHUSDT,2546.54,6.318518706063449,2546.55,12.49403300772,2546.5299999999997,6.901545407243487,2546.5600000000004,20.718493546169267,2546.52,16.234035346118414,2546.57,7.0907100431755765,2546.5099999999998,10.882087007570966,2546.5800000000004,6.01348750769768,2546.5,11.79626032948615,2546.59,5.726547626352476,2546.49,2.8252704510580693,2546.6000000000004,1.8328996699381717,2546.48,3.4717446272108647,2546.61,9.632530736526743,2546.47,4.391909515869164,2546.6200000000003,7.335470585789256,2546.46,7.085833143667588,2546.63,4.015877283919627,2546.45,0.8306652681382354,2546.6400000000003,0.9707407584813229
1710000021.0999799,100421,ETHUSDT,2546.53,11.276655008321445,2546.5400000000004,4.1654419482702565,2546.52,12.507219250082596,2546.5500000000006,5.356261849022778,2546.51,7.3200040430542135,2546.5600000000004,6.625190463196992,2546.5,4.143860606946166,2546.5700000000006,3.735248129839973,2546.4900000000002,6.357899097060643,2546.5800000000004,6.067012309528019,2546.48,1.6040703774925325,2546.5900000000006,12.18093239314289,2546.4700000000003,13.789681412478807,2546.6000000000004,3.9981199451647353,2546.46,5.084627370570559,2546.6100000000006,1.0725547866716425,2546.4500000000003,1.1937063143400235,2546.6200000000003,2.593585194314229,2546.44,3.44872283299998,2546.6300000000006,0.8883277466861621
1710000021.1499798,100422,ETHUSDT,2546.52,5.314373003571547,2546.53,5.136484798473611,2546.5099999999998,9.362896149558054,2546.5400000000004,4.545313557255106,2546.5,7.295400041371538,2546.55,15.60162926180747,2546.49,6.291511115498443,2546.5600000000004,3.696881204458152,2546.48,4.001645250202913,2546.57,2.5960670061565105,2546.47,1.6436638481128196,2546.5800000000004,4.67626547201328,2546.46,10.48768799794512,2546.59,5.971022545605996,2546.45,5.561716593544382,2546.6000000000004,1.5372688525563456,2546.44,1.7987592508168735,2546.61,3.4452927120852843,2546.43,2.6963453580641294,2546.6200000000003,2.266185729749524
1710000021.1999798,100423,ETHUSDT,2546.52,4.718603129233514,2546.53,7.3455970897893685,2546.5099999999998,3.6682456666484233,2546.5400000000004,3.6588980464353282,2546.5,3.444631401052496,2546.55,8.111992102662013,2546.49,7.931534640371689,2546.5600000000004,2.7499769903867635,2546.48,4.034162214379094,2546.57,2.505961172114978,2546.47,6.209168824521196,2546.5800000000004,3.36106460879285,2546.46,4.927383999286536,2546.59,9.047364357232645,2546.45,2.7591875822328262,2546.6000000000004,5.320601763841008,2546.44,1.55626567624333,2546.61,0.6625311014484163,2546.43,1.7870381973134035,2546.6200000000003,0.724925235303629
1710000021.2499797,100424,ETHUSDT,2546.51,5.217601123624648,2546.53,3.9113168097330404,2546.5,10.663546642789651,2546.5400000000004,7.683925605735815,2546.4900000000002,4.669414253145932,2546.55,3.4572415666019465,2546.48,9.698475024732637,2546.5600000000004,2.863316223934885,2546.4700000000003,3.8720705735111567,2546.57,4.259321209424009,2546.46,2.04023892359611,2546.5800000000004,10.612303376655372,2546.4500000000003,1.6767377798425274,2546.59,1.3718910184388091,2546.44,2.060634921586203,2546.6000000000004,8.15930142635281,2546.4300000000003,5.479730782516813,2546.61,2.74026419807395,2546.42,7.143803492645704,2546.6200000000003,1.4619870898650558
1710000021.2999797,100425,ETHUSDT,2546.51,11.44950246635214,2546.53,4.272202834135004,2546.5,3.6202789950593215,2546.5400000000004,7.454435436495029,2546.4900000000002,3.8395592803448895,2546.55,4.588581472558452,2546.48,2.8312235234925764,2546.5600000000004,9.551749498050395,2546.4700000000003,3.2601813365194063,2546.57,3.8465689033267365,2546.46,9.048131130826484,2546.5800000000004,2.5415633550499317,2546.4500000000003,7.9091488516369255,2546.59,5.150634211323606,2546.44,10.306356586441115,2546.6000000000004,10.356306443638333,2546.4300000000003,7.525659502455947,2546.61,2.8699913640373778,2546.42,3.112076768305189,2546.6200000000003,2.846728850697999
1710000021.3499796,100426,ETHUSDT,2546.52,4.368850756987563,2546.53,9.174472948117593,2546.5099999999998,8.766953832510648,2546.5400000000004,3.7591045896179347,2546.5,5.039717987976841,2546.55,22.59124940459292,2546.49,17.398836702613124,2546.5600000000004,3.421017645896507,2546.48,6.34745136711283,2546.57,9.161330966170262,2546.47,1.6430828978634806,2546.5800000000004,1.8380670545012692,2546.46,1.2142238929357871,2546.59,17.24929907325032,2546.45,2.773776867632777,2546.6000000000004,3.0821741002263146,2546.44,3.3068749827525905,2546.61,3.4790398286037014,2546.43,9.367785425418024,2546.6200000000003,4.95036033142448
1710000021.3999796,100427,ETHUSDT,2546.52,11.806348052223555,2546.53,4.116888845797821,2546.5099999999998,3.97802824409073,2546.5400000000004,4.6149887454254195,2546.5,3.931359689428164,2546.55,3.3125706964578137,2546.49,3.2295581212514177,2546.5600000000004,14.732333069792867,2546.48,15.635741831559583,2546.57,4.820386156027823,2546.47,4.011565948319585,2546.5800000000004,2.8520166409521455,2546.46,1.7191923117974692,2546.59,2.036723725835346,2546.45,6.412797033892021,2546.6000000000004,6.123852349735158,2546.44,2.721552105220762,2546.61,11.010176744353862,2546.43,0.13172868230835463,2546.6200000000003,1.9778662829461364
1710000021.4499795,100428,ETHUSDT,2546.51,5.233477221532373,2546.5200000000004,15.253983656049002,2546.5,13.461277444662649,2546.5300000000007,3.497191528397876,2546.4900000000002,5.924689585914803,2546.5400000000004,3.2489782318846676,2546.48,2.668579121465588,2546.5500000000006,7.826012824528385,2546.4700000000003,2.271043055149861,2546.5600000000004,10.578169944874968,2546.46,3.6564153468124085,2546.5700000000006,4.651543442259483,2546.4500000000003,5.412574214114139,2546.5800000000004,6.141701989478189,2546.44,0.9647114233572424,2546.5900000000006,8.606065305103593,2546.4300000000003,11.482298279317607,2546.6000000000004,2.7411840894646393,2546.42,3.9853578705719235,2546.6100000000006,0.6988541270146426
1710000021.4999795,100429,ETHUSDT,2546.52,4.936209495835016,2546.53,3.8665322288217734,2546.5099999999998,3.6580032211359503,2546.5400000000004,4.7066269423345855,2546.5,7.27673521364529,2546.55,2.8384265860335156,2546.49,4.4289898579297535,2546.5600000000004,9.547696449525743,2546.48,5.709020386207863,2546.57,3.316547350739421,2546.47,6.3681229635575125,2546.5800000000004,7.401922736268348,2546.46,3.2781059365802903,2546.59,4.11279339789022,2546.45,0.831624896400611,2546.6000000000004,1.5995859563309285,2546.44,2.334092834801224,2546.61,0.6080062655111762,2546.43,5.226310984229888,2546.6200000000003,1.6243115378733561
1710000021.5499794,100430,ETHUSDT,2546.53,24.460166719334026,2546.5400000000004,4.156489753108335,2546.52,4.1814994221292325,2546.5500000000006,4.079372292673985,2546.51,9.455829818068445,2546.5600000000004,4.129811185812879,2546.5,5.040859844173509,2546.5700000000006,3.4700551424194326,2546.4900000000002,5.208038506963922,2546.5800000000004,7.965331472460429,2546.48,5.148607020310082,2546.5900000000006,3.580392839257204,2546.4700000000003,4.145314087629918,2546.6000000000004,2.154286099824381,2546.46,4.669118508430993,2546.6100000000006,5.471126985167283,2546.4500000000003,1.5263365056639913,2546.6200000000003,7.840375160352389,2546.44,4.029257109936328,2546.6300000000006,0.16670678153688534
1710000021.5999794,100431,ETHUSDT,2546.53,5.019612260733281,2546.5400000000004,4.726478732020477,2546.52,5.2549512662189155,2546.5500000000006,6.1343200694346995,2546.51,5.9589251399161345,2546.5600000000004,2.9673065717338702,2546.5,5.126784381554525,2546.5700000000006,5.951236555461868,2546.4900000000002,3.5181453350825818,2546.5800000000004,19.936310468850987,2546.48,4.7974421384468835,2546.5900000000006,5.060158052009454,2546.4700000000003,4.104994766271572,2546.6000000000004,6.301842555172109,2546.46,7.337700884170647,2546.6100000000006,3.24459236287899,2546.4500000000003,6.084142918952253,2546.6200000000003,3.1979464755370692,2546.44,1.1802989991005566,2546.6300000000006,4.390812118671709
1710000021.6499794,100432,ETHUSDT,2546.53,4.178247132809889,2546.5400000000004,9.146324789576454,2546.52,5.775710990751211,2546.5500000000006,3.8514039278591374,2546.51,6.728826919552816,2546.5600000000004,5.049172858975156,2546.5,3.9297325280713657,2546.5700000000006,2.739194939744999,2546.4900000000002,10.66025365107401,2546.5800000000004,8.029005519595215,2546.48,2.4141683148494133,2546.5900000000006,1.8296692805639776,2546.4700000000003,5.089707507295971,2546.6000000000004,10.596903184253215,2546.46,0.894158878981253,2546.6100000000006,1.5922452955234818,2546.4500000000003,5.086559158796361,2546.6200000000003,4.539869067847008,2546.44,3.7578075259172725,2546.6300000000006,3.6222822375804427
1710000021.6999793,100433,ETHUSDT,2546.54,6.851329692707326,2546.55,4.066151709629196,2546.5299999999997,7.496853345251031,2546.5600000000004,5.177299858730279,2546.52,4.635509185779005,2546.57,8.785862042420124,2546.5099999999998,2.496598744881203,2546.5800000000004,3.162993861133851,2546.5,2.3581450568103017,2546.59,5.755255382418331,2546.49,2.3146540269227778,2546.6000000000004,1.880232473688973,2546.48,3.104975844396132,2546.61,2.5520292219213374,2546.47,1.0186193229748326,2546.6200000000003,6.5952532327619515,2546.46,10.405812080110826,2546.63,2.801013720101364,2546.45,1.5619410771163118,2546.6400000000003,5.689288524529275
1710000021.7499793,100434,ETHUSDT,2546.53,5.037612227241009,2546.55,5.057806503319201,2546.52,7.191063375967561,2546.5600000000004,7.781346479201756,2546.51,5.836969744019457,2546.57,5.1087346062875,2546.5,9.660357115281158,2546.5800000000004,4.015357307870566,2546.4900000000002,4.914684390473109,2546.59,13.0627002927714,2546.48,3.501143592676269,2546.6000000000004,2.175307938727054,2546.4700000000003,1.9691081476965162,2546.61,7.476617292439288,2546.46,14.678608000078366,2546.6200000000003,2.5183850629280737,2546.4500000000003,13.971124656553156,2546.63,0.9833944789281264,2546.44,4.36707224578772,2546.6400000000003,1.813811534834272
1710000021.7999792,100435,ETHUSDT,2546.53,12.513920959743698,2546.55,9.621748021990848,2546.52,8.564619542592002,2546.5600000000004,4.056034330358196,2546.51,5.184424087206795,2546.57,4.0410841969057625,2546.5,3.285843624176694,2546.5800000000004,3.55145369044741,2546.4900000000002,2.0428985003755047,2546.59,12.101513454164854,2546.48,3.9842581854031063,2546.6000000000004,4.580546618158248,2546.4700000000003,10.441200921954565,2546.61,6.2793074230753865,2546.46,4.609360042374125,2546.6200000000003,8.651225850815004,2546.4500000000003,3.0075513742145024,2546.63,12.722424443736541,2546.44,4.184150147664794,2546.6400000000003,1.1962665520096007
1710000021.8499792,100436,ETHUSDT,2546.54,5.538494223118121,2546.55,11.560651618106629,2546.5299999999997,5.694288380748914,2546.5600000000004,6.994920347055606,2546.52,8.15228015295203,2546.57,6.261071610901359,2546.5099999999998,2.629370374274269,2546.5800000000004,9.200589030087853,2546.5,6.619419841419056,2546.59,7.436267482982137,2546.49,4.194958419847783,2546.6000000000004,2.71321933465061,2546.48,10.836412204476531,2546.61,6.696412200815738,2546.47,2.4424867838901525,2546.6200000000003,1.874833743457726,2546.46,1.8839740671352492,2546.63,17.269525006291587,2546.45,6.798479362436208,2546.6400000000003,3.2394102176828623
1710000021.899979,100437,ETHUSDT,2546.54,15.328873152959616,2546.55,12.587884322770094,2546.5299999999997,6.373700541884908,2546.5600000000004,14.036223511764632,2546.52,2.9177118234604578,2546.57,13.407534992571989,2546.5099999999998,7.428816747431372,2546.5800000000004,3.6892312583553126,2546.5,8.528172511381563,2546.59,11.314632190075724,2546.49,5.56357860522758,2546.6000000000004,7.92496652061085,2546.48,4.843155444864996,2546.61,2.5316084342325356,2546.47,0.8147084242622555,2546.6200000000003,14.678059664297457,2546.46,9.729658214085402,2546.63,6.219780922406682,2546.45,1.1622495623180944,2546.6400000000003,1.1399990596789376
1710000021.949979,100438,ETHUSDT,2546.55,4.03493681902809,2546.5600000000004,7.13181155655835,2546.54,4.130206340553371,2546.5700000000006,5.466480282660868,2546.53,3.7055761619711403,2546.5800000000004,2.8040106749074982,2546.52,3.5570351972270005,2546.5900000000006,4.584311596724736,2546.51,3.2032796596104394,2546.6000000000004,2.3979718176716127,2546.5,2.863634500868015,2546.6100000000006,16.029351936280978,2546.4900000000002,3.4528146114538734,2546.6200000000003,17.796874191127955,2546.48,1.3303431670840515,2546.6300000000006,4.324215258462445,2546.4700000000003,4.279309167886983,2546.6400000000003,5.302171105349823,2546.46,5.421484878186138,2546.6500000000005,2.031356098733212
1710000021.999979,100439,ETHUSDT,2546.54,6.584553252826499,2546.57,8.129028971648301,2546.5299999999997,11.554941106860099,2546.5800000000004,3.7308980910406504,2546.52,4.696454919699664,2546.59,3.147909269314142,2546.5099999999998,3.500479717799236,2546.6000000000004,18.90819483478849,2546.5,2.424898488729654,2546.61,9.417659096623773,2546.49,3.6970346895590875,2546.6200000000003,11.050795241233473,2546.48,3.6368438880683547,2546.63,3.9037436740684273,2546.47,4.537722768854988,2546.6400000000003,1.511667270705421,2546.46,8.961134463162617,2546.65,10.855726851669967,2546.45,0.4848294310909235,2546.6600000000003,2.8543975071204017
1710000022.049979,100440,ETHUSDT,2546.55,9.148327014206153,2546.5600000000004,5.901937711989628,2546.54,8.595837256106485,2546.5700000000006,7.597035241435628,2546.53,3.3993935132298696,2546.5800000000004,3.4841485777989742,2546.52,11.186258153234467,2546.5900000000006,9.43353328898332,2546.51,3.7826410728638384,2546.6000000000004,4.578947468887629,2546.5,7.440691953479998,2546.6100000000006,1.9122539806503125,2546.4900000000002,5.804700544097732,2546.6200000000003,1.3206447061116973,2546.48,7.188409576580734,2546.6300000000006,17.897039051538435,2546.4700000000003,2.0428870615255343,2546.6400000000003,0.6972893315886699,2546.46,10.88023679733193,2546.6500000000005,3.171567193370979
1710000022.099979,100441,ETHUSDT,2546.54,17.22431283413387,2546.55,3.9819959526261686,2546.5299999999997,6.5163697932674935,2546.5600000000004,3.2160828781003885,2546.52,2.8134644136352214,2546.57,3.246026300038164,2546.5099999999998,9.046862938925631,2546.5800000000004,5.127571866232458,2546.5,2.941621036800545,2546.59,5.790910016840053,2546.49,7.27919645853806,2546.6000000000004,13.396868069263315,2546.48,6.115542932478701,2546.61,1.9875254817039654,2546.47,4.711778635148752,2546.6200000000003,4.6454273416913345,2546.46,3.3952377044210382,2546.63,1.781741927391979,2546.45,3.5607814158079583,2546.6400000000003,5.294910232404808
1710000022.1499789,100442,ETHUSDT,2546.56,6.934812465434318,2546.58,4.2485672208046745,2546.5499999999997,8.477608376708623,2546.59,13.133141628236821,2546.54,2.8915225354173706,2546.6,2.9564767718269906,2546.5299999999997,5.313173104806962,2546.61,2.5217774624403306,2546.52,4.434938890855395,2546.62,5.020439153495168,2546.5099999999998,3.9205177008100334,2546.63,3.980841847955623,2546.5,4.5682492698554364,2546.64,1.9901175277453076,2546.49,20.254692844983712,2546.65,1.6463432866527807,2546.48,9.443180639296376,2546.66,3.378163529333362,2546.47,1.369882753599495,2546.67,1.3102811652668824
1710000022.1999788,100443,ETHUSDT,2546.56,5.594301280038023,2546.57,4.274846199157455,2546.5499999999997,3.8485376716509725,2546.5800000000004,6.531862793403038,2546.54,4.210244690501169,2546.59,9.024092478887356,2546.5299999999997,3.1786250997968177,2546.6000000000004,10.301134489545655,2546.52,4.920796462562949,2546.61,4.379803294360303,2546.5099999999998,7.432479981990946,2546.6200000000003,3.8251349014113556,2546.5,1.5287566939776052,2546.63,3.1058985379861634,2546.49,3.8057923163127247,2546.6400000000003,2.5530972320314813,2546.48,1.0955979894794083,2546.65,1.1321419100979289,2546.47,0.1,2546.6600000000003,4.84174218711464
1710000022.2499788,100444,ETHUSDT,2546.56,7.1105054903080305,2546.57,6.329550866027375,2546.5499999999997,27.268671012393938,2546.5800000000004,6.401781097046953,2546.54,6.448228629377223,2546.59,3.568222301200567,2546.5299999999997,3.863143661626894,2546.6000000000004,11.037867178923552,2546.52,2.187180718183404,2546.61,8.270151692084383,2546.5099999999998,3.6484473562591675,2546.6200000000003,2.4743093768912368,2546.5,6.438101766593746,2546.63,3.1973839610916204,2546.49,1.6603243813094495,2546.6400000000003,4.020742253762281,2546.48,3.7341413741562413,2546.65,14.258155752946632,2546.47,4.135057099227033,2546.6600000000003,1.2200856071906743
1710000022.2999787,100445,ETHUSDT,2546.55,11.926027826500967,2546.5600000000004,4.319467793710403,2546.54,4.037315054936368,2546.5700000000006,7.410090757594704,2546.53,9.344587939248374,2546.5800000000004,4.133123421075043,2546.52,5.254222772969476,2546.5900000000006,3.6136747389251545,2546.51,7.369519231729422,2546.6000000000004,2.1400187770084287,2546.5,7.644905001976298,2546.6100000000006,3.9594542242795665,2546.4900000000002,6.333215472133689,2546.6200000000003,16.770499685040097,2546.48,6.609077865622637,2546.6300000000006,5.310120920300288,2546.4700000000003,1.0616961798291755,2546.6400000000003,8.790402810722606,2546.46,0.6988523933579774,2546.6500000000005,0.8534372575610782
1710000022.3499787,100446,ETHUSDT,2546.55,7.06420276214178,2546.5600000000004,5.154885718394448,2546.54,4.160394494977015,2546.5700000000006,28.000656684229032,2546.53,4.383563643341761,2546.5800000000004,3.6960186771642936,2546.52,3.4585147054191396,2546.5900000000006,9.096130037199512,2546.51,3.788846784891941,2546.6000000000004,2.3988828881005215,2546.5,4.190517519546464,2546.6100000000006,4.025645030812747,2546.4900000000002,2.918357958352243,2546.6200000000003,1.7372821461490124,2546.48,7.652571886379791,2546.6300000000006,1.0450478588222052,2546.4700000000003,7.368117349119275,2546.6400000000003,3.078336784626421,2546.46,2.7241392230314725,2546.6500000000005,5.376075890794614
1710000022.3999786,100447,ETHUSDT,2546.55,7.388664648374542,2546.5600000000004,6.603145691217318,2546.54,5.01703973634521,2546.5700000000006,8.11487962981355,2546.53,4.511809525502382,2546.5800000000004,7.1585054225555815,2546.52,5.95963700899846,2546.5900000000006,8.086495826365185,2546.51,5.003146561074512,2546.6000000000004,10.659677348730714,2546.5,2.452000989001677,2546.6100000000006,4.571042312987824,2546.4900000000002,1.683313382674037,2546.6200000000003,1.967282708931985,2546.48,2.9126359337634895,2546.6300000000006,1.586375825573025,2546.4700000000003,5.10225087259144,2546.6400000000003,0.6615192451433108,2546.46,5.857387926078089,2546.6500000000005,1.3550456662731516
1710000022.4499786,100448,ETHUSDT,2546.55,12.341031729033922,2546.5600000000004,4.9821316552578665,2546.54,4.006076468065578,2546.5700000000006,11.163618116487713,2546.53,3.5710884222267305,2546.5800000000004,9.993690840103595,2546.52,5.361627177721772,2546.5900000000006,7.8077636647257265,2546.51,6.610842639934981,2546.6000000000004,5.639598535313003,2546.5,2.7358721656137828,2546.6100000000006,8.188098965199266,2546.4900000000002,4.924474209088411,2546.6200000000003,3.1840840843232447,2546.48,0.9998776942491441,2546.6300000000006,5.825810278316613,2546.4700000000003,6.783601717855718,2546.6400000000003,0.4556456393564421,2546.46,1.1744351731543299,2546.6500000000005,9.655810710642141
1710000022.4999785,100449,ETHUSDT,2546.54,7.574361360192773,2546.56,5.186370988765529,2546.5299999999997,5.2741660215290045,2546.57,3.2575052160306552,2546.52,13.85200970851357,2546.58,8.237942012580753,2546.5099999999998,7.069329557482304,2546.59,2.523473116595078,2546.5,8.144263303222733,2546.6,5.272224088915559,2546.49,1.9749672204218727,2546.61,11.147759453728883,2546.48,3.4537992903754198,2546.62,5.983434607813095,2546.47,1.5524701868875272,2546.63,1.270572387511324,2546.46,4.23168891826547,2546.64,1.602192947878974,2546.45,7.589902514326966,2546.65,0.7810021695982716
1710000022.5499785,100450,ETHUSDT,2546.55,6.532800751878948,2546.5600000000004,5.135339937329123,2546.54,18.408969030707638,2546.5700000000006,4.3258273695012335,2546.53,5.840675615878531,2546.5800000000004,3.150338108072292,2546.52,2.781915436821612,2546.5900000000006,11.150453090260863,2546.51,3.5075802151131352,2546.6000000000004,3.7394767740827826,2546.5,4.217119083369312,2546.6100000000006,2.351598351280633,2546.4900000000002,10.449591298875127,2546.6200000000003,2.711836100453704,2546.48,2.3961798635053024,2546.6300000000006,4.094745556666326,2546.4700000000003,4.618525063426864,2546.6400000000003,0.932999891395067,2546.46,7.706990964437915,2546.6500000000005,2.258903507883556
1710000022.5999784,100451,ETHUSDT,2546.56,8.788692615405033,2546.57,5.421542490463928,2546.5499999999997,4.650372482192993,2546.5800000000004,3.542907360606206,2546.54,3.9638501223614973,2546.59,8.417060250275949,2546.5299999999997,2.8704613277677766,2546.6000000000004,3.580264724486752,2546.52,5.721968434064184,2546.61,7.174440446427681,2546.5099999999998,3.548534824687401,2546.6200000000003,8.31845401041921,2546.5,2.198031317073546,2546.63,5.680152759849607,2546.49,2.2488040906618245,2546.6400000000003,1.1643294394734185,2546.48,2.4585660362632398,2546.65,11.083191782478771,2546.47,11.7595722307217,2546.6600000000003,2.885225864804725
1710000022.6499784,100452,ETHUSDT,2546.55,6.147721507491933,2546.5600000000004,3.7236894933250375,2546.54,7.407878371155924,2546.5700000000006,5.6690745485436,2546.53,6.8677485122171,2546.5800000000004,4.710126077782505,2546.52,5.540832034306833,2546.5900000000006,20.35581939015848,2546.51,6.83859450164179,2546.6000000000004,8.471150087942043,2546.5,6.350427705377282,2546.6100000000006,1.7894415769331729,2546.4900000000002,1.2041382222900723,2546.6200000000003,2.4112613705532726,2546.48,12.55256163693814,2546.6300000000006,4.986626556593242,2546.4700000000003,2.926993292010053,2546.6400000000003,19.045922524326187,2546.46,4.988803835727696,2546.6500000000005,12.848367940976107
1710000022.6999784,100453,ETHUSDT,2546.55,5.019120950682332,2546.5600000000004,4.942530424202214,2546.54,4.855775308265471,2546.5700000000006,6.218451769158005,2546.53,9.439403242275356,2546.5800000000004,10.586749632133136,2546.52,5.846850697075997,2546.5900000000006,10.588794712411243,2546.51,3.4579456510892697,2546.6000000000004,4.813133039756826,2546.5,2.65811728495704,2546.6100000000006,13.516656146096528,2546.4900000000002,2.3853785560668457,2546.6200000000003,3.3218265881480353,2546.48,7.35115791835751,2546.6300000000006,1.3681979491668548,2546.4700000000003,5.100678843696498,2546.6400000000003,3.2603885282280927,2546.46,3.4470779610957387,2546.6500000000005,0.4542792599504015
1710000022.7499783,100454,ETHUSDT,2546.55,3.8471387518293643,2546.5600000000004,9.78618674778754,2546.54,13.412399267325561,2546.5700000000006,11.019828348218573,2546.53,4.261565605971749,2546.5800000000004,2.8803617656299307,2546.52,3.58425661742341,2546.5900000000006,8.261040784877947,2546.51,2.220984083165408,2546.6000000000004,4.033975530694045,2546.5,5.241161661791963,2546.6100000000006,12.320027976711959,2546.4900000000002,3.0676389311029726,2546.6200000000003,1.2692045340563376,2546.48,13.081264215057558,2546.6300000000006,3.545070505243684,2546.4700000000003,3.1324322253420447,2546.6400000000003,0.8351487410983697,2546.46,0.12465428688039105,2546.6500000000005,4.946665311912091
1710000022.7999783,100455,ETHUSDT,2546.55,16.489242261432786,2546.57,4.891780882287106,2546.54,6.458249429178589,2546.5800000000004,3.6828345160289278,2546.53,5.849597110510333,2546.59,4.6172799494910555,2546.52,6.009699140635913,2546.6000000000004,7.9059837312704975,2546.51,6.29541002658769,2546.61,16.679812800055494,2546.5,5.661773809957317,2546.6200000000003,12.584207633712762,2546.4900000000002,1.2534972894903105,2546.63,4.420968722959786,2546.48,5.468651788665515,2546.6400000000003,4.599963293652822,2546.4700000000003,15.776119965792551,2546.65,1.170257446371249,2546.46,0.3190427895836021,2546.6600000000003,3.9634420924267553
1710000022.8499782,100456,ETHUSDT,2546.56,6.897289390898322,2546.57,7.455538540532983,2546.5499999999997,7.594136312207353,2546.5800000000004,9.208713923356001,2546.54,4.53976333541253,2546.59,3.440251354107362,2546.5299999999997,6.2354319847693045,2546.6000000000004,2.8396746739448013,2546.52,18.038364020190784,2546.61,6.230138911995132,2546.5099999999998,7.249217551284431,2546.6200000000003,4.792823864031984,2546.5,5.2135080135500695,2546.63,6.48416009552226,2546.49,3.4893747271680855,2546.6400000000003,2.1348604688215147,2546.48,6.339311938452511,2546.65,3.216923958855356,2546.47,7.9150760771670186,2546.6600000000003,8.03132602927216
1710000022.8999782,100457,ETHUSDT,2546.58,8.222516391492553,2546.59,4.096014738640635,2546.5699999999997,6.995781712126872,2546.6000000000004,17.153456981038318,2546.56,14.23730077293717,2546.61,7.838180583805526,2546.5499999999997,7.847207579651267,2546.6200000000003,8.088974998714376,2546.54,17.263378749551805,2546.63,5.552520830334977,2546.5299999999997,5.842051868239757,2546.6400000000003,3.828433203727491,2546.52,1.482298280588532,2546.65,1.9605965000396957,2546.5099999999998,2.790137983710033,2546.6600000000003,9.800590324526901,2546.5,0.40773902399891016,2546.67,2.9854106208478948,2546.49,1.0135441725036463,2546.6800000000003,6.673915845504726
1710000022.949978,100458,ETHUSDT,2546.57,4.4247548182714755,2546.5800000000004,5.558823396285494,2546.56,9.86620703179895,2546.5900000000006,3.347674033010734,2546.55,5.697821891570187,2546.6000000000004,7.0018726141861976,2546.54,7.296229936354431,2546.6100000000006,15.703249355532511,2546.53,2.9658537316294766,2546.6200000000003,2.4206327234186076,2546.52,6.8349557147266875,2546.6300000000006,2.2325035414176657,2546.51,3.9578353080623927,2546.6400000000003,4.003767211564227,2546.5,4.226501270072539,2546.6500000000005,1.3354747946487242,2546.4900000000002,1.661777156470016,2546.6600000000003,8.610817971831231,2546.48,5.306026075054733,2546.6700000000005,6.250396446666343
1710000022.999978,100459,ETHUSDT,2546.56,4.606802055734279,2546.57,5.881911092256015,2546.5499999999997,6.221726863151639,2546.5800000000004,4.409694261962168,2546.54,3.5192872710885497,2546.59,5.625335147623157,2546.5299999999997,4.242251794783163,2546.6000000000004,6.629161515192574,2546.52,2.463668604009809,2546.61,4.637341087465179,2546.5099999999998,4.805265384882227,2546.6200000000003,4.7649537366612105,2546.5,14.27067978315246,2546.63,9.245211572847694,2546.49,2.5236457029885013,2546.6400000000003,5.142270800198708,2546.48,7.585984628493765,2546.65,6.270705718385683,2546.47,0.6199645388292023,2546.6600000000003,4.861763549053774
1710000023.049978,100460,ETHUSDT,2546.57,18.22880131993329,2546.5800000000004,4.35504720091982,2546.56,6.004305025127739,2546.5900000000006,8.596121376370231,2546.55,5.9328688223032415,2546.6000000000004,4.403467207633778,2546.54,2.426761551567649,2546.6100000000006,4.145008568968635,2546.53,5.805290487446053,2546.6200000000003,5.649386700316816,2546.52,2.6064827577955794,2546.6300000000006,1.7771520329540558,2546.51,6.569007415289117,2546.6400000000003,2.6078261100020454,2546.5,1.7946229705244192,2546.6500000000005,1.5899770087086331,2546.4900000000002,1.1390016317763796,2546.6600000000003,15.322694104489763,2546.48,0.12539123888402004,2546.6700000000005,1.4553911069680585
1710000023.099978,100461,ETHUSDT,2546.57,7.2246838353059974,2546.5800000000004,4.698865405955795,2546.56,4.251764315858313,2546.5900000000006,3.9826058106542734,2546.55,12.793493017875893,2546.6000000000004,15.300640524992748,2546.54,5.693813811850581,2546.6100000000006,5.575058614051323,2546.53,3.7755643012807694,2546.6200000000003,3.607517158579748,2546.52,14.515643456584588,2546.6300000000006,6.973834769882284,2546.51,9.779091689648979,2546.6400000000003,2.485078335563112,2546.5,9.847332592823548,2546.6500000000005,7.425170559600375,2546.4900000000002,5.003210544020987,2546.6600000000003,0.9904306208641619,2546.48,1.3262313311901865,2546.6700000000005,2.9896628224436763
1710000023.149978,100462,ETHUSDT,2546.56,7.018706514391832,2546.58,4.150376837112354,2546.5499999999997,6.622828018167339,2546.59,4.474612981542984,2546.54,5.410595638368741,2546.6,3.4751314645673568,2546.5299999999997,12.541307975703507,2546.61,5.14896145854859,2546.52,6.505879169647542,2546.62,10.279373353912204,2546.5099999999998,3.58130535972814,2546.63,3.661691426710194,2546.5,3.7805235401882507,2546.64,10.679744234963195,2546.49,0.9538308540415915,2546.65,3.267282342400657,2546.48,11.229838080405518,2546.66,2.031610081960571,2546.47,3.1649170558660926,2546.67,0.9917462034337846
1710000023.1999779,100463,ETHUSDT,2546.56,5.998936739296104,2546.57,5.172743376583011,2546.5499999999997,9.106962657862208,2546.5800000000004,10.378554356604962,2546.54,4.238117638126347,2546.59,3.41235038295506,2546.5299999999997,4.082786559000557,2546.6000000000004,4.3743528407621906,2546.52,5.887891690053108,2546.61,6.016190342893631,2546.5099999999998,2.5428637104218446,2546.6200000000003,9.496181086546262,2546.5,4.035756389250105,2546.63,3.6870514176182123,2546.49,2.497596555286106,2546.6400000000003,9.134210525416792,2546.48,9.372263261393483,2546.65,0.8199325982721755,2546.47,6.684592126257661,2546.6600000000003,7.363595014481529
1710000023.2499778,100464,ETHUSDT,2546.56,4.356271858151154,2546.57,5.889759619578585,2546.5499999999997,3.9173559726907667,2546.5800000000004,4.3185697078171135,2546.54,17.34005625719623,2546.59,4.134585427959722,2546.5299999999997,3.9879568505325533,2546.6000000000004,4.007091789310456,2546.52,3.980006123131595,2546.61,2.549224111871829,2546.5099999999998,2.007714875374611,2546.6200000000003,8.164205244062181,2546.5,1.9666905316725778,2546.63,3.026051511524301,2546.49,0.9619810314008159,2546.6400000000003,0.926646346250096,2546.48,13.105909533715664,2546.65,2.1506010063074963,2546.47,0.4158311111367816,2546.6600000000003,0.1
1710000023.2999778,100465,ETHUSDT,2546.56,4.181813304973083,2546.57,4.18133671713343,2546.5499999999997,3.9854817670949725,2546.5800000000004,4.569875762255772,2546.54,3.7474762749197685,2546.59,5.389517986691121,2546.5299999999997,7.771708143133932,2546.6000000000004,5.194591943150096,2546.52,2.9180063017966953,2546.61,8.393465160830893,2546.5099999999998,10.801418621885624,2546.6200000000003,9.52435160541919,2546.5,1.9278753563036526,2546.63,6.860463794533127,2546.49,6.786798873432193,2546.6400000000003,3.1320572330905563,2546.48,1.0070909421301564,2546.65,0.41432495510150835,2546.47,3.2664253365030116,2546.6600000000003,1.1733395658841643
1710000023.3499777,100466,ETHUSDT,2546.57,5.473201060602314,2546.5800000000004,3.7257397696202523,2546.56,4.159040358698582,2546.5900000000006,6.029953112765223,2546.55,2.804828009337223,2546.6000000000004,3.967008301616453,2546.54,9.31010855007552,2546.6100000000006,3.827381010847164,2546.53,3.044026826820084,2546.6200000000003,4.543845461461779,2546.52,3.369640958990189,2546.6300000000006,2.2177027794787953,2546.51,1.918348137082658,2546.6400000000003,5.956018245246538,2546.5,4.738432013206972,2546.6500000000005,1.3681847277322503,2546.4900000000002,1.2276297353149188,2546.6600000000003,2.253389150641465,2546.48,0.3711794828159555,2546.6700000000005,4.348630371742576
1710000023.3999777,100467,ETHUSDT,2546.57,7.002220328932985,2546.5800000000004,4.451830135884125,2546.56,6.567528136087119,2546.5900000000006,10.28687209722625,2546.55,3.8138284880386344,2546.6000000000004,15.65570969081077,2546.54,4.310930594410935,2546.6100000000006,6.4411105245110365,2546.53,3.675518164147722,2546.6200000000003,2.683786858903193,2546.52,12.610276821386444,2546.6300000000006,14.10195374721718,2546.51,6.20866115615052,2546.6400000000003,1.5638997476534706,2546.5,3.410686134540221,2546.6500000000005,1.7365145582786587,2546.4900000000002,4.8841020266982635,2546.6600000000003,6.790602650950457,2546.48,0.9927858678939389,2546.6700000000005,5.532028272262763
1710000023.4499776,100468,ETHUSDT,2546.56,4.781116394674003,2546.58,15.84140749665554,2546.5499999999997,4.165451836974208,2546.59,9.06525339962278,2546.54,3.079440468161349,2546.6,4.317191210533784,2546.5299999999997,19.133793286990375,2546.61,2.9364904351538055,2546.52,3.2832046709384963,2546.62,2.8177025706085455,2546.5099999999998,5.750560057972729,2546.63,5.968359826684493,2546.5,3.380712765675472,2546.64,1.3250312258722008,2546.49,4.550633256878122,2546.65,2.197563466238652,2546.48,0.619254327666239,2546.66,9.255348670310077,2546.47,2.2758725870082634,2546.67,6.124097898238751
1710000023.4999776,100469,ETHUSDT,2546.57,4.843278785430391,2546.5800000000004,7.496021209490961,2546.56,4.605001561410955,2546.5900000000006,7.984564726751935,2546.55,9.138600791150699,2546.6000000000004,11.958533382805191,2546.54,4.955850461945753,2546.6100000000006,7.710449410817821,2546.53,4.181083033010477,2546.6200000000003,3.1375235511194166,2546.52,7.768493046220767,2546.6300000000006,1.7552553740531782,2546.51,1.8832979049940417,2546.6400000000003,11.371481606795413,2546.5,3.9025962781330756,2546.6500000000005,5.8703217395678235,2546.4900000000002,0.5942302241435253,2546.6600000000003,1.9859025956066767,2546.48,1.715694037280279,2546.6700000000005,0.615984066186748
1710000023.5499775,100470,ETHUSDT,2546.57,4.283533860116938,2546.5800000000004,6.965334637301514,2546.56,5.619258459829334,2546.5900000000006,4.159551047892702,2546.55,5.487035729926484,2546.6000000000004,7.631390203193996,2546.54,12.38480482054656,2546.6100000000006,8.79003027480162,2546.53,2.1626168189749744,2546.6200000000003,4.448956774280816,2546.52,10.646479525598801,2546.6300000000006,2.442728046534868,2546.51,19.81959246593898,2546.6400000000003,15.060727179413789,2546.5,3.9164906558720283,2546.6500000000005,2.168962997280641,2546.4900000000002,4.788306605596046,2546.6600000000003,0.47631136121000567,2546.48,1.3863107316319003,2546.6700000000005,10.4012912922731
1710000023.5999775,100471,ETHUSDT,2546.57,4.013196687264348,2546.5800000000004,18.93025762291817,2546.56,3.8882486962976404,2546.5900000000006,3.951781375451264,2546.55,6.920045709394488,2546.6000000000004,2.931623120154518,2546.54,11.772975979524372,2546.6100000000006,5.696802885558554,2546.53,3.2809055874284434,2546.6200000000003,3.34436710589043,2546.52,4.767353497877554,2546.6300000000006,4.849655567660394,2546.51,7.5147781028991485,2546.6400000000003,7.933385058218652,2546.5,6.778418309443938,2546.6500000000005,1.667519885702769,2546.4900000000002,2.404134000960474,2546.6600000000003,3.636865943602725,2546.48,4.947898313296182,2546.6700000000005,7.943575794829212
1710000023.6499774,100472,ETHUSDT,2546.57,15.306900750106644,2546.5800000000004,3.744516420309548,2546.56,5.436247699096508,2546.5900000000006,4.065011945204044,2546.55,3.7127176219233604,2546.6000000000004,3.1685709043753802,2546.54,7.272731098860869,2546.6100000000006,2.6613385896588917,2546.53,2.4303361923825255,2546.6200000000003,3.8514651862710747,2546.52,5.606419989952963,2546.6300000000006,2.1246023702060235,2546.51,1.9465514995932502,2546.6400000000003,3.3347942248158615,2546.5,8.123548981664449,2546.6500000000005,2.145570175919733,2546.4900000000002,1.7342573896809124,2546.6600000000003,8.85787257074992,2546.48,2.044063318464886,2546.6700000000005,4.856450685381409
1710000023.6999774,100473,ETHUSDT,2546.56,11.120198125576858,2546.58,3.642633948586865,2546.5499999999997,3.5617364493682193,2546.59,8.284216814112972,2546.54,4.8633891621718295,2546.6,3.456902581957949,2546.5299999999997,8.317209844079855,2546.61,4.2694524366409885,2546.52,3.3951886992670155,2546.62,2.0312797844407644,2546.5099999999998,4.067630287276753,2546.63,4.209584875349012,2546.5,10.732980907554872,2546.64,2.939549832321325,2546.49,21.98820175435254,2546.65,1.6001570033933947,2546.48,1.1121861428344886,2546.66,5.401561091422133,2546.47,13.677321061704617,2546.67,1.5831651907044157
1710000023.7499774,100474,ETHUSDT,2546.57,7.689489709650704,2546.5800000000004,7.429573023378006,2546.56,5.308614847123959,2546.5900000000006,3.721920815882814,2546.55,2.971875603296864,2546.6000000000004,3.8458055083422646,2546.54,4.048864505985487,2546.6100000000006,3.3153264018963844,2546.53,5.507990911180977,2546.6200000000003,7.987204668179301,2546.52,7.736208082959191,2546.6300000000006,6.849819969215025,2546.51,4.7551386029061495,2546.6400000000003,13.324747514256263,2546.5,11.071925415789677,2546.6500000000005,2.862019934213902,2546.4900000000002,0.5171492759234906,2546.6600000000003,2.6548374456784174,2546.48,14.304561644967636,2546.6700000000005,0.9737830647574454
1710000023.7999773,100475,ETHUSDT,2546.57,8.592459164128126,2546.5800000000004,6.242524982420177,2546.56,12.275815997977336,2546.5900000000006,5.077518099090529,2546.55,2.9574876049023904,2546.6000000000004,8.638353904530906,2546.54,4.319579062183575,2546.6100000000006,8.628861746914986,2546.53,2.759914637890428,2546.6200000000003,3.09643539333228,2546.52,12.06235416382535,2546.6300000000006,1.6387714445423456,2546.51,7.141512770455342,2546.6400000000003,2.47288264218221,2546.5,3.144798951224849,2546.6500000000005,6.969722762488454,2546.4900000000002,1.9469391743150202,2546.6600000000003,7.046269936070192,2546.48,2.0795515458257903,2546.6700000000005,16.864517843845693
1710000023.8499773,100476,ETHUSDT,2546.58,5.425293447808928,2546.59,4.263167021454674,2546.5699999999997,3.4910551907854988,2546.6000000000004,4.386369325882763,2546.56,4.683973784196014,2546.61,18.48594388513003,2546.5499999999997,2.4998366176702302,2546.6200000000003,6.123139808968466,2546.54,2.3933624530421955,2546.63,3.6907573117993113,2546.5299999999997,3.4534564901065155,2546.6400000000003,2.5514892970493186,2546.52,9.373908147806286,2546.65,6.348471837335773,2546.5099999999998,2.8177957852226596,2546.6600000000003,3.37468840221886,2546.5,2.0946167751262785,2546.67,5.903877946234745,2546.49,1.4321090801361127,2546.6800000000003,4.186836390132699
1710000023.8999772,100477,ETHUSDT,2546.58,10.929526141851989,2546.59,7.745274824308279,2546.5699999999997,4.0918867459053185,2546.6000000000004,4.806363173828807,2546.56,6.522358961664393,2546.61,9.081760328326467,2546.5499999999997,2.470014410235852,2546.6200000000003,4.164542340672866,2546.54,2.767743039189382,2546.63,6.012537843478514,2546.5299999999997,2.4497388898284016,2546.6400000000003,20.781076473582637,2546.52,16.91520554586182,2546.65,4.345444679485002,2546.5099999999998,3.5067298963941784,2546.6600000000003,1.9926566136635921,2546.5,4.728659883668916,2546.67,6.493685694445348,2546.49,2.036199338292233,2546.6800000000003,8.480918637857908
1710000023.9499772,100478,ETHUSDT,2546.58,13.42322904541197,2546.59,4.49484371521915,2546.5699999999997,9.059239170543743,2546.6000000000004,4.8328072413481165,2546.56,3.0210064718454945,2546.61,6.900482337507848,2546.5499999999997,4.874777104631965,2546.6200000000003,5.925089563333744,2546.54,8.619045209358173,2546.63,2.1873420042377076,2546.5299999999997,14.466713077245926,2546.6400000000003,3.013790833306264,2546.52,6.8810805920770735,2546.65,2.2708976047173817,2546.5099999999998,4.5955857230867165,2546.6600000000003,4.807171130575386,2546.5,1.9909478931642148,2546.67,1.9745952334145556,2546.49,0.1,2546.6800000000003,3.903832654006178
1710000023.999977,100479,ETHUSDT,2546.58,3.7886362549285435,2546.59,3.690635920784245,2546.5699999999997,3.9011404909477387,2546.6000000000004,3.4460407953491416,2546.56,3.9055977282454046,2546.61,6.435571152074542,2546.5499999999997,4.051441454763599,2546.6200000000003,13.069154031423809,2546.54,2.2305401047926474,2546.63,2.967649464860278,2546.5299999999997,11.509526800747532,2546.6400000000003,10.254712376101022,2546.52,4.71356961076383,2546.65,1.922086369350307,2546.5099999999998,6.9190829615684954,2546.6600000000003,1.375694527698244,2546.5,0.9556211960690413,2546.67,3.2853604648202035,2546.49,0.4045329983091496,2546.6800000000003,1.2963274498930986
1710000024.049977,100480,ETHUSDT,2546.58,3.607948717362476,2546.59,8.173532122103838,2546.5699999999997,22.4973461151467,2546.6000000000004,3.4317297894862695,2546.56,8.116477642403774,2546.61,5.3099389930543985,2546.5499999999997,11.143874792762327,2546.6200000000003,2.82239078505044,2546.54,4.642767516629045,2546.63,9.219359485477067,2546.5299999999997,8.501550951702624,2546.6400000000003,1.8868434499117115,2546.52,1.5462911139265807,2546.65,26.11440112194164,2546.5099999999998,7.8286900319752695,2546.6600000000003,2.2671032726302665,2546.5,1.6633016773348825,2546.67,3.000336196877604,2546.49,4.270847067633525,2546.6800000000003,3.5590306784836288
1710000024.099977,100481,ETHUSDT,2546.58,5.666914128549324,2546.59,8.496839806049193,2546.5699999999997,13.10921316277695,2546.6000000000004,5.273724902142237,2546.56,5.451563421719713,2546.61,5.18661304066082,2546.5499999999997,2.952434846554409,2546.6200000000003,5.81088709372184,2546.54,2.241276843537702,2546.63,14.82997224958351,2546.5299999999997,12.210880311065365,2546.6400000000003,4.3503396894094575,2546.52,3.1049932794569743,2546.65,6.4837559781925895,2546.5099999999998,2.2208782067435022,2546.6600000000003,4.319740139077202,2546.5,2.873522289687796,2546.67,3.9350297184477894,2546.49,1.5422582908333275,2546.6800000000003,0.29335624392793547
1710000024.149977,100482,ETHUSDT,2546.59,4.138929170176915,2546.6000000000004,8.964064011228368,2546.58,10.768280486181242,2546.6100000000006,8.98890890891268,2546.57,4.7012927058655505,2546.6200000000003,17.84657094447987,2546.56,7.755656334572826,2546.6300000000006,4.087742652661614,2546.55,9.161791065656644,2546.6400000000003,5.322890995964247,2546.54,2.115889168960102,2546.6500000000005,3.6292537082196423,2546.53,2.7383121709233005,2546.6600000000003,10.816824456672784,2546.52,2.762855322196847,2546.6700000000005,18.106459645702117,2546.51,4.073798430474838,2546.6800000000003,1.4597973264275823,2546.5,1.1364252895783564,2546.6900000000005,1.9391588731417913
1710000024.199977,100483,ETHUSDT,2546.6,5.91043699353719,2546.61,3.949152539564225,2546.5899999999997,4.5259564444003715,2546.6200000000003,6.157279622130693,2546.58,3.487885905694811,2546.63,6.6881328227066845,2546.5699999999997,4.526867167178947,2546.6400000000003,5.705153824450435,2546.56,3.5865317476687872,2546.65,13.640242161279167,2546.5499999999997,1.860522879600803,2546.6600000000003,1.758039472584801,2546.54,2.066282205334335,2546.67,1.487017834811418,2546.5299999999997,4.443565399616419,2546.6800000000003,1.827845885734538,2546.52,2.5327047923926065,2546.69,5.5012060753575955,2546.5099999999998,3.843101908433728,2546.7000000000003,1.5879595114364937
1710000024.2499769,100484,ETHUSDT,2546.6,4.01646190383578,2546.61,9.981474742963337,2546.5899999999997,4.626863189434154,2546.6200000000003,10.156931577169292,2546.58,5.7679271347885805,2546.63,5.812717006487985,2546.5699999999997,4.392103459376484,2546.6400000000003,7.353907649010559,2546.56,4.707993599384704,2546.65,6.423422580431257,2546.5499999999997,5.688647312159274,2546.6600000000003,3.91297772606383,2546.54,13.99454337145102,2546.67,7.415848219015757,2546.5299999999997,4.30139043582984,2546.6800000000003,7.310166125750677,2546.52,2.587320004934026,2546.69,1.7333107771768308,2546.5099999999998,1.9796105406671975,2546.7000000000003,0.1
1710000024.2999768,100485,ETHUSDT,2546.6,5.842768599482451,2546.62,7.1927026089365995,2546.5899999999997,4.568310773643942,2546.63,10.06993086804722,2546.58,3.6313257202427085,2546.64,5.31779041132453,2546.5699999999997,5.222556042790149,2546.65,5.55386978611783,2546.56,3.519838956701956,2546.66,4.04879921083074,2546.5499999999997,4.810194124605819,2546.67,6.360777736213029,2546.54,3.7095452652993104,2546.68,2.077134008456359,2546.5299999999997,1.3134109122173414,2546.69,3.5493253220332814,2546.52,0.4876763224695694,2546.7,5.116637369773369,2546.5099999999998,1.611438013537578,2546.71,2.9813261690028665
1710000024.3499768,100486,ETHUSDT,2546.6,6.405765966913314,2546.62,4.6668558543696435,2546.5899999999997,20.782116905911963,2546.63,5.183707506323289,2546.58,5.079766939812153,2546.64,14.544463631016567,2546.5699999999997,7.766984349999242,2546.65,3.9122946541638006,2546.56,6.60785339847446,2546.66,3.8903559928114317,2546.5499999999997,5.138388432407034,2546.67,3.6191636261787994,2546.54,2.1935670239363243,2546.68,3.5427709155821354,2546.5299999999997,4.774268295007802,2546.69,4.982129677218677,2546.52,1.5422929539352586,2546.7,0.9398688526585455,2546.5099999999998,2.1837458355731,2546.71,0.1462306176617291
1710000024.3999767,100487,ETHUSDT,2546.6,8.632437345286483,2546.63,7.267877424609443,2546.5899999999997,3.3855513650298636,2546.6400000000003,4.460523800268627,2546.58,3.324476763638719,2546.65,19.219255718919946,2546.5699999999997,2.744658861650515,2546.6600000000003,2.8424213307133854,2546.56,7.6173659848973205,2546.67,5.9725851217684784,2546.5499999999997,14.471269296612503,2546.6800000000003,2.4732547866059402,2546.54,1.5198892476698378,2546.69,4.087001613669454,2546.5299999999997,0.8438010624920541,2546.7000000000003,1.0864260846310345,2546.52,5.432350238889956,2546.71,8.279800645146388,2546.5099999999998,1.438529781774654,2546.7200000000003,3.213529706330692
1710000024.4499767,100488,ETHUSDT,2546.61,4.096975449762291,2546.63,6.535257025118146,2546.6,6.9934244070696,2546.6400000000003,5.229601929491782,2546.59,3.526524303306697,2546.65,3.087271272637782,2546.58,18.10116460925038,2546.6600000000003,4.997028954131302,2546.57,5.15849684980011,2546.67,8.919244421320084,2546.56,2.9257741645369615,2546.6800000000003,3.452872542000091,2546.55,2.020533444630373,2546.69,5.372804225211131,2546.54,1.2882582024146592,2546.7000000000003,5.105793556093785,2546.53,1.3800338178039606,2546.71,1.3112794148912896,2546.52,0.1,2546.7200000000003,0.7408953618306284
1710000024.4999766,100489,ETHUSDT,2546.62,4.000641486191064,2546.64,3.6031334605571974,2546.6099999999997,10.563667197427264,2546.65,6.5525058019357285,2546.6,5.125200373567551,2546.66,3.234560021755682,2546.5899999999997,15.77313966206997,2546.67,7.192840049521277,2546.58,3.014289259008731,2546.68,3.3549936888145107,2546.5699999999997,4.991761997050651,2546.69,10.991393227729622,2546.56,2.922656977122167,2546.7,11.27006995601555,2546.5499999999997,2.9485088039351552,2546.71,4.896840645095907,2546.54,5.233328052408492,2546.72,4.36228864473013,2546.5299999999997,3.373104554283416,2546.73,0.1
1710000024.5499766,100490,ETHUSDT,2546.63,4.269549788005992,2546.6400000000003,5.049067159783116,2546.62,3.731456937878828,2546.6500000000005,4.072605549024553,2546.61,2.86210304756302,2546.6600000000003,6.68067476816449,2546.6,3.219693799871564,2546.6700000000005,2.5111191295224717,2546.59,2.1273362752881364,2546.6800000000003,3.8400823578233947,2546.58,8.14952055940486,2546.6900000000005,2.028582683188821,2546.57,6.021540757295506,2546.7000000000003,4.835117479953033,2546.56,2.204305327475849,2546.7100000000005,2.125501082822913,2546.55,10.813404582055037,2546.7200000000003,1.2142100645077298,2546.54,1.7023864791521335,2546.7300000000005,1.5905340047681686
1710000024.5999765,100491,ETHUSDT,2546.65,3.970296120723508,2546.6600000000003,16.90604503870059,2546.64,7.953273090983735,2546.6700000000005,3.372572719305117,2546.63,6.437770587212674,2546.6800000000003,5.9016896064665865,2546.62,2.469550049219556,2546.6900000000005,3.968784100198569,2546.61,4.455710562624796,2546.7000000000003,3.653992694287561,2546.6,5.062149210303988,2546.7100000000005,4.297554664860886,2546.59,5.664724807835808,2546.7200000000003,7.822148818819587,2546.58,1.7149885042540949,2546.7300000000005,2.4098899187062335,2546.57,5.897913294776936,2546.7400000000002,6.473638643689325,2546.56,0.7211703974656298,2546.7500000000005,4.001082661220214
1710000024.6499765,100492,ETHUSDT,2546.63,4.782664936328505,2546.65,3.843536055262789,2546.62,7.361471612714679,2546.6600000000003,7.236697391673912,2546.61,4.563313932206355,2546.67,19.846739316047266,2546.6,10.699788207270778,2546.6800000000003,2.904573626491632,2546.59,3.799337381081938,2546.69,8.841162591810672,2546.58,12.419171915140472,2546.7000000000003,1.677543063939085,2546.57,9.442292577126263,2546.71,17.7986189755359,2546.56,10.646557992618439,2546.7200000000003,1.4937171308968664,2546.55,3.0133453477248895,2546.73,2.303527324492314,2546.54,3.505584445256497,2546.7400000000002,0.4600111419843953
1710000024.6999764,100493,ETHUSDT,2546.64,6.564797255028342,2546.65,4.165892137348301,2546.6299999999997,3.8890462533756023,2546.6600000000003,6.02535273183401,2546.62,6.642804345425659,2546.67,11.262683774166485,2546.6099999999997,5.569221610730601,2546.6800000000003,3.918468060084787,2546.6,4.417364668369465,2546.69,2.990084835583881,2546.5899999999997,5.178723455733472,2546.7000000000003,2.7733840361739546,2546.58,9.363768753356531,2546.71,2.5454363730090663,2546.5699999999997,2.219171446509799,2546.7200000000003,0.8054874554974012,2546.56,2.0656276991111002,2546.73,2.291016094826897,2546.5499999999997,3.187766277823353,2546.7400000000002,2.2940203111874444
1710000024.7499764,100494,ETHUSDT,2546.64,28.11612226926643,2546.65,10.863218089123116,2546.6299999999997,3.5190916325497277,2546.6600000000003,4.072433183652311,2546.62,4.750134108274572,2546.67,5.457512606465476,2546.6099999999997,7.206686461309426,2546.6800000000003,5.062304435038709,2546.6,8.333876112069316,2546.69,12.30742577697979,2546.5899999999997,6.928387658458918,2546.7000000000003,3.918802691950173,2546.58,22.97928301427926,2546.71,1.2391505727399312,2546.5699999999997,6.564000558909013,2546.7200000000003,1.65897657967518,2546.56,7.7095062844179605,2546.73,12.835886383863677,2546.5499999999997,1.6183009754360023,2546.7400000000002,7.258500800543458
1710000024.7999763,100495,ETHUSDT,2546.63,4.520550349961814,2546.6400000000003,10.06667151647786,2546.62,9.549087185212414,2546.6500000000005,5.703942824876009,2546.61,9.063684801739377,2546.6600000000003,7.562177317364924,2546.6,11.820578288136128,2546.6700000000005,3.4426264182276287,2546.59,9.464460109564932,2546.6800000000003,4.2576701906364995,2546.58,2.5752785935092657,2546.6900000000005,4.326115654376251,2546.57,2.2571042254201874,2546.7000000000003,7.26934748484137,2546.56,7.107330158548175,2546.7100000000005,1.4247516332770962,2546.55,23.079514025418767,2546.7200000000003,8.728898920224456,2546.54,2.161635431785663,2546.7300000000005,8.343656242015436
1710000024.8499763,100496,ETHUSDT,2546.63,5.66551836812638,2546.65,6.564332538137603,2546.62,3.949940852886905,2546.6600000000003,4.7191837794818765,2546.61,6.727301840954679,2546.67,3.8857039710837604,2546.6,3.7722003374783757,2546.6800000000003,2.5168840600764923,2546.59,10.262473406021677,2546.69,6.478735831883115,2546.58,8.270684634260073,2546.7000000000003,8.196542259237322,2546.57,3.929362053315771,2546.71,6.761451913915758,2546.56,2.3153792894898806,2546.7200000000003,10.311192858783924,2546.55,7.326205032268974,2546.73,8.369782294364354,2546.54,5.401509600760238,2546.7400000000002,0.1
1710000024.8999763,100497,ETHUSDT,2546.63,3.9403097118336294,2546.6400000000003,8.968682286746695,2546.62,3.9503404829243385,2546.6500000000005,6.845101290064168,2546.61,5.9626250655040245,2546.6600000000003,10.953724191695283,2546.6,6.991840192255805,2546.6700000000005,5.33791640965851,2546.59,5.519091838682846,2546.6800000000003,10.685516668012694,2546.58,1.9411075443666088,2546.6900000000005,2.7842747376227344,2546.57,2.4837648337579967,2546.7000000000003,6.903458206919963,2546.56,7.14871940099661,2546.7100000000005,6.980689653846357,2546.55,1.0120061250062344,2546.7200000000003,6.2265282136208695,2546.54,6.9681296872630645,2546.7300000000005,1.2943322367027963
1710000024.9499762,100498,ETHUSDT,2546.63,6.875342520660903,2546.65,8.731039797469554,2546.62,3.4426552922815103,2546.6600000000003,7.025590895005826,2546.61,4.12099846421375,2546.67,4.409100977675325,2546.6,7.010611506317251,2546.6800000000003,2.6025594057023427,2546.59,2.5888271498604,2546.69,12.18890530345205,2546.58,5.2302702428097785,2546.7000000000003,1.712022451957807,2546.57,2.0904820419205223,2546.71,3.6163646893747337,2546.56,2.7910398323854593,2546.7200000000003,9.090851932985855,2546.55,2.2364710827074665,2546.73,4.326063587151457,2546.54,0.1,2546.7400000000002,2.9235908943380755
1710000024.9999762,100499,ETHUSDT,2546.62,5.340037809029757,2546.65,5.880201911742448,2546.6099999999997,4.016202712714353,2546.6600000000003,3.443277510769928,2546.6,5.599591511221141,2546.67,5.185252584121477,2546.5899999999997,3.3285137055884118,2546.6800000000003,3.1458233933380386,2546.58,10.740685000782932,2546.69,11.325587030901918,2546.5699999999997,9.283061188118056,2546.7000000000003,4.496786393994224,2546.56,8.617858610233814,2546.71,1.8980788315418806,2546.5499999999997,2.4635565714454444,2546.7200000000003,1.5060179372673757,2546.54,3.6780329621519057,2546.73,6.040299111798046,2546.5299999999997,0.26907038886417517,2546.7400000000002,1.4144691376380534
1710000025.049976,100500,ETHUSDT,2546.64,12.793799877941932,2546.65,4.070593784959367,2546.6299999999997,3.4498294622802876,2546.6600000000003,6.729199536583476,2546.62,5.644040721397359,2546.67,8.221389871363902,2546.6099999999997,4.4152152335310975,2546.6800000000003,5.008189992535911,2546.6,2.149321464509293,2546.69,3.811689407359868,2546.5899999999997,3.1021313705687925,2546.7000000000003,10.366408882867894,2546.58,2.3534703495201077,2546.71,3.86145024741581,2546.5699999999997,4.859025965204516,2546.7200000000003,8.137380795159832,2546.56,5.133823304387785,2546.73,0.49859605929812256,2546.5499999999997,0.17849276935325403,2546.7400000000002,8.394976429811866
1710000025.099976,100501,ETHUSDT,2546.63,5.796485462950002,2546.6400000000003,5.277125332254002,2546.62,16.212406507588017,2546.6500000000005,6.439071110958793,2546.61,11.555738904282984,2546.6600000000003,2.9038494644618313,2546.6,3.4700478456406683,2546.6700000000005,5.112483374074506,2546.59,2.977800450544085,2546.6800000000003,9.281189054234606,2546.58,2.1784295058321588,2546.6900000000005,1.7668142000574427,2546.57,2.21941154164917,2546.7000000000003,1.8376733326949093,2546.56,3.4685386831814133,2546.7100000000005,1.7341229075384736,2546.55,13.124430524106613,2546.7200000000003,2.3663568422876984,2546.54,7.221040723092891,2546.7300000000005,1.336502463490803
1710000025.149976,100502,ETHUSDT,2546.62,5.104777684588518,2546.63,10.417693325432303,2546.6099999999997,11.998825620989173,2546.6400000000003,11.327936031622261,2546.6,11.643767336701988,2546.65,3.2374139881454616,2546.5899999999997,8.493350492038214,2546.6600000000003,7.008866461933934,2546.58,4.730738234621203,2546.67,6.103383101787006,2546.5699999999997,3.460809907760659,2546.6800000000003,6.742782986274904,2546.56,11.032006893933527,2546.69,1.3506488642320873,2546.5499999999997,2.396761846227239,2546.7000000000003,6.284790061626008,2546.54,4.180240596468347,2546.71,2.3399918979032712,2546.5299999999997,2.478387424386077,2546.7200000000003,3.098631057158363
1710000025.199976,100503,ETHUSDT,2546.61,6.667114092639154,2546.63,4.036397660830183,2546.6,4.382850810549929,2546.6400000000003,4.088772293377307,2546.59,4.195040544408661,2546.65,9.565453340982506,2546.58,3.3435266846808838,2546.6600000000003,6.002901821605347,2546.57,4.010558661013308,2546.67,9.447848217323806,2546.56,3.0775329288105477,2546.6800000000003,2.0788753159269997,2546.55,1.3714097530110099,2546.69,1.6909578988722267,2546.54,2.5214862764789086,2546.7000000000003,2.4223083766708253,2546.53,4.623792490671257,2546.71,17.083642054460075,2546.52,0.8597549979477622,2546.7200000000003,9.52656117104418
1710000025.249976,100504,ETHUSDT,2546.6,11.343624042543365,2546.62,20.79615056024762,2546.5899999999997,14.76270427165959,2546.63,4.688799695773979,2546.58,4.343105773113479,2546.64,2.9197440055814377,2546.5699999999997,5.380226222467476,2546.65,2.9835081628311104,2546.56,5.507883273451241,2546.66,4.949377327175396,2546.5499999999997,2.444682668401154,2546.67,8.503745805177921,2546.54,3.9072862069959475,2546.68,4.211667586333132,2546.5299999999997,6.106760989875523,2546.69,2.1292936020089446,2546.52,2.66279101366979,2546.7,2.9025772705092705,2546.5099999999998,7.707030799004658,2546.71,4.945816350349872
1710000025.2999759,100505,ETHUSDT,2546.61,12.358088862624358,2546.6200000000003,4.482046133135581,2546.6,16.576036525763037,2546.6300000000006,5.432340955467341,2546.59,2.9358179213160507,2546.6400000000003,3.059278243640619,2546.58,2.6486896858407785,2546.6500000000005,6.678275944528043,2546.57,8.97263690989884,2546.6600000000003,4.700211230143548,2546.56,4.830154405864834,2546.6700000000005,2.0275631295817806,2546.55,5.606009420346392,2546.6800000000003,6.100499100909482,2546.54,2.4383370414321797,2546.6900000000005,4.01046929616995,2546.53,1.4897387403337947,2546.7000000000003,0.8356428382482934,2546.52,1.4967633220466472,2546.7100000000005,0.9024146054493862
1710000025.3499758,100506,ETHUSDT,2546.61,22.838451503683785,2546.6200000000003,3.8447891497602864,2546.6,8.404181221835739,2546.6300000000006,3.4022683849522135,2546.59,6.315143277324747,2546.6400000000003,4.3680362647138855,2546.58,5.335629483595234,2546.6500000000005,7.8465360882364195,2546.57,4.851463522675813,2546.6600000000003,4.929359734780046,2546.56,3.71331987620754,2546.6700000000005,8.327731849009476,2546.55,4.298369459096829,2546.6800000000003,7.2737408625376,2546.54,7.569923466681143,2546.6900000000005,4.884158193111954,2546.53,7.321112086393207,2546.7000000000003,1.4125033766767743,2546.52,0.40342674208648643,2546.7100000000005,2.045471097533196
1710000025.3999758,100507,ETHUSDT,2546.6,10.394358320987221,2546.61,3.8838313749904554,2546.5899999999997,7.486745462212536,2546.6200000000003,7.314986850339286,2546.58,4.4271097772249,2546.63,14.074858710867696,2546.5699999999997,2.4717424794686185,2546.6400000000003,7.373360619303748,2546.56,3.3163643002827747,2546.65,2.0530178279101214,2546.5499999999997,2.0145382845148023,2546.6600000000003,4.257736873759148,2546.54,3.0122043808516104,2546.67,2.6425229662363705,2546.5299999999997,0.8471113186373572,2546.6800000000003,0.8124628743386167,2546.52,9.828667637738148,2546.69,4.512600268541307,2546.5099999999998,2.3234257994293337,2546.7000000000003,1.011979267168317
1710000025.4499757,100508,ETHUSDT,2546.6,4.282780222946476,2546.61,13.123597205480413,2546.5899999999997,4.385612264903385,2546.6200000000003,6.230854478684142,2546.58,5.29833672315837,2546.63,11.3528644843437,2546.5699999999997,3.145737868694542,2546.6400000000003,5.907563890328664,2546.56,7.731382118517512,2546.65,3.570592555866062,2546.5499999999997,4.803629178319422,2546.6600000000003,11.188799217081156,2546.54,4.0584856014877,2546.67,5.528239044344558,2546.5299999999997,2.644346266606205,2546.6800000000003,3.015391144241743,2546.52,0.9778799720029957,2546.69,1.907121986597545,2546.5099999999998,6.736215460312679,2546.7000000000003,2.554442383255118
1710000025.4999757,100509,ETHUSDT,2546.61,6.595526485661903,2546.6200000000003,6.071225210281984,2546.6,11.684724740702702,2546.6300000000006,4.387759789394334,2546.59,3.095920847741464,2546.6400000000003,7.3780598309544025,2546.58,16.52571574614769,2546.6500000000005,13.177835646998266,2546.57,2.141568044217478,2546.6600000000003,3.917909398090254,2546.56,4.473557614805729,2546.6700000000005,7.811343374545309,2546.55,12.732534968715626,2546.6800000000003,5.460888838292842,2546.54,1.585607220697308,2546.6900000000005,1.010813622505097,2546.53,1.8175030583218037,2546.7000000000003,6.762197634020788,2546.52,12.421603017657256,2546.7100000000005,2.2480678125818443
1710000025.5499756,100510,ETHUSDT,2546.61,13.30122725844858,2546.6200000000003,6.026537426319468,2546.6,12.892723625412007,2546.6300000000006,6.0844325567923105,2546.59,3.4918825052050755,2546.6400000000003,6.563690300792539,2546.58,9.890211921265363,2546.6500000000005,8.117400312947135,2546.57,7.820640039449282,2546.6600000000003,2.1415674981267623,2546.56,5.52612527285545,2546.6700000000005,8.074437319643451,2546.55,1.767509594715741,2546.6800000000003,23.70943573600628,2546.54,2.2685261496393903,2546.6900000000005,4.522498937409564,2546.53,5.879595539153965,2546.7000000000003,0.8028413950918637,2546.52,7.047348326067465,2546.7100000000005,15.539125900820874
1710000025.5999756,100511,ETHUSDT,2546.61,5.480319110490804,2546.6200000000003,4.20956283154193,2546.6,17.37499441245533,2546.6300000000006,3.769383639831089,2546.59,5.5324374548351525,2546.6400000000003,4.813938647246383,2546.58,9.92053770913844,2546.6500000000005,3.1416692014108394,2546.57,2.7941566188508844,2546.6600000000003,3.361202477519134,2546.56,12.928511359120055,2546.6700000000005,3.9085699433532537,2546.55,2.547820013730952,2546.6800000000003,6.650324018678302,2546.54,10.543317042822494,2546.6900000000005,4.6193776803942965,2546.53,0.49343328929384833,2546.7000000000003,2.947026936540189,2546.52,1.0799303170014634,2546.7100000000005,14.333383231185103
1710000025.6499755,100512,ETHUSDT,2546.61,4.82758852749175,2546.63,3.907947254969981,2546.6,9.289784493727065,2546.6400000000003,3.3060211298894524,2546.59,10.610378916515053,2546.65,9.213248975215665,2546.58,26.50872289000216,2546.6600000000003,3.3421167521309343,2546.57,3.1148745603202332,2546.67,4.759138240924994,2546.56,8.191331949598759,2546.6800000000003,10.744189374449066,2546.55,8.597393626096402,2546.69,4.799704357214476,2546.54,3.4878272482017163,2546.7000000000003,1.1683706747643532,2546.53,3.037479441796637,2546.71,0.9946192226229279,2546.52,3.2530458653055487,2546.7200000000003,0.7790389863299277
1710000025.6999755,100513,ETHUSDT,2546.62,4.057900278832516,2546.63,6.231700283560725,2546.6099999999997,8.79664061945361,2546.6400000000003,6.967329101354613,2546.6,2.8579982979080887,2546.65,5.4813786662091175,2546.5899999999997,3.8508817421208956,2546.6600000000003,5.829419244879461,2546.58,2.723132428471453,2546.67,7.327055310700405,2546.5699999999997,23.580371218185334,2546.6800000000003,2.3166328176530904,2546.56,2.1512487591707976,2546.69,5.970914798746477,2546.5499999999997,0.9823583239703272,2546.7000000000003,14.38868529338229,2546.54,7.5959066373466895,2546.71,2.1745734102192764,2546.5299999999997,2.3210432857595475,2546.7200000000003,0.5039912452220999
1710000025.7499754,100514,ETHUSDT,2546.6,6.571310319110953,2546.63,6.54924237428136,2546.5899999999997,20.64841836494539,2546.6400000000003,3.2682965043081023,2546.58,4.6334553495765665,2546.65,8.497621317046022,2546.5699999999997,8.082081042855624,2546.6600000000003,9.189563018193953,2546.56,4.815226087716869,2546.67,9.184828409968334,2546.5499999999997,8.688536086109776,2546.6800000000003,2.219768117815911,2546.54,2.033639147784215,2546.69,3.095712749259115,2546.5299999999997,7.805802874941768,2546.7000000000003,5.726061781317371,2546.52,1.07489302253006,2546.71,2.751623567869381,2546.5099999999998,3.5394651680480207,2546.7200000000003,1.5176391244889635
1710000025.7999754,100515,ETHUSDT,2546.6,4.967894022731951,2546.62,3.9267176813844755,2546.5899999999997,4.627568014750217,2546.63,12.260319382707053,2546.58,9.011571796946566,2546.64,3.3327459097144128,2546.5699999999997,8.293451266319206,2546.65,2.756276756996783,2546.56,3.243423992284269,2546.66,7.348864591418467,2546.5499999999997,2.131173927408632,2546.67,3.1475274207579305,2546.54,9.523717419326985,2546.68,1.8984813505069242,2546.5299999999997,3.9843943628535765,2546.69,0.8637609497952132,2546.52,0.8387765062646009,2546.7,3.3770463647271525,2546.5099999999998,1.0851916125122683,2546.71,6.400850845835156
1710000025.8499753,100516,ETHUSDT,2546.61,9.761952153734944,2546.63,9.375585567558572,2546.6,18.365648153693417,2546.6400000000003,8.076603535218439,2546.59,6.0111330908555916,2546.65,10.257808525933367,2546.58,2.6370812271580926,2546.6600000000003,4.466422343594944,2546.57,2.3931025911616226,2546.67,2.1606558986507554,2546.56,2.49458111515204,2546.6800000000003,10.126099898779573,2546.55,6.489694418016091,2546.69,1.9776802137270422,2546.54,1.9582875826170698,2546.7000000000003,1.100845758995061,2546.53,3.5682927744456534,2546.71,1.3533793096848896,2546.52,0.5826727678595983,2546.7200000000003,5.279988245388989
1710000025.8999753,100517,ETHUSDT,2546.62,11.957163119399645,2546.63,3.7653605715540897,2546.6099999999997,8.926399163147385,2546.6400000000003,10.49826769151958,2546.6,8.582587343609957,2546.65,8.061154022319212,2546.5899999999997,14.999347498236139,2546.6600000000003,12.112080976231946,2546.58,5.213180703368561,2546.67,2.448132791128891,2546.5699999999997,5.917206671041617,2546.6800000000003,3.50242981850883,2546.56,1.6769603583530508,2546.69,1.2437683412242146,2546.5499999999997,2.5314281593564973,2546.7000000000003,8.222183845523912,2546.54,0.46911557678676913,2546.71,4.6549689697160685,2546.5299999999997,6.966703103410658,2546.7200000000003,1.8038769136844466
1710000025.9499753,100518,ETHUSDT,2546.63,5.6391370692611815,2546.6400000000003,3.86607148639625,2546.62,6.78894847514041,2546.6500000000005,11.575016167238083,2546.61,6.1058367466771575,2546.6600000000003,7.916842302740532,2546.6,4.695201519350569,2546.6700000000005,3.0221968193574775,2546.59,4.905865613248501,2546.6800000000003,4.175025592532954,2546.58,8.78152691751033,2546.6900000000005,4.9860510270934375,2546.57,9.969733419639681,2546.7000000000003,1.4651817500622635,2546.56,3.522061064558553,2546.7100000000005,1.1686596669442677,2546.55,10.554637484862926,2546.7200000000003,11.490975532974304,2546.54,5.650226054265979,2546.7300000000005,3.0086329078732765
1710000025.9999752,100519,ETHUSDT,2546.63,3.6263034024971463,2546.6400000000003,6.753473890942629,2546.62,12.751167272295824,2546.6500000000005,8.203768753103112,2546.61,3.1180799406552855,2546.6600000000003,8.419872999460297,2546.6,6.91080574351693,2546.6700000000005,4.928995285349032,2546.59,6.028975811558925,2546.6800000000003,2.9792393945311244,2546.58,1.991480729604758,2546.6900000000005,3.6634718540251416,2546.57,6.537238193643072,2546.7000000000003,5.2580520861606255,2546.56,5.964427804528713,2546.7100000000005,4.5770872520912995,2546.55,3.9861346904082335,2546.7200000000003,6.940433927546696,2546.54,2.188469750705607,2546.7300000000005,6.511500960735276
1710000026.0499752,100520,ETHUSDT,2546.63,4.949028339551907,2546.6400000000003,4.563076831829733,2546.62,8.940490465653394,2546.6500000000005,4.049851263093975,2546.61,4.3783659016110015,2546.6600000000003,6.648862894877343,2546.6,3.2559702803897785,2546.6700000000005,2.6109626978930183,2546.59,2.061822267878229,2546.6800000000003,8.73332377257181,2546.58,8.682386353337211,2546.6900000000005,2.412663558449836,2546.57,4.037590214567134,2546.7000000000003,1.5133236845886,2546.56,1.5027220720557386,2546.7100000000005,1.8900636117191616,2546.55,3.3011311880044065,2546.7200000000003,5.254220595574739,2546.54,6.850765101747107,2546.7300000000005,0.3761902890197777
1710000026.099975,100521,ETHUSDT,2546.64,5.328112024611384,2546.66,8.04626491678277,2546.6299999999997,3.9434792847506914,2546.67,5.753127345168021,2546.62,4.614726368644157,2546.68,3.544191077846575,2546.6099999999997,9.210563424492477,2546.69,5.5058437872609005,2546.6,2.2616839158933115,2546.7,2.9342679746589897,2546.5899999999997,3.17600257063669,2546.71,2.8804234673221645,2546.58,2.221493493038149,2546.72,1.8293844590581108,2546.5699999999997,6.138689091253597,2546.73,1.544236341636692,2546.56,5.052454820046406,2546.74,10.69882836760279,2546.5499999999997,17.207648956088562,2546.75,8.92781499798023
1710000026.149975,100522,ETHUSDT,2546.63,9.763772786972316,2546.6400000000003,4.55308462296407,2546.62,5.243441779912651,2546.6500000000005,3.4405774082571376,2546.61,4.6977866187283635,2546.6600000000003,4.360708036709045,2546.6,6.92934689203157,2546.6700000000005,6.133270956153648,2546.59,3.244055665353719,2546.6800000000003,3.1581277626436606,2546.58,3.5081617739194604,2546.6900000000005,8.281041408872076,2546.57,4.335737582472713,2546.7000000000003,2.15819656917974,2546.56,10.189226570518777,2546.7100000000005,1.709430289837898,2546.55,15.056220663131068,2546.7200000000003,2.4229483078143303,2546.54,4.785322011001012,2546.7300000000005,5.810639468594422
1710000026.199975,100523,ETHUSDT,2546.63,7.952839081720196,2546.6400000000003,7.529017268968689,2546.62,7.434151571371248,2546.6500000000005,5.336141346992884,2546.61,13.252993756258775,2546.6600000000003,5.236342506615649,2546.6,2.986521784914502,2546.6700000000005,9.312616478380388,2546.59,5.611349767741288,2546.6800000000003,4.433293027939129,2546.58,3.559229002389129,2546.6900000000005,3.1593192432588477,2546.57,2.8432231957079654,2546.7000000000003,4.583318002550936,2546.56,0.9624137279132094,2546.7100000000005,6.774004548942765,2546.55,2.4782039033299506,2546.7200000000003,2.4393208492766347,2546.54,4.730578984258311,2546.7300000000005,3.8436955684961687
1710000026.249975,100524,ETHUSDT,2546.62,5.76971890135373,2546.63,5.892821375308605,2546.6099999999997,5.1525222363755905,2546.6400000000003,5.2776344575710965,2546.6,8.3725079773257,2546.65,5.280339110937152,2546.5899999999997,6.033975680652272,2546.6600000000003,6.383132891230838,2546.58,4.438797032173474,2546.67,4.7420684884294655,2546.5699999999997,7.01810129694352,2546.6800000000003,1.7509444446134879,2546.56,3.8091471090943427,2546.69,3.169132756702873,2546.5499999999997,14.704016285477948,2546.7000000000003,1.2642578579431318,2546.54,3.847855500280705,2546.71,5.635100012209901,2546.5299999999997,6.353075050014907,2546.7200000000003,1.2009075724663238
1710000026.299975,100525,ETHUSDT,2546.61,10.443181287035006,2546.6200000000003,8.995862191654624,2546.6,8.33578850655683,2546.6300000000006,8.63669326878947,2546.59,3.4124323402670793,2546.6400000000003,6.196100254308659,2546.58,4.345104833203344,2546.6500000000005,5.222928410230858,2546.57,9.496736057445286,2546.6600000000003,7.293829261164189,2546.56,2.2343541554870754,2546.6700000000005,2.618640602833111,2546.55,17.73982699719072,2546.6800000000003,3.680094149172449,2546.54,1.568639706125175,2546.6900000000005,3.7786932096211014,2546.53,6.300217074954593,2546.7000000000003,0.5246633137165775,2546.52,7.950952193932812,2546.7100000000005,5.89278751461002
1710000026.3499749,100526,ETHUSDT,2546.61,12.610443857735643,2546.6200000000003,3.856032896754131,2546.6,3.8473695133001904,2546.6300000000006,15.42056496761177,2546.59,3.5443751811171196,2546.6400000000003,6.869297968265528,2546.58,5.860294744057584,2546.6500000000005,12.335057442237574,2546.57,2.439884482456998,2546.6600000000003,6.33744760424089,2546.56,23.470081803532715,2546.6700000000005,2.7594742350685175,2546.55,1.4903553025370007,2546.6800000000003,8.387616575566298,2546.54,3.590360523072632,2546.6900000000005,2.457897842430626,2546.53,5.695514677234825,2546.7000000000003,2.161091833055479,2546.52,1.0414036474696384,2546.7100000000005,2.031362923921351
1710000026.3999748,100527,ETHUSDT,2546.6,5.693460040678211,2546.61,18.355395639074228,2546.5899999999997,3.4206177534343594,2546.6200000000003,4.213768716998787,2546.58,9.228784655915653,2546.63,5.43098688627561,2546.5699999999997,6.776915800344944,2546.6400000000003,3.0244240645689837,2546.56,10.770954343782105,2546.65,3.6933654438418917,2546.5499999999997,2.6830908286733557,2546.6600000000003,6.5855020294857916,2546.54,5.470225837437719,2546.67,6.793369556253418,2546.5299999999997,9.051928894645513,2546.6800000000003,0.9904077829724821,2546.52,2.613211671786723,2546.69,2.6845563368847163,2546.5099999999998,0.1,2546.7000000000003,2.4915144829347553
1710000026.4499748,100528,ETHUSDT,2546.59,5.021537556468914,2546.6000000000004,3.9346071911955947,2546.58,13.728154489529484,2546.6100000000006,3.744507583761057,2546.57,3.0281483992815064,2546.6200000000003,4.238183061205268,2546.56,2.7211826039132916,2546.6300000000006,7.576706080808611,2546.55,6.559338273052218,2546.6400000000003,5.940322819826418,2546.54,14.04461164098453,2546.6500000000005,3.1445272701887474,2546.53,8.17755750286402,2546.6600000000003,2.9854841530265483,2546.52,2.165734281725614,2546.6700000000005,3.5104824064254405,2546.51,6.609143419618866,2546.6800000000003,1.89941972844411,2546.5,0.8391747699724272,2546.6900000000005,0.5883293532934163
1710000026.4999747,100529,ETHUSDT,2546.59,6.355209065947105,2546.6000000000004,5.768373230846436,2546.58,7.816022249189857,2546.6100000000006,5.443284494572783,2546.57,7.528491798266501,2546.6200000000003,7.066363891594664,2546.56,13.911543010007925,2546.6300000000006,2.611162184925045,2546.55,2.5910651461209397,2546.6400000000003,5.062006028244905,2546.54,3.97149505288864,2546.6500000000005,4.180113579791412,2546.53,1.2396770555181134,2546.6600000000003,1.5988765564570726,2546.52,2.917925088775773,2546.6700000000005,6.185430984786605,2546.51,0.7642547134759154,2546.6800000000003,7.388318632698039,2546.5,6.906930575642561,2546.6900000000005,1.5078867252624637
1710000026.5499747,100530,ETHUSDT,2546.59,6.7945296795566055,2546.6000000000004,8.21724326023172,2546.58,12.038167587025967,2546.6100000000006,3.7859702626601903,2546.57,13.313554602152688,2546.6200000000003,8.096264345107713,2546.56,8.377704109959504,2546.6300000000006,8.533218042065222,2546.55,4.5167126527606465,2546.6400000000003,2.2165043384670584,2546.54,7.358262747836891,2546.6500000000005,5.701609598052952,2546.53,6.831219702948434,2546.6600000000003,1.2391956014944987,2546.52,14.836439822905977,2546.6700000000005,1.226741294965525,2546.51,0.8250536009373903,2546.6800000000003,2.4203450973786107,2546.5,5.567788204045687,2546.6900000000005,3.099914655573505
1710000026.5999746,100531,ETHUSDT,2546.59,6.258727283906056,2546.6000000000004,10.603159482533115,2546.58,6.536687410600995,2546.6100000000006,3.8180995693921944,2546.57,19.96978272061885,2546.6200000000003,2.9455032238617327,2546.56,3.2694422008220387,2546.6300000000006,4.012732061342713,2546.55,2.3082110403122464,2546.6400000000003,2.3364983146394103,2546.54,2.2718368969619185,2546.6500000000005,1.7929777870285648,2546.53,2.736315360339286,2546.6600000000003,1.3558789865079255,2546.52,9.430676885880935,2546.6700000000005,8.199719586511529,2546.51,0.4188365223806024,2546.6800000000003,6.194720815762866,2546.5,2.167146904103181,2546.6900000000005,4.5441690368932
1710000026.6499746,100532,ETHUSDT,2546.6,3.9703386356051507,2546.61,8.610827690106994,2546.5899999999997,6.82596883600262,2546.6200000000003,7.154757619744467,2546.58,7.086388319706627,2546.63,12.235934445719138,2546.5699999999997,8.73699148662212,2546.6400000000003,6.630062751537936,2546.56,2.77532450323099,2546.65,8.50004948689903,2546.5499999999997,2.8613419585795743,2546.6600000000003,5.377116549643459,2546.54,8.262128510970765,2546.67,15.539369552018734,2546.5299999999997,0.9789684076915256,2546.6800000000003,3.904013053072295,2546.52,4.400466706034392,2546.69,7.1948193804420075,2546.5099999999998,2.9402636858571314,2546.7000000000003,10.030034881673004
1710000026.6999745,100533,ETHUSDT,2546.59,17.170473819504338,2546.6000000000004,7.918557210235976,2546.58,7.99687452292927,2546.6100000000006,3.6601693316878823,2546.57,3.8064067983090375,2546.6200000000003,4.537972799080106,2546.56,6.8244181804031525,2546.6300000000006,9.863486614108448,2546.55,7.822315753925955,2546.6400000000003,4.184906412554962,2546.54,10.854445756987468,2546.6500000000005,4.524849553749528,2546.53,9.177065790875512,2546.6600000000003,3.6903628414544927,2546.52,1.3201032115484992,2546.6700000000005,11.419844446141363,2546.51,2.7596698414834275,2546.6800000000003,2.628267299389817,2546.5,4.172196370491934,2546.6900000000005,1.4131162268200779
1710000026.7499745,100534,ETHUSDT,2546.59,4.801769519986163,2546.6000000000004,11.766910438927694,2546.58,5.735511807206037,2546.6100000000006,14.078144822359675,2546.57,2.973804945299361,2546.6200000000003,5.864037614162962,2546.56,5.428919374925394,2546.6300000000006,2.578105752714268,2546.55,3.034995925098109,2546.6400000000003,3.5525734528363584,2546.54,1.6956673574805294,2546.6500000000005,3.255805811399009,2546.53,7.881121126191831,2546.6600000000003,1.402263486008803,2546.52,6.019869407333672,2546.6700000000005,10.03677757673136,2546.51,3.210380753951754,2546.6800000000003,18.216088859769517,2546.5,1.6688483400847254,2546.6900000000005,0.4290364450537332
1710000026.7999744,100535,ETHUSDT,2546.59,6.282789597601794,2546.6000000000004,22.2301635190649,2546.58,5.2916114174001265,2546.6100000000006,6.507637860493693,2546.57,4.610624485583128,2546.6200000000003,8.817129903248192,2546.56,6.004107299271692,2546.6300000000006,6.943036613209914,2546.55,10.624364548781232,2546.6400000000003,9.496213795151188,2546.54,3.745273785267859,2546.6500000000005,2.32400649250096,2546.53,5.42901579715015,2546.6600000000003,5.725146043912237,2546.52,1.0385711051578086,2546.6700000000005,3.0667771107867603,2546.51,9.768873401329142,2546.6800000000003,4.941417801758217,2546.5,3.4186337505004056,2546.6900000000005,1.9507273239291776
1710000026.8499744,100536,ETHUSDT,2546.6,5.4959609899684345,2546.61,11.070379193648883,2546.5899999999997,3.8918726501592698,2546.6200000000003,13.677662381624586,2546.58,12.57387454505182,2546.63,3.497820855023091,2546.5699999999997,5.863905889365072,2546.6400000000003,2.5883145298995327,2546.56,3.6630387440014083,2546.65,7.129708317798359,2546.5499999999997,3.4910349372485987,2546.6600000000003,5.993898453092896,2546.54,4.288935314545047,2546.67,9.29050001010772,2546.5299999999997,1.2749334932565268,2546.6800000000003,0.8706255010580684,2546.52,1.3789612301649097,2546.69,7.374916392042382,2546.5099999999998,0.6756657441057831,2546.7000000000003,1.0890906797021123
1710000026.8999743,100537,ETHUSDT,2546.61,4.159573261863917,2546.6200000000003,9.367520085994014,2546.6,6.108581533199735,2546.6300000000006,4.647142426390035,2546.59,9.163339543389322,2546.6400000000003,5.312967953080792,2546.58,14.881161924982466,2546.6500000000005,2.793035966483821,2546.57,13.049796639666196,2546.6600000000003,2.9320187168681136,2546.56,4.980783788022082,2546.6700000000005,2.603521761647067,2546.55,2.935062793070438,2546.6800000000003,1.7743962543618388,2546.54,10.732461727621839,2546.6900000000005,4.886539296587796,2546.53,4.862663859802207,2546.7000000000003,4.907284309386704,2546.52,3.9729483239173313,2546.7100000000005,0.4353983384313403
1710000026.9499743,100538,ETHUSDT,2546.61,5.446931829773912,2546.6200000000003,4.8963731271038675,2546.6,3.6848001012733778,2546.6300000000006,8.709784229977096,2546.59,3.311002137076982,2546.6400000000003,6.627116786134614,2546.58,3.338119916541947,2546.6500000000005,3.63148857474577,2546.57,2.9525456708771234,2546.6600000000003,6.2039006883990755,2546.56,1.7116249913645842,2546.6700000000005,2.7472151992954905,2546.55,2.437694075854222,2546.6800000000003,7.438194667383104,2546.54,2.339326836425593,2546.6900000000005,3.8931504351972928,2546.53,0.762748471162341,2546.7000000000003,2.147110907790521,2546.52,6.908191131641116,2546.7100000000005,7.776017202147887
1710000026.9999743,100539,ETHUSDT,2546.61,5.586411493984669,2546.6200000000003,4.142684416658365,2546.6,5.142808761066915,2546.6300000000006,8.639930553866074,2546.59,3.085719422084054,2546.6400000000003,4.851812087058376,2546.58,3.1159736361463626,2546.6500000000005,4.807299779876253,2546.57,6.1451643980347805,2546.6600000000003,6.893082135354295,2546.56,2.046230788741808,2546.6700000000005,3.4474289984296034,2546.55,2.5439723282860083,2546.6800000000003,5.426053125181548,2546.54,6.2595401199994045,2546.6900000000005,1.9049157066393239,2546.53,5.120410554211631,2546.7000000000003,2.2125634925072326,2546.52,1.5061641825440841,2546.7100000000005,1.1468993661475684
1710000027.0499742,100540,ETHUSDT,2546.62,4.40583222384003,2546.63,4.395654006701892,2546.6099999999997,3.213233317028545,2546.6400000000003,24.027264778409794,2546.6,38.64507820773885,2546.65,3.0346511151812283,2546.5899999999997,2.650304180101976,2546.6600000000003,2.8450814019958837,2546.58,4.9574336255106655,2546.67,3.246401484517218,2546.5699999999997,1.7815057670568797,2546.6800000000003,5.065769737697403,2546.56,1.7358154537281392,2546.69,2.0651441128746972,2546.5499999999997,2.7384601370036963,2546.7000000000003,6.383350734072641,2546.54,0.5993686247547088,2546.71,0.8519906024395998,2546.5299999999997,3.4366771679507195,2546.7200000000003,5.532441050877324
1710000027.0999742,100541,ETHUSDT,2546.62,11.551627069430126,2546.63,4.917076442173141,2546.6099999999997,3.2050767947917755,2546.6400000000003,4.778911892867752,2546.6,3.8372532184260404,2546.65,5.361205399422328,2546.5899999999997,5.943195015113219,2546.6600000000003,4.096797249119526,2546.58,17.209569367338503,2546.67,6.314122183426695,2546.5699999999997,5.005459152652903,2546.6800000000003,16.785749330971143,2546.56,2.2696829234271116,2546.69,1.7396353823436368,2546.5499999999997,3.029279235561644,2546.7000000000003,2.4713255363915625,2546.54,13.80571965312647,2546.71,3.985228279737927,2546.5299999999997,0.1,2546.7200000000003,0.15441263880822703
1710000027.149974,100542,ETHUSDT,2546.61,8.978542720159693,2546.6200000000003,12.630031631484052,2546.6,7.016074452564976,2546.6300000000006,3.2620882909840203,2546.59,12.157265816384076,2546.6400000000003,6.6217154756262895,2546.58,6.1107839293922455,2546.6500000000005,3.6385594607301845,2546.57,5.2792308679305675,2546.6600000000003,18.880141824029284,2546.56,2.24110900473045,2546.6700000000005,2.7426659632562504,2546.55,2.2945370319453873,2546.6800000000003,3.980866875185391,2546.54,3.6184335893865205,2546.6900000000005,1.6131151367240406,2546.53,5.826643883111794,2546.7000000000003,0.7292559146739381,2546.52,9.764974597713534,2546.7100000000005,4.033514445988808
1710000027.199974,100543,ETHUSDT,2546.6,5.72233251674934,2546.61,6.989533240896737,2546.5899999999997,3.9865040288781413,2546.6200000000003,11.05137539638142,2546.58,7.2413142272852,2546.63,8.51525022020857,2546.5699999999997,5.090815534776589,2546.6400000000003,4.914429672689536,2546.56,5.8812005710013056,2546.65,3.99449873689273,2546.5499999999997,2.6648232618705583,2546.6600000000003,5.477330790939095,2546.54,4.300385737295703,2546.67,1.8115415317604846,2546.5299999999997,3.7132225428122814,2546.6800000000003,0.8583545975731053,2546.52,11.614259893811921,2546.69,6.344278448694111,2546.5099999999998,9.92105459511075,2546.7000000000003,1.0834595556255582
1710000027.249974,100544,ETHUSDT,2546.59,5.191415897211366,2546.6000000000004,3.637958010172589,2546.58,5.18277771710863,2546.6100000000006,12.88625174925927,2546.57,3.848507073226626,2546.6200000000003,5.157257163399879,2546.56,4.49141765277138,2546.6300000000006,6.034207764299709,2546.55,2.029327164614123,2546.6400000000003,2.5037497912844358,2546.54,15.883163253919545,2546.6500000000005,2.009166231486896,2546.53,1.3962668900867612,2546.6600000000003,12.81164015971838,2546.52,18.542118301492394,2546.6700000000005,0.9046808592078859,2546.51,0.8729387005724811,2546.6800000000003,5.258145899464492,2546.5,0.7119339959133133,2546.6900000000005,0.10725678506301617
1710000027.299974,100545,ETHUSDT,2546.59,4.069669386012813,2546.61,6.469401666759113,2546.58,5.691860527789505,2546.6200000000003,3.4645161529412096,2546.57,2.8900739462169356,2546.63,5.246851996571085,2546.56,4.195137754825591,2546.6400000000003,3.3158723287011993,2546.55,11.282470298057765,2546.65,2.4554874292424604,2546.54,2.0339497967402087,2546.6600000000003,2.906463894991055,2546.53,4.248222020083748,2546.67,5.218529161018689,2546.52,14.222895027925818,2546.6800000000003,10.826816984216828,2546.51,0.5602126677318572,2546.69,4.712502596800991,2546.5,2.862893624736248,2546.7000000000003,3.7593072187766787
1710000027.349974,100546,ETHUSDT,2546.6,6.643816378518764,2546.61,15.34820061556673,2546.5899999999997,6.560841838906532,2546.6200000000003,9.290397709579697,2546.58,3.2327099131902246,2546.63,6.446354584706968,2546.5699999999997,9.342640347825814,2546.6400000000003,10.210555032736291,2546.56,2.4576255206024777,2546.65,3.1346980428113476,2546.5499999999997,7.911944289201031,2546.6600000000003,2.7657208916526583,2546.54,3.6013538752775225,2546.67,2.737686235793965,2546.5299999999997,1.1998310466592956,2546.6800000000003,15.948778234428167,2546.52,4.829150327752486,2546.69,1.0608916073379353,2546.5099999999998,3.0313328150830436,2546.7000000000003,2.3681230919545766
1710000027.3999739,100547,ETHUSDT,2546.59,9.50950315367321,2546.6000000000004,4.96330507755818,2546.58,7.5342549316835745,2546.6100000000006,4.664965643757888,2546.57,5.154971367575488,2546.6200000000003,9.247184613721618,2546.56,10.383612100753465,2546.6300000000006,2.555114871920347,2546.55,3.664976465383824,2546.6400000000003,3.9233632873270734,2546.54,6.555655064222462,2546.6500000000005,7.106011188820757,2546.53,2.1943838900586132,2546.6600000000003,4.903363041634249,2546.52,7.637719687613673,2546.6700000000005,1.3375154937282314,2546.51,0.5810049767521694,2546.6800000000003,1.7852778309001467,2546.5,5.425384541128164,2546.6900000000005,0.8447570234704189
1710000027.4499738,100548,ETHUSDT,2546.58,8.6028755351415,2546.6,3.9668017363862385,2546.5699999999997,3.966077797694321,2546.61,13.660587399523841,2546.56,4.5896583946638705,2546.62,5.4021844281932285,2546.5499999999997,6.820057233855797,2546.63,23.160828919297145,2546.54,4.473712708034347,2546.64,7.017850332188164,2546.5299999999997,5.0382032274881965,2546.65,5.816240218487703,2546.52,5.108225634661677,2546.66,2.228195532260201,2546.5099999999998,19.384032087677053,2546.67,11.092799234302886,2546.5,9.07894226638376,2546.68,2.0569537379627287,2546.49,6.276576680126452,2546.69,1.9467189070756166
1710000027.4999738,100549,ETHUSDT,2546.58,5.533078845266461,2546.6,5.913396432020036,2546.5699999999997,5.508050986355736,2546.61,5.351090713075225,2546.56,5.191743148594689,2546.62,3.2513683921133807,2546.5499999999997,6.887226226893609,2546.63,7.451087664341639,2546.54,31.487906948389533,2546.64,6.421338967893782,2546.5299999999997,10.468130206828658,2546.65,2.9250880424583676,2546.52,13.102551923525212,2546.66,5.084501555784494,2546.5099999999998,4.873462415049463,2546.67,3.529052180161134,2546.5,7.394739246850353,2546.68,3.9135790686147334,2546.49,6.149195615179424,2546.69,3.608023204646488
1710000027.5499737,100550,ETHUSDT,2546.59,13.77520926030032,2546.61,3.7785949388118767,2546.58,4.055215806767758,2546.6200000000003,13.327779101330037,2546.57,2.9872557401737576,2546.63,6.918822594935737,2546.56,9.306324092945534,2546.6400000000003,12.538022338414125,2546.55,4.921410403246693,2546.65,10.657353062179922,2546.54,5.2601954898565495,2546.6600000000003,2.36395417293318,2546.53,10.094623039378195,2546.67,2.5953784461359035,2546.52,0.9770613881574737,2546.6800000000003,3.1617460999209275,2546.51,5.8040191658025435,2546.69,3.4835461448053433,2546.5,1.1741124849766689,2546.7000000000003,5.351065764779559
1710000027.5999737,100551,ETHUSDT,2546.6,10.018361509185427,2546.61,3.8225947858542075,2546.5899999999997,3.967091220992484,2546.6200000000003,8.093842255752044,2546.58,6.173516843581671,2546.63,3.469095048645482,2546.5699999999997,5.37285482255928,2546.6400000000003,2.708533480115034,2546.56,5.685586999382828,2546.65,4.282176385819086,2546.5499999999997,9.01191626355324,2546.6600000000003,7.020199757598961,2546.54,3.473687661005619,2546.67,6.703576386953974,2546.5299999999997,9.755005741816317,2546.6800000000003,7.920936528354418,2546.52,3.4477502165959604,2546.69,4.0257820974699685,2546.5099999999998,0.423305617665445,2546.7000000000003,1.435631632788651
1710000027.6499736,100552,ETHUSDT,2546.59,7.732376357333312,2546.6000000000004,6.173032596846971,2546.58,4.1158662968000925,2546.6100000000006,14.476860605388396,2546.57,4.544178759751503,2546.6200000000003,8.470097471127488,2546.56,5.806358726569819,2546.6300000000006,10.999237970918609,2546.55,7.565355811138091,2546.6400000000003,4.298825504269653,2546.54,2.1543498700268207,2546.6500000000005,2.569820223198481,2546.53,4.239793600045637,2546.6600000000003,2.858930819138686,2546.52,3.403707327558503,2546.6700000000005,2.8087240906455895,2546.51,2.8198214213481676,2546.6800000000003,4.779734225995202,2546.5,3.2911049996815334,2546.6900000000005,2.084916081300462
1710000027.6999736,100553,ETHUSDT,2546.59,4.900681155756433,2546.61,4.027405358778017,2546.58,10.730864909767277,2546.6200000000003,6.319258899316901,2546.57,3.466894160265032,2546.63,7.438344581665264,2546.56,7.607974503557676,2546.6400000000003,15.978354161663333,2546.55,14.123067348870066,2546.65,3.648856459385595,2546.54,6.845966670093887,2546.6600000000003,14.003272130776367,2546.53,4.610812385938974,2546.67,1.8309830199802224,2546.52,2.011615693699138,2546.6800000000003,6.739470180839841,2546.51,2.8929578433937753,2546.69,2.072110668267228,2546.5,4.63642027967291,2546.7000000000003,0.642246038473443
1710000027.7499735,100554,ETHUSDT,2546.59,6.393791911546544,2546.6000000000004,7.889745918400671,2546.58,3.9957351451637417,2546.6100000000006,6.877570383618755,2546.57,3.3196973976853443,2546.6200000000003,4.561007539516649,2546.56,7.677045755759792,2546.6300000000006,3.35093841866042,2546.55,2.1071882802166355,2546.6400000000003,2.428269079668591,2546.54,7.2958968963755435,2546.6500000000005,4.876260090063708,2546.53,4.560219509134912,2546.6600000000003,1.5438526600136733,2546.52,1.5383015563136677,2546.6700000000005,2.0232968985322612,2546.51,2.396482081137336,2546.6800000000003,2.807843720152825,2546.5,3.92847759795827,2546.6900000000005,4.545589299287908
1710000027.7999735,100555,ETHUSDT,2546.59,5.884763584481525,2546.6000000000004,7.00300690420106,2546.58,6.240638745107708,2546.6100000000006,28.289003340281003,2546.57,6.860170598923435,2546.6200000000003,3.151949639304304,2546.56,3.1154671120539397,2546.6300000000006,8.475724916130002,2546.55,11.41647479333711,2546.6400000000003,5.612606702413112,2546.54,5.1317154406382555,2546.6500000000005,3.1699192998348567,2546.53,1.5884038450970521,2546.6600000000003,2.3234392232636463,2546.52,17.390624566625654,2546.6700000000005,4.453986063803669,2546.51,1.6043261403872213,2546.6800000000003,8.727360710705819,2546.5,3.8541558474162114,2546.6900000000005,1.8153037834851877
1710000027.8499734,100556,ETHUSDT,2546.6,4.504437315818121,2546.61,8.727437614783268,2546.5899999999997,4.901953161392138,2546.6200000000003,11.036549401315973,2546.58,19.96148529850997,2546.63,4.232893895822456,2546.5699999999997,2.638411559007211,2546.6400000000003,3.2144921076623074,2546.56,3.440048650443536,2546.65,5.062383732696475,2546.5499999999997,7.6666951770803315,2546.6600000000003,5.902123892352979,2546.54,1.479856667179874,2546.67,4.568023616660204,2546.5299999999997,2.6785889699011056,2546.6800000000003,2.128827390268153,2546.52,1.5385540789924086,2546.69,1.5705489848395424,2546.5099999999998,9.26473778186088,2546.7000000000003,2.641486702057525
1710000027.8999734,100557,ETHUSDT,2546.58,9.17726634667526,2546.6,7.987657908304596,2546.5699999999997,8.6838394091016,2546.61,3.7819348286117465,2546.56,19.52590510163803,2546.62,3.2486214184149875,2546.5499999999997,22.155172880310417,2546.63,2.7716815686533396,2546.54,2.379934370266282,2546.64,7.306046716042004,2546.5299999999997,7.435387376066339,2546.65,1.7370427837838431,2546.52,10.693252916570433,2546.66,3.741013329970274,2546.5099999999998,3.950756129568509,2546.67,1.5919712471018546,2546.5,1.2209318277593615,2546.68,1.1022112211585997,2546.49,1.4016093055860768,2546.69,0.23437188713691048
1710000027.9499733,100558,ETHUSDT,2546.59,5.191998465944893,2546.61,4.311481268986001,2546.58,4.971077032914762,2546.6200000000003,7.130631160147452,2546.57,9.546762259142543,2546.63,5.644748662146386,2546.56,2.5411705536018125,2546.6400000000003,6.845927131509367,2546.55,7.276320034947626,2546.65,4.89715756987985,2546.54,2.217084220519648,2546.6600000000003,1.654516720285567,2546.53,4.026751474178738,2546.67,7.359774642702174,2546.52,1.0182585800246369,2546.6800000000003,3.488648009242757,2546.51,9.615694369409042,2546.69,1.7201337764974363,2546.5,3.5665936829563023,2546.7000000000003,6.269687742613126
1710000027.9999733,100559,ETHUSDT,2546.58,4.229090592519527,2546.6,15.572453606298422,2546.5699999999997,5.131524199496896,2546.61,4.150736422149026,2546.56,4.917604470514235,2546.62,13.88630589885496,2546.5499999999997,5.6925848253509574,2546.63,2.631602292108872,2546.54,3.024058023657537,2546.64,3.9618380382505096,2546.5299999999997,5.7811862158526,2546.65,1.9195487559482682,2546.52,6.434254704720797,2546.66,4.356365670483508,2546.5099999999998,3.8839339700021247,2546.67,1.851164685721566,2546.5,1.8245026250438698,2546.68,2.6508346937041907,2546.49,1.660089259154258,2546.69,3.5506922074662794
1710000028.0499732,100560,ETHUSDT,2546.58,12.573333892467504,2546.59,6.460888625782642,2546.5699999999997,6.7398918519026125,2546.6000000000004,7.311010247111379,2546.56,3.0557306102636135,2546.61,7.454571984102428,2546.5499999999997,5.113181908608876,2546.6200000000003,4.246457281394493,2546.54,5.903558355478516,2546.63,4.4381113230796645,2546.5299999999997,3.2181474049547867,2546.6400000000003,3.39306051264698,2546.52,10.016684303783755,2546.65,2.8735016856429363,2546.5099999999998,5.729271095347671,2546.6600000000003,1.2033054812829844,2546.5,1.7490147809982624,2546.67,7.099747335793513,2546.49,10.629208309061047,2546.6800000000003,8.307685323070888
1710000028.0999732,100561,ETHUSDT,2546.59,6.525813822938956,2546.6000000000004,7.083941673232895,2546.58,7.788958850322357,2546.6100000000006,8.550951206323749,2546.57,5.992154277091251,2546.6200000000003,2.985051391488292,2546.56,9.137831658352695,2546.6300000000006,3.817619242532949,2546.55,11.376657719753965,2546.6400000000003,3.500668322001874,2546.54,5.289359520582864,2546.6500000000005,3.410484861573944,2546.53,2.0667962460964686,2546.6600000000003,5.761811573644174,2546.52,4.97395389311762,2546.6700000000005,1.0872852251839418,2546.51,7.476384918214373,2546.6800000000003,3.454217019720803,2546.5,0.1,2546.6900000000005,2.9515717967232873
1710000028.1499732,100562,ETHUSDT,2546.59,7.9833827197720755,2546.6000000000004,7.384074800503337,2546.58,4.707150482251783,2546.6100000000006,5.001128375720129,2546.57,6.318299198154676,2546.6200000000003,3.4343363357993963,2546.56,16.46037727317116,2546.6300000000006,9.154893739718958,2546.55,2.7490180773279054,2546.6400000000003,5.7235988926298305,2546.54,3.178632367199781,2546.6500000000005,2.1021144299871564,2546.53,2.7721263670106433,2546.6600000000003,4.050158670091442,2546.52,3.579283112461165,2546.6700000000005,2.523788877540213,2546.51,2.086787704171344,2546.6800000000003,2.5984196364430128,2546.5,7.948758318520557,2546.6900000000005,8.42002604714713
1710000028.199973,100563,ETHUSDT,2546.61,4.1966395265166385,2546.6200000000003,3.828805978847404,2546.6,12.982101842605779,2546.6300000000006,5.033150842030364,2546.59,25.039323796722247,2546.6400000000003,6.15159833623072,2546.58,2.501568982676021,2546.6500000000005,3.429003628744071,2546.57,3.707633866845314,2546.6600000000003,2.477801413981779,2546.56,12.358681621842548,2546.6700000000005,1.7034143606508592,2546.55,1.6199847444835451,2546.6800000000003,1.3256483009944142,2546.54,1.1147946135820792,2546.6900000000005,4.842608814008669,2546.53,19.320947399712615,2546.7000000000003,4.033224670254438,2546.52,2.224788919020469,2546.7100000000005,5.797756262579095
1710000028.249973,100564,ETHUSDT,2546.62,23.892789078335603,2546.63,8.414635367305245,2546.6099999999997,11.791437912460452,2546.6400000000003,9.9424663270755,2546.6,8.608673704374416,2546.65,2.924284540233408,2546.5899999999997,4.270550217451894,2546.6600000000003,9.39989646594184,2546.58,5.2856605961518355,2546.67,3.572183268248078,2546.5699999999997,5.862710386355561,2546.6800000000003,7.140913153653884,2546.56,12.038978794697865,2546.69,1.56837369872141,2546.5499999999997,7.288194587891805,2546.7000000000003,5.134116497024248,2546.54,9.10260940560091,2546.71,9.257953761326062,2546.5299999999997,12.526659921735453,2546.7200000000003,10.834873182207845
1710000028.299973,100565,ETHUSDT,2546.62,9.836960921229075,2546.63,11.440657060452285,2546.6099999999997,3.2107720374007918,2546.6400000000003,4.779869998830757,2546.6,4.779798909828692,2546.65,5.298925386146461,2546.5899999999997,4.847907949866691,2546.6600000000003,6.7512264056981035,2546.58,7.740278490791205,2546.67,2.2101721294421277,2546.5699999999997,5.68434016509517,2546.6800000000003,4.246928059502853,2546.56,9.444759074889145,2546.69,10.665293020363436,2546.5499999999997,4.183968384097262,2546.7000000000003,2.43049726307847,2546.54,5.743060918654975,2546.71,23.355954560644758,2546.5299999999997,0.5864873215154724,2546.7200000000003,4.557806467491165
1710000028.349973,100566,ETHUSDT,2546.62,4.641720615220217,2546.63,10.32680942903572,2546.6099999999997,6.422766817858463,2546.6400000000003,8.15749360781465,2546.6,5.915237715544369,2546.65,11.77664530672549,2546.5899999999997,5.525945638235633,2546.6600000000003,7.261262848240004,2546.58,5.694736339452668,2546.67,2.5670729104998387,2546.5699999999997,2.647172392216193,2546.6800000000003,3.4235936011741663,2546.56,2.1665726731154047,2546.69,1.4581119176816477,2546.5499999999997,7.414822098098636,2546.7000000000003,8.00282539840972,2546.54,3.3165665172038565,2546.71,1.618987715514479,2546.5299999999997,0.30156255529011844,2546.7200000000003,1.562682584389428
1710000028.399973,100567,ETHUSDT,2546.6,13.38003143694313,2546.61,3.841758957686069,2546.5899999999997,10.302948211833314,2546.6200000000003,6.242896341155319,2546.58,6.553453523749651,2546.63,5.317193379060762,2546.5699999999997,5.828780206516019,2546.6400000000003,10.601559058146606,2546.56,4.004389291243128,2546.65,6.9256672647326125,2546.5499999999997,2.9241023236184365,2546.6600000000003,8.80929189581878,2546.54,2.6340478097092035,2546.67,22.25546677915586,2546.5299999999997,6.0774810928731045,2546.6800000000003,1.3527119873214595,2546.52,4.760431756311324,2546.69,2.0558698665246036,2546.5099999999998,1.8832494603195602,2546.7000000000003,8.808409148347527
1710000028.4499729,100568,ETHUSDT,2546.6,4.628613367552532,2546.62,16.21905250221801,2546.5899999999997,16.941845049654003,2546.63,8.362240880983698,2546.58,12.82813351509165,2546.64,4.108531756787124,2546.5699999999997,7.257509796011519,2546.65,8.522939561659044,2546.56,7.249041146914844,2546.66,5.570670199014551,2546.5499999999997,3.1130889733801776,2546.67,8.663768042748416,2546.54,4.177118654616709,2546.68,11.83767101798805,2546.5299999999997,14.041964111722832,2546.69,1.2653720065109615,2546.52,8.189769163010332,2546.7,0.5431797463630113,2546.5099999999998,1.356615696650259,2546.71,1.6226751517909266
1710000028.4999728,100569,ETHUSDT,2546.61,7.272437024159549,2546.63,8.054302301478149,2546.6,3.4516864447087796,2546.6400000000003,10.449169802027306,2546.59,3.9882405045299043,2546.65,6.962876751420916,2546.58,7.758110680534612,2546.6600000000003,7.5849884571188415,2546.57,7.643174619318797,2546.67,5.893025167121141,2546.56,2.4347048972087566,2546.6800000000003,2.2001034375329,2546.55,5.908343571112468,2546.69,8.205770819312729,2546.54,10.818311747853645,2546.7000000000003,4.462326773147744,2546.53,0.44673776644658736,2546.71,2.1772459258966372,2546.52,0.8725478712118564,2546.7200000000003,0.4299130825631657
1710000028.5499728,100570,ETHUSDT,2546.62,15.655181192344916,2546.63,12.638537620397877,2546.6099999999997,9.453255477777038,2546.6400000000003,4.982292213536967,2546.6,7.229645841774294,2546.65,4.8649661191644835,2546.5899999999997,2.582852671727895,2546.6600000000003,2.586652098002916,2546.58,4.882126645736928,2546.67,3.0734042173210865,2546.5699999999997,4.121608749499213,2546.6800000000003,4.482289138139496,2546.56,6.109921780259256,2546.69,3.277430002617788,2546.5499999999997,1.536854913846452,2546.7000000000003,8.12592628633162,2546.54,1.3601366279096938,2546.71,4.783376356787947,2546.5299999999997,2.3641617142520355,2546.7200000000003,2.2547597174095793
1710000028.5999727,100571,ETHUSDT,2546.62,9.853157620245794,2546.63,12.023420044811783,2546.6099999999997,5.382580257439715,2546.6400000000003,9.285244323451927,2546.6,16.582028312025127,2546.65,3.4284389180419783,2546.5899999999997,17.944815969265598,2546.6600000000003,2.6182040614219715,2546.58,3.163058176126426,2546.67,2.186468985760233,2546.5699999999997,6.177638761032744,2546.6800000000003,5.663324369561396,2546.56,1.3171800713305486,2546.69,3.2130032391378056,2546.5499999999997,0.9799545392612984,2546.7000000000003,3.985760163766188,2546.54,1.6409013363598675,2546.71,1.2267043588036224,2546.5299999999997,0.5498949786193886,2546.7200000000003,1.5524242062709674
1710000028.6499727,100572,ETHUSDT,2546.62,10.973639997031157,2546.63,4.535780873919142,2546.6099999999997,14.728238672791832,2546.6400000000003,6.835429335961905,2546.6,3.109898110639123,2546.65,4.1694909948155665,2546.5899999999997,3.892247451762636,2546.6600000000003,8.94711728721788,2546.58,2.0636329679820236,2546.67,22.04374259784159,2546.5699999999997,5.95028547611159,2546.6800000000003,7.736386926000538,2546.56,7.331817725054506,2546.69,10.191596544449709,2546.5499999999997,1.81185738207728,2546.7000000000003,8.86471002475641,2546.54,1.1147891157816012,2546.71,2.8394877456381,2546.5299999999997,1.4876483760563337,2546.7200000000003,7.908778096439288
1710000028.6999726,100573,ETHUSDT,2546.62,19.414733836349797,2546.63,7.774750693919048,2546.6099999999997,5.714680179240306,2546.6400000000003,5.188266256190673,2546.6,6.162770921683667,2546.65,5.184375205580999,2546.5899999999997,5.9725539843490285,2546.6600000000003,4.702763101440867,2546.58,8.682254895370727,2546.67,5.028925093755749,2546.5699999999997,7.10238005862791,2546.6800000000003,3.8087690905262974,2546.56,6.887685784426452,2546.69,11.581749531499604,2546.5499999999997,13.323845763745416,2546.7000000000003,3.0899812917410916,2546.54,0.6616446548939465,2546.71,4.299936226354472,2546.5299999999997,2.995153610914943,2546.7200000000003,0.6645166596888922
1710000028.7499726,100574,ETHUSDT,2546.62,11.796565874284875,2546.63,6.854777365325553,2546.6099999999997,9.238057849372,2546.6400000000003,4.90331576384037,2546.6,4.467168401810787,2546.65,6.373978529449879,2546.5899999999997,5.54893258812317,2546.6600000000003,3.828919918774167,2546.58,10.781504241707902,2546.67,4.4720241756402945,2546.5699999999997,2.7875878653081974,2546.6800000000003,9.22416162292577,2546.56,6.774889541456194,2546.69,4.245997417548017,2546.5499999999997,2.9331913494861324,2546.7000000000003,8.07616359654334,2546.54,4.261360347583449,2546.71,0.8216738661689302,2546.5299999999997,2.5833888243675327,2546.7200000000003,1.2417986735403255
1710000028.7999725,100575,ETHUSDT,2546.62,10.286152551796187,2546.64,11.506693062892207,2546.6099999999997,8.736822680801351,2546.65,5.197877049728226,2546.6,5.090987742482298,2546.66,3.542626992683133,2546.5899999999997,4.028837634700695,2546.67,2.5805800755326707,2546.58,4.253459121383816,2546.68,4.178983975294958,2546.5699999999997,6.156525852008738,2546.69,3.3509076487757827,2546.56,9.800482211110626,2546.7,1.354941655347467,2546.5499999999997,8.843187689238075,2546.71,1.1801239295355124,2546.54,1.4058555228133516,2546.72,0.6664073984008574,2546.5299999999997,0.7913814278593624,2546.73,0.8402860200988482
1710000028.8499725,100576,ETHUSDT,2546.62,5.494456882231161,2546.63,18.75323737296029,2546.6099999999997,7.6980512258683955,2546.6400000000003,6.973208049933708,2546.6,6.088011712756673,2546.65,3.3398147840286097,2546.5899999999997,4.937403264977062,2546.6600000000003,5.662164347503043,2546.58,2.308791513878588,2546.67,3.316608882846252,2546.5699999999997,13.128209794986768,2546.6800000000003,3.1301738551413076,2546.56,3.377970757515132,2546.69,1.7353723047189518,2546.5499999999997,2.321030103582763,2546.7000000000003,1.7487185049728529,2546.54,6.860932457393445,2546.71,1.4508354850629872,2546.5299999999997,0.3129971374483476,2546.7200000000003,2.4360612364708594
1710000028.8999724,100577,ETHUSDT,2546.61,5.22018819994649,2546.63,15.633868759995568,2546.6,8.092437648888342,2546.6400000000003,3.7889321622465935,2546.59,9.121936815028661,2546.65,7.360561829434737,2546.58,5.154775199402155,2546.6600000000003,11.665258087448287,2546.57,4.684644296855381,2546.67,2.677675080055872,2546.56,10.758376619275584,2546.6800000000003,10.689905500516602,2546.55,10.552644481753156,2546.69,2.727722739404463,2546.54,1.7788715817159395,2546.7000000000003,5.228332736168542,2546.53,0.8155858550079591,2546.71,11.761425414275648,2546.52,3.565458837731217,2546.7200000000003,5.574144650248772
1710000028.9499724,100578,ETHUSDT,2546.62,5.7794316466083355,2546.63,6.005311053919092,2546.6099999999997,3.3114950023572893,2546.6400000000003,3.850248714956514,2546.6,3.2011723385454656,2546.65,3.025245563671267,2546.5899999999997,10.181138654562098,2546.6600000000003,8.31862873236403,2546.58,14.067160084494981,2546.67,12.328391499185045,2546.5699999999997,4.598828427488213,2546.6800000000003,4.791002766334308,2546.56,9.763128497732112,2546.69,2.6042419752585113,2546.5499999999997,4.483398972242186,2546.7000000000003,1.7476619997887588,2546.54,4.5195620910980665,2546.71,11.536785984906919,2546.5299999999997,5.3129646872969385,2546.7200000000003,7.464393482724832
1710000028.9999723,100579,ETHUSDT,2546.62,4.2222263299579215,2546.63,6.29673315701045,2546.6099999999997,3.8523694165929756,2546.6400000000003,10.999160270018862,2546.6,9.208289875955511,2546.65,3.4838203757327064,2546.5899999999997,6.733644736049194,2546.6600000000003,4.6500130613854775,2546.58,4.341674239943772,2546.67,8.863779360555178,2546.5699999999997,2.767155672222089,2546.6800000000003,10.680306957769954,2546.56,3.543910621179221,2546.69,4.459315081876305,2546.5499999999997,2.2323929064104915,2546.7000000000003,5.133734288300042,2546.54,9.30089045826745,2546.71,0.4159529366327995,2546.5299999999997,7.866004079938706,2546.7200000000003,3.246418996500746
1710000029.0499723,100580,ETHUSDT,2546.62,15.156403801403755,2546.63,9.887084197358654,2546.6099999999997,15.039192378044206,2546.6400000000003,6.062537571997477,2546.6,3.0528846339205185,2546.65,3.45129566334831,2546.5899999999997,4.997033502178484,2546.6600000000003,11.644133288984065,2546.58,2.554629898910247,2546.67,4.0175543531312465,2546.5699999999997,2.73987404008333,2546.6800000000003,3.780618304752372,2546.56,1.3817528238606525,2546.69,1.6224208804352434,2546.5499999999997,4.90795644108118,2546.7000000000003,4.016342137870662,2546.54,3.512898084811101,2546.71,4.9605418249682005,2546.5299999999997,8.7845177252228,2546.7200000000003,4.170552067658009
1710000029.0999722,100581,ETHUSDT,2546.62,12.26550627048991,2546.63,4.617963678386854,2546.6099999999997,5.201036397014754,2546.6400000000003,3.59476870057264,2546.6,3.9202639834426845,2546.65,3.8149475830042014,2546.5899999999997,6.157331037964494,2546.6600000000003,3.163215961159077,2546.58,3.431005992017856,2546.67,5.50644133990742,2546.5699999999997,4.696972824634827,2546.6800000000003,3.429892983815738,2546.56,7.459816036204622,2546.69,4.999477784375371,2546.5499999999997,5.164349297831684,2546.7000000000003,2.690277729958111,2546.54,3.1301600343875,2546.71,3.4833982166356527,2546.5299999999997,9.123836482522767,2546.7200000000003,11.180916324569054
1710000029.1499722,100582,ETHUSDT,2546.63,8.148333958436051,2546.6400000000003,5.206072828538754,2546.62,5.446992095770293,2546.6500000000005,4.919727453427349,2546.61,2.8356708488820876,2546.6600000000003,5.221503429197185,2546.6,4.601074405364987,2546.6700000000005,2.891035366814855,2546.59,3.0337490069524566,2546.6800000000003,3.9792621340230543,2546.58,2.7864889304682103,2546.6900000000005,2.2774903441637244,2546.57,3.0948016347553216,2546.7000000000003,3.972749315010261,2546.56,2.7265801874409696,2546.7100000000005,6.376320631634179,2546.55,11.941518604571026,2546.7200000000003,3.754567425054774,2546.54,1.262057021110353,2546.7300000000005,2.2837511554364562
1710000029.1999722,100583,ETHUSDT,2546.62,3.6362396583727565,2546.64,9.064928210048325,2546.6099999999997,8.902977198345534,2546.65,7.33933254967588,2546.6,4.11678635049247,2546.66,9.40054512329741,2546.5899999999997,4.378635552543169,2546.67,13.87325049244314,2546.58,2.1066811517645285,2546.68,4.05628452881399,2546.5699999999997,11.59076437428468,2546.69,3.311433751584012,2546.56,3.9002940803588086,2546.7,2.6826218715355745,2546.5499999999997,4.2084919065899955,2546.71,1.1283202446670018,2546.54,5.80258908431407,2546.72,2.4257142421136426,2546.5299999999997,0.1,2546.73,0.8124278244502647
1710000029.249972,100584,ETHUSDT,2546.63,9.201078990945186,2546.6400000000003,9.464137150812602,2546.62,6.64553049112678,2546.6500000000005,10.42572609982149,2546.61,21.63026905919832,2546.6600000000003,4.360289497278316,2546.6,9.393643927857788,2546.6700000000005,5.810933698512578,2546.59,5.1513290162412915,2546.6800000000003,6.401923642262804,2546.58,2.746325427978382,2546.6900000000005,3.8247709344843317,2546.57,2.155318983219258,2546.7000000000003,1.7702864759795585,2546.56,1.6251333256880969,2546.7100000000005,1.7406532362040101,2546.55,8.454521965608485,2546.7200000000003,10.874444668175126,2546.54,6.430735709273007,2546.7300000000005,0.7602353299419545
1710000029.299972,100585,ETHUSDT,2546.63,6.525563275716587,2546.6400000000003,4.080008662925328,2546.62,4.39303755192158,2546.6500000000005,13.174171585475705,2546.61,6.679255003379817,2546.6600000000003,4.385473037533432,2546.6,2.720265056377187,2546.6700000000005,7.877943169785378,2546.59,3.083248142294342,2546.6800000000003,15.681773805372297,2546.58,22.50405837189385,2546.6900000000005,1.9264146159263549,2546.57,21.505400209108608,2546.7000000000003,5.656784738361167,2546.56,2.1257414941852946,2546.7100000000005,0.866256490668608,2546.55,2.951117427644875,2546.7200000000003,9.978809815712168,2546.54,11.906230314775916,2546.7300000000005,1.7056752792810264
1710000029.349972,100586,ETHUSDT,2546.63,9.594658251582612,2546.6400000000003,7.193559695313377,2546.62,7.571325993571368,2546.6500000000005,15.201927035614894,2546.61,11.444846028650902,2546.6600000000003,6.995937809236695,2546.6,3.0835925496460526,2546.6700000000005,2.7198848731357086,2546.59,2.8000869571423737,2546.6800000000003,5.052749402688251,2546.58,2.0680184455322346,2546.6900000000005,1.9864101037565391,2546.57,3.2176623155864026,2546.7000000000003,4.386217218555101,2546.56,7.803648654777841,2546.7100000000005,11.06851816278507,2546.55,1.0602949608535184,2546.7200000000003,3.8641765039075833,2546.54,9.103453168283297,2546.7300000000005,0.1923906222637602
1710000029.399972,100587,ETHUSDT,2546.64,4.641249500047346,2546.65,4.003694348897932,2546.6299999999997,3.6792990530082395,2546.6600000000003,3.862991175694626,2546.62,7.98772988475068,2546.67,4.606671367342226,2546.6099999999997,8.272962031416888,2546.6800000000003,12.903406920460764,2546.6,3.422482482356279,2546.69,5.7090523363309185,2546.5899999999997,2.1981236141712475,2546.7000000000003,4.320526351170214,2546.58,3.529252066509065,2546.71,1.5684149286353972,2546.5699999999997,0.8500625090213377,2546.7200000000003,3.709690655630121,2546.56,5.896544763339983,2546.73,9.827878579862837,2546.5499999999997,1.6627806953098156,2546.7400000000002,11.655798846177891
1710000029.449972,100588,ETHUSDT,2546.63,20.284069518332497,2546.65,7.4694746935420016,2546.62,7.668591487399761,2546.6600000000003,9.270540609913578,2546.61,4.231966131418989,2546.67,4.171493441997005,2546.6,5.192614781500511,2546.6800000000003,12.259461018119808,2546.59,7.5527221340329636,2546.69,5.605573788992497,2546.58,2.359877805661695,2546.7000000000003,4.640699851891151,2546.57,4.337410573219749,2546.71,1.3409129428801183,2546.56,0.8249143371077695,2546.7200000000003,0.8181927597816031,2546.55,2.9792090303183407,2546.73,5.448249562494038,2546.54,4.9112490363953105,2546.7400000000002,6.425453923430434
1710000029.4999719,100589,ETHUSDT,2546.63,4.353084909560407,2546.6400000000003,3.702942010577251,2546.62,3.7645263392233357,2546.6500000000005,3.3520274595346877,2546.61,3.8240266092228796,2546.6600000000003,7.07855376987624,2546.6,15.327552809571333,2546.6700000000005,5.27211390064988,2546.59,7.886862973245379,2546.6800000000003,7.238373073655148,2546.58,2.431576917751981,2546.6900000000005,8.665087581278806,2546.57,2.135372615781642,2546.7000000000003,8.230226049507586,2546.56,0.8280158435782111,2546.7100000000005,1.0015346004102479,2546.55,3.981820588632335,2546.7200000000003,7.756353770130191,2546.54,0.23472625442809147,2546.7300000000005,2.1647696187091046
1710000029.5499718,100590,ETHUSDT,2546.63,3.8011816663481426,2546.6400000000003,7.775700841801049,2546.62,5.25517443250871,2546.6500000000005,6.2914271632822345,2546.61,6.769472462344359,2546.6600000000003,3.2704389129871405,2546.6,5.921282847962937,2546.6700000000005,12.40318543188309,2546.59,10.914076365683224,2546.6800000000003,11.928559508753617,2546.58,16.90047473075255,2546.6900000000005,5.272099613537285,2546.57,1.92872184163582,2546.7000000000003,7.206750539385677,2546.56,8.073722014192889,2546.7100000000005,4.883194209554453,2546.55,0.5114852170935855,2546.7200000000003,17.40726917649341,2546.54,9.754310152742335,2546.7300000000005,0.11124289004740479
1710000029.5999718,100591,ETHUSDT,2546.62,6.9795420137535595,2546.64,3.692411176456484,2546.6099999999997,10.645809021569388,2546.65,4.280833467215718,2546.6,8.343161314364577,2546.66,3.451736005910786,2546.5899999999997,5.0484461069305935,2546.67,3.904672435686517,2546.58,3.111286778207838,2546.68,2.904125954756048,2546.5699999999997,2.4583189247338706,2546.69,6.007888237473042,2546.56,5.192344369437099,2546.7,10.641849830599071,2546.5499999999997,2.559305266494821,2546.71,2.065315619845165,2546.54,13.706272748205846,2546.72,3.7741815340121057,2546.5299999999997,5.601785123511211,2546.73,11.041957577698016
1710000029.6499717,100592,ETHUSDT,2546.63,4.974301633837255,2546.6400000000003,4.230985876958634,2546.62,6.603134806978615,2546.6500000000005,5.439320207067725,2546.61,10.84437128132874,2546.6600000000003,10.697692569998944,2546.6,2.95043115190635,2546.6700000000005,4.805975143092967,2546.59,7.45722176699399,2546.6800000000003,4.101898034649857,2546.58,2.6622855782288455,2546.6900000000005,3.0426471858059063,2546.57,3.6197308784411466,2546.7000000000003,5.237110596892997,2546.56,5.993481035454206,2546.7100000000005,2.296424168485996,2546.55,0.6090739014601073,2546.7200000000003,3.4430725752179137,2546.54,1.3544652189886701,2546.7300000000005,0.3658743354513686
1710000029.6999717,100593,ETHUSDT,2546.64,4.8066114460543545,2546.65,7.441767539377853,2546.6299999999997,7.899886897997259,2546.6600000000003,7.228682227251484,2546.62,3.386744422132958,2546.67,9.876326198099568,2546.6099999999997,4.223617198932218,2546.6800000000003,10.937387866231635,2546.6,7.029264496072929,2546.69,4.624823868595019,2546.5899999999997,12.585871386113833,2546.7000000000003,5.942554932204352,2546.58,11.166224456230132,2546.71,3.7624797487728503,2546.5699999999997,5.91427563137617,2546.7200000000003,2.1412743478465637,2546.56,1.073608666219104,2546.73,2.8748983034388145,2546.5499999999997,3.43622050466311,2546.7400000000002,4.626749440406669
1710000029.7499716,100594,ETHUSDT,2546.65,11.691610322102127,2546.6600000000003,9.954976128051012,2546.64,13.381386744877258,2546.6700000000005,12.385470727918126,2546.63,8.844589630548986,2546.6800000000003,3.9787406246703587,2546.62,3.5340651588942356,2546.6900000000005,7.605917657920982,2546.61,7.280697025203598,2546.7000000000003,6.882747030078548,2546.6,6.464700382209605,2546.7100000000005,2.926628798890814,2546.59,3.8290594388631725,2546.7200000000003,7.141218472214921,2546.58,3.21155449529481,2546.7300000000005,1.569808240910958,2546.57,4.04605173583432,2546.7400000000002,3.2697352067719785,2546.56,1.9118363921083374,2546.7500000000005,1.573683496117884
1710000029.7999716,100595,ETHUSDT,2546.65,4.341159954986558,2546.6600000000003,15.743855415167104,2546.64,12.413975816902528,2546.6700000000005,4.239456246175161,2546.63,4.362375262247795,2546.6800000000003,7.728940945467288,2546.62,19.580806128160603,2546.6900000000005,7.859596245262249,2546.61,6.0851006833720644,2546.7000000000003,8.9746255987436,2546.6,3.065929035994694,2546.7100000000005,7.903943705994944,2546.59,2.150908853631772,2546.7200000000003,6.236115113098557,2546.58,6.706174980953645,2546.7300000000005,6.477155711005989,2546.57,2.034283491371551,2546.7400000000002,5.361764947069315,2546.56,10.020677838641548,2546.7500000000005,3.452283484187392
1710000029.8499715,100596,ETHUSDT,2546.65,5.05612118753303,2546.67,17.222668792425388,2546.64,7.146315605903518,2546.6800000000003,9.63467855830473,2546.63,7.828425036798352,2546.69,4.597985889597057,2546.62,7.877807332870232,2546.7000000000003,3.1925537994143474,2546.61,13.66138301490438,2546.71,4.443046013025047,2546.6,7.354158827485067,2546.7200000000003,5.273933999617382,2546.59,5.248425947628572,2546.73,5.930525000513697,2546.58,3.195701176695904,2546.7400000000002,0.9855160876519354,2546.57,3.953787483455712,2546.75,1.09401121592085,2546.56,9.95619471675455,2546.76,3.1303240631528095
1710000029.8999715,100597,ETHUSDT,2546.63,8.531529643845657,2546.65,4.933811678756392,2546.62,5.276563612133614,2546.6600000000003,5.482035843764096,2546.61,2.9594356543660916,2546.67,4.3751773660759365,2546.6,5.916094966931728,2546.6800000000003,16.4961267806302,2546.59,2.9178171493400087,2546.69,3.181955166811996,2546.58,4.977908379553321,2546.7000000000003,1.6474960293694993,2546.57,8.027164392182815,2546.71,2.2491640790062273,2546.56,4.327076656752775,2546.7200000000003,8.775203931899558,2546.55,1.2644129560224402,2546.73,7.678897876331115,2546.54,0.652912666692368,2546.7400000000002,8.907086459151056
1710000029.9499714,100598,ETHUSDT,2546.63,8.44658581478195,2546.6400000000003,8.675183703004528,2546.62,3.655584271164935,2546.6500000000005,12.037734754093819,2546.61,5.459530385501747,2546.6600000000003,4.538485279128915,2546.6,2.6499977183699146,2546.6700000000005,5.40702873399693,2546.59,3.301058912398475,2546.6800000000003,6.820387080791264,2546.58,2.8360857543681455,2546.6900000000005,2.066372064306312,2546.57,5.268762561741887,2546.7000000000003,2.39943182317829,2546.56,3.179899221451648,2546.7100000000005,6.844831375394057,2546.55,2.0433842116791108,2546.7200000000003,0.9881622468705654,2546.54,3.989457316347929,2546.7300000000005,5.465706664299756
1710000029.9999714,100599,ETHUSDT,2546.63,4.30209658638937,2546.6400000000003,4.004734279518901,2546.62,6.082550568028641,2546.6500000000005,5.080983342743068,2546.61,7.988327263970451,2546.6600000000003,8.706745308742395,2546.6,7.806997514759368,2546.6700000000005,4.654958025225188,2546.59,6.61641603345882,2546.6800000000003,5.99771791155151,2546.58,4.16442003624759,2546.6900000000005,9.017040739377139,2546.57,3.813606835683937,2546.7000000000003,2.434089781678999,2546.56,2.7161834105720226,2546.7100000000005,2.237048709579073,2546.55,1.2033881633196923,2546.7200000000003,5.519472553224147,2546.54,1.9329307288557138,2546.7300000000005,11.825181190890694
1710000030.0499713,100600,ETHUSDT,2546.64,9.414669555779083,2546.65,4.156942177208281,2546.6299999999997,10.646484676831063,2546.6600000000003,3.5190504005124597,2546.62,7.290338233819471,2546.67,4.937040988826055,2546.6099999999997,8.803679558827248,2546.6800000000003,5.426536862638016,2546.6,2.2009778652608922,2546.69,2.3265999096908305,2546.5899999999997,6.191500136124597,2546.7000000000003,12.34462239471711,2546.58,3.7373026952837547,2546.71,4.2033681973797625,2546.5699999999997,1.5576586817921714,2546.7200000000003,3.045080212233846,2546.56,0.8480355497748965,2546.73,0.7973203209063513,2546.5499999999997,0.5851260231575085,2546.7400000000002,3.978150101309056
1710000030.0999713,100601,ETHUSDT,2546.64,5.678441502238802,2546.65,9.316254607779463,2546.6299999999997,8.56919903548841,2546.6600000000003,9.590054553029162,2546.62,6.043484069167047,2546.67,12.927631985838048,2546.6099999999997,7.653272580519722,2546.6800000000003,4.67327656563247,2546.6,8.168351687682259,2546.69,4.65313888543728,2546.5899999999997,4.442211412977329,2546.7000000000003,10.660114683377447,2546.58,5.938019945612189,2546.71,2.920961286194177,2546.5699999999997,2.5672251041463925,2546.7200000000003,4.777081924449949,2546.56,3.058171170808358,2546.73,1.2305900504165461,2546.5499999999997,0.6515584333328894,2546.7400000000002,1.7021656523908157
1710000030.1499712,100602,ETHUSDT,2546.64,5.697399953873369,2546.65,3.682727634711356,2546.6299999999997,3.3504591811932434,2546.6600000000003,6.109113235345713,2546.62,6.947607335803019,2546.67,7.400632851937969,2546.6099999999997,2.4423128980649684,2546.6800000000003,2.5943063740828687,2546.6,2.766979341464729,2546.69,9.64157155390449,2546.5899999999997,3.3803803816730578,2546.7000000000003,7.804369731465339,2546.58,4.369306547455585,2546.71,2.1001706634391377,2546.5699999999997,3.351426509644985,2546.7200000000003,6.369512051748825,2546.56,4.181483692976175,2546.73,2.105611773799534,2546.5499999999997,5.769629222096365,2546.7400000000002,3.3482097719840427
1710000030.1999712,100603,ETHUSDT,2546.64,6.829575183353265,2546.65,6.0861338909262646,2546.6299999999997,14.719280253151709,2546.6600000000003,3.799706237638115,2546.62,6.036813227160247,2546.67,3.2383235990833596,2546.6099999999997,10.858392004146609,2546.6800000000003,10.587087459396283,2546.6,3.240817480895278,2546.69,11.572621820121798,2546.5899999999997,6.9533971517381765,2546.7000000000003,2.533389765519833,2546.58,9.70705669333719,2546.71,8.902349065106279,2546.5699999999997,3.1273854986027816,2546.7200000000003,5.85606072294346,2546.56,0.6664313983897239,2546.73,3.1080185025381275,2546.5499999999997,1.5004211265710756,2546.7400000000002,0.6798889507970585
1710000030.2499712,100604,ETHUSDT,2546.64,9.386980715440306,2546.65,5.562798473762299,2546.6299999999997,12.020013798524353,2546.6600000000003,6.083437847297176,2546.62,12.044669747569928,2546.67,7.245444495393777,2546.6099999999997,4.260970843786865,2546.6800000000003,7.07110492814827,2546.6,4.884888714388767,2546.69,6.675201536749821,2546.5899999999997,9.381096585077964,2546.7000000000003,6.080577323320927,2546.58,2.8209918831896093,2546.71,7.013298721034738,2546.5699999999997,7.189087038945618,2546.7200000000003,2.5695995275981973,2546.56,1.4595769546853221,2546.73,4.413145339280193,2546.5499999999997,7.51855980715463,2546.7400000000002,1.8076392812475994
1710000030.299971,100605,ETHUSDT,2546.63,5.027595638743374,2546.6600000000003,9.396258221243082,2546.62,11.986914816388115,2546.6700000000005,3.724608873754422,2546.61,15.106167246600155,2546.6800000000003,5.351393707351611,2546.6,7.811385684244523,2546.6900000000005,2.8604540486359307,2546.59,2.028722966060691,2546.7000000000003,9.531948829909606,2546.58,2.9074073261404525,2546.7100000000005,14.02497865506066,2546.57,1.4278010325310904,2546.7200000000003,17.385397880999413,2546.56,1.4878077040625883,2546.7300000000005,45.11064812966972,2546.55,0.6051337078520891,2546.7400000000002,2.6100358266884975,2546.54,2.896817667680803,2546.7500000000005,0.42758053342722346
1710000030.349971,100606,ETHUSDT,2546.64,5.2482428862684225,2546.65,5.554356871805635,2546.6299999999997,16.6682572786705,2546.6600000000003,5.401470271756317,2546.62,9.607190680897569,2546.67,4.545954408972099,2546.6099999999997,7.754550677098422,2546.6800000000003,7.889135951296251,2546.6,5.1319260437933,2546.69,4.1669518828198635,2546.5899999999997,4.941390221847371,2546.7000000000003,6.087416675228031,2546.58,3.945577422184176,2546.71,1.6752189064881986,2546.5699999999997,1.992292967417908,2546.7200000000003,3.4635329787329576,2546.56,2.9274182254348067,2546.73,1.9388244233153755,2546.5499999999997,9.835004550396693,2546.7400000000002,0.4049597580965331
1710000030.399971,100607,ETHUSDT,2546.63,4.8272161125133115,2546.6600000000003,7.50752973364532,2546.62,12.851500210034313,2546.6700000000005,9.228756258153819,2546.61,9.24379374665908,2546.6800000000003,4.952268607908055,2546.6,3.387007804546783,2546.6900000000005,2.606728980823951,2546.59,3.644914454713781,2546.7000000000003,10.933934585343948,2546.58,1.8552365105837527,2546.7100000000005,9.558935855113795,2546.57,5.984896391073237,2546.7200000000003,4.5065075503471625,2546.56,9.770995716770294,2546.7300000000005,0.8348746182288916,2546.55,5.022349477510929,2546.7400000000002,2.2594211786160683,2546.54,1.3009078239914091,2546.7500000000005,10.906052532415098
1710000030.449971,100608,ETHUSDT,2546.64,4.166362267280335,2546.65,4.729556695903707,2546.6299999999997,5.42318222728618,2546.6600000000003,4.650693318272641,2546.62,3.327002990916829,2546.67,7.009242333148125,2546.6099999999997,2.877446347198204,2546.6800000000003,9.642091321638848,2546.6,5.282844423681778,2546.69,6.478470543286397,2546.5899999999997,2.544259485041498,2546.7000000000003,8.358920727846419,2546.58,1.758424409556783,2546.71,1.8003217027857246,2546.5699999999997,5.768471383485162,2546.7200000000003,1.1142167616763974,2546.56,5.060143791599132,2546.73,1.134818331818203,2546.5499999999997,0.2760232508058923,2546.7400000000002,3.2273928657510718
1710000030.499971,100609,ETHUSDT,2546.63,4.794338562100369,2546.65,8.416619213217668,2546.62,4.975072378955973,2546.6600000000003,14.316985044428172,2546.61,6.835990693349409,2546.67,9.404838161013075,2546.6,6.440002030089461,2546.6800000000003,2.9704278031523357,2546.59,2.0121553002553205,2546.69,3.8696587157312656,2546.58,4.2624303838566515,2546.7000000000003,2.7917440760878556,2546.57,1.4677888191359516,2546.71,8.67580139397343,2546.56,1.638949820262523,2546.7200000000003,4.32590844543335,2546.55,5.39435986061952,2546.73,7.888361736532273,2546.54,5.238068041593608,2546.7400000000002,2.060188043675592
1710000030.5499709,100610,ETHUSDT,2546.62,4.8007282100327044,2546.63,29.987662481067087,2546.6099999999997,6.345095331683694,2546.6400000000003,6.944944900571414,2546.6,7.735035048929214,2546.65,16.52987589457812,2546.5899999999997,3.3553443334619892,2546.6600000000003,5.150986008240519,2546.58,3.9372857087304807,2546.67,15.138558000819952,2546.5699999999997,3.6351697889194727,2546.6800000000003,8.093474485741588,2546.56,3.003118556753458,2546.69,1.9921423011365698,2546.5499999999997,6.4576148698306435,2546.7000000000003,2.961988003945356,2546.54,0.7491326325358734,2546.71,3.7334848480171194,2546.5299999999997,2.248149472218601,2546.7200000000003,7.826950996335315
1710000030.5999708,100611,ETHUSDT,2546.62,9.364710432889815,2546.63,4.222863190292711,2546.6099999999997,5.061336748728166,2546.6400000000003,8.288234650075683,2546.6,3.712688428182939,2546.65,8.470764719611061,2546.5899999999997,8.3212780804843,2546.6600000000003,2.441431923064435,2546.58,6.187325626460772,2546.67,5.762576119954552,2546.5699999999997,4.031472609713553,2546.6800000000003,5.7824042132268865,2546.56,1.5985333348483688,2546.69,5.0284961841440605,2546.5499999999997,8.041391051547464,2546.7000000000003,4.88879596105996,2546.54,5.449219463743276,2546.71,3.261455699764187,2546.5299999999997,3.323025060430682,2546.7200000000003,1.766151295484337
1710000030.6499708,100612,ETHUSDT,2546.61,4.480588833171738,2546.63,5.942270168338755,2546.6,4.443340594383539,2546.6400000000003,5.923518059886911,2546.59,13.041077366507748,2546.65,6.281182500179572,2546.58,7.229809120967714,2546.6600000000003,3.5748066124336955,2546.57,3.2084720423234288,2546.67,8.792301049321448,2546.56,2.2159684765582446,2546.6800000000003,10.920175520930368,2546.55,1.8144946970048346,2546.69,5.901886102849988,2546.54,2.9123679139985814,2546.7000000000003,1.9284764256659974,2546.53,3.3024541191918866,2546.71,2.419430360278344,2546.52,0.1,2546.7200000000003,5.623746348716048
1710000030.6999707,100613,ETHUSDT,2546.61,23.956856595601373,2546.6200000000003,5.825823143495544,2546.6,5.161978394977528,2546.6300000000006,5.392091969526485,2546.59,9.499840445276423,2546.6400000000003,7.7989290941210285,2546.58,4.7209702646392575,2546.6500000000005,7.161628858657151,2546.57,3.5185601068195274,2546.6600000000003,9.32286454298701,2546.56,4.998828896928902,2546.6700000000005,1.7299973260365074,2546.55,5.715181267370563,2546.6800000000003,1.3986781860865065,2546.54,2.633947346011892,2546.6900000000005,3.338284538406957,2546.53,2.826026625585068,2546.7000000000003,3.060555210692802,2546.52,2.266331692857932,2546.7100000000005,0.47588652040265894
1710000030.7499707,100614,ETHUSDT,2546.62,7.888392529444905,2546.63,7.310557681405788,2546.6099999999997,3.2992444617787564,2546.6400000000003,5.4168737137315865,2546.6,2.9988032554616315,2546.65,4.115034627608869,2546.5899999999997,2.4869660535908173,2546.6600000000003,2.5406444449849146,2546.58,10.339359510065425,2546.67,8.453655541972488,2546.5699999999997,1.75997280171645,2546.6800000000003,4.218257324475652,2546.56,11.558232880242645,2546.69,7.319816317116243,2546.5499999999997,1.3615547831526436,2546.7000000000003,19.902628409928965,2546.54,1.1876424217992012,2546.71,9.706748057621269,2546.5299999999997,0.5188262765677423,2546.7200000000003,1.6335198408899672
1710000030.7999706,100615,ETHUSDT,2546.62,9.403439256118196,2546.63,11.861664918606957,2546.6099999999997,5.559875382806073,2546.6400000000003,9.421548871495409,2546.6,21.573538823107025,2546.65,5.792239946482912,2546.5899999999997,2.8413009103697218,2546.6600000000003,6.313900201982966,2546.58,7.081100312092241,2546.67,2.894395944576792,2546.5699999999997,4.59538961056076,2546.6800000000003,2.264397257094409,2546.56,2.4143175902840452,2546.69,9.564009421113187,2546.5499999999997,1.212403677411253,2546.7000000000003,4.2892010055377865,2546.54,8.261458500924142,2546.71,3.4986287631800153,2546.5299999999997,0.4507552964309083,2546.7200000000003,13.04976226148819
1710000030.8499706,100616,ETHUSDT,2546.61,4.985439515863557,2546.63,3.8204575489849244,2546.6,10.560672361978337,2546.6400000000003,18.837345042030275,2546.59,8.024010873314591,2546.65,3.457605849243247,2546.58,4.51476807495108,2546.6600000000003,11.17645289552107,2546.57,14.470308397838778,2546.67,2.5849729577584784,2546.56,14.032151867060763,2546.6800000000003,6.570258533554545,2546.55,9.387762106341793,2546.69,2.4794977404616487,2546.54,22.708103494019667,2546.7000000000003,3.4283761764042984,2546.53,11.109351361008617,2546.71,0.9503723429121493,2546.52,3.4566807352631037,2546.7200000000003,10.152739150323237
1710000030.8999705,100617,ETHUSDT,2546.62,14.616460207366359,2546.63,15.808685542564639,2546.6099999999997,3.942996900283739,2546.6400000000003,8.513054210866505,2546.6,3.530824199982473,2546.65,4.355294213767057,2546.5899999999997,10.925939780213351,2546.6600000000003,14.174724328363341,2546.58,3.2152794002186917,2546.67,4.608636630780149,2546.5699999999997,3.2440613689338877,2546.6800000000003,1.9816637883896073,2546.56,1.929015345909863,2546.69,4.494630856486868,2546.5499999999997,3.024563745767641,2546.7000000000003,3.061071961693191,2546.54,1.3502874030004888,2546.71,5.853560425968443,2546.5299999999997,2.711699752687669,2546.7200000000003,0.1
1710000030.9499705,100618,ETHUSDT,2546.61,4.124004732420648,2546.6200000000003,5.542039827263352,2546.6,3.5107654366300167,2546.6300000000006,6.185852012493488,2546.59,8.168042399946364,2546.6400000000003,10.139592091945733,2546.58,6.762423431384185,2546.6500000000005,10.734646294464598,2546.57,2.9070476209215808,2546.6600000000003,3.094811011880819,2546.56,3.3012822862217694,2546.6700000000005,11.742579278993155,2546.55,2.4248667712210255,2546.6800000000003,1.2466051927701252,2546.54,4.387088662127415,2546.6900000000005,2.101135254193535,2546.53,2.4362455098001305,2546.7000000000003,1.0865724640704477,2546.52,0.36184440845359356,2546.7100000000005,2.831902122229411
1710000030.9999704,100619,ETHUSDT,2546.6,4.232304236195091,2546.62,13.580495115503538,2546.5899999999997,7.537774198133667,2546.63,5.699105487199018,2546.58,18.60690830153516,2546.64,9.227088537327429,2546.5699999999997,2.835489553882692,2546.65,11.191097283456577,2546.56,8.081604591078701,2546.66,11.12315704142169,2546.5499999999997,7.810791543004489,2546.67,1.8588783336560868,2546.54,3.3310771070450294,2546.68,1.6944096781334947,2546.5299999999997,4.103820027654636,2546.69,2.8098408753084705,2546.52,4.93560014169684,2546.7,0.7536549227129061,2546.5099999999998,15.611503895898316,2546.71,3.9617440589127195
1710000031.0499704,100620,ETHUSDT,2546.61,7.069678267246015,2546.6200000000003,3.695440910244111,2546.6,5.179164260368273,2546.6300000000006,6.532074016464365,2546.59,6.890329552166543,2546.6400000000003,3.3912655237679523,2546.58,5.2079366767724995,2546.6500000000005,16.61353654218324,2546.57,5.5006398834140775,2546.6600000000003,7.5751122850307375,2546.56,8.27217517423733,2546.6700000000005,2.745003055335676,2546.55,3.747084857343686,2546.6800000000003,6.033767437890151,2546.54,5.026758678510448,2546.6900000000005,2.2479242138544104,2546.53,2.001655720374091,2546.7000000000003,4.958019494398816,2546.52,0.4744512727475306,2546.7100000000005,3.369565987835616
1710000031.0999703,100621,ETHUSDT,2546.61,4.0889506637435655,2546.6200000000003,8.597007313096181,2546.6,6.4851680963119,2546.6300000000006,8.014359143533463,2546.59,4.168012517768018,2546.6400000000003,7.8447518290735765,2546.58,5.674772052499095,2546.6500000000005,5.683631282668079,2546.57,4.5563022266252915,2546.6600000000003,11.497814177653947,2546.56,3.216751733724605,2546.6700000000005,6.188466125256182,2546.55,8.611614899920339,2546.6800000000003,1.6782102030339714,2546.54,2.444505659038037,2546.6900000000005,9.728065332616593,2546.53,0.7968126272091796,2546.7000000000003,3.3825234111283535,2546.52,9.889756632656912,2546.7100000000005,10.23650800799457
1710000031.1499703,100622,ETHUSDT,2546.62,11.313337467447164,2546.63,6.5865299373419415,2546.6099999999997,6.558382236661359,2546.6400000000003,5.204738192621608,2546.6,9.373901638007736,2546.65,8.241055510528513,2546.5899999999997,6.530170606733077,2546.6600000000003,17.631660236664015,2546.58,3.5733012687101997,2546.67,2.919839846269679,2546.5699999999997,3.1949199762694582,2546.6800000000003,3.0854670584418455,2546.56,8.766196314312479,2546.69,8.445766484033019,2546.5499999999997,0.9773808913157324,2546.7000000000003,5.397550988467747,2546.54,8.452890200251614,2546.71,5.964011733046252,2546.5299999999997,1.8917395893161546,2546.7200000000003,5.108334369994151
1710000031.1999702,100623,ETHUSDT,2546.62,3.7156779390002637,2546.63,6.248464677371972,2546.6099999999997,3.6170012129024647,2546.6400000000003,3.952632042921204,2546.6,4.274981823729965,2546.65,9.655058646554412,2546.5899999999997,5.549810127166053,2546.6600000000003,7.234255078952806,2546.58,8.785244320612048,2546.67,5.303123703502266,2546.5699999999997,2.87975797480644,2546.6800000000003,2.943366231382721,2546.56,17.207124680978733,2546.69,9.569525847550892,2546.5499999999997,12.942211476935988,2546.7000000000003,3.7956572258498014,2546.54,0.9654992550102509,2546.71,6.768899507274561,2546.5299999999997,8.837233508040288,2546.7200000000003,2.1226366801364036
1710000031.2499702,100624,ETHUSDT,2546.61,8.514378052043265,2546.6200000000003,5.082150136063548,2546.6,9.352953687440888,2546.6300000000006,11.596161847459282,2546.59,9.927019721022518,2546.6400000000003,3.2113038425359117,2546.58,3.985374695368111,2546.6500000000005,6.247193592665544,2546.57,3.135048909411747,2546.6600000000003,2.287401698223899,2546.56,5.930373448804996,2546.6700000000005,13.478752940762147,2546.55,4.88141358390654,2546.6800000000003,2.2178007072763894,2546.54,19.165454288778005,2546.6900000000005,2.3604670865221453,2546.53,2.344834711428405,2546.7000000000003,5.898461323740426,2546.52,0.5311320628924086,2546.7100000000005,0.3590420532266858
1710000031.2999701,100625,ETHUSDT,2546.6,4.239497695423053,2546.61,16.506398567238058,2546.5899999999997,3.4495408946352697,2546.6200000000003,4.098137791139341,2546.58,3.2733111528830383,2546.63,3.271737012034108,2546.5699999999997,2.5198218320052486,2546.6400000000003,8.099484919955124,2546.56,2.613290369425394,2546.65,2.252438871087143,2546.5499999999997,11.984050608005889,2546.6600000000003,2.878732883179769,2546.54,1.3893560301338046,2546.67,7.494336651619549,2546.5299999999997,3.3394883644613023,2546.6800000000003,3.4660580420792293,2546.52,2.803480759446282,2546.69,5.876841550143448,2546.5099999999998,4.789118367681766,2546.7000000000003,1.2136696466809498
1710000031.34997,100626,ETHUSDT,2546.61,4.888521537342677,2546.6200000000003,7.607385730722877,2546.6,3.976526488074634,2546.6300000000006,7.965703983925748,2546.59,3.4496180685874487,2546.6400000000003,6.798023060247036,2546.58,10.518010011226966,2546.6500000000005,5.367799796876535,2546.57,2.655720933314851,2546.6600000000003,3.021018101685522,2546.56,4.120584172916784,2546.6700000000005,2.27488669213132,2546.55,1.3782767932293434,2546.6800000000003,2.3573115106043634,2546.54,8.525454616313949,2546.6900000000005,3.8031333237994955,2546.53,0.5834229557436926,2546.7000000000003,15.449462168186267,2546.52,1.0651247784933984,2546.7100000000005,3.7091901360025825
1710000031.39997,100627,ETHUSDT,2546.6,4.510406648988393,2546.62,5.780927036449651,2546.5899999999997,5.294429565225423,2546.63,5.79205482387065,2546.58,9.381589188141362,2546.64,5.2743610297754095,2546.5699999999997,5.7359355727215195,2546.65,7.731278507656143,2546.56,5.485960720140135,2546.66,3.618725371083645,2546.5499999999997,14.123087118815693,2546.67,13.089374862015154,2546.54,2.544716186249749,2546.68,3.3816309568927014,2546.5299999999997,7.4255124765026626,2546.69,5.029433975113455,2546.52,1.8265094360242693,2546.7,0.7749218659921937,2546.5099999999998,1.542734273929361,2546.71,27.488662395675558
1710000031.44997,100628,ETHUSDT,2546.6,4.950174477253874,2546.61,4.757932502164134,2546.5899999999997,4.718725475921081,2546.6200000000003,8.937255270321785,2546.58,4.411791692426057,2546.63,3.0336837594959394,2546.5699999999997,3.6102718220163945,2546.6400000000003,2.7721124257542655,2546.56,3.490737477484893,2546.65,4.514683959215146,2546.5499999999997,4.93778188426907,2546.6600000000003,3.124353163614456,2546.54,1.6871930133606745,2546.67,11.96321740536531,2546.5299999999997,6.214823451324541,2546.6800000000003,9.68207908328358,2546.52,0.7377611972847113,2546.69,0.610956007818029,2546.5099999999998,0.694165221359418,2546.7000000000003,14.93944649924239
1710000031.49997,100629,ETHUSDT,2546.61,4.108044634702505,2546.6200000000003,4.091935916852841,2546.6,8.058946034000542,2546.6300000000006,3.472375288064349,2546.59,17.342564158754584,2546.6400000000003,10.063927451715047,2546.58,5.093734226728542,2546.6500000000005,4.446002256403334,2546.57,5.117687553800355,2546.6600000000003,2.586405235001542,2546.56,2.3869778188476536,2546.6700000000005,8.829334037891432,2546.55,7.207630571078059,2546.6800000000003,2.0850218102488385,2546.54,1.5778208344203648,2546.6900000000005,4.115960201779761,2546.53,4.223837722625286,2546.7000000000003,3.500801835352981,2546.52,14.595747543066604,2546.7100000000005,16.687020013764357
1710000031.54997,100630,ETHUSDT,2546.6,6.893737488662762,2546.61,9.611437569324009,2546.5899999999997,6.43859902337654,2546.6200000000003,5.149340734889869,2546.58,3.2815551345930936,2546.63,7.6033325097003015,2546.5699999999997,11.158779557096933,2546.6400000000003,6.036384695848836,2546.56,8.37501523027123,2546.65,8.028874261273097,2546.5499999999997,2.291666561774143,2546.6600000000003,2.5389759030382146,2546.54,6.725290768685362,2546.67,5.280756756339985,2546.5299999999997,11.978342632161818,2546.6800000000003,3.005235322460466,2546.52,6.151658702811701,2546.69,3.994956515840607,2546.5099999999998,4.228105997916485,2546.7000000000003,0.2803609166934399
1710000031.5999699,100631,ETHUSDT,2546.6,9.590175323479922,2546.61,4.524944975120532,2546.5899999999997,12.004021706547949,2546.6200000000003,4.9315571608539805,2546.58,6.242316295830731,2546.63,6.169722376120099,2546.5699999999997,7.813722824477951,2546.6400000000003,15.525547849244232,2546.56,11.828412394212778,2546.65,18.042098898849087,2546.5499999999997,3.813067812433168,2546.6600000000003,9.582313276966307,2546.54,3.0524132404233946,2546.67,3.38315211094947,2546.5299999999997,3.980303615661809,2546.6800000000003,7.197389215853997,2546.52,5.470135737612177,2546.69,2.1089771064579304,2546.5099999999998,1.8627468436803112,2546.7000000000003,1.814520683658202
1710000031.6499698,100632,ETHUSDT,2546.6,7.145270242430742,2546.61,6.521088047080198,2546.5899999999997,10.305418712015907,2546.6200000000003,4.10714391751518,2546.58,3.270988902139039,2546.63,7.678964606878665,2546.5699999999997,7.287603650289983,2546.6400000000003,2.784626896122813,2546.56,4.658628061839691,2546.65,4.644628254505514,2546.5499999999997,2.4448738715454437,2546.6600000000003,8.96952768335596,2546.54,4.136247866766071,2546.67,6.274191386666171,2546.5299999999997,6.77383503627848,2546.6800000000003,1.371489411520474,2546.52,6.590217313667181,2546.69,13.627625781851481,2546.5099999999998,2.4580060333438034,2546.7000000000003,1.0312191896359335
1710000031.6999698,100633,ETHUSDT,2546.6,9.294567066462827,2546.61,12.08575333174541,2546.5899999999997,5.074500625589829,2546.6200000000003,10.050550173042861,2546.58,5.025918537461122,2546.63,3.1587807238278773,2546.5699999999997,6.231197218861824,2546.6400000000003,5.017168767186352,2546.56,7.542384417628449,2546.65,4.070275058481858,2546.5499999999997,2.15998347430979,2546.6600000000003,7.991018807472489,2546.54,1.267221768095205,2546.67,1.8610148455682598,2546.5299999999997,1.1437633753341137,2546.6800000000003,4.068011976943602,2546.52,2.675830867642914,2546.69,7.531499050706183,2546.5099999999998,7.76086883059491,2546.7000000000003,2.666870721609948
1710000031.7499697,100634,ETHUSDT,2546.61,9.993323871655262,2546.63,6.465534788659204,2546.6,7.7331393441137735,2546.6400000000003,4.045943044604086,2546.59,6.444654563412932,2546.65,7.14709918412948,2546.58,4.793336415412654,2546.6600000000003,3.172788537891464,2546.57,18.23048791228468,2546.67,3.7252139596818177,2546.56,5.341175393204695,2546.6800000000003,14.383058295735736,2546.55,1.729601723253916,2546.69,6.48692323735051,2546.54,4.557217538066161,2546.7000000000003,3.761393694293141,2546.53,4.014581096026114,2546.71,8.81981199734034,2546.52,4.862250563777984,2546.7200000000003,2.0750796595794965
1710000031.7999697,100635,ETHUSDT,2546.61,7.364331567365694,2546.63,13.72697377414603,2546.6,10.213532142168347,2546.6400000000003,3.8039546136607263,2546.59,7.831340112590103,2546.65,4.395006364156216,2546.58,5.116523426385902,2546.6600000000003,3.1873064558912243,2546.57,8.30770724636389,2546.67,6.103655405304324,2546.56,5.480575626173356,2546.6800000000003,1.8280235511450253,2546.55,6.557205613117717,2546.69,1.9046046102711105,2546.54,0.9792744386488657,2546.7000000000003,1.551072917543085,2546.53,1.4188612260979654,2546.71,7.986184874689902,2546.52,0.4327041863365369,2546.7200000000003,3.0819496644048394
1710000031.8499696,100636,ETHUSDT,2546.61,8.895481086758917,2546.63,9.144751417918902,2546.6,3.6205410009027017,2546.6400000000003,8.834498243562054,2546.59,4.215333333467084,2546.65,5.401852509109885,2546.58,13.428114409988833,2546.6600000000003,8.856841490210535,2546.57,2.0655578867186133,2546.67,6.739037117753483,2546.56,11.525286698340413,2546.6800000000003,4.803269227317826,2546.55,2.4315147732556146,2546.69,2.051541517725509,2546.54,1.0413339140990503,2546.7000000000003,17.350955959670646,2546.53,1.4234416100692773,2546.71,1.1922565244969876,2546.52,9.091699133703688,2546.7200000000003,2.105563826497946
1710000031.8999696,100637,ETHUSDT,2546.62,12.291173333397783,2546.63,11.141075046139315,2546.6099999999997,11.014199071519595,2546.6400000000003,4.68137022106252,2546.6,3.2530997443515837,2546.65,8.15228681915156,2546.5899999999997,3.1352710158800723,2546.6600000000003,6.3369083893153615,2546.58,13.757401318660385,2546.67,3.6163166182778954,2546.5699999999997,4.06544533214311,2546.6800000000003,2.148744391515681,2546.56,4.091506609393349,2546.69,1.6716553527187321,2546.5499999999997,1.6087023492224084,2546.7000000000003,1.9328415928257618,2546.54,9.719624000889752,2546.71,2.9038373717445034,2546.5299999999997,8.242044249893047,2546.7200000000003,3.2470302874063726
1710000031.9499695,100638,ETHUSDT,2546.62,8.178099929879824,2546.63,4.086156167896231,2546.6099999999997,8.311751365584486,2546.6400000000003,5.123156996382063,2546.6,4.777099990123648,2546.65,4.944943557138837,2546.5899999999997,6.65635245609025,2546.6600000000003,3.5761338744746674,2546.58,9.734982641912186,2546.67,6.738266433419848,2546.5699999999997,1.6543611137342238,2546.6800000000003,8.28016162738477,2546.56,3.907952143725319,2546.69,2.0434955559741255,2546.5499999999997,6.636771697251302,2546.7000000000003,18.915091368404525,2546.54,2.455457062070354,2546.71,2.946932898187498,2546.5299999999997,2.9420059066454636,2546.7200000000003,3.0934500443975614
1710000031.9999695,100639,ETHUSDT,2546.62,6.957397111956664,2546.63,3.998443477458975,2546.6099999999997,4.195595306255642,2546.6400000000003,4.242074564921772,2546.6,8.058005326985937,2546.65,4.673717706158659,2546.5899999999997,3.59032413053544,2546.6600000000003,11.201574557000002,2546.58,4.195578807744869,2546.67,8.078286688818888,2546.5699999999997,4.446577895914908,2546.6800000000003,4.07776310768099,2546.56,2.799264516879854,2546.69,6.790533984266985,2546.5499999999997,11.028974500322631,2546.7000000000003,3.5110506018611964,2546.54,9.522385901246993,2546.71,2.9144382486342884,2546.5299999999997,1.122308169716869,2546.7200000000003,1.1130924604688424
1710000032.0499694,100640,ETHUSDT,2546.61,6.48437874225151,2546.63,4.845880284208294,2546.6,11.17434383012117,2546.6400000000003,5.9018230575044655,2546.59,2.9010766849489724,2546.65,5.878964439228843,2546.58,2.446600901314859,2546.6600000000003,13.46857113195799,2546.57,2.2697336930539778,2546.67,3.6597487817923993,2546.56,4.231778059879122,2546.6800000000003,4.287861919267645,2546.55,2.2815359476438006,2546.69,11.366420372533955,2546.54,9.597476034600428,2546.7000000000003,5.122424865839711,2546.53,4.053317925535292,2546.71,8.842660190788596,2546.52,4.995410050993735,2546.7200000000003,2.4561479930110677
1710000032.0999694,100641,ETHUSDT,2546.62,4.7509298402709685,2546.63,5.444271951626586,2546.6099999999997,5.733452574460983,2546.6400000000003,5.281536278733454,2546.6,3.1173016612219047,2546.65,5.408663075355392,2546.5899999999997,4.250892544976073,2546.6600000000003,5.4673140117465575,2546.58,5.5302304477783,2546.67,5.3987905235189775,2546.5699999999997,3.278880059078639,2546.6800000000003,7.913995010762768,2546.56,3.0625252884615404,2546.69,10.526916539473167,2546.5499999999997,15.831713930264613,2546.7000000000003,5.380277918438303,2546.54,3.084279323592907,2546.71,4.555936776317832,2546.5299999999997,2.6687789424789945,2546.7200000000003,1.831208367706254
1710000032.1499693,100642,ETHUSDT,2546.62,7.396359963290694,2546.63,4.986127032516753,2546.6099999999997,6.862627251693114,2546.6400000000003,8.03548713618516,2546.6,10.325565311045242,2546.65,3.95053997656101,2546.5899999999997,3.2100364809581583,2546.6600000000003,3.362013963819762,2546.58,5.868262720429928,2546.67,11.215308517724948,2546.5699999999997,13.137871972797711,2546.6800000000003,4.5998147158835785,2546.56,1.8545457329300312,2546.69,2.7640567018989035,2546.5499999999997,12.878736094843156,2546.7000000000003,7.895802946635212,2546.54,11.905406048939584,2546.71,2.5239592647741853,2546.5299999999997,8.779277903831206,2546.7200000000003,0.6993458828577935
1710000032.1999693,100643,ETHUSDT,2546.61,9.486153115892808,2546.6200000000003,4.3746895722586405,2546.6,5.642095079671096,2546.6300000000006,5.062066499731087,2546.59,3.8026289243136766,2546.6400000000003,5.380416076959175,2546.58,18.878871852740424,2546.6500000000005,4.067469144388566,2546.57,3.463102641104282,2546.6600000000003,2.952387772737607,2546.56,4.884877587116515,2546.6700000000005,3.3738178083788086,2546.55,12.261212425738204,2546.6800000000003,12.442982035123435,2546.54,23.55711772679331,2546.6900000000005,9.16515618967575,2546.53,4.188687954529151,2546.7000000000003,2.8157245043153427,2546.52,1.244111171391121,2546.7100000000005,3.064282781519793
1710000032.2499692,100644,ETHUSDT,2546.61,21.180520590606406,2546.6200000000003,10.181799516363151,2546.6,14.820318534039455,2546.6300000000006,4.951218818563983,2546.59,4.200509589676502,2546.6400000000003,5.374624084596481,2546.58,5.490499495365119,2546.6500000000005,5.83717137312421,2546.57,9.545763170691346,2546.6600000000003,11.832703558336263,2546.56,14.190718645209218,2546.6700000000005,6.39238082575533,2546.55,6.543782008948372,2546.6800000000003,6.262165132789077,2546.54,3.191402094005717,2546.6900000000005,2.666396942183489,2546.53,4.087772003563731,2546.7000000000003,4.500523326113206,2546.52,0.7123041099434662,2546.7100000000005,1.7988513589736368
1710000032.2999692,100645,ETHUSDT,2546.6,6.760831862694466,2546.62,16.95211194566032,2546.5899999999997,3.2644824858597508,2546.63,11.233138288399633,2546.58,6.762038729788324,2546.64,7.420045941720984,2546.5699999999997,3.814885228864177,2546.65,4.658158091047998,2546.56,2.7892580685102524,2546.66,9.6848591833632,2546.5499999999997,11.089040107696814,2546.67,2.3709177109336816,2546.54,6.531810049372067,2546.68,1.3758736316664664,2546.5299999999997,7.132732219085697,2546.69,14.839452452432909,2546.52,11.567492638898324,2546.7,0.6091915356261963,2546.5099999999998,2.777088653460962,2546.71,1.6933809018391917
1710000032.3499691,100646,ETHUSDT,2546.6,9.35927283692059,2546.62,9.85412540013802,2546.5899999999997,11.480260145738953,2546.63,3.627407863634417,2546.58,6.170726936905237,2546.64,9.462273094884159,2546.5699999999997,11.996048773372983,2546.65,4.443941255573273,2546.56,5.033798674561019,2546.66,3.1005230420731333,2546.5499999999997,6.924404259106085,2546.67,2.4896012950450745,2546.54,9.59318207138912,2546.68,8.313514696031094,2546.5299999999997,3.18634467963302,2546.69,2.016978057501552,2546.52,9.57166012735428,2546.7,0.7304746088204501,2546.5099999999998,2.6136481176776174,2546.71,0.6589124807399735
1710000032.399969,100647,ETHUSDT,2546.6,7.798093955344543,2546.61,8.656370872112314,2546.5899999999997,5.202127410651668,2546.6200000000003,7.2474022864189624,2546.58,17.751733214657637,2546.63,5.463288790274743,2546.5699999999997,8.369831759641482,2546.6400000000003,11.13957720120677,2546.56,3.9583930332750734,2546.65,11.652545096644994,2546.5499999999997,2.915147628989528,2546.6600000000003,12.644536328388963,2546.54,4.6842062700637666,2546.67,2.9870848445955516,2546.5299999999997,5.530228236948193,2546.6800000000003,4.751626842033945,2546.52,1.0681197175084387,2546.69,4.486834160639368,2546.5099999999998,7.12708051654548,2546.7000000000003,0.9700133860527941
1710000032.449969,100648,ETHUSDT,2546.6,7.602410163891415,2546.61,4.429893338300389,2546.5899999999997,9.296756257662782,2546.6200000000003,4.974986659099518,2546.58,4.246340147524608,2546.63,8.354054078540756,2546.5699999999997,4.404936475602958,2546.6400000000003,5.729101606732893,2546.56,3.181028805937948,2546.65,8.787139441114089,2546.5499999999997,2.1023940232508878,2546.6600000000003,6.4674927975279,2546.54,6.386479570097983,2546.67,3.9310458650583358,2546.5299999999997,7.185563081551239,2546.6800000000003,1.7809656353723033,2546.52,1.1822771407654091,2546.69,10.838780042237433,2546.5099999999998,4.554297439302366,2546.7000000000003,0.4143488478504665
1710000032.499969,100649,ETHUSDT,2546.6,6.939838250216631,2546.62,4.504090436653576,2546.5899999999997,9.229728702403463,2546.63,6.649129625121397,2546.58,8.011441933607953,2546.64,4.666063008029143,2546.5699999999997,4.926156791156422,2546.65,7.582622651669864,2546.56,2.0026893865210122,2546.66,12.623056812372784,2546.5499999999997,1.7183832909073204,2546.67,2.098038503589462,2546.54,1.451082167687006,2546.68,6.8017628151164775,2546.5299999999997,3.4200355953461017,2546.69,1.5763814805891267,2546.52,2.2404822344747353,2546.7,0.7368174263476206,2546.5099999999998,2.0907712251987896,2546.71,3.684929002700703
1710000032.549969,100650,ETHUSDT,2546.59,9.509424261519335,2546.6000000000004,12.728019795733791,2546.58,4.916935808635026,2546.6100000000006,3.2529182025521552,2546.57,4.4048819086169715,2546.6200000000003,5.731723883037816,2546.56,11.716326082049973,2546.6300000000006,7.827882266274772,2546.55,2.814766924274627,2546.6400000000003,3.0710202738119934,2546.54,2.8434756207665446,2546.6500000000005,24.185061063531673,2546.53,4.760195690905187,2546.6600000000003,6.845742379509462,2546.52,10.914063874684194,2546.6700000000005,4.358014048180452,2546.51,3.6030461060065466,2546.6800000000003,4.157605967433084,2546.5,2.8996313513980243,2546.6900000000005,1.69461083612289
1710000032.599969,100651,ETHUSDT,2546.59,10.657770180058936,2546.61,3.8001115311688207,2546.58,4.121231963224213,2546.6200000000003,5.082862428711908,2546.57,18.468059053996292,2546.63,3.937958199748495,2546.56,5.790345919245818,2546.6400000000003,4.789819979210369,2546.55,6.2391177616111415,2546.65,2.9455774704346,2546.54,13.879096966620152,2546.6600000000003,4.757843308587686,2546.53,5.777062875566675,2546.67,2.8081780635466265,2546.52,8.07155182763639,2546.6800000000003,2.807948467357863,2546.51,6.333589475395807,2546.69,3.2325006669030043,2546.5,2.6013156900493293,2546.7000000000003,3.6755915295244557
1710000032.6499689,100652,ETHUSDT,2546.6,5.0518498707934825,2546.62,4.609272037742292,2546.5899999999997,4.457488440177623,2546.63,7.96520636040907,2546.58,3.839677267317837,2546.64,6.75453765343274,2546.5699999999997,8.535660476143374,2546.65,5.385267577940616,2546.56,10.483655783420145,2546.66,4.535826971171749,2546.5499999999997,10.065220222419347,2546.67,1.6454609210647453,2546.54,9.737987677444284,2546.68,7.287415594880495,2546.5299999999997,1.8514819509366185,2546.69,2.2898031959388736,2546.52,14.062301188532759,2546.7,7.824932679232531,2546.5099999999998,1.8828861537108026,2546.71,7.107309754029035
1710000032.6999688,100653,ETHUSDT,2546.6,4.917834637907768,2546.61,4.643734366101283,2546.5899999999997,6.259783782306366,2546.6200000000003,4.588223905255582,2546.58,9.064647923056025,2546.63,5.396033490904223,2546.5699999999997,2.911845554315153,2546.6400000000003,4.334291227220545,2546.56,4.426268747276018,2546.65,4.282613228772503,2546.5499999999997,1.6225878213012581,2546.6600000000003,3.290864818288018,2546.54,2.173441646921277,2546.67,2.157320694989877,2546.5299999999997,1.1908170606344528,2546.6800000000003,2.6543839594667897,2546.52,4.005859533028158,2546.69,0.4655673915864363,2546.5099999999998,6.795287907317353,2546.7000000000003,1.6379326318024061
1710000032.7499688,100654,ETHUSDT,2546.61,6.45422185340493,2546.63,7.677811374161912,2546.6,4.841936019360543,2546.6400000000003,5.431288008008783,2546.59,10.012012398407256,2546.65,6.109926703235421,2546.58,2.581912211515233,2546.6600000000003,13.756142350096376,2546.57,2.72518076569081,2546.67,4.0364797502584455,2546.56,2.321520133575708,2546.6800000000003,2.7946164703703333,2546.55,11.764581860259025,2546.69,1.9026407018877403,2546.54,1.9579268117670443,2546.7000000000003,2.309020959923486,2546.53,8.419453806497842,2546.71,1.5742667135621051,2546.52,1.4879678349883172,2546.7200000000003,7.982833492839658
1710000032.7999687,100655,ETHUSDT,2546.62,24.768800469453417,2546.63,4.719592619257259,2546.6099999999997,6.811466508699963,2546.6400000000003,4.131547884019719,2546.6,9.2814486129201,2546.65,5.5175380757220776,2546.5899999999997,5.812893188354681,2546.6600000000003,17.461960598305403,2546.58,2.214180176346303,2546.67,5.924889223222825,2546.5699999999997,8.643606464367924,2546.6800000000003,2.1489709779942725,2546.56,1.471596835594345,2546.69,5.311862270757784,2546.5499999999997,2.50930961471167,2546.7000000000003,6.748146016466275,2546.54,2.5544213834520573,2546.71,2.074980073343779,2546.5299999999997,1.8538512756852228,2546.7200000000003,5.489266513687558
1710000032.8499687,100656,ETHUSDT,2546.61,13.74644263182859,2546.63,4.698870021187706,2546.6,14.510529512606844,2546.6400000000003,8.742975057055247,2546.59,7.55218990972946,2546.65,2.9291274666682083,2546.58,18.73824109444667,2546.6600000000003,9.022415914352734,2546.57,19.24357839615691,2546.67,11.716051490165306,2546.56,2.3084502082993077,2546.6800000000003,6.181705939836247,2546.55,1.8630310346754149,2546.69,6.5534037803232925,2546.54,8.494193871262661,2546.7000000000003,9.307008770120055,2546.53,16.04986493385728,2546.71,11.404168894265066,2546.52,0.2963653980689871,2546.7200000000003,8.998000310430433
1710000032.8999686,100657,ETHUSDT,2546.61,5.0003865543044705,2546.6200000000003,3.883076259197718,2546.6,6.256867504124797,2546.6300000000006,6.191853029038288,2546.59,4.362807446637675,2546.6400000000003,9.76431005231191,2546.58,2.5928685194701466,2546.6500000000005,7.7943868944068715,2546.57,10.80152584544402,2546.6600000000003,9.581082293726555,2546.56,3.488792951287345,2546.6700000000005,7.1436420071479105,2546.55,10.380850327000342,2546.6800000000003,6.142329167082061,2546.54,2.067018277907792,2546.6900000000005,1.123337504441094,2546.53,2.8860351641698787,2546.7000000000003,1.5636886428990162,2546.52,1.2577665873888595,2546.7100000000005,0.4094892269194268
1710000032.9499686,100658,ETHUSDT,2546.6,10.289924930265766,2546.61,5.368179433187944,2546.5899999999997,6.032590815096208,2546.6200000000003,11.66225183465765,2546.58,6.900195024603413,2546.63,5.8144693546333865,2546.5699999999997,5.086213650437181,2546.6400000000003,3.426082762432562,2546.56,3.99979789889315,2546.65,2.021894496268967,2546.5499999999997,2.5071779889678965,2546.6600000000003,2.3932228124771697,2546.54,3.049601598575331,2546.67,2.240737956378884,2546.5299999999997,3.587420581590411,2546.6800000000003,1.4447785331452796,2546.52,6.790920438367412,2546.69,3.4053890548942554,2546.5099999999998,5.508699406219344,2546.7000000000003,10.932414326161334
1710000032.9999685,100659,ETHUSDT,2546.6,11.59635139009807,2546.62,12.374777109931939,2546.5899999999997,13.747149455367857,2546.63,5.355794077621948,2546.58,3.597519281469152,2546.64,5.408332542223996,2546.5699999999997,3.2876933024455433,2546.65,5.444075051112399,2546.56,5.924622702268001,2546.66,10.902467454389624,2546.5499999999997,4.584304979088937,2546.67,2.6132179049034256,2546.54,5.915341289075569,2546.68,3.991402458972804,2546.5299999999997,1.5970979035668282,2546.69,3.020479681557201,2546.52,5.2062530714661435,2546.7,13.307638840451805,2546.5099999999998,0.1,2546.71,7.964726620188922
1710000033.0499685,100660,ETHUSDT,2546.61,3.9246980517536674,2546.6200000000003,4.581927849981324,2546.6,10.496139556278955,2546.6300000000006,4.9264474782849135,2546.59,4.9566359893457355,2546.6400000000003,9.228276947916857,2546.58,3.076353148359157,2546.6500000000005,2.5315376980917272,2546.57,4.755697780140704,2546.6600000000003,12.20988443879654,2546.56,3.9668067097121216,2546.6700000000005,6.422695721062775,2546.55,11.869470245267493,2546.6800000000003,5.501633079587574,2546.54,5.923909712199805,2546.6900000000005,2.5881984640218905,2546.53,3.6286175629649904,2546.7000000000003,11.283481425988317,2546.52,1.2288189130102634,2546.7100000000005,2.8538400732028912
1710000033.0999684,100661,ETHUSDT,2546.6,6.180879094525774,2546.61,8.845397446065299,2546.5899999999997,8.82353629524058,2546.6200000000003,8.024689565768753,2546.58,4.860728331680509,2546.63,9.122944205996706,2546.5699999999997,3.40869438450227,2546.6400000000003,3.9008140702504974,2546.56,8.174405371568653,2546.65,6.012438801779499,2546.5499999999997,6.274490997721401,2546.6600000000003,1.757896772704391,2546.54,2.020890890598718,2546.67,3.2814599864062335,2546.5299999999997,1.5347332998787517,2546.6800000000003,2.470546904314455,2546.52,4.6785212950051545,2546.69,1.491852834909023,2546.5099999999998,0.7415851559535905,2546.7000000000003,0.5749173365106558
1710000033.1499684,100662,ETHUSDT,2546.6,5.516687883126638,2546.61,5.191988269685609,2546.5899999999997,7.056944179930747,2546.6200000000003,9.086501415510124,2546.58,3.7985937675702677,2546.63,7.63602819125979,2546.5699999999997,3.0948227415074028,2546.6400000000003,7.328258883527366,2546.56,3.097198964138546,2546.65,6.070526490079081,2546.5499999999997,4.750220598356428,2546.6600000000003,3.0216629618376425,2546.54,3.6166236253382085,2546.67,7.668816502219593,2546.5299999999997,8.018742838263481,2546.6800000000003,1.3760713193450598,2546.52,4.2562267556650575,2546.69,7.502782933980095,2546.5099999999998,1.6851525128988902,2546.7000000000003,8.976660190974616
1710000033.1999683,100663,ETHUSDT,2546.59,9.5668427744428,2546.6000000000004,7.929901470797041,2546.58,6.926961809958833,2546.6100000000006,24.778086086645132,2546.57,4.317490798210303,2546.6200000000003,26.272819811483092,2546.56,3.001229560200342,2546.6300000000006,5.521332118095351,2546.55,11.638854180070373,2546.6400000000003,7.627001528995537,2546.54,12.268908313276635,2546.6500000000005,2.5170843932105322,2546.53,5.835833528558358,2546.6600000000003,3.4138348592201324,2546.52,19.917675655794138,2546.6700000000005,3.9763993200122627,2546.51,5.210627874139723,2546.6800000000003,3.8183177658811296,2546.5,0.1431007259809344,2546.6900000000005,1.2015046272157839
1710000033.2499683,100664,ETHUSDT,2546.58,4.635210978982026,2546.59,6.0871431418444635,2546.5699999999997,3.6805621958411336,2546.6000000000004,5.14253546534645,2546.56,4.1422575203957415,2546.61,19.650237582269316,2546.5499999999997,4.414901686429614,2546.6200000000003,5.920506206071675,2546.54,11.782292897872487,2546.63,3.434211729944951,2546.5299999999997,2.490291489587325,2546.6400000000003,1.8969366654597062,2546.52,1.3492729355897275,2546.65,5.134930018502063,2546.5099999999998,4.020588844310743,2546.6600000000003,2.4299571583705375,2546.5,4.715255496570993,2546.67,1.532172290426527,2546.49,6.746399727840717,2546.6800000000003,1.1327731535624999
1710000033.2999682,100665,ETHUSDT,2546.58,5.239457766840897,2546.59,9.765811036958452,2546.5699999999997,4.131694019156891,2546.6000000000004,9.374580736738395,2546.56,4.423707658083165,2546.61,3.5591123474571598,2546.5499999999997,4.640158620572706,2546.6200000000003,6.151258377214914,2546.54,6.7058020075959615,2546.63,13.79037323167734,2546.5299999999997,3.400290517755204,2546.6400000000003,3.6568420600015283,2546.52,3.9964821983012575,2546.65,8.152752714756605,2546.5099999999998,3.8905637515491485,2546.6600000000003,5.016012002009254,2546.5,1.2719566379210907,2546.67,0.6729857930169977,2546.49,3.9664342013860536,2546.6800000000003,4.68114051310225
1710000033.3499682,100666,ETHUSDT,2546.58,6.908056017194683,2546.59,4.583024885435599,2546.5699999999997,22.193016332128856,2546.6000000000004,31.325898892606226,2546.56,7.140749911933749,2546.61,4.892704813425385,2546.5499999999997,7.089774881846661,2546.6200000000003,3.020317552568636,2546.54,5.3185641389455895,2546.63,6.511342990021981,2546.5299999999997,3.3067811770959707,2546.6400000000003,9.581813065091612,2546.52,3.4341007821334695,2546.65,2.907697560134528,2546.5099999999998,11.120223640673405,2546.6600000000003,2.654946060875941,2546.5,2.212406929877032,2546.67,16.086700251284554,2546.49,32.41617206194897,2546.6800000000003,6.133257141249605
1710000033.3999681,100667,ETHUSDT,2546.59,12.647438470371448,2546.6000000000004,11.210351685037601,2546.58,9.320804568977955,2546.6100000000006,7.338964200846823,2546.57,9.303388210612814,2546.6200000000003,21.528797177598722,2546.56,3.785956763413899,2546.6300000000006,9.516743343179776,2546.55,4.819439905274489,2546.6400000000003,6.600288303100376,2546.54,4.445287800307134,2546.6500000000005,1.6849955777266052,2546.53,3.9999398762369776,2546.6600000000003,4.466642671707966,2546.52,0.8772256305641657,2546.6700000000005,1.403338472505041,2546.51,0.8239280228690373,2546.6800000000003,0.8516734508525494,2546.5,10.374736909814724,2546.6900000000005,4.358765421071405
1710000033.449968,100668,ETHUSDT,2546.61,10.024570190701922,2546.6200000000003,8.108993909886628,2546.6,4.484568933863993,2546.6300000000006,3.3697069361997825,2546.59,4.237687256717841,2546.6400000000003,5.786405411055241,2546.58,4.5304987065007225,2546.6500000000005,4.514666540401208,2546.57,8.655381223140864,2546.6600000000003,6.409772108342944,2546.56,4.1501502932728895,2546.6700000000005,2.1286721892373617,2546.55,4.577639484559477,2546.6800000000003,19.11714645818998,2546.54,6.521089680388258,2546.6900000000005,12.476145910178909,2546.53,13.430830790237318,2546.7000000000003,9.024639204101307,2546.52,2.07270810492957,2546.7100000000005,2.1626008898076727
1710000033.499968,100669,ETHUSDT,2546.62,5.644789914493273,2546.63,8.7922619286294,2546.6099999999997,5.711573830739452,2546.6400000000003,6.415213983164911,2546.6,5.778633919991385,2546.65,10.149771343782664,2546.5899999999997,2.6430185486869133,2546.6600000000003,8.788480043424997,2546.58,8.830792753316974,2546.67,10.141188540014484,2546.5699999999997,4.597532560296369,2546.6800000000003,6.786502205168862,2546.56,2.58422142398466,2546.69,4.097815645054377,2546.5499999999997,2.9336972084567643,2546.7000000000003,3.930290039891413,2546.54,1.5245841081105738,2546.71,1.8672072998730362,2546.5299999999997,5.897726675066757,2546.7200000000003,1.6305271238131036
1710000033.549968,100670,ETHUSDT,2546.64,6.929270878067182,2546.65,7.416413975467007,2546.6299999999997,13.922297972032197,2546.6600000000003,5.111300908531383,2546.62,6.2314990444213905,2546.67,3.063454012601334,2546.6099999999997,4.523280009105306,2546.6800000000003,3.1728967258876226,2546.6,14.998524474150663,2546.69,17.627459846226266,2546.5899999999997,3.639693498976003,2546.7000000000003,3.1717463336284335,2546.58,8.072974061129326,2546.71,2.1795291615566077,2546.5699999999997,4.832745161109596,2546.7200000000003,2.9667322950430766,2546.56,0.9166512498044621,2546.73,4.230948148820495,2546.5499999999997,1.355262639988958,2546.7400000000002,0.37491799601466425
1710000033.599968,100671,ETHUSDT,2546.63,15.1303442882015,2546.65,4.1060614484057965,2546.62,7.013017487618676,2546.6600000000003,12.184721025289878,2546.61,4.8318538659038,2546.67,3.5693816070301074,2546.6,4.397899365946246,2546.6800000000003,6.45158363923625,2546.59,3.691298957610727,2546.69,2.7953940618912165,2546.58,3.1474542620243824,2546.7000000000003,6.3590648282996405,2546.57,1.2327788414469605,2546.71,1.6395971516251264,2546.56,3.4144958080806784,2546.7200000000003,8.634973290076468,2546.55,0.7596815887046946,2546.73,2.598235029054355,2546.54,0.1329368026788871,2546.7400000000002,6.632714577063457
1710000033.649968,100672,ETHUSDT,2546.65,6.274396192988393,2546.67,5.364275298009794,2546.64,3.2554549213545645,2546.6800000000003,3.3642006291258526,2546.63,3.3207096705842076,2546.69,3.1501578635373533,2546.62,4.552188363724622,2546.7000000000003,6.313676985561827,2546.61,3.882764380317478,2546.71,5.756472176663948,2546.6,5.922353989671985,2546.7200000000003,7.41990085616704,2546.59,7.630421957098142,2546.73,5.686446597680276,2546.58,1.284758320996001,2546.7400000000002,1.6476549034997423,2546.57,11.728617238810616,2546.75,9.485590523591128,2546.56,1.7059182555893868,2546.76,0.6150804199993452
1710000033.6999679,100673,ETHUSDT,2546.65,7.32506633904913,2546.67,3.858254900994847,2546.64,10.505925334870419,2546.6800000000003,3.635284890067612,2546.63,4.776806034866479,2546.69,6.612482686857047,2546.62,5.147495570178655,2546.7000000000003,2.6229426921464847,2546.61,2.8119113192143175,2546.71,2.777428486169686,2546.6,13.924044497076274,2546.7200000000003,18.20545892210147,2546.59,4.932920195689711,2546.73,3.3144953951765546,2546.58,7.669878584177606,2546.7400000000002,11.445707889849754,2546.57,1.0093202271588269,2546.75,2.026695956554098,2546.56,1.1581283823579411,2546.76,1.383329108097665
1710000033.7499678,100674,ETHUSDT,2546.66,10.247348488224178,2546.67,14.658195409971288,2546.6499999999996,3.7158167452196804,2546.6800000000003,4.122028945652616,2546.64,8.39904980007478,2546.69,9.583521078910861,2546.6299999999997,2.9930981435172237,2546.7000000000003,4.309862158066757,2546.62,5.809273203507136,2546.71,13.426530108654,2546.6099999999997,5.669905646117348,2546.7200000000003,2.919667142463796,2546.6,7.802033145773246,2546.73,6.248588850854418,2546.5899999999997,5.469527577726197,2546.7400000000002,2.6991629219046196,2546.58,4.5088230149554,2546.75,0.5195613294887643,2546.5699999999997,1.0395263959496517,2546.76,4.7736120039843275
1710000033.7999678,100675,ETHUSDT,2546.65,4.876528622432495,2546.6600000000003,3.702819302855627,2546.64,3.4712790541406635,2546.6700000000005,6.262227554691339,2546.63,2.962302106996093,2546.6800000000003,7.091738269172261,2546.62,6.0281574966525175,2546.6900000000005,6.096707189729681,2546.61,17.791038563650183,2546.7000000000003,3.117999107531241,2546.6,4.011962683277065,2546.7100000000005,5.599700356046976,2546.59,7.50890957594927,2546.7200000000003,7.40524301828338,2546.58,8.939555711936666,2546.7300000000005,0.9450580787850966,2546.57,4.080971369170677,2546.7400000000002,1.9748977162013492,2546.56,4.96695950590297,2546.7500000000005,0.2546929671530298
1710000033.8499677,100676,ETHUSDT,2546.66,4.383494081018949,2546.67,5.1479593857027695,2546.6499999999996,5.021755794684262,2546.6800000000003,13.415556405426585,2546.64,10.72070396787818,2546.69,5.5771752268992625,2546.6299999999997,4.305603893985403,2546.7000000000003,11.404176827572444,2546.62,2.84016415178586,2546.71,2.9868311164249266,2546.6099999999997,2.4235066429917063,2546.7200000000003,1.8724269812979715,2546.6,4.911039212453659,2546.73,5.632730083838036,2546.5899999999997,1.732516301194337,2546.7400000000002,1.4210466531338484,2546.58,0.6296666302366705,2546.75,4.320723467182341,2546.5699999999997,0.1,2546.76,0.5215834542562034
1710000033.8999677,100677,ETHUSDT,2546.65,8.960566520121045,2546.6600000000003,4.109955314053239,2546.64,6.470302423929219,2546.6700000000005,8.005285618110305,2546.63,9.85772373633963,2546.6800000000003,5.87673676620166,2546.62,4.096791281269686,2546.6900000000005,4.922675622464979,2546.61,20.00392856031702,2546.7000000000003,6.300950981956134,2546.6,10.620950740130759,2546.7100000000005,4.55830484598582,2546.59,7.441877504038504,2546.7200000000003,9.060805254667638,2546.58,6.1295802361551885,2546.7300000000005,8.185061856984108,2546.57,8.954989585059918,2546.7400000000002,5.1272240899916675,2546.56,1.8320250607866089,2546.7500000000005,0.37588525642171505
1710000033.9499676,100678,ETHUSDT,2546.66,7.076135891078355,2546.68,3.934018809616009,2546.6499999999996,7.976575750038238,2546.69,5.070191653577288,2546.64,10.354525269485816,2546.7,13.194425565575722,2546.6299999999997,13.864231391187351,2546.71,5.008813698177755,2546.62,4.078412905525548,2546.72,14.371478409693305,2546.6099999999997,3.883543525567769,2546.73,15.402052859535182,2546.6,5.208873744201844,2546.74,1.8311833575440686,2546.5899999999997,0.8950122832138995,2546.75,2.9692070339898935,2546.58,4.6571132821637535,2546.7599999999998,2.6628584368247226,2546.5699999999997,0.237301979400056,2546.77,0.8573448359212663
1710000033.9999676,100679,ETHUSDT,2546.65,9.91359955734402,2546.67,3.762999129520923,2546.64,5.196583128734251,2546.6800000000003,12.600347106882886,2546.63,9.245154489532245,2546.69,4.740213225120447,2546.62,5.505701273443277,2546.7000000000003,4.902648103350893,2546.61,10.361574131244986,2546.71,13.332950523211537,2546.6,2.7890056315345846,2546.7200000000003,11.15898010628624,2546.59,4.898683722028771,2546.73,2.9488468056336004,2546.58,2.798327498774693,2546.7400000000002,1.1668794035251269,2546.57,0.9381861142810946,2546.75,15.089702476573331,2546.56,3.699182955873391,2546.76,3.24219002049151
1710000034.0499675,100680,ETHUSDT,2546.65,8.251831059315684,2546.67,7.645523796177633,2546.64,5.914342588111682,2546.6800000000003,5.57318949366927,2546.63,16.685876567381715,2546.69,8.26231090408961,2546.62,5.853672032248845,2546.7000000000003,2.970897922435439,2546.61,4.006124976068435,2546.71,9.65763774096289,2546.6,2.843223084721135,2546.7200000000003,19.386110615023643,2546.59,18.215297382496185,2546.73,2.545974305312314,2546.58,0.8102267840743016,2546.7400000000002,6.21158486688434,2546.57,3.911140940750175,2546.75,12.32155847443416,2546.56,1.09602541624508,2546.76,0.24884554930615319
1710000034.0999675,100681,ETHUSDT,2546.65,5.780394819772601,2546.6600000000003,8.454383577905165,2546.64,4.002347728082841,2546.6700000000005,6.331814639791517,2546.63,4.304601876227993,2546.6800000000003,4.383618707571961,2546.62,16.824479197096494,2546.6900000000005,6.529475017549539,2546.61,2.8487556015590347,2546.7000000000003,3.2479645350961697,2546.6,1.6150110621228932,2546.7100000000005,3.4465084064021103,2546.59,2.2338190996133287,2546.7200000000003,2.0364226819211253,2546.58,1.31005089652276,2546.7300000000005,3.8171341279095072,2546.57,14.869439593639497,2546.7400000000002,0.5821843047261155,2546.56,0.2835156784393927,2546.7500000000005,1.3233840234458245
1710000034.1499674,100682,ETHUSDT,2546.65,4.244136634008579,2546.67,11.012918443914442,2546.64,3.318454844364771,2546.6800000000003,3.200039076299068,2546.63,9.02150963366522,2546.69,4.697919288380765,2546.62,5.999047617865735,2546.7000000000003,3.1754403180598616,2546.61,9.456532538987148,2546.71,12.28703316352189,2546.6,13.941778201902897,2546.7200000000003,1.7956181712171826,2546.59,3.3029649203403215,2546.73,6.336305067698603,2546.58,3.645343879124745,2546.7400000000002,0.877741327044861,2546.57,3.648416778937937,2546.75,0.7418970663553883,2546.56,4.172819445548714,2546.76,16.60147340366399
1710000034.1999674,100683,ETHUSDT,2546.66,24.034634891399712,2546.67,4.843738587609522,2546.6499999999996,23.900499195685192,2546.6800000000003,5.066509633945143,2546.64,7.503003662600278,2546.69,4.916019044319722,2546.6299999999997,17.742372825005237,2546.7000000000003,3.84181476360172,2546.62,2.097498658988287,2546.71,4.4064655686125915,2546.6099999999997,1.6998969418309535,2546.7200000000003,8.6050023889814,2546.6,7.670065894441465,2546.73,4.28142510164479,2546.5899999999997,12.250352693254788,2546.7400000000002,1.3180815232291405,2546.58,3.9023989326990196,2546.75,10.017975555260733,2546.5699999999997,1.262014258567132,2546.76,0.10421936251275574
1710000034.2499673,100684,ETHUSDT,2546.65,10.695775239118753,2546.6600000000003,9.504828804507541,2546.64,4.638829341308063,2546.6700000000005,7.640305095484108,2546.63,7.584379691946896,2546.6800000000003,4.63819951767804,2546.62,3.9177708082063,2546.6900000000005,5.968667623439325,2546.61,2.0753657436883977,2546.7000000000003,13.48177921515188,2546.6,4.732031412822957,2546.7100000000005,2.1920635941544373,2546.59,14.081436041951239,2546.7200000000003,5.836881751041328,2546.58,1.5741530831218162,2546.7300000000005,8.074827562378648,2546.57,4.679002213747284,2546.7400000000002,5.890142497191173,2546.56,1.4079924188700792,2546.7500000000005,0.23229554426023435
1710000034.2999673,100685,ETHUSDT,2546.65,3.636299201769296,2546.6600000000003,13.472516380116161,2546.64,5.9317547660985,2546.6700000000005,6.780988513468706,2546.63,18.35136458968834,2546.6800000000003,4.337191794993893,2546.62,2.9567437149619877,2546.6900000000005,4.887575989658286,2546.61,22.532867392880206,2546.7000000000003,6.8931784099753015,2546.6,11.214150603046141,2546.7100000000005,10.23033430360322,2546.59,4.852285124537262,2546.7200000000003,3.7107786237434612,2546.58,4.614017282499193,2546.7300000000005,2.2378561306777778,2546.57,0.6648066515443678,2546.7400000000002,21.293272493123972,2546.56,1.8648463070063046,2546.7500000000005,5.080752411413976
1710000034.3499672,100686,ETHUSDT,2546.65,6.497809697150963,2546.6600000000003,16.775902626486484,2546.64,17.00653808243527,2546.6700000000005,3.2658446382985797,2546.63,7.982800771692586,2546.6800000000003,5.410685561329927,2546.62,2.538478341801985,2546.6900000000005,6.262705795184129,2546.61,5.512566680235005,2546.7000000000003,13.400780766234229,2546.6,4.425541734133633,2546.7100000000005,4.867863691034519,2546.59,3.1887431311081023,2546.7200000000003,5.58368711583442,2546.58,8.958991095009129,2546.7300000000005,1.6065870185195692,2546.57,15.752101848174009,2546.7400000000002,3.602708190886585,2546.56,6.748650989892882,2546.7500000000005,1.1855590316774796
1710000034.3999672,100687,ETHUSDT,2546.64,8.563148254157104,2546.66,11.310958510712812,2546.6299999999997,16.948096178763933,2546.67,3.5826940994667997,2546.62,4.281828056457308,2546.68,6.391764308966932,2546.6099999999997,4.6094567219452,2546.69,3.4100543375313106,2546.6,5.734744398981693,2546.7,2.4975607033416924,2546.5899999999997,5.276247995151897,2546.71,5.130021890595314,2546.58,5.264118676033809,2546.72,4.744168822273164,2546.5699999999997,3.055047602742886,2546.73,2.686449484720648,2546.56,5.2051076645511305,2546.74,3.2036476745101523,2546.5499999999997,0.2495163068689296,2546.75,4.245960969973018
1710000034.4499671,100688,ETHUSDT,2546.65,3.944253004462825,2546.6600000000003,19.403063494532173,2546.64,4.167236330713298,2546.6700000000005,6.808605159816518,2546.63,3.6507997353830883,2546.6800000000003,3.5154842908927986,2546.62,10.095124749148095,2546.6900000000005,18.212605679122262,2546.61,6.370898584151338,2546.7000000000003,3.9888192422918873,2546.6,1.861671412278964,2546.7100000000005,3.4151014536780693,2546.59,6.451106844600422,2546.7200000000003,5.117649575122449,2546.58,10.729257250335303,2546.7300000000005,2.362639876766499,2546.57,1.3621500949194814,2546.7400000000002,11.784935112996662,2546.56,9.007776261620409,2546.7500000000005,0.20514322837489882
1710000034.499967,100689,ETHUSDT,2546.64,7.6917723428647875,2546.65,13.60065296596431,2546.6299999999997,5.907442709786968,2546.6600000000003,3.7217037274522218,2546.62,3.638231525666887,2546.67,6.004395558393613,2546.6099999999997,9.445607020894489,2546.6800000000003,2.6297238944635515,2546.6,13.491775718499794,2546.69,3.960316511054133,2546.5899999999997,2.4965804347758844,2546.7000000000003,3.196403517588953,2546.58,4.052736824235594,2546.71,1.7114795275006442,2546.5699999999997,4.03711392854543,2546.7200000000003,2.2755906318592793,2546.56,0.7192641003771136,2546.73,8.89247642608673,2546.5499999999997,15.924556401493213,2546.7400000000002,5.132565292712411
1710000034.549967,100690,ETHUSDT,2546.64,8.038421151346228,2546.65,6.859707660626944,2546.6299999999997,9.271471335251102,2546.6600000000003,7.808939452724033,2546.62,11.114868996340455,2546.67,17.372360874636158,2546.6099999999997,2.7209480326929083,2546.6800000000003,7.617276295048852,2546.6,6.118742043620728,2546.69,4.485592613061041,2546.5899999999997,3.1093551150997376,2546.7000000000003,4.771689779037035,2546.58,8.027587284534173,2546.71,6.528416773919328,2546.5699999999997,1.9218724111817929,2546.7200000000003,5.291043659693151,2546.56,9.647272915532195,2546.73,2.580794157385849,2546.5499999999997,7.758186206943161,2546.7400000000002,6.724217908004732
1710000034.599967,100691,ETHUSDT,2546.63,5.167742848395532,2546.6400000000003,11.543194144654166,2546.62,11.657291482885267,2546.6500000000005,6.8351186671374204,2546.61,3.490985948954011,2546.6600000000003,4.8857801096768165,2546.6,4.947436562491113,2546.6700000000005,4.053486881169478,2546.59,4.369094903816937,2546.6800000000003,9.673089408560857,2546.58,26.392683542553353,2546.6900000000005,1.6771382592571886,2546.57,9.613714262339471,2546.7000000000003,7.609836714271802,2546.56,9.851827594257607,2546.7100000000005,2.765556685148113,2546.55,7.795690530001462,2546.7200000000003,10.526213808701886,2546.54,1.1374580346909908,2546.7300000000005,3.8094408159839035
1710000034.649967,100692,ETHUSDT,2546.64,9.770360933528146,2546.65,7.581839924845847,2546.6299999999997,5.821906804458406,2546.6600000000003,19.522911744594687,2546.62,4.861708063908017,2546.67,3.6228286595861103,2546.6099999999997,2.40341979421367,2546.6800000000003,8.108285021424841,2546.6,5.342967475312474,2546.69,2.2413947619272347,2546.5899999999997,13.240047814323228,2546.7000000000003,4.891919588551764,2546.58,4.460838674599028,2546.71,4.7133803989716645,2546.5699999999997,6.048694113511681,2546.7200000000003,3.2215951242522456,2546.56,4.010172862231519,2546.73,6.316105877634506,2546.5499999999997,1.9196405600854247,2546.7400000000002,3.3572499541848515
1710000034.699967,100693,ETHUSDT,2546.63,5.834666413823996,2546.6400000000003,18.377995794535423,2546.62,4.451306388337297,2546.6500000000005,3.594269342311863,2546.61,8.29098430153378,2546.6600000000003,5.690347515856812,2546.6,4.8534805729376025,2546.6700000000005,9.795850644707153,2546.59,9.213375554851414,2546.6800000000003,6.017992986354499,2546.58,6.941088161892511,2546.6900000000005,2.0412900644108145,2546.57,1.4542573599643478,2546.7000000000003,1.2989362711911099,2546.56,4.050627116753511,2546.7100000000005,4.791392335252969,2546.55,5.552960883713188,2546.7200000000003,0.8348949029906689,2546.54,2.117160053005364,2546.7300000000005,0.2533711892228251
1710000034.7499669,100694,ETHUSDT,2546.62,6.549629445094973,2546.63,5.256208648412331,2546.6099999999997,4.717873592620889,2546.6400000000003,3.5751966929174572,2546.6,5.137766916961379,2546.65,11.961907783670549,2546.5899999999997,4.873247018155579,2546.6600000000003,3.209384159895623,2546.58,7.075647098704512,2546.67,20.678390435445,2546.5699999999997,5.03637199346074,2546.6800000000003,10.91495304444366,2546.56,3.87445746423615,2546.69,3.301042353044419,2546.5499999999997,1.2267419372112358,2546.7000000000003,1.1728559986414804,2546.54,0.45731259439117083,2546.71,10.398876509875931,2546.5299999999997,1.8978149124815975,2546.7200000000003,6.592304835185217
1710000034.7999668,100695,ETHUSDT,2546.62,6.876435093900733,2546.63,10.675416436308831,2546.6099999999997,7.503632651888915,2546.6400000000003,11.27312174566578,2546.6,14.715528941451748,2546.65,13.415961131556593,2546.5899999999997,4.676577756084708,2546.6600000000003,5.736800546385521,2546.58,3.5622533918047594,2546.67,11.321413194520417,2546.5699999999997,17.617438484417807,2546.6800000000003,5.627304907421415,2546.56,6.369098561992489,2546.69,4.850095722483248,2546.5499999999997,4.241310148841874,2546.7000000000003,3.777930604823953,2546.54,6.735313473427961,2546.71,1.709114960857936,2546.5299999999997,5.710012077452411,2546.7200000000003,7.3144577712438466
1710000034.8499668,100696,ETHUSDT,2546.61,3.8628693933493032,2546.63,3.6202243852774743,2546.6,3.7212701711449516,2546.6400000000003,5.851060086687591,2546.59,7.929811506755154,2546.65,9.175271487713166,2546.58,5.764377271602797,2546.6600000000003,2.457120174526012,2546.57,6.702378938481187,2546.67,2.3213467883894077,2546.56,5.81142668725678,2546.6800000000003,6.151276817279172,2546.55,1.9874288509512263,2546.69,4.018727289013066,2546.54,1.8963385784385194,2546.7000000000003,1.21849381067024,2546.53,2.0033728203504273,2546.71,4.486616419692752,2546.52,2.482724747639424,2546.7200000000003,0.962130592079625
1710000034.8999667,100697,ETHUSDT,2546.61,19.18938497551037,2546.6200000000003,24.843570205336235,2546.6,3.4904744935276897,2546.6300000000006,7.975233079023357,2546.59,3.8599046610369756,2546.6400000000003,5.070721897993256,2546.58,3.186309652050207,2546.6500000000005,6.230536565740457,2546.57,3.8431173578010718,2546.6600000000003,5.021364305979651,2546.56,8.5241754432479,2546.6700000000005,4.546765820445857,2546.55,8.729563303278141,2546.6800000000003,2.080866985524719,2546.54,6.65523601363388,2546.6900000000005,1.7039404133822242,2546.53,5.603506841460881,2546.7000000000003,6.5701791057482115,2546.52,2.545002154655901,2546.7100000000005,1.7336577246148528
1710000034.9499667,100698,ETHUSDT,2546.6,9.147215521251315,2546.61,5.820719857996928,2546.5899999999997,7.163447213283344,2546.6200000000003,6.566075451289347,2546.58,3.4410599375045288,2546.63,3.1026208773857005,2546.5699999999997,7.02772110161113,2546.6400000000003,14.17307181339254,2546.56,2.449972906381722,2546.65,6.744886969353661,2546.5499999999997,8.926390274611183,2546.6600000000003,3.0995761931373,2546.54,3.782044416179929,2546.67,2.7082021124572466,2546.5299999999997,5.714981394185946,2546.6800000000003,5.2645382460633,2546.52,2.172386315511904,2546.69,16.516181904522806,2546.5099999999998,6.867781633356066,2546.7000000000003,0.18991542942038941
1710000034.9999666,100699,ETHUSDT,2546.61,4.03802094731466,2546.6200000000003,4.751566298029941,2546.6,9.054802380737804,2546.6300000000006,5.334648993853062,2546.59,4.6121145903886465,2546.6400000000003,16.70290652081979,2546.58,4.4782378345630836,2546.6500000000005,3.583555862526474,2546.57,8.899301158101952,2546.6600000000003,4.671681205149734,2546.56,5.946403568777024,2546.6700000000005,2.1799107927039834,2546.55,2.8044023470400017,2546.6800000000003,4.6283071801476305,2546.54,16.428090427276686,2546.6900000000005,2.6320942665643017,2546.53,2.9403254985329337,2546.7000000000003,1.186552367840246,2546.52,3.27916104321013,2546.7100000000005,0.5253892756900915
1710000035.0499666,100700,ETHUSDT,2546.61,11.660536876570607,2546.63,11.042569051724792,2546.6,11.047423553183645,2546.6400000000003,10.661603304299506,2546.59,6.089318143121792,2546.65,3.3362423201129396,2546.58,15.570028760020948,2546.6600000000003,2.877178867890762,2546.57,6.144481224630553,2546.67,4.484707507402075,2546.56,1.7298288873720327,2546.6800000000003,24.98175962384394,2546.55,6.721400233900291,2546.69,13.389566609817603,2546.54,4.543420370425235,2546.7000000000003,7.660497491514745,2546.53,8.284232975052545,2546.71,2.7857800048251136,2546.52,0.32549654959351737,2546.7200000000003,9.334822267345388
1710000035.0999665,100701,ETHUSDT,2546.61,3.9859548199478816,2546.6400000000003,4.1571597696209945,2546.6,11.074070588895495,2546.6500000000005,5.276028851761524,2546.59,5.284205830831803,2546.6600000000003,6.473265059873757,2546.58,2.8567258442451005,2546.6700000000005,3.755989871125566,2546.57,2.8615411600902725,2546.6800000000003,3.3929148432877048,2546.56,5.2459503485520775,2546.6900000000005,1.749080356605618,2546.55,2.564744671431667,2546.7000000000003,3.357375065321265,2546.54,5.327220654186909,2546.7100000000005,2.3324840752451146,2546.53,13.239000519342131,2546.7200000000003,0.41825786815450544,2546.52,12.174807121714458,2546.7300000000005,0.35490470123089224
1710000035.1499665,100702,ETHUSDT,2546.62,5.7649839055681795,2546.63,7.8874895752943015,2546.6099999999997,6.221700279723787,2546.6400000000003,5.974041316420004,2546.6,5.589766094701465,2546.65,8.904068354435799,2546.5899999999997,5.254541350493055,2546.6600000000003,11.436905857789874,2546.58,4.7091842966128326,2546.67,3.586231200304255,2546.5699999999997,13.08468232584323,2546.6800000000003,4.474330571319946,2546.56,2.061215996885782,2546.69,1.4974762943893833,2546.5499999999997,9.014554398038255,2546.7000000000003,3.42395369815031,2546.54,0.5952759589025728,2546.71,11.106562960269347,2546.5299999999997,9.5786379822258,2546.7200000000003,2.3730098999033014
1710000035.1999664,100703,ETHUSDT,2546.61,9.976109702740173,2546.63,15.976982649708901,2546.6,5.222628041429729,2546.6400000000003,7.03372769822281,2546.59,4.3843436874776955,2546.65,5.797711254510251,2546.58,3.8492379310417553,2546.6600000000003,19.77462299206919,2546.57,3.530482471655798,2546.67,2.702298420253826,2546.56,8.02902267321856,2546.6800000000003,6.332055353903941,2546.55,1.5018464293157887,2546.69,6.352461951069707,2546.54,1.3279520883520628,2546.7000000000003,1.7648913017744094,2546.53,0.7027927669882548,2546.71,3.7353617590573176,2546.52,0.18298138060695002,2546.7200000000003,0.5272502175618468
1710000035.2499664,100704,ETHUSDT,2546.62,6.206930568288032,2546.63,3.8372092892688454,2546.6099999999997,4.367770998212734,2546.6400000000003,4.495993246468717,2546.6,5.193029676794827,2546.65,15.697596647750675,2546.5899999999997,5.439721601401216,2546.6600000000003,8.901484910258104,2546.58,10.474390975267077,2546.67,4.735120189634496,2546.5699999999997,7.385957883851445,2546.6800000000003,6.35552422666766,2546.56,2.118109172984508,2546.69,5.371062282053006,2546.5499999999997,1.8027446350055993,2546.7000000000003,5.046107349458377,2546.54,4.686487603572762,2546.71,3.09367923917474,2546.5299999999997,0.7895309786837835,2546.7200000000003,5.257374916725064
1710000035.2999663,100705,ETHUSDT,2546.61,5.043757684596156,2546.6200000000003,5.050279918985428,2546.6,3.5071530393921595,2546.6300000000006,4.006333741659172,2546.59,6.212340330123516,2546.6400000000003,18.26822375499685,2546.58,5.437978461167484,2546.6500000000005,6.320583708629393,2546.57,2.8927036524907,2546.6600000000003,5.275549807051913,2546.56,3.1826278110054833,2546.6700000000005,4.187657895541069,2546.55,2.9608461618873445,2546.6800000000003,11.582224562636362,2546.54,5.449142557984015,2546.6900000000005,6.585430784019009,2546.53,2.7517315061913576,2546.7000000000003,4.880246843147505,2546.52,3.9706827840673253,2546.7100000000005,1.1524758791227874
1710000035.3499663,100706,ETHUSDT,2546.61,8.394710494968878,2546.63,7.341330534305627,2546.6,4.495556189874698,2546.6400000000003,10.461437321819805,2546.59,5.943034143331003,2546.65,25.936182565787846,2546.58,21.932029903521276,2546.6600000000003,3.5140362490817094,2546.57,4.848337212276595,2546.67,2.391580151922899,2546.56,6.4809864813171405,2546.6800000000003,2.90595217861108,2546.55,7.726260431070485,2546.69,7.861906338036262,2546.54,1.9968647914185524,2546.7000000000003,1.098281201400595,2546.53,0.4541400298805808,2546.71,2.856991055640578,2546.52,10.401070527895296,2546.7200000000003,2.0052390343720154
1710000035.3999662,100707,ETHUSDT,2546.61,21.218278567716983,2546.63,6.620983009446621,2546.6,3.32826805187977,2546.6400000000003,8.104490259513069,2546.59,20.909406817723823,2546.65,9.39726261406978,2546.58,5.538332833104323,2546.6600000000003,6.661706961409899,2546.57,19.066306212034558,2546.67,3.9291336311421476,2546.56,1.6654896193494904,2546.6800000000003,2.239539412204289,2546.55,3.9510397725717894,2546.69,3.5566513748978794,2546.54,9.67966486627718,2546.7000000000003,3.5703131918510875,2546.53,3.5065269118069473,2546.71,1.5675701751385018,2546.52,4.297499191176186,2546.7200000000003,2.479494455828588
1710000035.4499662,100708,ETHUSDT,2546.61,7.0615473374110085,2546.6200000000003,9.89660942254368,2546.6,15.241302927025572,2546.6300000000006,18.768565884195255,2546.59,4.127365721615547,2546.6400000000003,4.537127121437332,2546.58,7.237664400206148,2546.6500000000005,13.812135501721988,2546.57,3.2096886029729803,2546.6600000000003,7.145944472274173,2546.56,2.728588482798168,2546.6700000000005,10.05858194148222,2546.55,3.721628318332857,2546.6800000000003,4.651454965507684,2546.54,13.865795230232287,2546.6900000000005,5.749035707277256,2546.53,2.9146643361616045,2546.7000000000003,6.121521337339037,2546.52,9.031433619929759,2546.7100000000005,1.346679201318722
1710000035.4999661,100709,ETHUSDT,2546.62,7.483524993344593,2546.63,8.738389300355689,2546.6099999999997,12.496522220337642,2546.6400000000003,4.813205461640765,2546.6,3.7557992994353158,2546.65,7.596566923968789,2546.5899999999997,4.393105279025928,2546.6600000000003,3.434093394747466,2546.58,16.096786310979816,2546.67,5.2714334897456325,2546.5699999999997,11.854833089733674,2546.6800000000003,4.266172631155646,2546.56,3.602138570863304,2546.69,6.381562726963714,2546.5499999999997,4.79178623836364,2546.7000000000003,9.017762423200223,2546.54,1.3961004488394986,2546.71,12.683250956097442,2546.5299999999997,2.7973820272575285,2546.7200000000003,11.296265526655564
1710000035.549966,100710,ETHUSDT,2546.62,6.99384573558312,2546.63,3.805232596697366,2546.6099999999997,10.552077274179567,2546.6400000000003,3.2694961756888867,2546.6,3.517454779477752,2546.65,6.040395381117953,2546.5899999999997,9.661386573126883,2546.6600000000003,4.4891313955152174,2546.58,7.848872158705619,2546.67,8.424518700919926,2546.5699999999997,5.143201258352631,2546.6800000000003,2.8666523637016086,2546.56,2.3383441078159386,2546.69,2.790825836286328,2546.5499999999997,4.553593049642751,2546.7000000000003,4.700063193601123,2546.54,2.910297845058392,2546.71,2.011888999006947,2546.5299999999997,3.5757768087693673,2546.7200000000003,1.52311436252795
1710000035.599966,100711,ETHUSDT,2546.63,5.333660119612901,2546.6400000000003,6.8724181632725365,2546.62,12.164426587951116,2546.6500000000005,3.2806867854569597,2546.61,4.099859386676529,2546.6600000000003,9.166577778430165,2546.6,2.7884904180505803,2546.6700000000005,6.64820906827472,2546.59,6.500878860325914,2546.6800000000003,2.197580093903791,2546.58,6.069431334861134,2546.6900000000005,1.808727688730687,2546.57,5.266135967442848,2546.7000000000003,4.718619277781476,2546.56,14.786441942940307,2546.7100000000005,2.7859480393389795,2546.55,2.159330368039211,2546.7200000000003,2.508235829184637,2546.54,3.5142194413689682,2546.7300000000005,3.438859473538197
1710000035.649966,100712,ETHUSDT,2546.64,4.890933951873094,2546.65,9.686602196510803,2546.6299999999997,4.5821471628413795,2546.6600000000003,3.624194175182329,2546.62,14.515968868896708,2546.67,8.497517567279276,2546.6099999999997,12.877895926879145,2546.6800000000003,3.353174805945238,2546.6,2.7425842861190546,2546.69,4.387660867230149,2546.5899999999997,2.5149754908196056,2546.7000000000003,16.59125930352772,2546.58,6.0311873341616336,2546.71,3.242599406009889,2546.5699999999997,5.346527157010105,2546.7200000000003,3.1166743726108868,2546.56,4.010178545671528,2546.73,6.279553864706603,2546.5499999999997,1.965936756523167,2546.7400000000002,3.2035676238908666
1710000035.699966,100713,ETHUSDT,2546.64,5.683479604770378,2546.65,6.237105342647942,2546.6299999999997,4.824396548717214,2546.6600000000003,14.007256684629727,2546.62,8.191199879718498,2546.67,3.7968046850202573,2546.6099999999997,11.116242316403545,2546.6800000000003,18.434215822499795,2546.6,2.6195454082683782,2546.69,8.660481014987097,2546.5899999999997,7.464306199706547,2546.7000000000003,10.709633416272156,2546.58,2.104927919204565,2546.71,8.069108140018649,2546.5699999999997,0.8156892784919098,2546.7200000000003,2.2574176416307323,2546.56,1.4108180628851459,2546.73,1.390150449750559,2546.5499999999997,0.4407853097943677,2546.7400000000002,1.6676007256044674
1710000035.749966,100714,ETHUSDT,2546.64,4.9517445508678115,2546.65,4.81316882422617,2546.6299999999997,7.284344387543841,2546.6600000000003,9.392320769688961,2546.62,3.7011973975900587,2546.67,5.5895114895859255,2546.6099999999997,3.370378073980236,2546.6800000000003,3.0901965918813588,2546.6,3.284505665948692,2546.69,4.360567712939089,2546.5899999999997,4.042054418308883,2546.7000000000003,4.986885014424517,2546.58,1.8852836591511417,2546.71,3.55480197666547,2546.5699999999997,3.0990135067910183,2546.7200000000003,13.184908974187458,2546.56,1.4915313468407527,2546.73,3.7534104901169463,2546.5499999999997,2.3498176927450256,2546.7400000000002,0.1
1710000035.7999659,100715,ETHUSDT,2546.64,3.6718417710629234,2546.65,5.245465177610172,2546.6299999999997,15.513956173416233,2546.6600000000003,8.884654135823336,2546.62,5.590179894527829,2546.67,3.8168387733950153,2546.6099999999997,10.095337278127978,2546.6800000000003,7.26351845229333,2546.6,8.932961958759629,2546.69,3.949465020014503,2546.5899999999997,2.805382422195443,2546.7000000000003,13.878116195308817,2546.58,8.023512909348039,2546.71,1.9852534282219394,2546.5699999999997,0.8989361037618208,2546.7200000000003,1.98537543059748,2546.56,1.0644824180071168,2546.73,3.9098601520285645,2546.5499999999997,6.125985741326168,2546.7400000000002,4.1544430798045475
1710000035.8499658,100716,ETHUSDT,2546.61,9.150969896108643,2546.63,4.02059317431345,2546.6,4.212625760890132,2546.6400000000003,4.965608526327753,2546.59,3.615572902891381,2546.65,6.438708234260462,2546.58,4.129397659246363,2546.6600000000003,6.834896163413612,2546.57,2.4718601865591747,2546.67,6.803565567855456,2546.56,1.9804018302221618,2546.6800000000003,12.87370969641652,2546.55,10.094570284685883,2546.69,11.969496293301646,2546.54,5.235543729644021,2546.7000000000003,3.8676749244116664,2546.53,5.920180865708011,2546.71,1.3430854952821922,2546.52,0.687618348325894,2546.7200000000003,4.37423031523174
1710000035.8999658,100717,ETHUSDT,2546.62,11.505659645993983,2546.63,15.343759316157579,2546.6099999999997,6.350471164023196,2546.6400000000003,4.274101386549639,2546.6,5.567765030528633,2546.65,6.205296791236686,2546.5899999999997,3.2875714219778533,2546.6600000000003,4.600610070620579,2546.58,3.4804786195166253,2546.67,4.139285889205658,2546.5699999999997,7.389465086724588,2546.6800000000003,10.871867409823233,2546.56,10.532680552872431,2546.69,7.042397650238262,2546.5499999999997,3.5429999026800196,2546.7000000000003,1.242668690389021,2546.54,2.4261991434159955,2546.71,5.247956694918226,2546.5299999999997,0.8312878392700248,2546.7200000000003,5.148671770810547
1710000035.9499657,100718,ETHUSDT,2546.61,4.688334999199983,2546.6200000000003,5.0321282937498655,2546.6,6.109613705182174,2546.6300000000006,3.4272704407133157,2546.59,4.291267929291388,2546.6400000000003,6.505232181856799,2546.58,5.887984333049711,2546.6500000000005,8.17855746348907,2546.57,3.3739655839433818,2546.6600000000003,3.8248194155487107,2546.56,3.3105344507735657,2546.6700000000005,2.411883417351088,2546.55,6.445785598457398,2546.6800000000003,4.706824510200242,2546.54,6.029740153397172,2546.6900000000005,7.015755526117034,2546.53,1.0432382350742906,2546.7000000000003,3.389739814504166,2546.52,2.820822984335994,2546.7100000000005,4.180352215480093
1710000035.9999657,100719,ETHUSDT,2546.6,8.143032761748158,2546.61,3.6427055175683885,2546.5899999999997,6.097753616672164,2546.6200000000003,3.5034201574397383,2546.58,7.502791117754034,2546.63,4.5866407073693924,2546.5699999999997,5.670662768931919,2546.6400000000003,2.85147277530277,2546.56,8.1729917308412,2546.65,13.45284077819742,2546.5499999999997,3.6682269721954017,2546.6600000000003,2.7196016069175046,2546.54,3.332775220223386,2546.67,1.627886490645793,2546.5299999999997,10.348242412119774,2546.6800000000003,20.8854479977596,2546.52,7.223847597493212,2546.69,1.7436404272908255,2546.5099999999998,0.7608169764208889,2546.7000000000003,1.1911940976505688
1710000036.0499656,100720,ETHUSDT,2546.59,10.701330863095517,2546.6000000000004,7.738824853309161,2546.58,5.555715084366017,2546.6100000000006,4.994504812641229,2546.57,9.347052469620925,2546.6200000000003,5.18367326606447,2546.56,3.393575995062056,2546.6300000000006,3.367796641793189,2546.55,9.604932805842008,2546.6400000000003,3.287121865214642,2546.54,3.21727940747153,2546.6500000000005,11.996106081101441,2546.53,1.8537199340823114,2546.6600000000003,2.127605240190191,2546.52,6.374591622270973,2546.6700000000005,2.985670126376103,2546.51,4.4348229513307915,2546.6800000000003,5.2536101232526216,2546.5,0.4598586346407556,2546.6900000000005,7.651930708921139
1710000036.0999656,100721,ETHUSDT,2546.59,12.639787755146003,2546.6000000000004,4.9238775750582855,2546.58,3.9280618556614626,2546.6100000000006,4.977303264141944,2546.57,3.009857030757308,2546.6200000000003,3.6272818134017477,2546.56,3.86252108964198,2546.6300000000006,4.935978766209713,2546.55,3.0507767097597625,2546.6400000000003,6.4670064994070255,2546.54,1.8672169385447237,2546.6500000000005,2.8216544460596484,2546.53,4.134653825707695,2546.6600000000003,1.9687613969647855,2546.52,2.82490293451795,2546.6700000000005,3.1677772385560328,2546.51,0.6011049023246366,2546.6800000000003,5.259375070626775,2546.5,1.6577128788725608,2546.6900000000005,6.104712664483855
1710000036.1499655,100722,ETHUSDT,2546.59,13.679664441031452,2546.61,3.8652205420242254,2546.58,18.026367365055012,2546.6200000000003,11.55162932335718,2546.57,4.5353275755321265,2546.63,3.5451622648758336,2546.56,10.504153090770258,2546.6400000000003,3.843820918789616,2546.55,9.145987121457926,2546.65,6.612544608531056,2546.54,2.5435100453387136,2546.6600000000003,3.1664940611089563,2546.53,8.76728644320837,2546.67,3.353117622991018,2546.52,5.0847152380210385,2546.6800000000003,5.861034518845681,2546.51,1.260870710496457,2546.69,0.7886591846914384,2546.5,2.3112700118147664,2546.7000000000003,1.241381413341996
1710000036.1999655,100723,ETHUSDT,2546.61,17.522660789728768,2546.6200000000003,11.51133439291508,2546.6,3.3517315164251227,2546.6300000000006,5.040929621782833,2546.59,10.928280708990904,2546.6400000000003,8.06647782062072,2546.58,5.862858522225868,2546.6500000000005,9.027511735581419,2546.57,9.748294701398823,2546.6600000000003,5.171432887644263,2546.56,2.9950637561084035,2546.6700000000005,3.4918086919460976,2546.55,11.58337134048319,2546.6800000000003,7.585895354994608,2546.54,1.9391438415730455,2546.6900000000005,2.5725016825285847,2546.53,2.2104567732522953,2546.7000000000003,1.493283343005638,2546.52,5.478434078275649,2546.7100000000005,6.754991497863354
1710000036.2499654,100724,ETHUSDT,2546.61,4.951361033998095,2546.6200000000003,4.637127169090707,2546.6,8.117380979792124,2546.6300000000006,11.341743171854922,2546.59,7.859315355505659,2546.6400000000003,5.494172585972004,2546.58,9.822739717014528,2546.6500000000005,2.7977864857789103,2546.57,7.332879690665509,2546.6600000000003,3.2102751942995504,2546.56,10.14444826210815,2546.6700000000005,1.9991050916417687,2546.55,6.130036323236725,2546.6800000000003,2.316876640525394,2546.54,1.543039775138638,2546.6900000000005,1.3183872626100301,2546.53,2.128019763666182,2546.7000000000003,1.5558732857986075,2546.52,8.574086420652398,2546.7100000000005,2.0204869279775455
1710000036.2999654,100725,ETHUSDT,2546.6,4.382303376861136,2546.61,4.704632607065799,2546.5899999999997,6.908792359472279,2546.6200000000003,10.556788344495097,2546.58,5.477170430751902,2546.63,3.9461138315007727,2546.5699999999997,6.051205907456989,2546.6400000000003,15.196186527043514,2546.56,2.788625965784899,2546.65,6.52224015619417,2546.5499999999997,2.499489266912844,2546.6600000000003,3.5466432534654677,2546.54,6.837418439730027,2546.67,1.9207944513573727,2546.5299999999997,1.5643987745913472,2546.6800000000003,2.363283156065593,2546.52,2.1385101502178556,2546.69,8.694038413619499,2546.5099999999998,2.0849283583615255,2546.7000000000003,13.605487151678282
1710000036.3499653,100726,ETHUSDT,2546.59,3.769810876948689,2546.6000000000004,17.8288240822484,2546.58,10.388009161338385,2546.6100000000006,7.6672692278625005,2546.57,3.137337086274895,2546.6200000000003,2.8817729880926835,2546.56,2.9646584861755345,2546.6300000000006,2.5447858833961656,2546.55,4.239885542766745,2546.6400000000003,7.586460009266714,2546.54,3.5951584672039565,2546.6500000000005,4.065803273157673,2546.53,3.760169609187463,2546.6600000000003,14.256133631545651,2546.52,2.8248910296185583,2546.6700000000005,3.112437655041556,2546.51,0.4553561622357357,2546.6800000000003,3.5571223314282525,2546.5,3.6161448469146134,2546.6900000000005,15.581480749065319
1710000036.3999653,100727,ETHUSDT,2546.59,4.166859773962083,2546.6000000000004,5.134280931095282,2546.58,31.623434371492927,2546.6100000000006,4.716550496271851,2546.57,14.900271456748044,2546.6200000000003,3.0151214417120666,2546.56,4.6372218708281014,2546.6300000000006,3.9685856908407224,2546.55,5.245635231903977,2546.6400000000003,2.7093074998243702,2546.54,10.335010902978448,2546.6500000000005,4.668389360566058,2546.53,2.1030737361350447,2546.6600000000003,4.178143439584695,2546.52,3.519173824222375,2546.6700000000005,2.0045068298215742,2546.51,1.2429239930220848,2546.6800000000003,10.699360258387019,2546.5,1.9499132876922192,2546.6900000000005,0.3966925351282271
1710000036.4499652,100728,ETHUSDT,2546.58,17.146893281235677,2546.6,8.758099411022988,2546.5699999999997,5.522687228201285,2546.61,5.757811973112147,2546.56,4.285546813073363,2546.62,7.614118551678132,2546.5499999999997,2.433794563648592,2546.63,3.7760020203223834,2546.54,6.791715007150354,2546.64,8.482193102964143,2546.5299999999997,7.96907809803869,2546.65,7.084275607497965,2546.52,2.0976331385089786,2546.66,4.648903573631996,2546.5099999999998,3.059623392086017,2546.67,2.8409155302699505,2546.5,7.306067885108289,2546.68,9.468971146398005,2546.49,1.3480885943105534,2546.69,1.414196321127048
1710000036.4999652,100729,ETHUSDT,2546.59,6.987388296904678,2546.61,5.426796325198733,2546.58,4.869459456058003,2546.6200000000003,3.290436389799055,2546.57,12.016012215392136,2546.63,3.098450081515447,2546.56,3.042050249783696,2546.6400000000003,3.1550005727705743,2546.55,5.9526051799715916,2546.65,2.765572864933906,2546.54,5.8612218720735765,2546.6600000000003,2.877830734106353,2546.53,3.564835582567096,2546.67,3.919324943989472,2546.52,5.572995910544819,2546.6800000000003,4.65084004903638,2546.51,1.7207596501253422,2546.69,3.561154919043737,2546.5,4.673599814640052,2546.7000000000003,20.96061928479613
1710000036.5499651,100730,ETHUSDT,2546.59,8.67877333218533,2546.6000000000004,8.154546028820949,2546.58,10.093402275050366,2546.6100000000006,3.320154061202715,2546.57,4.424419721583852,2546.6200000000003,11.672827282410278,2546.56,6.184688496012765,2546.6300000000006,4.432624929664848,2546.55,2.5567626544544035,2546.6400000000003,9.58744791712598,2546.54,13.090626128093259,2546.6500000000005,1.9732254091401824,2546.53,9.228735195391401,2546.6600000000003,8.935914039732637,2546.52,1.2803478364352312,2546.6700000000005,4.5131256963841535,2546.51,7.86717608674771,2546.6800000000003,3.118703856717254,2546.5,2.8640009939427515,2546.6900000000005,2.4661311501673877
1710000036.599965,100731,ETHUSDT,2546.59,6.344280875417358,2546.61,6.240814836253875,2546.58,7.601658024518048,2546.6200000000003,12.500660479422585,2546.57,3.9832825518512767,2546.63,4.2758592816735215,2546.56,3.2472970723043613,2546.6400000000003,9.619503943787443,2546.55,5.68660994265683,2546.65,3.59687139340719,2546.54,2.8696301874677217,2546.6600000000003,30.135418552466994,2546.53,1.5035143200282641,2546.67,2.324791357841773,2546.52,4.287787611595695,2546.6800000000003,1.8723246143123708,2546.51,1.1961263915226166,2546.69,2.2888955199112004,2546.5,6.376172920152764,2546.7000000000003,0.5916211204946744
1710000036.649965,100732,ETHUSDT,2546.58,5.873077079771282,2546.59,7.870130661431967,2546.5699999999997,6.47557606112993,2546.6000000000004,5.02804113021404,2546.56,4.46360353105168,2546.61,15.593176402342008,2546.5499999999997,2.6278242843817865,2546.6200000000003,4.75806712787783,2546.54,6.101109723430123,2546.63,9.277497223990077,2546.5299999999997,4.476294487385199,2546.6400000000003,4.7908259558060315,2546.52,3.4532188632818492,2546.65,5.2672844224427555,2546.5099999999998,3.370771136730827,2546.6600000000003,1.8030548211727642,2546.5,5.23329272460931,2546.67,5.585929871932375,2546.49,4.298855436399486,2546.6800000000003,11.600683035384417
1710000036.699965,100733,ETHUSDT,2546.59,13.71992030804816,2546.6000000000004,9.623204792346558,2546.58,12.305995632132376,2546.6100000000006,3.4555478686954357,2546.57,10.188101167606048,2546.6200000000003,5.052916182397116,2546.56,10.279161042903683,2546.6300000000006,5.620338592298683,2546.55,4.529036630523635,2546.6400000000003,3.4680016352328096,2546.54,12.34067040240666,2546.6500000000005,10.329395118828943,2546.53,6.786160357710687,2546.6600000000003,2.5998638222170647,2546.52,2.9436851124165644,2546.6700000000005,4.771113538414423,2546.51,3.3600165730698643,2546.6800000000003,6.340819550043207,2546.5,3.4166232240110763,2546.6900000000005,1.0515004746497107
1710000036.749965,100734,ETHUSDT,2546.58,7.833274220328175,2546.59,4.649976801065307,2546.5699999999997,8.320912248766515,2546.6000000000004,3.6980941869804687,2546.56,3.132323722654456,2546.61,3.55577628279586,2546.5499999999997,9.685190285152462,2546.6200000000003,3.3129448349506747,2546.54,4.271061271564862,2546.63,3.294902525506861,2546.5299999999997,3.8413985779943,2546.6400000000003,4.656281500270985,2546.52,6.904830836582593,2546.65,6.4407403457486705,2546.5099999999998,2.0951852284611965,2546.6600000000003,3.2310214711349916,2546.5,3.1004602558992174,2546.67,3.201216217994567,2546.49,1.3628221007273098,2546.6800000000003,2.4673056508693603
1710000036.799965,100735,ETHUSDT,2546.58,17.403271013724236,2546.6,6.327881134325596,2546.5699999999997,6.161777937249058,2546.61,4.178676450402697,2546.56,4.695561323775857,2546.62,12.560335916526526,2546.5499999999997,8.63167878501109,2546.63,11.002601470114241,2546.54,9.784374457601068,2546.64,2.543297591224767,2546.5299999999997,1.914471830897522,2546.65,7.841359851417,2546.52,1.31762787883788,2546.66,3.9860585428222897,2546.5099999999998,2.0904278940446144,2546.67,3.7485226823125384,2546.5,5.523569417072411,2546.68,3.150273332862088,2546.49,3.289296182472417,2546.69,3.8227584222195174
1710000036.8499649,100736,ETHUSDT,2546.58,10.622770239112661,2546.6,7.252839199167426,2546.5699999999997,5.005877094274037,2546.61,8.066027680691874,2546.56,7.055426666346952,2546.62,3.0898594617744592,2546.5499999999997,3.828899497430355,2546.63,4.362683019836991,2546.54,3.8457979338410873,2546.64,5.880887981338515,2546.5299999999997,3.5877892727851908,2546.65,2.4060439597609564,2546.52,1.2264732654867654,2546.66,4.731327231403688,2546.5099999999998,1.7056872728836496,2546.67,1.75845977975488,2546.5,7.842986451503663,2546.68,23.347676406197014,2546.49,4.461374850307968,2546.69,3.789744762291369
1710000036.8999648,100737,ETHUSDT,2546.57,7.721821702003405,2546.5800000000004,4.425188467457777,2546.56,5.015573509423506,2546.5900000000006,3.4263278971968907,2546.55,5.421976978084528,2546.6000000000004,3.976399866644961,2546.54,6.829574838434183,2546.6100000000006,6.790653404328947,2546.53,4.920777219549279,2546.6200000000003,3.045065302904116,2546.52,8.117041295683272,2546.6300000000006,3.8446921488438384,2546.51,4.827065651887037,2546.6400000000003,1.6580342489406423,2546.5,3.007533037493207,2546.6500000000005,3.5063192458368535,2546.4900000000002,18.541112880614005,2546.6600000000003,0.9512022664130194,2546.48,1.907730595656283,2546.6700000000005,6.629106332676752
1710000036.9499648,100738,ETHUSDT,2546.57,3.99745984780789,2546.5800000000004,4.008784667587372,2546.56,11.847878421453103,2546.5900000000006,4.6764155536583525,2546.55,5.621135463439165,2546.6000000000004,4.540036370925913,2546.54,6.015219556068022,2546.6100000000006,4.170165457306647,2546.53,3.405434025311888,2546.6200000000003,2.6700043801647126,2546.52,4.815905482158887,2546.6300000000006,3.6365717002229667,2546.51,5.173404604795747,2546.6400000000003,6.5259606040621,2546.5,5.933742174619934,2546.6500000000005,8.517129929712986,2546.4900000000002,1.0920795599811446,2546.6600000000003,3.131332621548163,2546.48,6.441907999163946,2546.6700000000005,0.2191838034690604
1710000036.9999647,100739,ETHUSDT,2546.58,7.266207424486209,2546.59,11.902729132109203,2546.5699999999997,5.471947421774306,2546.6000000000004,5.108490982273496,2546.56,4.144894245636447,2546.61,9.278946434728264,2546.5499999999997,4.280653376695881,2546.6200000000003,3.346580855080363,2546.54,2.7814688890353594,2546.63,2.457945078151795,2546.5299999999997,9.878148245960539,2546.6400000000003,4.161755587451969,2546.52,11.458529289972684,2546.65,6.4074470206508405,2546.5099999999998,9.483429626663542,2546.6600000000003,6.447798922313074,2546.5,6.2706056792720695,2546.67,9.911395098816504,2546.49,2.2150528568925156,2546.6800000000003,1.0815754690530113
1710000037.0499647,100740,ETHUSDT,2546.59,4.147438618976649,2546.61,5.072476530275076,2546.58,5.292969746864205,2546.6200000000003,3.4670482130828177,2546.57,6.258580614650773,2546.63,8.863213624761165,2546.56,4.196807203942512,2546.6400000000003,5.069113743546252,2546.55,3.2611943318356467,2546.65,4.479442993902627,2546.54,1.7555694580889998,2546.6600000000003,2.0901308491610746,2546.53,6.803476794726811,2546.67,2.1622959697904784,2546.52,3.1390828126768158,2546.6800000000003,12.210814492040132,2546.51,11.352126668011252,2546.69,2.4991607117938908,2546.5,1.4318748626244,2546.7000000000003,4.730413909585489
1710000037.0999646,100741,ETHUSDT,2546.6,19.613514630667677,2546.61,4.957158985465952,2546.5899999999997,6.800131292784903,2546.6200000000003,9.230761499665839,2546.58,3.0088494546902385,2546.63,3.3906834979881664,2546.5699999999997,2.5991512364456706,2546.6400000000003,15.609182714515464,2546.56,2.1129181160118224,2546.65,4.15837693420254,2546.5499999999997,2.7304419529254638,2546.6600000000003,2.0283004906982356,2546.54,4.795124061704421,2546.67,16.2156914204692,2546.5299999999997,2.0080895436728534,2546.6800000000003,2.038656269364649,2546.52,8.184100015885617,2546.69,2.7041409756515673,2546.5099999999998,2.4667309992335733,2546.7000000000003,5.060715278856941
1710000037.1499646,100742,ETHUSDT,2546.6,7.713443448038033,2546.61,8.298657716835168,2546.5899999999997,4.650368036725734,2546.6200000000003,10.194503345219495,2546.58,7.25506472454458,2546.63,8.02300933062352,2546.5699999999997,5.879520651697775,2546.6400000000003,4.791584846458214,2546.56,10.88099945512833,2546.65,2.203893656597843,2546.5499999999997,2.055158652544836,2546.6600000000003,2.8576521167967837,2546.54,3.208737845171175,2546.67,5.810278086316631,2546.5299999999997,5.882167419526289,2546.6800000000003,4.537334259630608,2546.52,1.969381745351527,2546.69,1.3283217264802278,2546.5099999999998,3.4642518007504037,2546.7000000000003,8.23413160530714
1710000037.1999645,100743,ETHUSDT,2546.61,3.965333880339807,2546.6200000000003,8.110230382012656,2546.6,11.288747771588696,2546.6300000000006,4.979720905980733,2546.59,4.0340807280778,2546.6400000000003,4.031383828621037,2546.58,4.813881452527715,2546.6500000000005,6.136078296553953,2546.57,4.055492341694222,2546.6600000000003,6.565422593740587,2546.56,3.8295282239173742,2546.6700000000005,3.4849998154997266,2546.55,1.9040159978287328,2546.6800000000003,3.078388192273021,2546.54,2.1720813371637577,2546.6900000000005,5.084202916808306,2546.53,2.792477870450326,2546.7000000000003,2.020981393081954,2546.52,3.675342267405349,2546.7100000000005,2.3468074789006743
1710000037.2499645,100744,ETHUSDT,2546.61,13.300609859190022,2546.6200000000003,9.703827525442213,2546.6,8.591721069255474,2546.6300000000006,5.420997690714049,2546.59,3.299544399686268,2546.6400000000003,17.814689203834824,2546.58,7.0267366083267255,2546.6500000000005,6.0927846934175705,2546.57,4.721703726259818,2546.6600000000003,4.49149016437596,2546.56,4.635211197729747,2546.6700000000005,10.171833219269242,2546.55,6.4140717868432295,2546.6800000000003,5.652236555026229,2546.54,4.9858269842915135,2546.6900000000005,1.2467295923295254,2546.53,16.33644485142154,2546.7000000000003,4.6779337055653825,2546.52,9.929131737561196,2546.7100000000005,4.274181175901492
1710000037.2999644,100745,ETHUSDT,2546.61,3.8925410496431465,2546.6200000000003,4.784003328122371,2546.6,3.698671731656461,2546.6300000000006,6.224645636641098,2546.59,11.58911335469563,2546.6400000000003,7.296428807883419,2546.58,8.019551735782851,2546.6500000000005,2.9489024225015275,2546.57,7.213112358817116,2546.6600000000003,3.6065944229819173,2546.56,3.1263058356460123,2546.6700000000005,8.908118502354801,2546.55,2.5938159033568873,2546.6800000000003,2.362842283935618,2546.54,5.350143406442857,2546.6900000000005,3.1054814886007396,2546.53,1.878020082876061,2546.7000000000003,1.7324498220035696,2546.52,2.312701561017345,2546.7100000000005,0.38179718883362346
1710000037.3499644,100746,ETHUSDT,2546.62,4.557558576811846,2546.64,4.001178290610368,2546.6099999999997,6.988370013298917,2546.65,8.394807213862686,2546.6,4.532300109722104,2546.66,4.45029966670967,2546.5899999999997,5.004479199872976,2546.67,8.015093707392637,2546.58,5.416018162211818,2546.68,8.610035191919202,2546.5699999999997,9.256671252014444,2546.69,2.137837730462288,2546.56,2.5338636040772267,2546.7,7.727590974971142,2546.5499999999997,0.9223628719830357,2546.71,5.436804956150909,2546.54,7.732345640496716,2546.72,7.764350542551698,2546.5299999999997,0.9692589245474648,2546.73,4.665756354263218
1710000037.3999643,100747,ETHUSDT,2546.63,4.569317185808151,2546.6400000000003,8.310058929036412,2546.62,5.9687824824851985,2546.6500000000005,6.409914846636411,2546.61,3.7659467730913962,2546.6600000000003,3.27129700379345,2546.6,3.1378619589678722,2546.6700000000005,6.36194212627987,2546.59,4.397968450290677,2546.6800000000003,9.693594044373636,2546.58,2.643676356657906,2546.6900000000005,2.29902896301609,2546.57,9.010037404594037,2546.7000000000003,9.92235113207467,2546.56,4.656486832053928,2546.7100000000005,7.107543533993893,2546.55,3.8070719654860117,2546.7200000000003,1.874664510064687,2546.54,6.3210976077976975,2546.7300000000005,1.5791465620724734
1710000037.4499643,100748,ETHUSDT,2546.64,6.158694875247992,2546.65,4.07594819140491,2546.6299999999997,5.632449702273207,2546.6600000000003,5.963087941444513,2546.62,4.416449252399026,2546.67,3.1465178973493195,2546.6099999999997,7.992368859373713,2546.6800000000003,12.34835850214277,2546.6,15.932208505983565,2546.69,4.984320197411943,2546.5899999999997,5.485715093316587,2546.7000000000003,4.436404679033307,2546.58,3.6198705858375444,2546.71,2.736169715371756,2546.5699999999997,6.731565017858744,2546.7200000000003,4.661371429233511,2546.56,7.714818237278635,2546.73,2.538203856557113,2546.5499999999997,4.192121515874221,2546.7400000000002,0.415202442664388
1710000037.4999642,100749,ETHUSDT,2546.63,9.111169599581379,2546.65,11.21127278313039,2546.62,8.411535132284637,2546.6600000000003,7.8144784386113075,2546.61,6.624673377199548,2546.67,6.529512453030476,2546.6,3.1894435912826005,2546.6800000000003,14.579827090327518,2546.59,4.1274394758302915,2546.69,12.25392558681196,2546.58,2.9244985479139762,2546.7000000000003,2.5303450558395095,2546.57,4.996173787021858,2546.71,1.9992470432825127,2546.56,2.982919060033831,2546.7200000000003,1.286339812308475,2546.55,1.2372389906100962,2546.73,4.208707047906595,2546.54,2.0455352553893027,2546.7400000000002,11.435903924141506
1710000037.5499642,100750,ETHUSDT,2546.63,10.772408412746755,2546.6400000000003,6.196513661669787,2546.62,4.799065531963375,2546.6500000000005,11.231237721780907,2546.61,6.775348568599455,2546.6600000000003,3.1529410547280623,2546.6,8.078799008712439,2546.6700000000005,9.841404465232337,2546.59,5.689737241301772,2546.6800000000003,6.940668002457664,2546.58,3.2372573533974514,2546.6900000000005,6.499956491989018,2546.57,11.854533953043436,2546.7000000000003,3.129565479406439,2546.56,2.2043321327246996,2546.7100000000005,0.9301253988756261,2546.55,0.7706378828406201,2546.7200000000003,11.380654035156276,2546.54,5.876609603179039,2546.7300000000005,4.206467561801795
1710000037.5999641,100751,ETHUSDT,2546.63,4.651316091533746,2546.6400000000003,7.489808506174649,2546.62,12.157083850045932,2546.6500000000005,3.455745772535783,2546.61,9.80105916974303,2546.6600000000003,3.132502686868841,2546.6,2.9503390924284476,2546.6700000000005,5.094406338564742,2546.59,6.290253181720547,2546.6800000000003,5.681683979405439,2546.58,2.086606297460408,2546.6900000000005,2.196999852234898,2546.57,2.017760287697669,2546.7000000000003,17.415074620174327,2546.56,4.01965555883234,2546.7100000000005,4.717052386493924,2546.55,5.136751742694887,2546.7200000000003,13.342112416359292,2546.54,2.8482208092264107,2546.7300000000005,5.0921397720791415
1710000037.649964,100752,ETHUSDT,2546.64,6.641767748510558,2546.65,6.8529660334402855,2546.6299999999997,9.271692653671899,2546.6600000000003,4.694633531544464,2546.62,11.956720370943275,2546.67,5.360752899035139,2546.6099999999997,3.645624612781446,2546.6800000000003,3.853221194592095,2546.6,13.043192583726283,2546.69,8.716840398279732,2546.5899999999997,10.95833944711724,2546.7000000000003,5.866658631121551,2546.58,2.8956258713867356,2546.71,3.14686734202926,2546.5699999999997,1.796803399561124,2546.7200000000003,1.0488175799257398,2546.56,4.022441632344547,2546.73,0.9232205410231961,2546.5499999999997,0.6992445436993341,2546.7400000000002,1.458766535105266
1710000037.699964,100753,ETHUSDT,2546.64,4.550008261181278,2546.65,4.627948181266455,2546.6299999999997,7.674028185133675,2546.6600000000003,3.7873743890905534,2546.62,3.6558413832126586,2546.67,8.685271045491696,2546.6099999999997,3.190033936523971,2546.6800000000003,3.440431754187352,2546.6,13.392352191339972,2546.69,6.431787950793897,2546.5899999999997,5.220972940811093,2546.7000000000003,4.310507921301468,2546.58,8.451603929522879,2546.71,6.578171963123976,2546.5699999999997,2.4229912258217237,2546.7200000000003,25.957461970866806,2546.56,4.674003630793089,2546.73,8.397748673907667,2546.5499999999997,7.236144324016284,2546.7400000000002,3.1910578763226436
1710000037.749964,100754,ETHUSDT,2546.64,3.7957001653454836,2546.65,8.766925266060865,2546.6299999999997,7.802248164111462,2546.6600000000003,14.796593252054368,2546.62,4.422630029209198,2546.67,3.56738291610183,2546.6099999999997,7.08614743285647,2546.6800000000003,6.01271740191007,2546.6,4.035632499210825,2546.69,9.83514482119999,2546.5899999999997,1.7739874908240725,2546.7000000000003,6.801712815098986,2546.58,3.7932895395576915,2546.71,2.219235054429382,2546.5699999999997,6.530666710413355,2546.7200000000003,14.190838869423583,2546.56,1.0223592917177022,2546.73,8.80483321615352,2546.5499999999997,0.585095721846824,2546.7400000000002,2.020418432332064
1710000037.799964,100755,ETHUSDT,2546.64,17.135780782630754,2546.65,7.030487250216617,2546.6299999999997,13.597508363455354,2546.6600000000003,6.665018569450272,2546.62,9.568710211539129,2546.67,7.601009958209897,2546.6099999999997,7.445316460898717,2546.6800000000003,10.099561819479483,2546.6,5.6687175407806,2546.69,4.407460469115389,2546.5899999999997,4.786341614322563,2546.7000000000003,15.022458213228989,2546.58,2.5533990172911722,2546.71,4.52983682095847,2546.5699999999997,2.976971754273472,2546.7200000000003,3.6425815708771667,2546.56,8.420536851676534,2546.73,13.345024664461441,2546.5499999999997,9.384026168529273,2546.7400000000002,3.3099257971981073
1710000037.849964,100756,ETHUSDT,2546.65,7.102964925921358,2546.6600000000003,8.357439269616005,2546.64,3.839653278921167,2546.6700000000005,24.537311254424246,2546.63,9.550632978897594,2546.6800000000003,4.246726645909326,2546.62,2.946159256672262,2546.6900000000005,3.1610913018674958,2546.61,4.361058120708292,2546.7000000000003,6.8252336540584615,2546.6,12.539947265490747,2546.7100000000005,1.655617911540469,2546.59,5.41331749747781,2546.7200000000003,5.167895691631331,2546.58,6.262123970280872,2546.7300000000005,1.5365105714471747,2546.57,6.505830927698377,2546.7400000000002,4.992940310094976,2546.56,1.9253623060486438,2546.7500000000005,0.6045470751877534
1710000037.8999639,100757,ETHUSDT,2546.65,5.396771849607652,2546.67,9.71433163235934,2546.64,4.753377454275098,2546.6800000000003,7.149252822983952,2546.63,9.582115201502319,2546.69,8.29022296215069,2546.62,3.765339873702705,2546.7000000000003,4.471756638321478,2546.61,2.021148288945294,2546.71,9.07497407612944,2546.6,4.584816893800154,2546.7200000000003,7.015604800110502,2546.59,10.683570141517226,2546.73,4.245639303708864,2546.58,4.549726154672217,2546.7400000000002,6.974405100183161,2546.57,1.6938087946561153,2546.75,8.920871848846415,2546.56,0.5797729603849576,2546.76,0.1
1710000037.9499638,100758,ETHUSDT,2546.64,7.249316815926138,2546.65,6.422185014305025,2546.6299999999997,14.865333825065672,2546.6600000000003,8.8414362744644,2546.62,11.74945966718409,2546.67,5.092909886695317,2546.6099999999997,3.0607987959699545,2546.6800000000003,5.782737215738171,2546.6,5.895267591661364,2546.69,6.51383682017761,2546.5899999999997,5.966650669510461,2546.7000000000003,3.174300578787226,2546.58,15.747706792003054,2546.71,3.191043270079351,2546.5699999999997,1.3913511032606394,2546.7200000000003,10.444420632366723,2546.56,2.5542201675240013,2546.73,1.4959593231718338,2546.5499999999997,4.75699209085167,2546.7400000000002,7.243115181428497
1710000037.9999638,100759,ETHUSDT,2546.64,6.303901377257706,2546.65,5.516591609083277,2546.6299999999997,5.703681434139513,2546.6600000000003,4.426300359402713,2546.62,8.307535115891692,2546.67,3.550122867946941,2546.6099999999997,5.117789924702434,2546.6800000000003,4.164179621092419,2546.6,4.501290708635071,2546.69,3.9667812232771444,2546.5899999999997,3.070960938509147,2546.7000000000003,3.5792816334758113,2546.58,8.850324969875318,2546.71,1.848502031224268,2546.5699999999997,6.370605530646228,2546.7200000000003,3.9634182267799964,2546.56,6.834885874557861,2546.73,4.415422622104536,2546.5499999999997,4.951853692085806,2546.7400000000002,0.5967501786384881
1710000038.0499637,100760,ETHUSDT,2546.63,7.418625364008838,2546.6400000000003,6.028876616116671,2546.62,21.8831882572337,2546.6500000000005,4.4119234598600165,2546.61,3.2026081523525596,2546.6600000000003,8.011037656103252,2546.6,5.930516906595181,2546.6700000000005,5.045444917006343,2546.59,3.89433462078979,2546.6800000000003,8.359911990432195,2546.58,5.028414885936588,2546.6900000000005,2.176578130674481,2546.57,9.605636554166768,2546.7000000000003,3.53072463073376,2546.56,9.754362612068766,2546.7100000000005,2.4714121722833466,2546.55,3.484911983744185,2546.7200000000003,0.8018709514609286,2546.54,0.9074719103859055,2546.7300000000005,1.6254785747084821
1710000038.0999637,100761,ETHUSDT,2546.63,3.8398235789868016,2546.6400000000003,4.472975161421086,2546.62,3.5739302367558397,2546.6500000000005,3.778395887529046,2546.61,8.68751998323818,2546.6600000000003,14.070859623870678,2546.6,3.842220618040445,2546.6700000000005,11.838155754845456,2546.59,8.422074444699586,2546.6800000000003,2.9875655284659595,2546.58,2.2038152391944914,2546.6900000000005,3.2669674359314875,2546.57,2.6463834976777973,2546.7000000000003,1.674536299424109,2546.56,2.7847675519167225,2546.7100000000005,10.307749088619062,2546.55,16.285833161804543,2546.7200000000003,0.4788478672458056,2546.54,1.803082156863158,2546.7300000000005,0.8712332348663088
1710000038.1499636,100762,ETHUSDT,2546.65,5.455176252061814,2546.6600000000003,7.568359460173793,2546.64,4.043878390158973,2546.6700000000005,9.460385110272906,2546.63,12.177625821558342,2546.6800000000003,4.748829012229435,2546.62,3.8199089975975364,2546.6900000000005,12.04753547381657,2546.61,10.845239547592346,2546.7000000000003,6.637153622529974,2546.6,2.404873171626462,2546.7100000000005,8.984242468121792,2546.59,2.468948891383353,2546.7200000000003,2.7369704454386046,2546.58,2.4743473456206626,2546.7300000000005,3.9140663973219763,2546.57,1.1481575373217874,2546.7400000000002,1.4576702160966728,2546.56,4.963886961191992,2546.7500000000005,0.7206234717329351
1710000038.1999636,100763,ETHUSDT,2546.65,5.958237285949782,2546.6600000000003,3.922635846888031,2546.64,4.694846130946789,2546.6700000000005,8.418690907790904,2546.63,8.073054775347481,2546.6800000000003,10.130867353233548,2546.62,4.5173905806622265,2546.6900000000005,3.7756223274147933,2546.61,4.669797858117316,2546.7000000000003,2.6918306897249886,2546.6,3.4711896079545657,2546.7100000000005,2.2596297920698762,2546.59,7.6828172793903144,2546.7200000000003,7.638610078762865,2546.58,10.060549294036012,2546.7300000000005,7.386378693023665,2546.57,4.246022326852172,2546.7400000000002,1.271242125836204,2546.56,12.160766858157983,2546.7500000000005,0.39477742013582406
1710000038.2499635,100764,ETHUSDT,2546.65,6.2671862559056235,2546.6600000000003,9.628577130201961,2546.64,10.07578177557155,2546.6700000000005,5.909788615850108,2546.63,3.6454677128535287,2546.6800000000003,11.398662271609524,2546.62,4.947175665776356,2546.6900000000005,4.782499345858765,2546.61,2.2485417531961063,2546.7000000000003,3.8257673027154766,2546.6,3.102614389360175,2546.7100000000005,5.822195517943186,2546.59,4.255700252385941,2546.7200000000003,2.440015895579371,2546.58,1.3287474119778113,2546.7300000000005,1.6865582432050348,2546.57,4.517305476498979,2546.7400000000002,4.8287353778621105,2546.56,7.103445579766306,2546.7500000000005,1.4453404716627918
1710000038.2999635,100765,ETHUSDT,2546.66,3.950722896501988,2546.67,6.384277706727089,2546.6499999999996,9.573691561281489,2546.6800000000003,3.2696131721132278,2546.64,3.446249868197796,2546.69,3.836873831906893,2546.6299999999997,14.904232561014824,2546.7000000000003,11.802561507223697,2546.62,5.223905963119796,2546.71,14.964944429011759,2546.6099999999997,4.2435368889290555,2546.7200000000003,2.7868284104885523,2546.6,1.2486494099421777,2546.73,1.464065937249689,2546.5899999999997,4.934366341523985,2546.7400000000002,1.5433093984720394,2546.58,3.1727781232112413,2546.75,1.7401719706139027,2546.5699999999997,3.2518494650041125,2546.76,0.5882745618265928
1710000038.3499634,100766,ETHUSDT,2546.65,13.223247837085646,2546.6600000000003,13.50171421385182,2546.64,3.3943050393624987,2546.6700000000005,3.3518148545591586,2546.63,11.510370086955174,2546.6800000000003,12.158001247585627,2546.62,9.319165530314226,2546.6900000000005,9.59870310527029,2546.61,6.115233312288048,2546.7000000000003,3.851913978738999,2546.6,14.564624746068407,2546.7100000000005,4.712382425594378,2546.59,4.307450695868928,2546.7200000000003,2.983697877614073,2546.58,0.853149641228247,2546.7300000000005,5.799912072690044,2546.57,5.032743479689135,2546.7400000000002,2.1605481996633977,2546.56,1.6073877874939972,2546.7500000000005,6.301389946594999
1710000038.3999634,100767,ETHUSDT,2546.64,5.6336827534225264,2546.66,12.747601801441931,2546.6299999999997,9.847049673645337,2546.67,3.764466540350947,2546.62,4.647943827586832,2546.68,9.75020674977441,2546.6099999999997,21.968010070784473,2546.69,3.3476068696674757,2546.6,2.985439997515743,2546.7,8.96444130161295,2546.5899999999997,2.8143965479827004,2546.71,2.06069292840159,2546.58,3.665059780584847,2546.72,3.3836463204973484,2546.5699999999997,8.07464035176061,2546.73,3.1973129235536213,2546.56,6.311286361819169,2546.74,3.7098074510734205,2546.5499999999997,0.4505883384691575,2546.75,3.055888476750741
1710000038.4499633,100768,ETHUSDT,2546.64,8.225060407807863,2546.65,7.753356258313575,2546.6299999999997,23.75115437527205,2546.6600000000003,3.956402585450549,2546.62,15.565991327092888,2546.67,5.849823740462195,2546.6099999999997,3.0146545879368145,2546.6800000000003,4.700253779164776,2546.6,5.593399129265245,2546.69,3.619171795964072,2546.5899999999997,2.441413189195525,2546.7000000000003,4.938484945364184,2546.58,8.215326145702704,2546.71,4.385330329453291,2546.5699999999997,13.516400329777994,2546.7200000000003,11.845490217796522,2546.56,3.715560276070905,2546.73,0.6434382226796673,2546.5499999999997,2.5990254161534043,2546.7400000000002,12.54383253964149
1710000038.4999633,100769,ETHUSDT,2546.64,19.049643369573115,2546.65,7.991572835368704,2546.6299999999997,3.4692397333768112,2546.6600000000003,3.392917994528173,2546.62,10.388497638293687,2546.67,6.805319003413164,2546.6099999999997,13.091535937639977,2546.6800000000003,2.989860371600905,2546.6,2.46755125647997,2546.69,3.916991645933712,2546.5899999999997,2.2031084128433225,2546.7000000000003,1.8987316650767605,2546.58,2.348862625776275,2546.71,2.333018150724841,2546.5699999999997,11.756580950114987,2546.7200000000003,2.876580496640532,2546.56,6.121785929107732,2546.73,5.793333660759834,2546.5499999999997,0.36011229090064406,2546.7400000000002,1.859707963640252
1710000038.5499632,100770,ETHUSDT,2546.64,3.8652755879352356,2546.65,12.943290306608526,2546.6299999999997,6.542251077197664,2546.6600000000003,3.5693819208752147,2546.62,3.0572278796873222,2546.67,4.464873603983971,2546.6099999999997,7.838142958286547,2546.6800000000003,4.864325146774839,2546.6,14.559260392680587,2546.69,3.9076739922130033,2546.5899999999997,5.562949888830644,2546.7000000000003,1.7810111117349607,2546.58,1.25294566855386,2546.71,1.330628504082822,2546.5699999999997,4.827598414492917,2546.7200000000003,1.396701682268354,2546.56,10.963989309721066,2546.73,1.0656452928028135,2546.5499999999997,2.8485271106403895,2546.7400000000002,3.035395374399549
1710000038.5999632,100771,ETHUSDT,2546.65,5.332773140302355,2546.6600000000003,5.65656847021827,2546.64,4.373976170395359,2546.6700000000005,4.524742419950477,2546.63,4.305170602176187,2546.6800000000003,8.176613041835141,2546.62,4.406100526249688,2546.6900000000005,3.3530034102155044,2546.61,16.222803483044473,2546.7000000000003,2.191690325871537,2546.6,1.6615739513415733,2546.7100000000005,1.753377393642592,2546.59,1.358084139767749,2546.7200000000003,12.487103436061911,2546.58,2.963591692791635,2546.7300000000005,2.5779343525406624,2546.57,6.046322273711594,2546.7400000000002,1.7300406747342758,2546.56,0.4451011058085883,2546.7500000000005,7.667775443860546
1710000038.6499631,100772,ETHUSDT,2546.63,10.208124770317397,2546.6600000000003,13.697347835935602,2546.62,8.291765777485491,2546.6700000000005,5.023910186747044,2546.61,4.49079028831304,2546.6800000000003,3.0729524011720253,2546.6,6.371762788573598,2546.6900000000005,6.534128136762312,2546.59,2.827937115819564,2546.7000000000003,3.5574695694787017,2546.58,12.203906354989094,2546.7100000000005,3.7806198326819986,2546.57,6.8655591081107525,2546.7200000000003,1.7901845812481372,2546.56,4.897277408495282,2546.7300000000005,6.595480839381641,2546.55,0.4980215487897077,2546.7400000000002,10.188121660105487,2546.54,10.399101673131215,2546.7500000000005,0.2295768496175683
1710000038.699963,100773,ETHUSDT,2546.65,6.057807648473924,2546.6600000000003,9.036575339339898,2546.64,5.857320296425888,2546.6700000000005,4.25612749528085,2546.63,3.300583401466384,2546.6800000000003,3.1978862033032986,2546.62,4.980624905741714,2546.6900000000005,5.039893179488345,2546.61,13.181996573831995,2546.7000000000003,7.737748294839509,2546.6,2.4736461879691998,2546.7100000000005,10.605527592944913,2546.59,3.78165840252178,2546.7200000000003,7.481095094794708,2546.58,4.471107016824493,2546.7300000000005,2.413526511692009,2546.57,3.468746524974151,2546.7400000000002,5.480886199599208,2546.56,2.5844667749550485,2546.7500000000005,4.137833573726908
1710000038.749963,100774,ETHUSDT,2546.64,8.083989885608549,2546.65,4.064395266935836,2546.6299999999997,4.437924794788034,2546.6600000000003,12.533906522069355,2546.62,4.90665095706194,2546.67,5.640798872053928,2546.6099999999997,6.0885657663078,2546.6800000000003,3.555358074863591,2546.6,2.4227728697615794,2546.69,5.543323552668151,2546.5899999999997,7.617460510200113,2546.7000000000003,4.516259656516823,2546.58,2.5095539615339417,2546.71,1.8189230598882522,2546.5699999999997,5.8848222632406415,2546.7200000000003,13.471184404505392,2546.56,5.6915434891632986,2546.73,4.2610231738591535,2546.5499999999997,1.8290547999423743,2546.7400000000002,0.7105720578101261
1710000038.799963,100775,ETHUSDT,2546.65,5.274350163733299,2546.6600000000003,5.54736503795025,2546.64,3.3876134799519417,2546.6700000000005,4.827210604063509,2546.63,3.6128673927481034,2546.6800000000003,14.654887531512212,2546.62,17.193680140443583,2546.6900000000005,3.9472912842223637,2546.61,3.329515435576033,2546.7000000000003,5.008664566925534,2546.6,13.243981962647824,2546.7100000000005,6.381261490348974,2546.59,11.360197616301694,2546.7200000000003,15.560773454299195,2546.58,0.8827961844453165,2546.7300000000005,5.77677021646539,2546.57,2.2942266582882027,2546.7400000000002,7.662519356411911,2546.56,3.16264757523903,2546.7500000000005,2.6303326075322397
1710000038.849963,100776,ETHUSDT,2546.65,20.414620027325867,2546.6600000000003,5.483295379691198,2546.64,4.164674687564333,2546.6700000000005,8.170416351968612,2546.63,4.604644118211958,2546.6800000000003,11.13348752516903,2546.62,3.609620244100527,2546.6900000000005,7.990022332329006,2546.61,3.5661749964024496,2546.7000000000003,7.270251698531288,2546.6,4.539277251948244,2546.7100000000005,3.06239565943568,2546.59,4.965016411362978,2546.7200000000003,9.400567777380846,2546.58,2.677049755053754,2546.7300000000005,3.4026887192173696,2546.57,1.9033377667360298,2546.7400000000002,2.5508411227692562,2546.56,3.9852861471063132,2546.7500000000005,8.58294141845844
1710000038.899963,100777,ETHUSDT,2546.65,15.00775848382894,2546.6600000000003,3.6147761786012462,2546.64,10.440074633542,2546.6700000000005,5.42092943574564,2546.63,8.165922082236222,2546.6800000000003,4.248689433253475,2546.62,3.289309276996315,2546.6900000000005,4.900015674562567,2546.61,2.994704925453513,2546.7000000000003,2.115357838516028,2546.6,8.64593133560772,2546.7100000000005,3.4921799577410972,2546.59,2.2003095316850176,2546.7200000000003,2.088269756997396,2546.58,1.9325496027908229,2546.7300000000005,3.959669445030091,2546.57,12.549777616637172,2546.7400000000002,10.21554804364522,2546.56,0.7836585277726834,2546.7500000000005,0.4141088451711304
1710000038.9499629,100778,ETHUSDT,2546.65,10.157894065621749,2546.6600000000003,4.924689508576695,2546.64,5.790494925451643,2546.6700000000005,9.891551680059216,2546.63,10.465862982906803,2546.6800000000003,6.365347614548681,2546.62,6.955913954643776,2546.6900000000005,5.472272105324897,2546.61,3.5208434170157545,2546.7000000000003,10.869392981472393,2546.6,5.1826469410491995,2546.7100000000005,3.3771242998086137,2546.59,5.8228041743997965,2546.7200000000003,4.337914342580186,2546.58,1.7198781513866064,2546.7300000000005,17.98325494982265,2546.57,3.718949878149107,2546.7400000000002,5.012408702827306,2546.56,8.224336814373956,2546.7500000000005,4.841014800656064
1710000038.9999628,100779,ETHUSDT,2546.65,5.725237228479553,2546.6600000000003,4.4347355717973835,2546.64,4.446354938924824,2546.6700000000005,5.058440269472109,2546.63,2.8490652897919966,2546.6800000000003,7.7105267224224505,2546.62,3.594198000334976,2546.6900000000005,5.43660382625938,2546.61,2.3929792719623806,2546.7000000000003,3.7802343627595327,2546.6,8.890618600941856,2546.7100000000005,3.552084657990819,2546.59,3.2572804495827445,2546.7200000000003,1.9256393735272688,2546.58,5.147335877491947,2546.7300000000005,2.280894633644791,2546.57,0.7393209911235394,2546.7400000000002,6.491670840764978,2546.56,0.19927207145850787,2546.7500000000005,0.6677768246282866
1710000039.0499628,100780,ETHUSDT,2546.64,14.430843102290538,2546.65,7.366796016094415,2546.6299999999997,6.90655640587504,2546.6600000000003,8.94739465076452,2546.62,7.7175922180735945,2546.67,4.297320562337801,2546.6099999999997,3.160331533050989,2546.6800000000003,12.780476155039318,2546.6,2.0150443531887268,2546.69,6.50622013864744,2546.5899999999997,16.428804246675007,2546.7000000000003,5.604773097637091,2546.58,5.299924224874667,2546.71,1.7927394479960292,2546.5699999999997,5.531117538227533,2546.7200000000003,6.100140585745722,2546.56,9.437921167662793,2546.73,3.11977427033172,2546.5499999999997,2.880320638553305,2546.7400000000002,1.0911309281473787
1710000039.0999627,100781,ETHUSDT,2546.64,4.090017003930558,2546.65,8.145275422455656,2546.6299999999997,4.800958494537307,2546.6600000000003,6.0240470518007205,2546.62,13.059651276541626,2546.67,2.8440215586568316,2546.6099999999997,2.9530393117863536,2546.6800000000003,10.312088390515193,2546.6,5.74465937588924,2546.69,16.432868532921866,2546.5899999999997,12.611714444631497,2546.7000000000003,2.9493219112517606,2546.58,1.205699351979513,2546.71,2.809230573017981,2546.5699999999997,3.9125583486819204,2546.7200000000003,7.1907332202362495,2546.56,1.8500309968660287,2546.73,9.420493305404374,2546.5499999999997,4.351156045121156,2546.7400000000002,2.4536314039931337
1710000039.1499627,100782,ETHUSDT,2546.63,6.970341123314963,2546.65,3.9344553541867926,2546.62,11.897891704192272,2546.6600000000003,4.4444527819765485,2546.61,3.7227800027160294,2546.67,11.813732490026528,2546.6,4.448580003352637,2546.6800000000003,13.649459422681126,2546.59,4.547160269474874,2546.69,11.537117781986208,2546.58,8.66704254150768,2546.7000000000003,4.072125475178049,2546.57,4.995403604254075,2546.71,7.427743965243029,2546.56,7.493051295034611,2546.7200000000003,6.66766886162267,2546.55,19.00432881848418,2546.73,2.221689296919249,2546.54,2.6493077606354567,2546.7400000000002,16.26879347513238
1710000039.1999626,100783,ETHUSDT,2546.64,3.700439933101821,2546.65,18.81757945320872,2546.6299999999997,3.2413376407902015,2546.6600000000003,11.272787959569222,2546.62,4.638134927056248,2546.67,6.193266342662698,2546.6099999999997,3.051671187269717,2546.6800000000003,3.503513909885508,2546.6,8.405801405656154,2546.69,2.7864955511024574,2546.5899999999997,3.024096332517714,2546.7000000000003,4.488002585390991,2546.58,4.483792000574789,2546.71,2.382033410612117,2546.5699999999997,3.91064005129129,2546.7200000000003,1.2060303830750299,2546.56,1.5065532673972788,2546.73,5.050998433141117,2546.5499999999997,0.23296391060728247,2546.7400000000002,7.14033514908647
1710000039.2499626,100784,ETHUSDT,2546.63,10.851904912730324,2546.65,6.0120283364707365,2546.62,5.361400789453359,2546.6600000000003,3.3219718829776315,2546.61,6.931660010994966,2546.67,8.73611757290772,2546.6,3.157593708699595,2546.6800000000003,2.9181030419921363,2546.59,3.119003223930474,2546.69,3.1784479355217234,2546.58,2.176744051438633,2546.7000000000003,2.5169832609578457,2546.57,8.246513515076167,2546.71,6.7763546201267015,2546.56,1.20227332131327,2546.7200000000003,1.8121172262137646,2546.55,8.361792676403693,2546.73,1.4799415225396855,2546.54,6.634379729807054,2546.7400000000002,9.288802010829533
1710000039.2999625,100785,ETHUSDT,2546.63,9.020185090458455,2546.6400000000003,4.544789191005405,2546.62,3.7586650236496277,2546.6500000000005,10.921207853047143,2546.61,5.091962659601576,2546.6600000000003,4.410359184136951,2546.6,6.79237246972097,2546.6700000000005,8.359376176880637,2546.59,4.260213811442954,2546.6800000000003,2.23703713091565,2546.58,4.606998122417979,2546.6900000000005,2.5916588664093947,2546.57,14.743794487492956,2546.7000000000003,2.6476182755974387,2546.56,1.042396204949888,2546.7100000000005,6.686972444272478,2546.55,2.3174872661419044,2546.7200000000003,13.35470355407655,2546.54,11.576077736604757,2546.7300000000005,0.16471476159843826
1710000039.3499625,100786,ETHUSDT,2546.62,7.627112208506356,2546.63,4.039752148173288,2546.6099999999997,6.138930181356378,2546.6400000000003,5.094367574082363,2546.6,17.794196373499897,2546.65,6.683805850564148,2546.5899999999997,4.6366290877629925,2546.6600000000003,7.0852380253676825,2546.58,2.2270207795528725,2546.67,9.361035249019867,2546.5699999999997,1.8989585943232499,2546.6800000000003,6.766751986459621,2546.56,2.526212733941402,2546.69,16.420755806447044,2546.5499999999997,5.619652411095725,2546.7000000000003,12.435448301655951,2546.54,5.741309398753361,2546.71,4.138842818535455,2546.5299999999997,6.0951384038742455,2546.7200000000003,0.6105792351003163
1710000039.3999624,100787,ETHUSDT,2546.62,6.609215193989348,2546.63,10.08648529870995,2546.6099999999997,3.5408095212628634,2546.6400000000003,5.790008025768747,2546.6,11.540040267355144,2546.65,7.675936065895751,2546.5899999999997,10.399137079812103,2546.6600000000003,4.19307493140993,2546.58,2.0629477767144144,2546.67,10.962451556400257,2546.5699999999997,6.149122122874509,2546.6800000000003,7.635173169946695,2546.56,11.24511770128128,2546.69,5.492060839799621,2546.5499999999997,4.681678957583879,2546.7000000000003,1.3726441772552946,2546.54,1.3477631192218644,2546.71,7.381683154955491,2546.5299999999997,0.43263248938250004,2546.7200000000003,0.8247389532370837
1710000039.4499624,100788,ETHUSDT,2546.61,4.050452259569588,2546.6200000000003,3.7818560890590307,2546.6,3.5430099026147697,2546.6300000000006,8.750051504232514,2546.59,7.242091065292698,2546.6400000000003,3.00885084423583,2546.58,11.599036521321773,2546.6500000000005,3.4069247339710262,2546.57,2.557538361527217,2546.6600000000003,3.2000044182702494,2546.56,5.659893235950438,2546.6700000000005,6.488980510229782,2546.55,8.662639545806623,2546.6800000000003,8.160312314835476,2546.54,0.8720400328034481,2546.6900000000005,1.3063604237730693,2546.53,2.571020627842849,2546.7000000000003,11.901034917659377,2546.52,10.956009913664499,2546.7100000000005,7.075891917149338
1710000039.4999623,100789,ETHUSDT,2546.6,4.88349105785651,2546.61,7.283251625595097,2546.5899999999997,3.5898640133658013,2546.6200000000003,11.213532380935419,2546.58,14.979469119022234,2546.63,7.720380435550455,2546.5699999999997,4.598143783843037,2546.6400000000003,7.474402239467191,2546.56,5.27898001052891,2546.65,2.7492409538550846,2546.5499999999997,3.9896054560197363,2546.6600000000003,1.989310979154648,2546.54,4.438288540171076,2546.67,13.320801887353738,2546.5299999999997,5.071884531446742,2546.6800000000003,1.6194074368668918,2546.52,4.714394624729656,2546.69,0.4745066253353364,2546.5099999999998,1.0350844590524462,2546.7000000000003,18.394575585132635
1710000039.5499623,100790,ETHUSDT,2546.6,5.650144185443272,2546.61,6.753650367359818,2546.5899999999997,6.1194792082421525,2546.6200000000003,5.487897029703866,2546.58,2.9498225773694826,2546.63,11.509313183883414,2546.5699999999997,6.5348755923810184,2546.6400000000003,7.47898488001627,2546.56,2.9448242629266668,2546.65,2.521933950296896,2546.5499999999997,1.7783009893185433,2546.6600000000003,6.092551519637311,2546.54,5.645073589041522,2546.67,2.2590865976958856,2546.5299999999997,3.9019645700204464,2546.6800000000003,7.6497388921483775,2546.52,2.1575318462235096,2546.69,2.079227930538945,2546.5099999999998,0.9459990530336428,2546.7000000000003,1.7438504501131666
1710000039.5999622,100791,ETHUSDT,2546.6,3.65072409864265,2546.61,6.554547307782981,2546.5899999999997,17.545434527824607,2546.6200000000003,7.650384211728222,2546.58,9.784432883838576,2546.63,3.460913061836905,2546.5699999999997,4.888811549333349,2546.6400000000003,4.871056356084199,2546.56,2.5742626264211976,2546.65,17.629421268217115,2546.5499999999997,4.721998152233054,2546.6600000000003,2.7480366043284254,2546.54,1.856535162856569,2546.67,1.205115521547588,2546.5299999999997,1.810639399706496,2546.6800000000003,1.6185529312665832,2546.52,1.306993422869716,2546.69,1.3048341460223738,2546.5099999999998,1.5985846566783724,2546.7000000000003,2.1667908567340093
1710000039.6499622,100792,ETHUSDT,2546.59,5.978267120946873,2546.61,7.491141066618565,2546.58,6.066548276127868,2546.6200000000003,4.158770985703358,2546.57,11.921277830540564,2546.63,16.892039366791916,2546.56,4.748452997911358,2546.6400000000003,6.42443259233407,2546.55,8.657872735397797,2546.65,6.700374361483852,2546.54,10.526685007638605,2546.6600000000003,3.9474606237481558,2546.53,2.8008756272962234,2546.67,5.0517945269112445,2546.52,6.40689632295727,2546.6800000000003,1.8903428727284233,2546.51,4.474164734800517,2546.69,0.5096580242808804,2546.5,0.5979012719198499,2546.7000000000003,7.287663143717582
1710000039.6999621,100793,ETHUSDT,2546.6,14.631348477177854,2546.61,6.3241726264151215,2546.5899999999997,5.478937151640188,2546.6200000000003,7.005477842779614,2546.58,9.65500808137661,2546.63,6.366631355747058,2546.5699999999997,3.219454080951715,2546.6400000000003,9.241725461613592,2546.56,4.935204836536901,2546.65,6.900817555383035,2546.5499999999997,2.5568749340729053,2546.6600000000003,24.946972504303805,2546.54,10.287969463978452,2546.67,3.189413784156465,2546.5299999999997,14.012939668258225,2546.6800000000003,1.6655391492686134,2546.52,6.03429016488584,2546.69,1.9930868568727407,2546.5099999999998,0.8798671652797115,2546.7000000000003,14.150691153980176
1710000039.749962,100794,ETHUSDT,2546.6,6.384484259057296,2546.61,8.689669075046684,2546.5899999999997,5.078040295948336,2546.6200000000003,7.89689232956696,2546.58,4.650340579822241,2546.63,5.365932192041615,2546.5699999999997,5.199853747103031,2546.6400000000003,2.7607129241709,2546.56,5.724529395513502,2546.65,6.695100261143165,2546.5499999999997,12.79367088929077,2546.6600000000003,3.5796996871425124,2546.54,6.176793015003214,2546.67,2.655729884050332,2546.5299999999997,19.054980873178017,2546.6800000000003,3.9841272884128482,2546.52,2.9859172765211333,2546.69,0.8220182254473634,2546.5099999999998,3.2998453053388253,2546.7000000000003,3.8852813894871003
1710000039.799962,100795,ETHUSDT,2546.59,6.972534920637172,2546.6000000000004,8.350140628843832,2546.58,11.904790065819729,2546.6100000000006,4.406036990137295,2546.57,11.33537312776415,2546.6200000000003,14.665731025824698,2546.56,4.745321671867048,2546.6300000000006,2.680022877442773,2546.55,7.092976615529834,2546.6400000000003,6.39387175457297,2546.54,4.861782716179762,2546.6500000000005,8.021307622321952,2546.53,2.361439804290618,2546.6600000000003,1.7494239070723883,2546.52,2.1637573137597688,2546.6700000000005,4.997925484530757,2546.51,1.3114436016183897,2546.6800000000003,1.4768836140187394,2546.5,4.796840675239741,2546.6900000000005,2.261464914859339
1710000039.849962,100796,ETHUSDT,2546.59,4.90417250617122,2546.61,8.223567342544989,2546.58,6.866259606731893,2546.6200000000003,3.3169860764727654,2546.57,5.36345322239368,2546.63,8.790119984197657,2546.56,2.9060003960037566,2546.6400000000003,3.0519970091808597,2546.55,5.9972285350602865,2546.65,2.1368145353003287,2546.54,2.1688899553346785,2546.6600000000003,5.834674972813737,2546.53,3.4591781512127806,2546.67,11.685271945572751,2546.52,7.069533668063999,2546.6800000000003,2.518868904695525,2546.51,8.936039033372404,2546.69,5.67831798529125,2546.5,1.277500836540331,2546.7000000000003,3.5154382977229455
1710000039.899962,100797,ETHUSDT,2546.59,4.672563577417926,2546.6200000000003,4.220647785185269,2546.58,7.171356506455586,2546.6300000000006,3.6048716490121,2546.57,3.8856442058299328,2546.6400000000003,4.0251695972929955,2546.56,4.3375545822901875,2546.6500000000005,9.725725218199635,2546.55,9.11977077343095,2546.6600000000003,2.791268238443462,2546.54,2.462920677554088,2546.6700000000005,10.078042097745767,2546.53,1.6059591141984702,2546.6800000000003,3.658504290048084,2546.52,3.016386364759697,2546.6900000000005,4.781634756613043,2546.51,1.109720439000494,2546.7000000000003,0.49143803608898795,2546.5,10.059431066536016,2546.7100000000005,1.1713162162848905
1710000039.949962,100798,ETHUSDT,2546.6,3.7527879328924554,2546.62,5.982931025068559,2546.5899999999997,4.669286936800913,2546.63,4.624064357396273,2546.58,7.243468152600441,2546.64,3.1364842943097613,2546.5699999999997,11.051006734312649,2546.65,5.334896336986548,2546.56,4.708524411046942,2546.66,2.495639492790736,2546.5499999999997,2.34537642813228,2546.67,4.765292870526958,2546.54,4.370000602565588,2546.68,2.8297844914296313,2546.5299999999997,1.9914459261885036,2546.69,6.822874217390333,2546.52,1.1431910339903932,2546.7,9.657071225010771,2546.5099999999998,0.5734282797940219,2546.71,8.427473123149086
1710000039.9999619,100799,ETHUSDT,2546.59,5.696878666212215,2546.6200000000003,8.29996762985316,2546.58,10.028179624463004,2546.6300000000006,12.395516138598541,2546.57,4.868418048231655,2546.6400000000003,8.658680758040221,2546.56,2.742815890692227,2546.6500000000005,2.6555960016768245,2546.55,7.296249027163266,2546.6600000000003,5.178462991405315,2546.54,6.034106432468368,2546.6700000000005,2.5776933942080933,2546.53,6.211493736879194,2546.6800000000003,3.9384923055642855,2546.52,4.042067591789078,2546.6900000000005,3.5729288751609563,2546.51,2.305551927078378,2546.7000000000003,5.936880355828514,2546.5,3.2394694458497995,2546.7100000000005,2.938432146110875
