timestamp,update_id,symbol,bid_p_1,bid_v_1,ask_p_1,ask_v_1,bid_p_2,bid_v_2,ask_p_2,ask_v_2,bid_p_3,bid_v_3,ask_p_3,ask_v_3,bid_p_4,bid_v_4,ask_p_4,ask_v_4,bid_p_5,bid_v_5,ask_p_5,ask_v_5,bid_p_6,bid_v_6,ask_p_6,ask_v_6,bid_p_7,bid_v_7,ask_p_7,ask_v_7,bid_p_8,bid_v_8,ask_p_8,ask_v_8,bid_p_9,bid_v_9,ask_p_9,ask_v_9,bid_p_10,bid_v_10,ask_p_10,ask_v_10
1710000000.05,100000,FI2010_LSE,99.95,6.063710184847464,100.0,10.813386594717155,99.9,13.669021587476912,100.05,8.392972536526557,99.85000000000001,8.652636342367213,100.1,4.054489549110491,99.8,6.531627330454667,100.15,2.792097770388912,99.75,2.3321609541175574,100.2,5.56262599202594,99.7,3.282358871559933,100.25,19.5946547950183,99.65,5.139062159921027,100.3,5.78004019292402,99.60000000000001,4.014141823535494,100.35,2.052601593108686,99.55,2.268890073684054,100.4,1.4088895848455576,99.5,0.8253551837563888,100.45,1.9814373395907918
1710000000.1,100001,FI2010_LSE,99.95,7.375787973336632,100.0,12.175781920371056,99.9,7.09503138388172,100.05,4.367397342868602,99.85000000000001,3.593463802161902,100.1,9.580080581668456,99.8,3.4214875007364145,100.15,5.309771570694421,99.75,4.9233614590155845,100.2,5.668914042433593,99.7,4.6424547225362005,100.25,1.653597689087182,99.65,4.170167114000021,100.3,10.24902590947929,99.60000000000001,6.676987629085387,100.35,1.3243167891896976,99.55,1.803184427640371,100.4,4.187242850113127,99.5,5.180525580075568,100.45,2.4907360130575475
1710000000.1499999,100002,FI2010_LSE,99.95,6.800953724313299,100.05,6.156344614753846,99.9,9.47865711307175,100.1,3.6897991843156412,99.85000000000001,7.374069157599264,100.14999999999999,4.599760134213462,99.8,4.087651905343399,100.2,4.787849532767694,99.75,2.1092474272693003,100.25,4.1462676911774965,99.7,11.816085722436453,100.3,1.982545443534973,99.65,2.7140569495385054,100.35,4.20329368760779,99.60000000000001,2.3903570013071467,100.39999999999999,3.183468815395428,99.55,0.46587717019030883,100.45,0.8082500738972955,99.5,4.718273108738253,100.5,7.230175387606859
1710000000.1999998,100003,FI2010_LSE,99.9,11.15592752631442,99.95,6.765609426290461,99.85000000000001,4.94846376102054,100.0,8.396793955636781,99.80000000000001,3.1942091035716245,100.05,11.73443060179908,99.75,4.0394487423043905,100.10000000000001,11.29630394485526,99.7,3.4087344534818396,100.15,3.436129682441532,99.65,8.164552557118702,100.2,8.871016921674215,99.60000000000001,5.223563593017237,100.25,2.691956655767993,99.55000000000001,0.9195635761921513,100.3,2.8418182119995414,99.5,3.3206843796879038,100.35000000000001,0.42966352263849056,99.45,5.9656911978442455,100.4,7.70952497435017
1710000000.2499998,100004,FI2010_LSE,99.9,13.081724019076924,99.95,34.51079336909997,99.85000000000001,9.094112519719133,100.0,3.3751702650946376,99.80000000000001,16.238430048120577,100.05,17.589656432094486,99.75,3.305178056915141,100.10000000000001,6.955900708441828,99.7,4.504534875796761,100.15,12.103788668398964,99.65,6.810863214022735,100.2,2.7286905857154133,99.60000000000001,1.2789335757407967,100.25,6.096549853588909,99.55000000000001,6.75743668122383,100.3,3.362026157095432,99.5,6.867207129932923,100.35000000000001,1.1714173515451953,99.45,5.094282633091723,100.4,1.8346781748726841
1710000000.2999997,100005,FI2010_LSE,99.85000000000001,5.010697380751724,99.9,5.475482717548171,99.80000000000001,8.409285682227992,99.95,5.233367143892289,99.75000000000001,3.2474352430033675,100.0,4.833864647825413,99.7,5.352276485416619,100.05000000000001,2.8482539551860477,99.65,9.682711578910093,100.10000000000001,4.922543672309667,99.60000000000001,5.377382792806275,100.15,8.667889104681517,99.55000000000001,1.2681463717360386,100.2,7.083959541306388,99.50000000000001,7.410942322270093,100.25,7.29936984330754,99.45,0.887599266650306,100.30000000000001,9.160236044708272,99.4,0.451223389359848,100.35000000000001,1.0967483402325764
1710000000.3499997,100006,FI2010_LSE,99.85000000000001,3.8711575921811936,99.95,7.642961773611287,99.80000000000001,7.6378643293997035,100.0,9.53049860398101,99.75000000000001,4.223656941250884,100.05,8.477320655125057,99.7,9.62032795590659,100.10000000000001,4.27285685898336,99.65,4.1508669329899135,100.15,7.303017760766751,99.60000000000001,6.504128610105331,100.2,6.922551732674057,99.55000000000001,4.6036314800690565,100.25,12.821100212888133,99.50000000000001,2.1466407605182796,100.3,5.032923537812421,99.45,7.064891074303629,100.35000000000001,2.479643808464927,99.4,2.8832963772129294,100.4,0.6039848922212004
1710000000.3999996,100007,FI2010_LSE,99.85000000000001,3.744226465374404,99.9,6.30756811752539,99.80000000000001,7.806630086644543,99.95,3.975331289883855,99.75000000000001,8.976559843772888,100.0,3.365544433426143,99.7,6.073775928235751,100.05000000000001,5.321735570608942,99.65,2.0166325838995878,100.10000000000001,2.3680754225182934,99.60000000000001,4.558270884743951,100.15,1.61837709947287,99.55000000000001,1.2923742810413874,100.2,11.87157380846724,99.50000000000001,1.0739487977827338,100.25,1.3304159530367246,99.45,7.4509719904520795,100.30000000000001,2.236271426424295,99.4,0.19542713284825103,100.35000000000001,3.6899529191310414
1710000000.4499996,100008,FI2010_LSE,99.80000000000001,6.523091927502822,99.85000000000001,7.0633903743688755,99.75000000000001,7.94937458305237,99.9,6.557448388082012,99.70000000000002,6.232829192345374,99.95,17.096476433635715,99.65,2.8043787842915457,100.00000000000001,3.0527469120591824,99.60000000000001,2.988220614223139,100.05000000000001,2.8150052923959117,99.55000000000001,2.366052592862419,100.10000000000001,11.574787577681336,99.50000000000001,1.5673122167070506,100.15,7.631817224397158,99.45000000000002,7.922222897353628,100.2,2.1136474791173736,99.4,2.761687335263986,100.25000000000001,6.249217821958652,99.35000000000001,0.7111961262110185,100.30000000000001,5.9232740221108635
1710000000.4999995,100009,FI2010_LSE,99.85000000000001,4.282820330055276,99.9,6.163853884469116,99.80000000000001,8.069405133232541,99.95,4.93284605807822,99.75000000000001,3.1048667791923137,100.0,5.475025309154658,99.7,3.312023653099962,100.05000000000001,8.53176575476185,99.65,2.673279019467868,100.10000000000001,3.3784190134440646,99.60000000000001,3.6594089801044136,100.15,1.9021570906017895,99.55000000000001,3.1094409821445144,100.2,4.101856940870622,99.50000000000001,5.839259275441569,100.25,4.972663864641226,99.45,7.324370031846923,100.30000000000001,6.295935580142596,99.4,1.0402914479505743,100.35000000000001,4.3167638534052015
1710000000.5499995,100010,FI2010_LSE,99.80000000000001,4.54793149122992,99.85000000000001,7.8241670941329815,99.75000000000001,3.286262731302576,99.9,3.9734976846694328,99.70000000000002,3.6750348743594548,99.95,10.162866508820596,99.65,4.566564944455253,100.00000000000001,3.9043135180174113,99.60000000000001,6.646566319254352,100.05000000000001,11.021129910572347,99.55000000000001,3.44669153561198,100.10000000000001,4.385330119931423,99.50000000000001,1.6430035392884463,100.15,6.288410236015465,99.45000000000002,4.82574959344197,100.2,7.397672171371572,99.4,3.576343853146793,100.25000000000001,0.48876740932533647,99.35000000000001,2.9270783904128312,100.30000000000001,0.41689280585099997
1710000000.5999994,100011,FI2010_LSE,99.85000000000001,11.225914441071177,99.9,5.927721003729228,99.80000000000001,12.25220432681321,99.95,3.714637259571637,99.75000000000001,4.42007876078746,100.0,7.206696752704536,99.7,4.26427865758383,100.05000000000001,11.654179395737035,99.65,4.527176468588275,100.10000000000001,2.456144067933955,99.60000000000001,3.0985055413032674,100.15,4.011624156956238,99.55000000000001,2.335462381510487,100.2,1.487648945558415,99.50000000000001,1.8606300105106972,100.25,1.1957018136210034,99.45,0.5782745382861352,100.30000000000001,5.135989419557538,99.4,1.359438280344889,100.35000000000001,0.1
1710000000.6499994,100012,FI2010_LSE,99.80000000000001,8.7871523964365,99.85000000000001,5.83590305065293,99.75000000000001,3.494645754785247,99.9,3.4795829072365296,99.70000000000002,2.902065489860715,99.95,5.0362726662165205,99.65,13.041586874055575,100.00000000000001,3.2930075828026277,99.60000000000001,4.021516732514717,100.05000000000001,3.6596005973343537,99.55000000000001,17.756722187122556,100.10000000000001,2.834503173668189,99.50000000000001,2.9995856619508414,100.15,6.134360754742597,99.45000000000002,0.8464832785252447,100.2,1.5315252315621453,99.4,6.08770843112674,100.25000000000001,2.545159236873508,99.35000000000001,5.919980931803058,100.30000000000001,3.778511622508006
1710000000.6999993,100013,FI2010_LSE,99.80000000000001,5.685972766672366,99.85000000000001,4.775420145644265,99.75000000000001,5.991829081138288,99.9,8.458873527923775,99.70000000000002,5.6606660015946755,99.95,7.85572102397,99.65,8.127389461064968,100.00000000000001,2.425021424117597,99.60000000000001,6.8567130681103805,100.05000000000001,2.587178011660062,99.55000000000001,14.152690602007391,100.10000000000001,2.519240983736155,99.50000000000001,5.0071942840434644,100.15,1.2383048365089468,99.45000000000002,1.083737409246765,100.2,16.048121871906748,99.4,14.94634615323327,100.25000000000001,2.000381286241468,99.35000000000001,8.173184105250009,100.30000000000001,0.7668172091615432
1710000000.7499993,100014,FI2010_LSE,99.80000000000001,5.740172792854647,99.85000000000001,3.9384479379187995,99.75000000000001,6.045578695400686,99.9,7.541889783474603,99.70000000000002,8.358486305726661,99.95,5.966724103592718,99.65,8.021888228092962,100.00000000000001,2.776179234064613,99.60000000000001,8.563683180108736,100.05000000000001,4.043792873182057,99.55000000000001,2.3231088787725596,100.10000000000001,6.397014640624121,99.50000000000001,4.204340497455564,100.15,3.521309883838875,99.45000000000002,2.4435596307219907,100.2,1.445902749269674,99.4,4.898143121856339,100.25000000000001,5.344160208997576,99.35000000000001,9.070014114646131,100.30000000000001,1.0343523962203927
1710000000.7999992,100015,FI2010_LSE,99.9,10.277763316073122,99.95,5.603932400897958,99.85000000000001,8.438903834570267,100.0,3.3915016627974435,99.80000000000001,8.797125066152015,100.05,11.067612289878172,99.75,7.949373924984905,100.10000000000001,8.274738512903618,99.7,8.606604970325112,100.15,7.671197701691539,99.65,7.6794070436857655,100.2,3.531712989420403,99.60000000000001,4.226786473875773,100.25,1.7268014942663257,99.55000000000001,2.084807379363262,100.3,3.999374048238309,99.5,1.4922070640867249,100.35000000000001,3.1793521777841387,99.45,0.8558952922118537,100.4,3.7079606251324795
1710000000.8499992,100016,FI2010_LSE,99.95,9.778479945463342,100.0,6.261422351891855,99.9,7.909597630925769,100.05,11.53529327702637,99.85000000000001,9.631958981333767,100.1,4.86214252859391,99.8,5.7977291377257565,100.15,8.971414555555487,99.75,5.411405700699508,100.2,4.783170299879897,99.7,2.21846868137216,100.25,3.6895956551436377,99.65,4.066689800221804,100.3,2.039323384658224,99.60000000000001,2.466588024204559,100.35,1.3241745282172412,99.55,5.182603107998871,100.4,14.246541046330893,99.5,3.946687555075264,100.45,1.500604974242632
1710000000.8999991,100017,FI2010_LSE,99.9,12.460921624739528,99.95,7.202958387162993,99.85000000000001,11.68554742227414,100.0,6.99765500335962,99.80000000000001,13.57261513122124,100.05,3.608286924647824,99.75,2.5125448320572623,100.10000000000001,4.015539140052409,99.7,2.0432948886294184,100.15,4.357231161986299,99.65,12.32338191372617,100.2,2.501940155996288,99.60000000000001,4.324765445025077,100.25,11.80419925750499,99.55000000000001,8.184814688394187,100.3,1.1280432315565267,99.5,6.03658873684634,100.35000000000001,2.4747733314234854,99.45,3.0771729108881862,100.4,0.1941336345458253
1710000000.949999,100018,FI2010_LSE,99.9,9.255249646937559,99.95,5.168144951032469,99.85000000000001,3.257723768827709,100.0,14.986515681050015,99.80000000000001,5.723447950911147,100.05,7.396528493490953,99.75,5.628181537691923,100.10000000000001,2.632489173102363,99.7,4.915050271544633,100.15,3.8445652268947743,99.65,1.8442966398496716,100.2,2.050026283099055,99.60000000000001,9.119155774080376,100.25,1.937172916683675,99.55000000000001,1.0476875997164532,100.3,1.7807655953069195,99.5,1.319009186285545,100.35000000000001,3.46276911039289,99.45,0.8295895918627261,100.4,2.7190269387019144
1710000000.999999,100019,FI2010_LSE,99.9,7.2199945002615,99.95,7.775130870057186,99.85000000000001,4.214429616093971,100.0,6.169756021210633,99.80000000000001,13.44736048729081,100.05,6.719387934494157,99.75,3.385119232678876,100.10000000000001,7.297681219511129,99.7,3.479971111805808,100.15,3.372286090796,99.65,4.613164993523371,100.2,2.854236551071396,99.60000000000001,5.428813149888888,100.25,3.6765253351276357,99.55000000000001,1.15230951354714,100.3,6.073178954527767,99.5,2.250666048776112,100.35000000000001,4.056603648494607,99.45,13.30519323453665,100.4,3.1866185907953275
1710000001.049999,100020,FI2010_LSE,99.85000000000001,9.872483866758094,99.95,4.5633141598301945,99.80000000000001,9.665592896932111,100.0,6.170896166225456,99.75000000000001,7.343490912607843,100.05,14.068093327023421,99.7,9.37041610389264,100.10000000000001,4.066200610342625,99.65,8.460737418184518,100.15,2.2939369719094196,99.60000000000001,2.369182510815386,100.2,3.841739331046888,99.55000000000001,4.20345490177959,100.25,2.784197390986103,99.50000000000001,3.3767549127408856,100.3,1.8732846772075038,99.45,18.129335192851578,100.35000000000001,0.6776324270201097,99.4,5.102686211553137,100.4,2.4416554685054144
1710000001.099999,100021,FI2010_LSE,99.9,4.1759817090549305,99.95,6.01650025549925,99.85000000000001,3.3529213130989,100.0,9.1951382759397,99.80000000000001,5.266355393984307,100.05,14.272841596949023,99.75,9.554162452473626,100.10000000000001,4.093168927877613,99.7,15.949520059411622,100.15,19.339951035405203,99.65,2.142052489107152,100.2,2.0031007159650147,99.60000000000001,1.633005072438688,100.25,3.6352062636494247,99.55000000000001,1.8660385320166217,100.3,8.126350478598708,99.5,5.9795136256897505,100.35000000000001,1.8641413760324315,99.45,3.241663107822669,100.4,6.114417355717914
1710000001.149999,100022,FI2010_LSE,99.85000000000001,4.131056118449144,99.9,6.62890848515623,99.80000000000001,7.151578998277083,99.95,4.524650333638196,99.75000000000001,4.048527552845649,100.0,22.34196868245905,99.7,5.534424386576061,100.05000000000001,7.151530166648803,99.65,7.041216038243183,100.10000000000001,3.6039789322175597,99.60000000000001,7.0676332313637324,100.15,20.12355315873209,99.55000000000001,18.771208478613147,100.2,5.772628998506009,99.50000000000001,3.454950259936881,100.25,1.452218508727042,99.45,1.1525199076555204,100.30000000000001,6.732060601755107,99.4,5.206659493392392,100.35000000000001,2.49037153844434
1710000001.1999989,100023,FI2010_LSE,99.95,3.737041133079424,100.0,7.786924227719986,99.9,4.820129725956988,100.05,5.446263151836769,99.85000000000001,5.196232159956766,100.1,4.712124150516328,99.8,3.495410160869695,100.15,2.438697146921577,99.75,15.969026850742488,100.2,6.244879568963912,99.7,4.330231635805917,100.25,5.581888142938549,99.65,1.318037152470719,100.3,5.715794542648795,99.60000000000001,0.8521419228660466,100.35,6.861894954035625,99.55,9.747146074154145,100.4,2.9855366077479557,99.5,1.3987726660844009,100.45,2.4802654319287694
1710000001.2499988,100024,FI2010_LSE,99.85000000000001,7.90335660099616,99.95,4.480291875946742,99.80000000000001,7.995279682838306,100.0,6.7429425821654645,99.75000000000001,3.790823091624474,100.05,12.489219540609637,99.7,17.879534747098646,100.10000000000001,3.797141312363782,99.65,5.324443411982124,100.15,2.4100892279284216,99.60000000000001,7.258454121567594,100.2,2.1027684685090815,99.55000000000001,3.7402504582140677,100.25,7.3659754068319705,99.50000000000001,4.1533504895040405,100.3,20.061209053666335,99.45,0.48667186075371666,100.35000000000001,5.5292091493689695,99.4,1.862531653547678,100.4,0.5970648494313822
1710000001.2999988,100025,FI2010_LSE,99.85000000000001,9.209220213424674,99.9,7.711060875549265,99.80000000000001,9.110901828148494,99.95,4.4856448004016976,99.75000000000001,8.26795249558223,100.0,5.696394885534773,99.7,11.462546701244925,100.05000000000001,9.802239434912787,99.65,5.2255008852292395,100.10000000000001,2.687427011316216,99.60000000000001,2.2002033388848945,100.15,2.094566401979905,99.55000000000001,4.756074961959768,100.2,1.2047934781553031,99.50000000000001,1.2645790943758737,100.25,2.011814909703097,99.45,6.230844404045771,100.30000000000001,3.2724395490187423,99.4,5.614888504909012,100.35000000000001,2.1190941330901443
1710000001.3499987,100026,FI2010_LSE,99.9,16.11210609141281,99.95,4.658637909569757,99.85000000000001,3.681674759746945,100.0,6.008097163287281,99.80000000000001,4.224793927893199,100.05,4.100384946418216,99.75,7.134381163589748,100.10000000000001,2.877263379661567,99.7,11.282544767698337,100.15,6.121682425243629,99.65,1.6698670784053071,100.2,11.60495876355794,99.60000000000001,2.3206128819843848,100.25,4.446741818115163,99.55000000000001,19.35262734847835,100.3,2.557987460759424,99.5,10.29386533340849,100.35000000000001,2.163932735550561,99.45,1.330997525155872,100.4,0.6123822077728583
1710000001.3999987,100027,FI2010_LSE,99.9,3.632815032185668,100.0,4.186473081506493,99.85000000000001,4.177235472870715,100.05,16.05907017286296,99.80000000000001,6.758063428677097,100.1,2.9981921943853997,99.75,2.6030793977161117,100.15,9.763177900768074,99.7,5.689871052463532,100.2,5.7811786201609205,99.65,23.095529874017636,100.25,2.4427034124950744,99.60000000000001,4.197066655935594,100.3,3.1694032944651562,99.55000000000001,5.946481052900912,100.35,1.4197018353484734,99.5,1.8858942692845257,100.4,1.4750853457348652,99.45,0.44374293298304507,100.45,19.41279322537369
1710000001.4499986,100028,FI2010_LSE,99.85000000000001,8.34906376234889,99.95,5.323893901015513,99.80000000000001,4.9217616423438235,100.0,3.9216862556938747,99.75000000000001,12.550406691920694,100.05,3.6270967651225865,99.7,8.608509690238213,100.10000000000001,6.57216748246344,99.65,5.762998220562248,100.15,9.150480725482353,99.60000000000001,9.764469298253417,100.2,5.60715700471539,99.55000000000001,4.242293871980273,100.25,2.685827703020056,99.50000000000001,1.5783965244550637,100.3,6.337214642079894,99.45,1.0623451693893844,100.35000000000001,1.256484552115801,99.4,8.280139393807424,100.4,1.5246438567812042
1710000001.4999986,100029,FI2010_LSE,99.85000000000001,3.7142875219960403,99.9,7.4874403156031235,99.80000000000001,6.042489857001617,99.95,3.879588713366646,99.75000000000001,2.8096686619362217,100.0,3.744427003582754,99.7,4.097599701423112,100.05000000000001,4.363743045780385,99.65,16.979002088967718,100.10000000000001,5.803566469744087,99.60000000000001,8.50487441772366,100.15,1.7691163251589301,99.55000000000001,6.364112110952898,100.2,2.9729475904489915,99.50000000000001,12.879192441015368,100.25,2.2324597234342765,99.45,3.379385858439476,100.30000000000001,16.75656669901919,99.4,1.5453094953447712,100.35000000000001,8.639273144070641
1710000001.5499985,100030,FI2010_LSE,99.85000000000001,11.095139855949288,99.9,6.423654761461943,99.80000000000001,4.63292621368536,99.95,6.766872572450904,99.75000000000001,3.836041558833921,100.0,3.6138111541876166,99.7,24.215700320389885,100.05000000000001,5.947347678652383,99.65,3.433929369392831,100.10000000000001,3.5987604430606375,99.60000000000001,1.7608881771291751,100.15,10.206661703854627,99.55000000000001,4.8902384894639805,100.2,5.08268942577501,99.50000000000001,4.472521553602823,100.25,6.504626969303458,99.45,1.5108809907536886,100.30000000000001,1.0491328568952056,99.4,4.4537634413067515,100.35000000000001,4.479065849249873
1710000001.5999985,100031,FI2010_LSE,99.9,7.426576870453113,99.95,4.1246724362023555,99.85000000000001,4.945040339021964,100.0,4.619892033239493,99.80000000000001,2.9081563994876967,100.05,9.576610094000257,99.75,2.605906658963718,100.10000000000001,3.278322288377016,99.7,9.625877648908926,100.15,2.073345681723624,99.65,2.507392778179447,100.2,11.906859888769034,99.60000000000001,1.357863840048296,100.25,2.5764077924275934,99.55000000000001,4.83138531489014,100.3,15.113362439162643,99.5,3.9015826292462346,100.35000000000001,0.6971931144207035,99.45,1.9664350600992913,100.4,4.264929593592713
1710000001.6499984,100032,FI2010_LSE,99.85000000000001,3.6966940525991263,99.9,6.856517287229398,99.80000000000001,3.363594596376927,99.95,6.030501633305005,99.75000000000001,10.146348934461027,100.0,5.6993789156160055,99.7,5.113897160607028,100.05000000000001,4.596590262146549,99.65,7.15472151480224,100.10000000000001,7.869922880144581,99.60000000000001,6.144901720498002,100.15,9.503781943118659,99.55000000000001,1.6315152133993354,100.2,5.990641748379136,99.50000000000001,3.664305880156604,100.25,3.0309037677062562,99.45,14.633138636742048,100.30000000000001,2.5642448460062575,99.4,0.5633019842413993,100.35000000000001,4.154823679637176
1710000001.6999984,100033,FI2010_LSE,99.80000000000001,3.8571548399390005,99.85000000000001,5.296673159231725,99.75000000000001,6.308559188055693,99.9,4.738193571813387,99.70000000000002,6.252897203398621,99.95,10.837579177473112,99.65,2.6887142926974437,100.00000000000001,3.9225161514265956,99.60000000000001,3.817173903392317,100.05000000000001,6.735443996381363,99.55000000000001,2.1456153224831827,100.10000000000001,20.86856526922171,99.50000000000001,5.116404176509649,100.15,10.276561347573821,99.45000000000002,1.3208209086497622,100.2,6.035074929942685,99.4,2.272367862431873,100.25000000000001,4.294098193916124,99.35000000000001,3.0330099151889818,100.30000000000001,3.5253385017201664
1710000001.7499983,100034,FI2010_LSE,99.85000000000001,9.31431866489751,99.9,10.36198727606218,99.80000000000001,6.706426191153529,99.95,12.021477558671904,99.75000000000001,3.8150187334569425,100.0,4.679977646490645,99.7,15.917066491446983,100.05000000000001,3.723904547902815,99.65,2.0089845615591444,100.10000000000001,8.498703284536665,99.60000000000001,11.124428113327154,100.15,9.068439666089875,99.55000000000001,5.457969378491587,100.2,7.918001654595123,99.50000000000001,4.737116954493373,100.25,1.756246813464497,99.45,1.322897509107537,100.30000000000001,4.82140880641357,99.4,9.641101466266091,100.35000000000001,10.932147285416528
1710000001.7999983,100035,FI2010_LSE,99.80000000000001,4.511363989673043,99.85000000000001,5.356703205302641,99.75000000000001,5.430422943874725,99.9,4.286927587655844,99.70000000000002,5.914392722959779,99.95,9.447016813576996,99.65,8.7176167694876,100.00000000000001,4.826920776105469,99.60000000000001,3.6908142030156714,100.05000000000001,5.047478980459349,99.55000000000001,1.6617416039922295,100.10000000000001,5.037114366957107,99.50000000000001,3.152724350033168,100.15,1.7028880796925916,99.45000000000002,2.3245483626987964,100.2,4.982151765640822,99.4,1.1548911820981838,100.25000000000001,2.9277961910074612,99.35000000000001,2.133715806521475,100.30000000000001,0.43029128332927946
1710000001.8499982,100036,FI2010_LSE,99.80000000000001,6.757261937923264,99.85000000000001,20.907618833581303,99.75000000000001,4.021010207463737,99.9,8.66531386178842,99.70000000000002,8.959831503498988,99.95,10.63608148478389,99.65,3.4363805229011968,100.00000000000001,3.77081010127663,99.60000000000001,4.266889805226456,100.05000000000001,8.082110525965227,99.55000000000001,6.125934095094415,100.10000000000001,16.213228570363494,99.50000000000001,1.3277493638236484,100.15,5.393958041741836,99.45000000000002,7.328180093064414,100.2,0.9955990205901147,99.4,3.588910312377275,100.25000000000001,0.7175921825566143,99.35000000000001,2.518847207432777,100.30000000000001,7.1337966709155065
1710000001.8999982,100037,FI2010_LSE,99.75,9.202060208994759,99.8,7.073917860118577,99.7,14.697339210708815,99.85,6.772909120413916,99.65,3.382137109157209,99.89999999999999,10.427260100781158,99.6,7.148502299940365,99.95,3.203204546745954,99.55,3.5367202759701186,100.0,15.540956997810524,99.5,3.5820487356208046,100.05,6.477593523573768,99.45,18.844739333616022,100.1,6.3363530424983425,99.4,6.530156547231614,100.14999999999999,3.396981298040375,99.35,5.423757600789822,100.2,1.2683990994696495,99.3,11.675059433412011,100.25,1.8413549126419642
1710000001.9499981,100038,FI2010_LSE,99.80000000000001,4.993623014950151,99.85000000000001,7.878191668767414,99.75000000000001,7.562878311047931,99.9,4.9359628712585195,99.70000000000002,15.685940909688343,99.95,6.882733755583205,99.65,7.364912792155783,100.00000000000001,2.447810616886361,99.60000000000001,3.173955783364096,100.05000000000001,5.209447661355186,99.55000000000001,8.039827414506073,100.10000000000001,5.039175991035952,99.50000000000001,2.1119123904256503,100.15,8.29305829891835,99.45000000000002,3.6559090501373985,100.2,4.932603825695114,99.4,5.202002575132333,100.25000000000001,3.536393868254839,99.35000000000001,5.423699200269933,100.30000000000001,3.473274379393475
1710000001.999998,100039,FI2010_LSE,99.85000000000001,3.6445610529580548,99.9,6.845848649987815,99.80000000000001,14.648656641639025,99.95,7.560656113733746,99.75000000000001,3.6693023220538805,100.0,4.479204785953318,99.7,16.3293476432602,100.05000000000001,7.618328155187367,99.65,2.5047568985948057,100.10000000000001,4.431543813155249,99.60000000000001,3.604314742228568,100.15,3.4600121298947784,99.55000000000001,2.8509070720975105,100.2,5.461034776375773,99.50000000000001,2.5522450895583253,100.25,5.451470615257456,99.45,0.7468801513703791,100.30000000000001,23.241527949223176,99.4,6.855139060439846,100.35000000000001,4.606659834562327
1710000002.049998,100040,FI2010_LSE,99.80000000000001,9.880525400558245,99.85000000000001,5.430076899801742,99.75000000000001,6.071993293153422,99.9,3.799685478676931,99.70000000000002,11.505696306777144,99.95,7.644988815687096,99.65,5.468439385312049,100.00000000000001,3.5194301988619983,99.60000000000001,2.33307132160645,100.05000000000001,7.823334451679734,99.55000000000001,6.440910758454422,100.10000000000001,7.003462538119182,99.50000000000001,8.234621283678146,100.15,1.4832207334479044,99.45000000000002,1.9967392342376458,100.2,0.8533248547088694,99.4,4.398675512340062,100.25000000000001,15.823870487665449,99.35000000000001,1.8481045534062266,100.30000000000001,3.0082706372403942
1710000002.099998,100041,FI2010_LSE,99.9,7.225153432650222,99.95,11.753084381378692,99.85000000000001,7.075239153690755,100.0,5.342275781848819,99.80000000000001,2.9519874033572626,100.05,3.854070622004251,99.75,3.349463404911107,100.10000000000001,4.639571858738318,99.7,8.415851062774852,100.15,5.004178841593207,99.65,2.4070938758942906,100.2,1.612722854492293,99.60000000000001,9.016484623280672,100.25,2.9582047702250867,99.55000000000001,6.503519721558039,100.3,8.816983709642267,99.5,3.921434772100196,100.35000000000001,2.175664084565205,99.45,0.1,100.4,1.3400369381158757
1710000002.149998,100042,FI2010_LSE,99.85000000000001,4.783864433814015,99.95,12.118315226628184,99.80000000000001,12.53473023328731,100.0,4.242151093298829,99.75000000000001,8.709392234832107,100.05,10.40970646247968,99.7,6.353560771988046,100.10000000000001,6.200380657380855,99.65,8.54385568917768,100.15,2.386244302278909,99.60000000000001,2.196737807640929,100.2,6.945591139634219,99.55000000000001,7.133595076358976,100.25,9.20839348109456,99.50000000000001,2.920020803345148,100.3,14.197762503501085,99.45,6.232038272807109,100.35000000000001,7.219118480524884,99.4,2.3976917484911167,100.4,4.360265303705429
1710000002.199998,100043,FI2010_LSE,99.85000000000001,4.388486211659153,99.9,5.2169475255797755,99.80000000000001,7.396173521362943,99.95,5.504958511406002,99.75000000000001,3.598079869585952,100.0,4.886254952235546,99.7,6.434450466336661,100.05000000000001,3.512719214062818,99.65,6.288726690759549,100.10000000000001,7.176625505773258,99.60000000000001,11.001832725700742,100.15,2.087894006487288,99.55000000000001,4.9736882800104025,100.2,2.3273132906952103,99.50000000000001,1.5402764390882213,100.25,5.097134074588909,99.45,3.3752221821501727,100.30000000000001,3.1639458649179995,99.4,9.41118364078423,100.35000000000001,1.9655445335718111
1710000002.2499979,100044,FI2010_LSE,99.85000000000001,13.02930771473253,99.9,6.187110823625738,99.80000000000001,11.098605483777494,99.95,5.503240236349553,99.75000000000001,8.630250324412671,100.0,4.868497339094173,99.7,7.1775791888942315,100.05000000000001,3.1900619796314236,99.65,2.331387877480102,100.10000000000001,14.931410644705156,99.60000000000001,10.853741779266285,100.15,6.924776721005211,99.55000000000001,2.0514346232344747,100.2,1.3917976700180288,99.50000000000001,2.9194716350896934,100.25,0.8698698498497025,99.45,1.7919801697045155,100.30000000000001,3.5934036158005,99.4,1.9187598500748335,100.35000000000001,2.774179015742141
1710000002.2999978,100045,FI2010_LSE,99.85000000000001,7.077451479740983,99.9,9.28318097945582,99.80000000000001,4.6597855501196745,99.95,7.384726025988764,99.75000000000001,4.916026410597155,100.0,3.7787059106516896,99.7,2.5912050072980426,100.05000000000001,3.1723903157169064,99.65,14.376136365031476,100.10000000000001,4.469676916350577,99.60000000000001,3.1203415622943016,100.15,2.817395057199098,99.55000000000001,7.458080318247227,100.2,5.097359557635599,99.50000000000001,2.776431253729733,100.25,6.042264129656049,99.45,1.6539950223837514,100.30000000000001,3.3687538992549757,99.4,1.6327741938943015,100.35000000000001,2.9902321314764793
1710000002.3499978,100046,FI2010_LSE,99.85000000000001,9.295297865751463,99.9,7.896257455791892,99.80000000000001,4.279431064995441,99.95,4.683948181533193,99.75000000000001,5.933121127561033,100.0,6.3638328863723315,99.7,7.615833925785191,100.05000000000001,6.023217624874424,99.65,7.091047580788491,100.10000000000001,4.105750702713465,99.60000000000001,6.0710027444396175,100.15,10.805874239078058,99.55000000000001,15.416671623640742,100.2,4.606003261705252,99.50000000000001,3.327217414352602,100.25,4.111673477826279,99.45,2.899358657634377,100.30000000000001,1.0598711182274847,99.4,10.772104464276962,100.35000000000001,6.833764314086896
1710000002.3999977,100047,FI2010_LSE,99.85000000000001,5.163907933455587,99.9,8.731497968792954,99.80000000000001,4.573828414005685,99.95,7.847015525745482,99.75000000000001,24.592715506091672,100.0,3.9350716529437566,99.7,4.974449442904982,100.05000000000001,4.299846648225639,99.65,3.110473705875333,100.10000000000001,3.830789706689016,99.60000000000001,2.2986616952119503,100.15,6.136312788637424,99.55000000000001,3.460956623578503,100.2,1.4531332997008433,99.50000000000001,7.0930761706219,100.25,3.7213772840262296,99.45,2.7843183803301583,100.30000000000001,1.853300593434264,99.4,0.562155516288437,100.35000000000001,1.9581928853977602
1710000002.4499977,100048,FI2010_LSE,99.75,4.087240719633386,99.85,5.137993771798363,99.7,3.2567640554094717,99.89999999999999,3.7830293772923946,99.65,4.6674724997239405,99.94999999999999,28.726966544759378,99.6,4.857583776809265,100.0,5.961010442497194,99.55,8.020189849995578,100.05,2.488833122965068,99.5,3.9709220433801393,100.1,5.586583106076889,99.45,2.4888720187796913,100.14999999999999,4.044615547079271,99.4,5.750154351447059,100.19999999999999,6.255609349785138,99.35,4.03997790717697,100.25,5.667042668861207,99.3,1.7834122048325418,100.3,12.106661986642457
1710000002.4999976,100049,FI2010_LSE,99.80000000000001,7.330845133176006,99.85000000000001,4.125302181236468,99.75000000000001,5.81180165596491,99.9,4.401044822712701,99.70000000000002,12.313271249538975,99.95,3.5514015721430194,99.65,14.44178807646886,100.00000000000001,13.20973527092622,99.60000000000001,3.9242736862820684,100.05000000000001,4.542060385918228,99.55000000000001,6.568371734223083,100.10000000000001,1.7175826997171986,99.50000000000001,8.694452046999963,100.15,4.900296992295688,99.45000000000002,16.829173652257204,100.2,2.0551135880559643,99.4,0.4530875221327161,100.25000000000001,2.796867101529582,99.35000000000001,3.1295295399959513,100.30000000000001,9.147478741196023
1710000002.5499976,100050,FI2010_LSE,99.85000000000001,4.592099052506105,99.9,5.786555286482067,99.80000000000001,4.558371807788875,99.95,11.845414115298379,99.75000000000001,2.90875662931329,100.0,2.8268135167084427,99.7,3.1450958493183223,100.05000000000001,2.7794478391794657,99.65,14.08401808293604,100.10000000000001,9.025753295218205,99.60000000000001,7.581937993636602,100.15,2.4735002224414058,99.55000000000001,4.7686465921277055,100.2,3.1141179495489197,99.50000000000001,2.3541090310927792,100.25,4.939269293163769,99.45,2.840484754269043,100.30000000000001,2.0892280261564404,99.4,9.540667833579722,100.35000000000001,0.29059317109685084
1710000002.5999975,100051,FI2010_LSE,99.85000000000001,6.896720550744806,99.95,8.699358614028938,99.80000000000001,5.7476937604206135,100.0,5.670590892712243,99.75000000000001,6.009418224928524,100.05,5.372746644969125,99.7,9.855707586107972,100.10000000000001,2.82839043435585,99.65,3.5224101097107194,100.15,2.310640394402964,99.60000000000001,4.68912412087318,100.2,1.814707965560879,99.55000000000001,2.411165002565192,100.25,1.5432886824485825,99.50000000000001,1.9145312144646172,100.3,3.290868024722127,99.45,2.574774462822001,100.35000000000001,4.027446988994355,99.4,1.5218619400720736,100.4,1.6755023111936915
1710000002.6499975,100052,FI2010_LSE,99.85000000000001,15.872166443441824,99.9,4.124739241942108,99.80000000000001,5.085875725897828,99.95,7.731092931854447,99.75000000000001,7.27657446896673,100.0,5.951627468795601,99.7,4.8991585158806235,100.05000000000001,4.742696468146793,99.65,2.5009367138156695,100.10000000000001,8.080609663195276,99.60000000000001,3.281592589332205,100.15,2.7504472542489857,99.55000000000001,5.105900095181509,100.2,5.053835805442189,99.50000000000001,1.8300381064222482,100.25,2.5350529903047496,99.45,1.2861202824759101,100.30000000000001,2.439704703942814,99.4,3.8807739003303228,100.35000000000001,0.9481539637828249
1710000002.6999974,100053,FI2010_LSE,99.85000000000001,3.910581116667185,99.9,7.840661931498223,99.80000000000001,7.3419698881086655,99.95,13.643638120701318,99.75000000000001,6.523800739063004,100.0,6.604714069075194,99.7,3.197712402941527,100.05000000000001,14.96482473633477,99.65,3.169610805227453,100.10000000000001,2.2057821302607734,99.60000000000001,2.6448260573562026,100.15,6.258732220256816,99.55000000000001,2.4774240565729544,100.2,1.5284080135906506,99.50000000000001,5.359300389947842,100.25,2.374919666052076,99.45,5.102979236775865,100.30000000000001,0.7486288339754371,99.4,5.57536037468678,100.35000000000001,6.56434589834294
1710000002.7499974,100054,FI2010_LSE,99.85000000000001,4.319076630195164,99.9,12.045577600524094,99.80000000000001,7.280207086355415,99.95,9.012739244854277,99.75000000000001,7.559554156006854,100.0,8.799343750592074,99.7,2.9631455865469727,100.05000000000001,8.494749584318292,99.65,2.4019284956695346,100.10000000000001,4.409050798151958,99.60000000000001,2.705136805130815,100.15,6.057848330060919,99.55000000000001,11.723635137153597,100.2,4.825817002048909,99.50000000000001,11.446131381399423,100.25,5.05499347138494,99.45,1.4824223552810634,100.30000000000001,7.346082149090776,99.4,2.205042414857454,100.35000000000001,6.8570086836911806
1710000002.7999973,100055,FI2010_LSE,99.85000000000001,6.411944124430866,99.9,5.007076038216309,99.80000000000001,4.3578565291857965,99.95,8.642361644856276,99.75000000000001,5.770922299425924,100.0,5.8649022414292515,99.7,13.174714369841128,100.05000000000001,6.754732609756474,99.65,3.591664972095308,100.10000000000001,4.567819598245308,99.60000000000001,2.8257625500143204,100.15,1.9224934763963828,99.55000000000001,20.147461443960527,100.2,4.107601593012358,99.50000000000001,7.177616277201268,100.25,1.450526405132045,99.45,3.2463169460064396,100.30000000000001,4.593764092387396,99.4,1.8779140241970873,100.35000000000001,0.671208939690934
1710000002.8499973,100056,FI2010_LSE,99.85000000000001,5.183202655068808,99.9,4.54722852321987,99.80000000000001,4.210847684324211,99.95,11.075392442424498,99.75000000000001,7.269465846826792,100.0,3.38610289273688,99.7,7.208737097832755,100.05000000000001,9.078794845130544,99.65,5.761322857992139,100.10000000000001,4.146211097771142,99.60000000000001,2.8562191671766897,100.15,6.514644383815327,99.55000000000001,7.111953031080581,100.2,8.615528737762684,99.50000000000001,4.175290249998637,100.25,7.826211583382496,99.45,11.819934329510689,100.30000000000001,14.82818036052817,99.4,0.2563776372680075,100.35000000000001,0.13008469108864035
1710000002.8999972,100057,FI2010_LSE,99.85000000000001,4.575336623880149,99.9,10.072802647421915,99.80000000000001,3.389353148029226,99.95,3.453513580547011,99.75000000000001,4.77297917564081,100.0,5.183518115035826,99.7,3.2720800878965117,100.05000000000001,8.586748535255587,99.65,7.47891600177097,100.10000000000001,2.811987916221337,99.60000000000001,2.326894035711421,100.15,2.2178902523489517,99.55000000000001,3.038484505715795,100.2,2.9125701346930972,99.50000000000001,5.548790578817941,100.25,6.814645540932449,99.45,10.321014846786069,100.30000000000001,10.48191679873574,99.4,1.2430571039593459,100.35000000000001,1.5149293670267505
1710000002.9499972,100058,FI2010_LSE,99.85000000000001,4.671998794485789,99.95,7.666642097424315,99.80000000000001,13.06628846747686,100.0,8.48466311981926,99.75000000000001,8.342647038350457,100.05,5.789594518675907,99.7,6.345181553029651,100.10000000000001,3.771606514248547,99.65,2.4401289370559875,100.15,11.645469112326271,99.60000000000001,2.1414162840489714,100.2,4.734769852820198,99.55000000000001,3.5724631475667774,100.25,6.915677574811377,99.50000000000001,4.67121441409754,100.3,3.89898259318472,99.45,0.5704134299696156,100.35000000000001,6.921461808035332,99.4,2.5224203256948883,100.4,0.818077961792796
1710000002.9999971,100059,FI2010_LSE,99.85000000000001,5.287879032200229,99.9,4.556992004069699,99.80000000000001,11.695194692403444,99.95,5.627705808037677,99.75000000000001,3.8554600714369744,100.0,5.1281546983299435,99.7,17.183502259852887,100.05000000000001,10.18249987659247,99.65,9.553937646903325,100.10000000000001,5.966222087884416,99.60000000000001,8.586388251888737,100.15,3.536501039976396,99.55000000000001,6.027905009063219,100.2,7.607900687815273,99.50000000000001,2.8577552485364253,100.25,2.6641431110281024,99.45,23.143685232303245,100.30000000000001,4.587779771800592,99.4,2.814795672002802,100.35000000000001,0.13294227181138477
1710000003.049997,100060,FI2010_LSE,99.75,7.7893892965871725,99.9,4.154772159621504,99.7,3.7512412918242166,99.95,7.021330203256447,99.65,4.43167306567271,100.0,8.758474565456297,99.6,8.342907054371498,100.05000000000001,9.940577906894156,99.55,4.608964739373769,100.10000000000001,8.338439401169474,99.5,9.112741307867534,100.15,6.5614006100975075,99.45,9.439134320061672,100.2,2.1198824748444274,99.4,12.526662334598278,100.25,5.624230711475007,99.35,4.474976169852535,100.30000000000001,0.6732258247960037,99.3,11.358456037339236,100.35000000000001,0.1880818285524549
1710000003.099997,100061,FI2010_LSE,99.80000000000001,3.8937894465710325,99.85000000000001,7.475273399302863,99.75000000000001,3.8063916886050895,99.9,8.992929000647152,99.70000000000002,7.246001593042752,99.95,3.4558898406394833,99.65,3.4791430498807947,100.00000000000001,16.99799935938493,99.60000000000001,8.328080420098052,100.05000000000001,5.365108187046385,99.55000000000001,7.704351562829762,100.10000000000001,13.974877779294578,99.50000000000001,5.420201889407146,100.15,6.692056478950992,99.45000000000002,2.4338139833175916,100.2,0.887170710361967,99.4,0.8188803933155873,100.25000000000001,6.830881785915191,99.35000000000001,4.720998789233172,100.30000000000001,0.5985371003553721
1710000003.149997,100062,FI2010_LSE,99.75,9.169532783069695,99.85,5.864810084576374,99.7,11.14648371518902,99.89999999999999,8.989318310749084,99.65,5.07744643033497,99.94999999999999,8.262011308485741,99.6,13.927993481791875,100.0,5.017334618876819,99.55,3.9148591112404505,100.05,4.062373250566756,99.5,4.807455640488078,100.1,2.494117129919278,99.45,5.509674672331444,100.14999999999999,4.029633711630092,99.4,0.9774704409135311,100.19999999999999,0.8619532196724299,99.35,3.80182864343585,100.25,6.871098053624482,99.3,15.100168022916872,100.3,0.38365513593562817
1710000003.199997,100063,FI2010_LSE,99.80000000000001,9.289482059687298,99.85000000000001,6.86321745789386,99.75000000000001,3.9444587795215935,99.9,3.63898606220886,99.70000000000002,3.1794999004089606,99.95,5.8343681786990595,99.65,4.20552507617649,100.00000000000001,4.8538180519534375,99.60000000000001,2.9615184573711906,100.05000000000001,3.678752879057343,99.55000000000001,4.047022182124866,100.10000000000001,2.426112068047895,99.50000000000001,2.0485364547190663,100.15,6.432771424035114,99.45000000000002,2.915534483845928,100.2,5.153073720163881,99.4,8.3031133449323,100.25000000000001,1.9489143095903674,99.35000000000001,1.2235163476271227,100.30000000000001,0.1
1710000003.249997,100064,FI2010_LSE,99.75,8.65928004222408,99.85,8.627937868238686,99.7,7.187596248955902,99.89999999999999,6.53230534084439,99.65,16.38403428880748,99.94999999999999,5.393396899919365,99.6,3.767181884583054,100.0,3.579379968677129,99.55,3.8323490279796184,100.05,6.149659825124959,99.5,6.969605743565253,100.1,15.79337511702715,99.45,11.952935667123882,100.14999999999999,9.414050856719978,99.4,1.113160550446526,100.19999999999999,4.724309890355934,99.35,2.7083830551700263,100.25,3.0989382914991292,99.3,2.0382901361748154,100.3,7.807478853016772
1710000003.2999969,100065,FI2010_LSE,99.80000000000001,9.102648857822299,99.85000000000001,6.7333893487765915,99.75000000000001,10.841030663732141,99.9,6.951796310077912,99.70000000000002,5.426396679284842,99.95,5.43216013011444,99.65,5.222302644316699,100.00000000000001,3.4623701175160813,99.60000000000001,2.3534453765660825,100.05000000000001,17.340050742236407,99.55000000000001,1.6626846219554985,100.10000000000001,1.6873799163023884,99.50000000000001,3.420857247874686,100.15,7.964439016708374,99.45000000000002,0.8902787906047089,100.2,3.907023583649032,99.4,1.0134370726469228,100.25000000000001,1.5639310619755182,99.35000000000001,1.1435402569946629,100.30000000000001,0.1
1710000003.3499968,100066,FI2010_LSE,99.75,4.974685656911646,99.9,5.353684699662504,99.7,15.284454579502292,99.95,4.735499288617861,99.65,4.775738680227844,100.0,6.041118623740887,99.6,3.1720889336956066,100.05000000000001,10.84146438257771,99.55,6.113901094952348,100.10000000000001,4.850697760664138,99.5,9.622884593939904,100.15,4.28873644715227,99.45,4.592566340990575,100.2,2.3342182800480185,99.4,1.673530124771857,100.25,1.6262280239831073,99.35,5.672111082364146,100.30000000000001,2.2395937151887106,99.3,2.635347223740855,100.35000000000001,0.8628333550636564
1710000003.3999968,100067,FI2010_LSE,99.80000000000001,16.970464489044797,99.85000000000001,3.8330432469466,99.75000000000001,8.131307267404592,99.9,5.589375158785627,99.70000000000002,5.593072184941589,99.95,4.383634821318713,99.65,2.430909909351056,100.00000000000001,4.392884441800785,99.60000000000001,16.960439210560438,100.05000000000001,8.003157530672095,99.55000000000001,6.282592952204402,100.10000000000001,3.523253885035427,99.50000000000001,2.770769735239101,100.15,1.3171081063886623,99.45000000000002,1.6285841671981136,100.2,14.753066073795079,99.4,7.680142667388377,100.25000000000001,0.5184730008038267,99.35000000000001,10.820483392710386,100.30000000000001,0.6386615703541996
1710000003.4499967,100068,FI2010_LSE,99.85000000000001,7.337391701944525,99.9,7.148867744374752,99.80000000000001,7.928496332069731,99.95,5.094523126728877,99.75000000000001,5.5717897534509735,100.0,3.482140810505604,99.7,5.477292689975084,100.05000000000001,7.6260086074692515,99.65,7.0881896978832835,100.10000000000001,2.02876862348062,99.60000000000001,3.7577400406590273,100.15,3.039790572746444,99.55000000000001,5.13160421454362,100.2,12.521085527060858,99.50000000000001,1.165973660694304,100.25,1.7718511066808371,99.45,18.548840159645884,100.30000000000001,2.7292875004864485,99.4,0.804400805661435,100.35000000000001,4.9182880684188595
1710000003.4999967,100069,FI2010_LSE,99.75,6.466613009258439,99.9,6.17185310335743,99.7,9.425560147954783,99.95,10.94780682998326,99.65,3.4949354680495874,100.0,6.8296090657881745,99.6,3.4991899085891642,100.05000000000001,3.1087970862348664,99.55,5.946481372669981,100.10000000000001,13.050569985277235,99.5,10.590658219384839,100.15,4.559799028260899,99.45,7.000219510144988,100.2,6.190263642057176,99.4,1.7099299402936412,100.25,4.200819224283013,99.35,4.3238290154693,100.30000000000001,6.363147931444063,99.3,3.9539870948848734,100.35000000000001,2.960798229816695
1710000003.5499966,100070,FI2010_LSE,99.80000000000001,13.051134411891812,99.9,13.16461045131441,99.75000000000001,6.676611594465628,99.95,4.884111343985371,99.70000000000002,4.20430585760521,100.0,11.377107837988005,99.65,9.169024605547994,100.05000000000001,17.616292083297168,99.60000000000001,18.6286221551821,100.10000000000001,2.1887497499884105,99.55000000000001,4.657863110352657,100.15,10.862434010515049,99.50000000000001,2.714967168063955,100.2,6.875549733593873,99.45000000000002,7.740600860079104,100.25,1.4546531487568748,99.4,0.8082478924354357,100.30000000000001,1.116435134069572,99.35000000000001,2.4607591219038274,100.35000000000001,0.607832754923226
1710000003.5999966,100071,FI2010_LSE,99.9,5.977724050931515,99.95,6.310410868827889,99.85000000000001,3.8197049098787295,100.0,12.438798389350822,99.80000000000001,7.079641120955712,100.05,5.8281368411024355,99.75,3.982611487403169,100.10000000000001,2.914460867121423,99.7,7.573145198087856,100.15,6.011809446261409,99.65,2.889509795312466,100.2,4.947383678887817,99.60000000000001,1.5756731860851945,100.25,3.4572320843980533,99.55000000000001,4.6371397730648605,100.3,1.0102909078483104,99.5,9.27350549009402,100.35000000000001,8.02453257315792,99.45,0.1904616996572839,100.4,0.36469953707111363
1710000003.6499965,100072,FI2010_LSE,99.9,15.858236462472036,99.95,4.326774673481577,99.85000000000001,6.245876271572592,100.0,6.833502010012433,99.80000000000001,6.4648110678155,100.05,9.709771246407412,99.75,4.522019327502012,100.10000000000001,4.227883805394809,99.7,14.787277971813962,100.15,4.8139235276085035,99.65,4.3750266708637735,100.2,2.6808362167005617,99.60000000000001,1.7792922563117939,100.25,6.156997671333636,99.55000000000001,8.11178348556881,100.3,9.772084787441147,99.5,3.2360045040950216,100.35000000000001,14.481516129393565,99.45,0.8125860495124748,100.4,1.384963524465003
1710000003.6999965,100073,FI2010_LSE,99.85000000000001,10.022781506418974,99.9,7.578348190152832,99.80000000000001,13.219450411598928,99.95,4.385227289264492,99.75000000000001,6.535093793059813,100.0,5.3314351712664925,99.7,9.925481238434015,100.05000000000001,12.694091880312453,99.65,6.322023201045664,100.10000000000001,2.720058307750373,99.60000000000001,3.1811355976362545,100.15,4.104491484663313,99.55000000000001,14.240910426859795,100.2,6.228358985928972,99.50000000000001,7.242118119162887,100.25,9.500793211796633,99.45,4.791662391207824,100.30000000000001,22.509847116081332,99.4,1.6190724678168689,100.35000000000001,5.838831155111251
1710000003.7499964,100074,FI2010_LSE,99.9,10.250516345198278,99.95,8.462293466647736,99.85000000000001,6.579636215417773,100.0,7.672994652972752,99.80000000000001,6.117881290202323,100.05,3.7396837210994813,99.75,3.674968238339125,100.10000000000001,3.2210424156171737,99.7,7.251929898122195,100.15,8.920351345872191,99.65,2.2609256220701393,100.2,3.4419289029796425,99.60000000000001,8.742855452003507,100.25,2.2389922554434434,99.55000000000001,8.636648898864365,100.3,2.0263427077455987,99.5,2.0403492706337314,100.35000000000001,10.742924396545602,99.45,10.56039537922413,100.4,6.941401183850642
1710000003.7999964,100075,FI2010_LSE,99.9,11.810358293601718,100.0,3.723914320765444,99.85000000000001,5.109056376406524,100.05,6.099372294852909,99.80000000000001,6.6080124920525325,100.1,5.0883471749177716,99.75,3.6032291642557595,100.15,2.485362365723728,99.7,3.4271630920164187,100.2,5.02784429676863,99.65,2.1839775442206673,100.25,10.35716265478139,99.60000000000001,2.52620329939092,100.3,6.755466161155278,99.55000000000001,2.321128848261731,100.35,0.8921186690924534,99.5,2.76180863388021,100.4,3.9516226979883924,99.45,3.847821691953649,100.45,4.1372286120344155
1710000003.8499963,100076,FI2010_LSE,99.95,4.5789644449647176,100.0,7.9214617081853635,99.9,13.602692269348047,100.05,4.994889493000248,99.85000000000001,8.36363912455048,100.1,3.0278902533705137,99.8,9.776374737820605,100.15,3.0956451226397395,99.75,4.994932404282193,100.2,4.385834636053529,99.7,6.9147127629522025,100.25,2.2003658162189024,99.65,3.727444762508427,100.3,8.375753126901554,99.60000000000001,6.180032935962701,100.35,7.045108347356016,99.55,2.3301296066257544,100.4,2.257354959491676,99.5,0.24716646474810516,100.45,2.6103995886346802
1710000003.8999963,100077,FI2010_LSE,99.95,6.979323165826438,100.05,5.614416077889076,99.9,14.16082756050399,100.1,3.355794215684121,99.85000000000001,9.335261879233848,100.14999999999999,4.5338070495697345,99.8,2.635972036322006,100.2,4.244058420493667,99.75,9.828613026506812,100.25,6.1629734592133785,99.7,7.849372666218622,100.3,5.779577876285664,99.65,3.9139605869237286,100.35,2.433295289266698,99.60000000000001,2.245087109704806,100.39999999999999,3.8266169695087537,99.55,0.7336699140072667,100.45,3.2568129219831095,99.5,5.493111938499637,100.5,3.6410551152692734
1710000003.9499962,100078,FI2010_LSE,100.0,13.964700303640907,100.05,3.76746822785672,99.95,5.809707994994675,100.1,3.783397440003792,99.9,5.842382937746946,100.14999999999999,3.7148354299093205,99.85,3.439296815253033,100.2,2.677127880129274,99.8,7.641043143638807,100.25,12.42698077575201,99.75,7.787614969621771,100.3,2.7745287528709985,99.7,3.285404177628598,100.35,2.3882819307934926,99.65,1.9919483491883532,100.39999999999999,6.482183332782718,99.6,2.3081261681369214,100.45,11.065494560112027,99.55,3.593689154235269,100.5,0.3931293624920394
1710000003.9999962,100079,FI2010_LSE,100.0,10.513748904139836,100.05,9.858868915598055,99.95,3.4862622444694535,100.1,4.770191204087352,99.9,3.877695705919713,100.14999999999999,4.246775819147139,99.85,4.891206973562475,100.2,3.8705489197225456,99.8,2.3578639668618036,100.25,11.659890282211942,99.75,2.6003927921817658,100.3,5.31907668789251,99.7,2.430963332914846,100.35,5.066719242390246,99.65,1.4180655276194178,100.39999999999999,2.27267194359149,99.6,0.7108645598498757,100.45,2.0862606814152658,99.55,2.8514611410796564,100.5,3.012600892813565
1710000004.0499961,100080,FI2010_LSE,100.0,5.026582761063334,100.1,3.6880075437807402,99.95,5.006893167116701,100.14999999999999,8.342515608991338,99.9,4.135387330522079,100.19999999999999,4.698397966891129,99.85,2.494086202663878,100.25,8.291856746973572,99.8,3.1211307188383834,100.3,3.2313505474335056,99.75,6.907845418391135,100.35,1.942868257039511,99.7,7.357475152843296,100.39999999999999,5.167657663082872,99.65,1.8776240624031195,100.44999999999999,1.3706554438323617,99.6,5.854591051337183,100.5,4.92610225301814,99.55,2.65524461676793,100.55,0.809345401866834
1710000004.099996,100081,FI2010_LSE,100.0,13.524472189740445,100.05,4.870065568439494,99.95,9.856446793870935,100.1,5.838497650252797,99.9,7.206324838170497,100.14999999999999,10.49216435370168,99.85,10.318367862327618,100.2,10.08742799597415,99.8,2.514858815372061,100.25,2.6877146196762025,99.75,2.0668701450719467,100.3,2.8072738573089637,99.7,1.2237745222100291,100.35,3.3954211791090048,99.65,2.4507586908228953,100.39999999999999,4.602543930270988,99.6,8.970680244594767,100.45,11.542151904440592,99.55,6.329580094083508,100.5,8.44234051349997
1710000004.149996,100082,FI2010_LSE,99.95,4.043984977083028,100.0,11.388480375708637,99.9,4.152087888442481,100.05,5.7888448127015435,99.85000000000001,7.242454404000933,100.1,9.726097940146351,99.8,2.6426193470686217,100.15,3.7269832804451744,99.75,6.390081698397526,100.2,9.5835977823796,99.7,2.9517554779387396,100.25,6.481134278811265,99.65,2.2152443821183554,100.3,7.908995279536499,99.60000000000001,4.714380426691371,100.35,4.83518877294804,99.55,1.41406597744843,100.4,1.4188875557991203,99.5,3.8009380832461295,100.45,4.077127689554049
1710000004.199996,100083,FI2010_LSE,99.9,6.676767167634055,99.95,6.479511455303517,99.85000000000001,3.6199485773397355,100.0,5.865884623545313,99.80000000000001,9.78497649923546,100.05,8.882474867787355,99.75,2.618743810672913,100.10000000000001,11.947774363834373,99.7,2.4347453742046037,100.15,7.674482817688982,99.65,4.168140164253101,100.2,5.723085851064072,99.60000000000001,6.639078156327291,100.25,17.60372348671974,99.55000000000001,0.9294880899408892,100.3,0.8460846768363655,99.5,2.4938061257829167,100.35000000000001,14.18705495566849,99.45,1.3638434593192719,100.4,9.751839849475827
1710000004.249996,100084,FI2010_LSE,99.95,4.602252948150881,100.0,4.235025773514064,99.9,11.803179600442611,100.05,7.194637428297807,99.85000000000001,4.042371076754229,100.1,13.560839753220659,99.8,8.779742564779609,100.15,3.6859758950924575,99.75,2.700406865878664,100.2,2.1045463948960097,99.7,3.5246568321352214,100.25,6.11878611490739,99.65,1.4879901156560038,100.3,14.243025384326732,99.60000000000001,3.081072231461631,100.35,3.795833737424843,99.55,0.525354904101344,100.4,3.1124069765748867,99.5,0.9222152870796901,100.45,0.990249805577466
1710000004.299996,100085,FI2010_LSE,99.9,4.9898130583788705,99.95,4.807410631592612,99.85000000000001,3.371369729903611,100.0,3.687915769419832,99.80000000000001,7.24321186933477,100.05,5.849196719379272,99.75,6.872226004093473,100.10000000000001,6.124663779241747,99.7,6.337817961316528,100.15,9.329630435624699,99.65,2.151340736461669,100.2,10.27195958624302,99.60000000000001,3.8226937392360862,100.25,3.5317405460232045,99.55000000000001,3.3660596268693688,100.3,2.9988892800992017,99.5,1.99526322035185,100.35000000000001,0.5377083463968364,99.45,8.414948015725654,100.4,8.614634897281583
1710000004.3499959,100086,FI2010_LSE,99.9,8.005908165040049,99.95,8.021999620338027,99.85000000000001,7.4701282709704655,100.0,5.991188406536626,99.80000000000001,4.85421136310206,100.05,4.458531896756833,99.75,2.762709850903354,100.10000000000001,5.709861202834931,99.7,5.81521297669104,100.15,10.508144102897583,99.65,1.8050039693154685,100.2,1.6012718384653848,99.60000000000001,2.4031629578188483,100.25,13.585255195587088,99.55000000000001,3.796081754041225,100.3,1.6618669707507383,99.5,10.802365819439869,100.35000000000001,3.451859180028808,99.45,1.6228612844528643,100.4,1.2128849942555746
1710000004.3999958,100087,FI2010_LSE,99.80000000000001,4.194564488711583,99.95000000000002,8.687609921781588,99.75000000000001,5.402876842889751,100.00000000000001,10.666234723714012,99.70000000000002,18.453132083371017,100.05000000000001,10.166207634274,99.65,2.585942842359916,100.10000000000002,2.7930032711781734,99.60000000000001,8.89934020633936,100.15000000000002,4.41503587424558,99.55000000000001,4.822680335282111,100.20000000000002,15.641460553217314,99.50000000000001,3.160846665268447,100.25000000000001,7.90649326038438,99.45000000000002,9.974980618284807,100.30000000000001,6.846565358752334,99.4,3.2882069134926764,100.35000000000002,4.1757647812433545,99.35000000000001,17.126134640149033,100.40000000000002,11.646959869661552
1710000004.4499958,100088,FI2010_LSE,99.85000000000001,9.394263743451253,99.9,8.392120052781035,99.80000000000001,4.6691442494548765,99.95,4.184535868456386,99.75000000000001,6.622006894434113,100.0,3.5448161933266396,99.7,2.423263517152032,100.05000000000001,3.3758465850815558,99.65,2.94253408415491,100.10000000000001,5.011740559179152,99.60000000000001,4.120035938226374,100.15,9.738989119421465,99.55000000000001,6.153218917774639,100.2,4.049136703935805,99.50000000000001,1.4892062364807805,100.25,10.334950169256295,99.45,0.9321818771632951,100.30000000000001,2.69992940623136,99.4,10.832406102423842,100.35000000000001,2.273437596966179
1710000004.4999957,100089,FI2010_LSE,99.85000000000001,6.495090389142206,99.9,5.7759140878987365,99.80000000000001,3.2762141677444654,99.95,3.9164596713941453,99.75000000000001,3.0390219787988846,100.0,5.783322296994746,99.7,2.866108651830505,100.05000000000001,3.586681179758627,99.65,2.1520677720346484,100.10000000000001,2.7624234259025413,99.60000000000001,21.158466204199105,100.15,1.9132221074872964,99.55000000000001,6.900044278559914,100.2,6.86825273124701,99.50000000000001,9.030249224441569,100.25,0.8513879826618713,99.45,0.6981343875990347,100.30000000000001,5.385750501766267,99.4,0.17894065448100965,100.35000000000001,1.311124292494916
1710000004.5499957,100090,FI2010_LSE,99.80000000000001,4.955318249656697,99.95000000000002,5.488290213997827,99.75000000000001,4.683926493549544,100.00000000000001,11.075425576126872,99.70000000000002,5.136991988587295,100.05000000000001,3.6146649011917975,99.65,4.186795783756979,100.10000000000002,7.508683838081339,99.60000000000001,5.808803118556186,100.15000000000002,10.764119125940962,99.55000000000001,2.2245145873701095,100.20000000000002,8.698236065627585,99.50000000000001,2.1533759674883184,100.25000000000001,13.330150827209604,99.45000000000002,1.1763090933370295,100.30000000000001,4.334454114037176,99.4,5.501618818201689,100.35000000000002,5.427982507736837,99.35000000000001,2.9576832518661926,100.40000000000002,2.730901958921246
1710000004.5999956,100091,FI2010_LSE,99.85000000000001,12.306674483192126,99.9,4.587604576403033,99.80000000000001,8.298829577349075,99.95,5.0324187945767225,99.75000000000001,5.6958062909520075,100.0,6.44485726806501,99.7,2.9171089786109294,100.05000000000001,4.478219259065138,99.65,4.032917750970324,100.10000000000001,6.529996271839286,99.60000000000001,5.184890976809857,100.15,11.341088986114647,99.55000000000001,4.606259040585771,100.2,2.0317694888742723,99.50000000000001,1.2035583462768784,100.25,5.604086428559776,99.45,1.526668601500488,100.30000000000001,9.300161337685603,99.4,3.1620166548682413,100.35000000000001,1.1520775906250666
1710000004.6499956,100092,FI2010_LSE,99.85000000000001,10.884196869453184,99.9,11.082680158246438,99.80000000000001,6.196405336255086,99.95,4.61066080725135,99.75000000000001,8.574551366024759,100.0,5.41095983678818,99.7,6.60007037258052,100.05000000000001,2.5036193590714833,99.65,2.4359499724491767,100.10000000000001,4.8001315806812155,99.60000000000001,6.775269900011423,100.15,4.087333772077866,99.55000000000001,15.945159219255906,100.2,7.05509414197172,99.50000000000001,5.983949925920861,100.25,2.95800667194331,99.45,6.94125060828389,100.30000000000001,1.6131132267089385,99.4,2.786755480872611,100.35000000000001,8.706528690327614
1710000004.6999955,100093,FI2010_LSE,99.85000000000001,11.937667957891891,99.95,14.421801564744191,99.80000000000001,6.589785090925699,100.0,21.178534200863144,99.75000000000001,5.960831688784273,100.05,17.81635997802334,99.7,7.45281757059121,100.10000000000001,8.26418541122323,99.65,4.670888773204037,100.15,5.461475982779703,99.60000000000001,2.3224130211929745,100.2,1.8137542784668834,99.55000000000001,8.832917027184694,100.25,4.061630961618118,99.50000000000001,9.623392520575353,100.3,3.529228488377597,99.45,0.43866655898352186,100.35000000000001,8.39487727123781,99.4,1.5944017936646777,100.4,6.587901231309605
1710000004.7499955,100094,FI2010_LSE,99.9,6.607991109304516,100.0,9.281296944396807,99.85000000000001,9.066093560273679,100.05,3.6892819324398736,99.80000000000001,2.9124436256358677,100.1,3.640959390835395,99.75,7.210542494711677,100.15,2.9911446316356454,99.7,5.349420290857559,100.2,12.140561320557183,99.65,6.0659227332467935,100.25,2.0118100148156715,99.60000000000001,4.366611259416464,100.3,3.48391914597879,99.55000000000001,2.373377062772965,100.35,2.48199010992328,99.5,1.5305593517333742,100.4,4.4949547915392625,99.45,6.240486706659471,100.45,0.7006587815454022
1710000004.7999954,100095,FI2010_LSE,99.95,18.269322380353287,100.0,6.786625346573402,99.9,3.7578565004104223,100.05,10.72137904039798,99.85000000000001,5.227876622217115,100.1,3.0292319190660253,99.8,8.016305287507112,100.15,9.011995644695489,99.75,6.501176699881766,100.2,3.466187822262433,99.7,4.082115271741891,100.25,1.8831837886073162,99.65,7.452646173581412,100.3,1.2256211553962206,99.60000000000001,4.96655188473155,100.35,1.7924205882715083,99.55,13.126815219946781,100.4,5.885365565404682,99.5,3.6260211523171706,100.45,0.5327239901946482
1710000004.8499954,100096,FI2010_LSE,99.9,3.860671112280491,100.0,4.94262683016738,99.85000000000001,9.776630255101427,100.05,3.2621224730856797,99.80000000000001,3.5552377818206997,100.1,7.2257336104883,99.75,5.496448804065146,100.15,2.8368679652754,99.7,7.706660183613901,100.2,5.215625097208685,99.65,12.095655740691644,100.25,4.769463269491414,99.60000000000001,2.795959073400482,100.3,3.728534026330406,99.55000000000001,5.077841581665215,100.35,8.813118288956995,99.5,0.9226303656124079,100.4,7.622614879246222,99.45,1.895417825890372,100.45,4.294021659499808
1710000004.8999953,100097,FI2010_LSE,99.9,7.993396849864718,100.0,6.240115340169364,99.85000000000001,10.333101736714287,100.05,9.398888429826453,99.80000000000001,4.462061901078358,100.1,9.367295390081864,99.75,9.203948108445678,100.15,4.129403169857949,99.7,3.278895473402089,100.2,5.248512160423822,99.65,14.55114149504594,100.25,13.806185178459401,99.60000000000001,1.24959631085846,100.3,1.7984073728920258,99.55000000000001,11.0174975682169,100.35,4.351882078756326,99.5,2.3048664186078045,100.4,2.604962233855779,99.45,8.684572086671778,100.45,3.8992871328044147
1710000004.9499953,100098,FI2010_LSE,99.9,3.750196453151011,99.95,6.3025595489455295,99.85000000000001,12.573653234766358,100.0,6.610463727756827,99.80000000000001,6.426077285608068,100.05,5.37166704992582,99.75,5.382008195916272,100.10000000000001,2.9990759815112593,99.7,3.044644275297297,100.15,2.579346816067277,99.65,2.6017798713069142,100.2,10.948121274129038,99.60000000000001,2.6720044793414695,100.25,2.6547987689481483,99.55000000000001,3.5757393492444214,100.3,9.225438122673241,99.5,1.794285601568137,100.35000000000001,2.8652176618357976,99.45,4.112043551755267,100.4,0.8821956393843112
1710000004.9999952,100099,FI2010_LSE,99.9,3.8249248165895864,99.95,3.987415686082132,99.85000000000001,9.048506192478001,100.0,3.7690628691083603,99.80000000000001,3.459029890150856,100.05,9.716317172458023,99.75,6.663666320231907,100.10000000000001,2.937045152532283,99.7,2.887707247246271,100.15,6.8352773214159,99.65,7.2733386015824415,100.2,5.1228778399077335,99.60000000000001,14.121257893358795,100.25,6.4331384674201075,99.55000000000001,1.1036445420870609,100.3,2.761388610381274,99.5,2.951306707976118,100.35000000000001,4.115023574529551,99.45,4.099284773937652,100.4,0.1460790408614311
1710000005.0499952,100100,FI2010_LSE,99.9,3.8711454643002403,99.95,7.831219831254755,99.85000000000001,5.754951423653121,100.0,10.836451297238145,99.80000000000001,21.48578562706021,100.05,13.017845719090118,99.75,2.519009999644396,100.10000000000001,6.720930036591908,99.7,2.147794956181579,100.15,4.067556203041875,99.65,8.54942992804676,100.2,2.6895363520775293,99.60000000000001,3.834907957769448,100.25,9.02669822025705,99.55000000000001,6.453964972184082,100.3,1.994551324258732,99.5,7.917694079600713,100.35000000000001,6.7455815275014235,99.45,0.2667876525533193,100.4,0.12574159362826032
1710000005.0999951,100101,FI2010_LSE,99.9,7.324624468717098,99.95,4.442035335798248,99.85000000000001,23.291190280586594,100.0,9.20288531240757,99.80000000000001,12.403643400426986,100.05,14.816576076943072,99.75,2.8746625248752955,100.10000000000001,3.7488275761215624,99.7,3.444184137994957,100.15,3.0345408085072734,99.65,11.450594539974517,100.2,2.8294062937969473,99.60000000000001,1.9006264034498108,100.25,4.808887144806065,99.55000000000001,3.1765917673349477,100.3,5.148262445050227,99.5,1.9769596570370767,100.35000000000001,2.9055930510306416,99.45,2.4497552944227565,100.4,1.4483411460233875
1710000005.149995,100102,FI2010_LSE,99.85000000000001,4.782611442773866,99.95,11.587161325801103,99.80000000000001,4.245526010390304,100.0,4.3198212753235845,99.75000000000001,5.859793941351144,100.05,12.76311035264632,99.7,3.6594434320696356,100.10000000000001,3.6989522978214993,99.65,4.847168328612753,100.15,3.8713131676055896,99.60000000000001,7.475070546359543,100.2,4.994432362869368,99.55000000000001,5.091750187355591,100.25,1.4320715004097762,99.50000000000001,4.820366050451476,100.3,4.269834079149362,99.45,2.3106764789689995,100.35000000000001,0.48041474591259176,99.4,0.42169069567561,100.4,0.7190168259134383
1710000005.199995,100103,FI2010_LSE,99.85000000000001,5.541700637369978,99.9,6.649738757201014,99.80000000000001,5.164982522883944,99.95,7.972722998403775,99.75000000000001,4.905220596321164,100.0,3.201685885737433,99.7,5.516931487880445,100.05000000000001,2.638622841014685,99.65,11.739123388299337,100.10000000000001,8.286737038608535,99.60000000000001,3.100886129175766,100.15,7.304698902045208,99.55000000000001,8.876471098550104,100.2,8.350535473089739,99.50000000000001,3.610386368488414,100.25,8.389136384698507,99.45,3.7928225692106996,100.30000000000001,4.747776808517083,99.4,2.422793624065459,100.35000000000001,0.21607884318863702
1710000005.249995,100104,FI2010_LSE,99.80000000000001,7.005103305673009,99.85000000000001,9.026977242062536,99.75000000000001,6.73358738036579,99.9,9.3839813462611,99.70000000000002,9.808017867963674,99.95,2.9161071170041226,99.65,6.235420127133795,100.00000000000001,3.811063164252356,99.60000000000001,10.169853384437697,100.05000000000001,3.537950758057316,99.55000000000001,5.386346170607533,100.10000000000001,1.7074034387363692,99.50000000000001,4.34078960673572,100.15,3.4449334731673504,99.45000000000002,1.7625203431253564,100.2,5.257398245024511,99.4,1.6739624799032256,100.25000000000001,0.8436342751555259,99.35000000000001,0.16736754108443203,100.30000000000001,2.3406776975802286
1710000005.299995,100105,FI2010_LSE,99.80000000000001,7.627203392625104,99.85000000000001,9.533224161519808,99.75000000000001,4.670736856776501,99.9,4.015723561186678,99.70000000000002,7.534408707917734,99.95,3.370147298181338,99.65,5.079128186585663,100.00000000000001,4.011103904864606,99.60000000000001,2.0337700674097245,100.05000000000001,2.4831678198703986,99.55000000000001,2.314028466689049,100.10000000000001,4.777438367679753,99.50000000000001,8.36803856964017,100.15,3.676070768765898,99.45000000000002,1.2206827475905244,100.2,2.5914506838062117,99.4,2.6679637345275324,100.25000000000001,4.06121149015243,99.35000000000001,0.9703355980703764,100.30000000000001,20.954661018894882
1710000005.349995,100106,FI2010_LSE,99.75,17.985707960163214,99.85,4.897003602717492,99.7,9.252420392950704,99.89999999999999,3.642705270974965,99.65,4.391150554628557,99.94999999999999,11.600358254480494,99.6,10.611086233480105,100.0,8.540340118769993,99.55,3.964795087593422,100.05,2.9541517076029957,99.5,13.660373770358914,100.1,4.962762861438115,99.45,4.512328709940551,100.14999999999999,2.872706303514563,99.4,1.1249649133622301,100.19999999999999,6.807617701948764,99.35,2.530363773041696,100.25,13.543757146079429,99.3,0.21773870676196658,100.3,0.24035466163114985
1710000005.3999949,100107,FI2010_LSE,99.75,14.891416863257495,99.85,7.031197984629214,99.7,6.1263297462239095,99.89999999999999,4.4887114067115395,99.65,4.721396541102463,99.94999999999999,7.201731228972815,99.6,4.4435189465477425,100.0,3.5952517845887186,99.55,7.437425177676185,100.05,9.524343131509848,99.5,4.8743724994438775,100.1,2.666056645481156,99.45,2.091961559159129,100.14999999999999,3.5022681125324673,99.4,5.039747001462857,100.19999999999999,3.764956307672115,99.35,2.0503008560522087,100.25,3.9039077143252667,99.3,0.9798689355290433,100.3,0.32782591366665886
1710000005.4499948,100108,FI2010_LSE,99.7,8.285005982234734,99.8,8.321928731167445,99.65,5.530444161458618,99.85,8.775849586759547,99.60000000000001,4.772656279899903,99.89999999999999,9.274266550429898,99.55,2.6699375378996035,99.95,9.345621952451374,99.5,2.070433686007661,100.0,3.9174604003408753,99.45,3.654257755215469,100.05,2.165394346779238,99.4,7.577401832844084,100.1,9.054499747928489,99.35000000000001,7.234832099566276,100.14999999999999,11.539545829397012,99.3,11.220698762800081,100.2,0.41882875487570453,99.25,24.867339717824695,100.25,7.232752547627939
1710000005.4999948,100109,FI2010_LSE,99.7,9.567858649670987,99.8,12.186158717946574,99.65,10.686876386997602,99.85,7.300076671903498,99.60000000000001,4.836778202225471,99.89999999999999,4.751965827283594,99.55,8.035699332087127,99.95,7.182275290327317,99.5,3.549256320736757,100.0,5.705020859968791,99.45,3.0988738989280873,100.05,1.7678475214600895,99.4,5.247471199939958,100.1,6.423373473648804,99.35000000000001,4.073775539831131,100.14999999999999,1.7724818830934204,99.3,2.694197813106667,100.2,0.6317177070165947,99.25,1.693598954744376,100.25,10.308922929685032
1710000005.5499947,100110,FI2010_LSE,99.75,5.5519119329508335,99.8,4.782633789231337,99.7,3.2264582268231163,99.85,7.324004840074778,99.65,5.1569331103220595,99.89999999999999,4.41410759965466,99.6,4.538170875564431,99.95,4.615704759730095,99.55,2.529111831405549,100.0,4.091121136139155,99.5,2.7604547702142215,100.05,2.1158215582341695,99.45,3.900614794915248,100.1,1.4436685601142263,99.4,5.080441231074115,100.14999999999999,2.7848282762871337,99.35,1.7437375231752466,100.2,4.953834874257039,99.3,5.821268564736333,100.25,0.9715703614131758
1710000005.5999947,100111,FI2010_LSE,99.7,11.527537949671721,99.75,5.711477252511376,99.65,4.094093013042893,99.8,4.191481664416876,99.60000000000001,3.0085968447095053,99.85,19.778874492732577,99.55,8.609327339440576,99.9,2.403540050045873,99.5,2.749454189222664,99.95,3.9341719991352724,99.45,2.8459420875701587,100.0,1.9964105546452904,99.4,4.559746128911888,100.05,6.461934785199069,99.35000000000001,2.5523761761501977,100.1,4.290513854672002,99.3,13.536729288384318,100.15,2.238142693222065,99.25,5.020622408103571,100.2,7.438908876802574
1710000005.6499946,100112,FI2010_LSE,99.7,14.181965959645094,99.75,15.260654067852927,99.65,8.002440621649146,99.8,4.127041604388168,99.60000000000001,3.8005274711867347,99.85,16.930347562139996,99.55,5.367253676369114,99.9,6.0335649017137,99.5,4.153283510945429,99.95,9.325902992855578,99.45,2.7371092724447683,100.0,5.162360581838328,99.4,1.8728692028514389,100.05,4.894195029409049,99.35000000000001,2.295300788152316,100.1,9.07712757432938,99.3,8.274003818004115,100.15,11.257357266382247,99.25,9.965070306688348,100.2,2.9401171478157013
1710000005.6999946,100113,FI2010_LSE,99.7,4.971382993699223,99.75,4.49849632176885,99.65,3.715780393238597,99.8,4.832528622270436,99.60000000000001,5.771920759655311,99.85,2.837479872536531,99.55,4.457180788944654,99.9,8.165892755361263,99.5,3.942989519642145,99.95,4.968155438442858,99.45,7.078703204419533,100.0,1.9492029088851877,99.4,3.6427308386652593,100.05,6.2595871726747765,99.35000000000001,3.773191393080266,100.1,6.0284230074338865,99.3,1.463504192104022,100.15,2.232624573483338,99.25,0.1709111955564021,100.2,23.13328723459212
1710000005.7499945,100114,FI2010_LSE,99.75,4.835132217235191,99.8,5.70865232213526,99.7,5.691569667337781,99.85,7.176638045079342,99.65,3.27784360857314,99.89999999999999,8.727618134960382,99.6,11.972171409672734,99.95,5.184179384947498,99.55,2.5786151282868377,100.0,2.154926245460213,99.5,4.240350691568512,100.05,3.420364921139977,99.45,5.845032362358368,100.1,3.8719512696125085,99.4,4.5364890022057835,100.14999999999999,5.04656612849938,99.35,11.67783647603219,100.2,2.8318777994505875,99.3,4.05791461584582,100.25,4.308495180960976
1710000005.7999945,100115,FI2010_LSE,99.7,8.908866132218337,99.75,10.33254832906088,99.65,3.3803840766065605,99.8,3.214606360392079,99.60000000000001,4.699880801356625,99.85,2.935221980055673,99.55,2.4346382854395685,99.9,5.777441864519194,99.5,2.312846150381099,99.95,5.0169632873376795,99.45,6.329654005629619,100.0,3.098254859797844,99.4,1.5796082608377953,100.05,11.80588689766423,99.35000000000001,9.114739818084916,100.1,5.88821453396058,99.3,1.6326435757629723,100.15,3.55639886125327,99.25,6.526556657391544,100.2,2.640336795572739
1710000005.8499944,100116,FI2010_LSE,99.65,9.075640210250235,99.75,4.966596157286852,99.60000000000001,9.306890473745828,99.8,4.341910158722159,99.55000000000001,8.582012419200113,99.85,2.8869259799710916,99.5,12.203158813794134,99.9,7.273058333670101,99.45,2.336245392348556,99.95,2.1562985474477614,99.4,6.750304369828974,100.0,5.222651500883217,99.35000000000001,3.343438396731226,100.05,3.416539207171849,99.30000000000001,11.404909301635634,100.1,2.376902921299565,99.25,12.84354452877481,100.15,4.895703794156693,99.2,2.8245239282340573,100.2,3.520298919393345
1710000005.8999944,100117,FI2010_LSE,99.7,5.22609987259439,99.75,4.181558923773407,99.65,5.337427836766964,99.8,14.82822854358318,99.60000000000001,3.859060712260783,99.85,11.333198243782274,99.55,13.382647725918208,99.9,18.2159637475442,99.5,5.662829916066144,99.95,3.1321558320464633,99.45,21.458002339275353,100.0,6.813017087742869,99.4,4.951209641850007,100.05,8.337680539391894,99.35000000000001,4.724310208399832,100.1,6.226346196645735,99.3,2.218362320302289,100.15,1.6985022222874568,99.25,0.5802991767101533,100.2,1.0184132780621453
1710000005.9499943,100118,FI2010_LSE,99.7,7.043757342162855,99.75,4.4578300301167975,99.65,4.864159193738247,99.8,3.740333169065092,99.60000000000001,2.9745418419961616,99.85,4.471476074757751,99.55,3.7625632792611885,99.9,15.0461697668123,99.5,5.634760833363677,99.95,2.90533732326517,99.45,8.019445947849741,100.0,3.801283706466413,99.4,2.6979580162756673,100.05,6.618183749409121,99.35000000000001,5.080483135971211,100.1,14.877382040370364,99.3,0.5182635715999883,100.15,1.1294439071544777,99.25,3.549032721959207,100.2,3.35553904057995
1710000005.9999943,100119,FI2010_LSE,99.7,4.184643299944081,99.75,10.31784757413191,99.65,8.552049893615841,99.8,3.7077722063733547,99.60000000000001,3.671204332928164,99.85,5.224850215725832,99.55,5.227616610345545,99.9,5.361158018504331,99.5,3.953547153375115,99.95,13.324225230218063,99.45,8.320312070204208,100.0,2.465610364353795,99.4,1.3377543110634036,100.05,2.539151610026809,99.35000000000001,2.3321810336623523,100.1,0.8012535650412161,99.3,12.326427980502237,100.15,12.163725373415856,99.25,6.996685324865635,100.2,3.2037078660257032
1710000006.0499942,100120,FI2010_LSE,99.7,10.452222159877488,99.8,4.3608529176152,99.65,5.771468825781541,99.85,5.659708954381131,99.60000000000001,9.209931853580622,99.89999999999999,6.857767717875312,99.55,5.578645461236508,99.95,4.506197375683873,99.5,2.419264598285488,100.0,2.491274543920619,99.45,2.7202507775596185,100.05,4.502104886224846,99.4,2.2303798384769014,100.1,5.245263626763808,99.35000000000001,9.646094101786446,100.14999999999999,5.969221662340668,99.3,5.557466481058306,100.2,15.61554936343363,99.25,3.4931614377400835,100.25,0.8467962649503961
1710000006.0999942,100121,FI2010_LSE,99.75,4.781316613032754,99.8,7.355709298793062,99.7,11.02627043695872,99.85,4.947824409935448,99.65,9.646217926017034,99.89999999999999,9.678119338243137,99.6,7.750262732288268,99.95,4.032539602285644,99.55,8.280273413012718,100.0,2.703490458318722,99.5,5.640751530587833,100.05,2.4094828197980593,99.45,6.641034449223662,100.1,3.4753079071014685,99.4,8.156739083499476,100.14999999999999,4.351873593479445,99.35,18.34785907913449,100.2,3.882120801911186,99.3,0.757333758136416,100.25,6.175477616408103
1710000006.1499941,100122,FI2010_LSE,99.7,4.875803672184233,99.75,5.348096831358211,99.65,4.193269153143621,99.8,5.763648345815879,99.60000000000001,4.144474285971972,99.85,13.270271436716314,99.55,4.326659399924407,99.9,10.7946366990004,99.5,7.475156887122248,99.95,25.81356171852662,99.45,8.174613952015184,100.0,2.162924430104151,99.4,3.180411667133492,100.05,2.8477729441681703,99.35000000000001,1.0030229793986432,100.1,0.9960238759402411,99.3,5.080674407737625,100.15,5.134792106319675,99.25,1.8108559209776434,100.2,6.1373574080869515
1710000006.199994,100123,FI2010_LSE,99.80000000000001,9.40598300280065,99.85000000000001,5.819937560491583,99.75000000000001,6.080237247298197,99.9,6.216600575232876,99.70000000000002,14.97333443741824,99.95,5.032551217934781,99.65,9.082053597941645,100.00000000000001,4.123332180448514,99.60000000000001,10.753786019601854,100.05000000000001,5.015344039365758,99.55000000000001,1.9514251596593524,100.10000000000001,1.6438220059827022,99.50000000000001,3.6753120701573514,100.15,2.693184245538255,99.45000000000002,1.6327934001018243,100.2,3.3054002488103036,99.4,3.682282930748574,100.25000000000001,6.249829760052261,99.35000000000001,9.970810758988888,100.30000000000001,2.4804944866941083
1710000006.249994,100124,FI2010_LSE,99.75,6.700868955704156,99.8,14.38548576230455,99.7,10.869703192025028,99.85,4.920091875004671,99.65,5.236439202441106,99.89999999999999,6.007017734872045,99.6,5.613291192596739,99.95,5.3210080047817145,99.55,2.2346296021528778,100.0,2.4306245795117962,99.5,1.8283602834312254,100.05,2.1185203600261735,99.45,1.2946985118617134,100.1,5.47419497662657,99.4,11.558346704201641,100.14999999999999,4.097587441918461,99.35,5.9082592464172095,100.2,2.6436522118464443,99.3,9.545879026283917,100.25,0.383340206418307
1710000006.299994,100125,FI2010_LSE,99.75,10.047552333701717,99.8,15.317553763749647,99.7,7.02780555627037,99.85,10.127172483346438,99.65,4.709709648000801,99.89999999999999,3.53368431134405,99.6,3.2160274659898618,99.95,4.222748217146611,99.55,3.9828782765195525,100.0,8.27081747275112,99.5,3.168510185989118,100.05,1.8655375265875604,99.45,1.9041662492111175,100.1,4.076659986569746,99.4,0.8309125661359067,100.14999999999999,1.7646731680914265,99.35,2.1871304044297464,100.2,9.990442016953756,99.3,3.449446945662153,100.25,2.028739649384392
1710000006.349994,100126,FI2010_LSE,99.7,4.589964422570018,99.8,11.884240403518978,99.65,5.494258555139787,99.85,14.032153337271055,99.60000000000001,9.556287794607297,99.89999999999999,5.846427982261983,99.55,16.58022247302965,99.95,8.883080175258282,99.5,11.250958201974361,100.0,2.979016354623659,99.45,14.6006245309733,100.05,4.558235704787595,99.4,6.27390888165508,100.1,2.9920605966186278,99.35000000000001,2.8222325889569406,100.14999999999999,2.0379835094056133,99.3,2.6396221605001937,100.2,8.665337961940923,99.25,5.244295013055166,100.25,6.088266008637655
1710000006.399994,100127,FI2010_LSE,99.7,5.415208829969675,99.75,19.156123810189204,99.65,10.708228852590363,99.8,4.093915598577003,99.60000000000001,7.245690834511761,99.85,6.324989983903147,99.55,11.086164726822751,99.9,11.8602000099388,99.5,5.979945878937845,99.95,3.0829889818992156,99.45,2.9952375359255266,100.0,2.982755220329432,99.4,16.044238846454984,100.05,1.6458360173805253,99.35000000000001,7.670616798322743,100.1,4.6015191560750175,99.3,1.102683643904704,100.15,5.1279565572997985,99.25,1.4164865020139432,100.2,0.20348205395377927
1710000006.4499938,100128,FI2010_LSE,99.75,4.551606263786394,99.8,11.271738389911105,99.7,4.889878034141207,99.85,14.931541183066201,99.65,6.96687431246758,99.89999999999999,4.44152393600946,99.6,7.802425617697565,99.95,7.422996879967235,99.55,6.385927273386059,100.0,3.754727970270554,99.5,4.397018495645996,100.05,8.557449621722016,99.45,3.281349667017807,100.1,12.849973863094998,99.4,1.8228440390096177,100.14999999999999,4.9212779394288,99.35,4.755814221467116,100.2,8.023559071786496,99.3,1.9385278497461693,100.25,1.1377406930207392
1710000006.4999938,100129,FI2010_LSE,99.75,5.420300107269575,99.8,4.751502419956526,99.7,3.731482991132118,99.85,12.342466041286059,99.65,4.094899498737046,99.89999999999999,5.263693347569984,99.6,11.647456718856027,99.95,2.890146617861755,99.55,10.112624140060023,100.0,10.38562502714287,99.5,1.8187063196015454,100.05,1.6758900098315053,99.45,6.012194466395804,100.1,4.166899892873802,99.4,3.702349710622989,100.14999999999999,1.907325422149766,99.35,11.319990193697596,100.2,5.751780166364542,99.3,1.1099445090372373,100.25,0.5101407363243122
1710000006.5499938,100130,FI2010_LSE,99.85000000000001,4.582034188714257,99.9,3.7679783886941127,99.80000000000001,14.312518172324896,99.95,4.2061613767517745,99.75000000000001,4.775645885046011,100.0,5.221737434001327,99.7,3.1123261085811773,100.05000000000001,3.7274311515466465,99.65,13.13335725271514,100.10000000000001,2.581811666956075,99.60000000000001,15.07583099963034,100.15,2.031826271691463,99.55000000000001,5.762844954105762,100.2,4.5030255260247785,99.50000000000001,6.32002876415616,100.25,5.588728857206327,99.45,1.082873838963719,100.30000000000001,2.237813800388972,99.4,9.188089387496856,100.35000000000001,0.12147719921975889
1710000006.5999937,100131,FI2010_LSE,99.85000000000001,8.78027554558634,99.9,3.702301112714893,99.80000000000001,3.3838071748394545,99.95,3.954894751500495,99.75000000000001,5.962254697995887,100.0,5.648241855821774,99.7,6.6935200274199635,100.05000000000001,2.7072125676874768,99.65,14.763895924314387,100.10000000000001,17.6361692975567,99.60000000000001,8.834280075289755,100.15,1.801264903710921,99.55000000000001,7.328154169144369,100.2,6.015299900965886,99.50000000000001,6.010433577017786,100.25,3.709581031331502,99.45,16.174138658621978,100.30000000000001,1.6691035890149357,99.4,18.645231318418976,100.35000000000001,4.814662648445506
1710000006.6499937,100132,FI2010_LSE,99.85000000000001,7.065914958859379,99.9,13.641766187670886,99.80000000000001,6.711135872193678,99.95,10.543193565615706,99.75000000000001,3.187232195389004,100.0,6.357735291399509,99.7,5.167475798869161,100.05000000000001,5.750544011954952,99.65,6.848963069131013,100.10000000000001,17.651645750880213,99.60000000000001,5.746832298662412,100.15,3.384077502667201,99.55000000000001,2.942494161429567,100.2,1.7539188223134745,99.50000000000001,1.1877974561446516,100.25,6.850678322836627,99.45,1.7669573865648887,100.30000000000001,0.5110894416575767,99.4,10.510797517587187,100.35000000000001,17.32187701312953
1710000006.6999936,100133,FI2010_LSE,99.85000000000001,11.210947992048224,99.9,5.712974073642258,99.80000000000001,3.505331719598112,99.95,4.054643860869123,99.75000000000001,4.023933075550118,100.0,5.532220960382736,99.7,4.761516281101175,100.05000000000001,3.2251818657962152,99.65,2.1735759323329953,100.10000000000001,4.98852130362887,99.60000000000001,3.182637702790735,100.15,8.067495127874952,99.55000000000001,4.763357297239079,100.2,3.480243516750984,99.50000000000001,7.279442678041601,100.25,1.2989629244599887,99.45,2.7542163122641217,100.30000000000001,7.995508941736644,99.4,5.0344344861296735,100.35000000000001,1.3345327042375772
1710000006.7499936,100134,FI2010_LSE,99.9,9.931592911977322,99.95,13.631731899583125,99.85000000000001,5.539974282215351,100.0,3.4529819367255414,99.80000000000001,3.1706876783347457,100.05,4.089166682795983,99.75,3.8430556482246154,100.10000000000001,11.465621091177157,99.7,2.7309601626421784,100.15,4.583912459374236,99.65,7.874274381381046,100.2,8.344667834027678,99.60000000000001,4.459665640609991,100.25,15.699407673058712,99.55000000000001,2.675084452512376,100.3,6.117285270647347,99.5,9.247782051932662,100.35000000000001,1.4775817147405443,99.45,5.898238802400222,100.4,1.4081033228281117
1710000006.7999935,100135,FI2010_LSE,99.80000000000001,12.770085970549575,99.95000000000002,4.937561562646438,99.75000000000001,5.997686570282729,100.00000000000001,4.865041380073484,99.70000000000002,15.34858667261265,100.05000000000001,8.154834411811652,99.65,3.9759079843381575,100.10000000000002,11.855953441380297,99.60000000000001,3.553361405096341,100.15000000000002,3.8657392053547452,99.55000000000001,3.323699694067505,100.20000000000002,2.8411377159665605,99.50000000000001,4.481497612282695,100.25000000000001,13.380785466764234,99.45000000000002,5.757496212232297,100.30000000000001,2.490550933247768,99.4,3.336329823485799,100.35000000000002,0.5385711224580949,99.35000000000001,5.803029963745053,100.40000000000002,2.121304385102592
1710000006.8499935,100136,FI2010_LSE,99.85000000000001,4.559964813145535,99.95,19.116260495660274,99.80000000000001,3.262235952143012,100.0,11.151886984524861,99.75000000000001,9.65420948784656,100.05,3.279465615390354,99.7,5.253638651062029,100.10000000000001,4.030779447262034,99.65,3.9587254382095756,100.15,4.217882082617951,99.60000000000001,13.29986422248027,100.2,5.016499806379743,99.55000000000001,10.025126684309498,100.25,3.7914745978955824,99.50000000000001,3.738833267345563,100.3,3.761461045042169,99.45,2.4335289811139753,100.35000000000001,1.2279253412736617,99.4,4.740045499691187,100.4,0.6297277897089454
1710000006.8999934,100137,FI2010_LSE,99.80000000000001,6.866876909502341,99.85000000000001,5.43697012639946,99.75000000000001,7.931986308884633,99.9,4.338658390109835,99.70000000000002,3.1711302473304346,99.95,11.32846260636907,99.65,6.591051533578664,100.00000000000001,5.334493768600902,99.60000000000001,3.987530768514433,100.05000000000001,8.791584587766199,99.55000000000001,24.15864809141596,100.10000000000001,3.061569555426252,99.50000000000001,1.2693949991717877,100.15,5.716817737819035,99.45000000000002,5.555543743987126,100.2,2.0596736562920546,99.4,0.42503050621455235,100.25000000000001,0.4190860790949389,99.35000000000001,2.6457231714443847,100.30000000000001,2.742389470595397
1710000006.9499934,100138,FI2010_LSE,99.75,7.067069570404,99.8,7.667111551159708,99.7,5.666644260812912,99.85,9.515619713212352,99.65,3.1285923585644384,99.89999999999999,17.417914389930566,99.6,6.143683599649475,99.95,3.493596051876245,99.55,2.75477075314864,100.0,2.8561144141324535,99.5,3.6215215977314124,100.05,6.535028810706841,99.45,1.849325364316495,100.1,2.164149592440963,99.4,5.288544500615607,100.14999999999999,2.641409978777894,99.35,10.107788302342948,100.2,1.7829881781290173,99.3,0.40005544993884207,100.25,2.351598548556601
1710000006.9999933,100139,FI2010_LSE,99.75,11.86349318354293,99.85,5.932004606543323,99.7,4.142246785588416,99.89999999999999,5.840317322164957,99.65,6.937114546556256,99.94999999999999,4.896938052278074,99.6,3.6772791322969116,100.0,5.021056489236495,99.55,6.572618743095625,100.05,3.2103845290625355,99.5,4.97359446658635,100.1,3.042600915332051,99.45,3.372865768786899,100.14999999999999,5.070425628454608,99.4,29.255839814488017,100.19999999999999,4.329879578145551,99.35,2.519981031294803,100.25,0.6986987334999399,99.3,0.18951692533359138,100.3,0.35615268347304
1710000007.0499933,100140,FI2010_LSE,99.80000000000001,10.513526315295087,99.9,18.682614113595584,99.75000000000001,4.598253100704811,99.95,3.6277733604559335,99.70000000000002,4.908515625393109,100.0,5.9257664477690595,99.65,6.0886979003427655,100.05000000000001,11.70161563146477,99.60000000000001,4.613856237250711,100.10000000000001,5.648932870283792,99.55000000000001,2.3091136783396107,100.15,4.030920344149537,99.50000000000001,2.244325643891848,100.2,7.356239103926965,99.45000000000002,2.192593916520901,100.25,1.6816737620719584,99.4,2.5743920863458056,100.30000000000001,1.998234149379012,99.35000000000001,2.469366889702152,100.35000000000001,6.202622806288977
1710000007.0999932,100141,FI2010_LSE,99.80000000000001,4.087344217770593,99.85000000000001,4.30000841538234,99.75000000000001,7.247670840500773,99.9,4.6033994034218235,99.70000000000002,12.593565408028574,99.95,5.443563810672575,99.65,10.920504466126673,100.00000000000001,11.739403840191374,99.60000000000001,22.841020785990256,100.05000000000001,2.532086801511678,99.55000000000001,4.182729431756384,100.10000000000001,3.0620162437233094,99.50000000000001,3.1568744870074603,100.15,13.90750491602547,99.45000000000002,2.9544453383271474,100.2,3.291994823399129,99.4,1.6190242900373084,100.25000000000001,7.278874066885915,99.35000000000001,5.689339868618519,100.30000000000001,6.993108314695642
1710000007.1499932,100142,FI2010_LSE,99.80000000000001,4.461070474694591,99.85000000000001,5.92727621850962,99.75000000000001,6.360854227282402,99.9,5.6961991020846225,99.70000000000002,9.445021397155488,99.95,2.9771688787100974,99.65,7.428094892722391,100.00000000000001,6.432639674382757,99.60000000000001,6.930828984052499,100.05000000000001,6.1230268944129485,99.55000000000001,14.668609284852037,100.10000000000001,4.299602947924779,99.50000000000001,13.154237530107146,100.15,9.547141999808868,99.45000000000002,1.447150476807094,100.2,0.9964789646349005,99.4,8.34775995446735,100.25000000000001,14.010668191753735,99.35000000000001,7.961954205380273,100.30000000000001,5.958775450170866
1710000007.1999931,100143,FI2010_LSE,99.75,5.534152687258618,99.8,10.181817122875989,99.7,5.45603925224442,99.85,7.305989040570713,99.65,24.29907891093647,99.89999999999999,2.8722717397460356,99.6,9.022448385447273,99.95,2.6426689262489638,99.55,4.883622006476481,100.0,7.167586700894687,99.5,2.5904162179778343,100.05,7.313206342232311,99.45,2.9059549593727256,100.1,1.2906092442390114,99.4,4.118550458882102,100.14999999999999,6.054897580471286,99.35,8.160780009037952,100.2,13.236235340834018,99.3,3.7148290504154184,100.25,1.9272468604637456
1710000007.249993,100144,FI2010_LSE,99.80000000000001,5.252516822407104,99.85000000000001,12.458424939939867,99.75000000000001,8.938340811120126,99.9,3.9630015654823683,99.70000000000002,4.644400574298499,99.95,4.125732971062331,99.65,6.4888459494017425,100.00000000000001,4.877824652020028,99.60000000000001,3.178309742703311,100.05000000000001,3.3904443941733087,99.55000000000001,2.9477778852047942,100.10000000000001,3.0503626385278064,99.50000000000001,1.3104466342231536,100.15,7.061605104422785,99.45000000000002,6.755021837357851,100.2,5.542204332736855,99.4,6.628996875670249,100.25000000000001,2.9744295092246604,99.35000000000001,0.7637039851131971,100.30000000000001,7.465568142452406
1710000007.299993,100145,FI2010_LSE,99.80000000000001,4.700603677661479,99.85000000000001,6.197937075023877,99.75000000000001,6.506447469162339,99.9,8.951906773688327,99.70000000000002,7.509955496249944,99.95,14.614741346126204,99.65,4.5633538849971735,100.00000000000001,3.6512308790381542,99.60000000000001,4.9818231117021945,100.05000000000001,4.883633825669114,99.55000000000001,8.003567896879463,100.10000000000001,3.379061489958918,99.50000000000001,1.4076353353522248,100.15,1.6892132443665009,99.45000000000002,3.2694850515037075,100.2,12.36996240396522,99.4,2.002171117163815,100.25000000000001,1.3477734488682052,99.35000000000001,5.609798162817705,100.30000000000001,1.7510902901420606
1710000007.349993,100146,FI2010_LSE,99.75,4.199401581114804,99.8,19.092830163420388,99.7,16.033283567774095,99.85,6.028802508093124,99.65,6.495010918103139,99.89999999999999,4.287720571540107,99.6,3.8374009879968103,99.95,5.362410835112403,99.55,9.497936008588216,100.0,3.2473623089254087,99.5,4.285475978771913,100.05,3.14353198764792,99.45,3.8806195750287698,100.1,1.5666439467990507,99.4,2.410209110011188,100.14999999999999,6.348875118983894,99.35,2.4304826055067044,100.2,3.0169200829966294,99.3,1.0096500846513086,100.25,2.2313764354797176
1710000007.399993,100147,FI2010_LSE,99.65,9.043037622376149,99.7,16.906136871189208,99.60000000000001,10.383493375483933,99.75,3.6201706050210527,99.55000000000001,4.616252172209705,99.8,3.3868559858678777,99.5,4.216216244595837,99.85000000000001,9.359359538436035,99.45,4.89291101969598,99.9,4.541420270651417,99.4,2.4259562475627727,99.95,3.10707384812863,99.35000000000001,3.5545478674331537,100.0,1.6369372835737046,99.30000000000001,13.628502921849867,100.05,3.6447835583571013,99.25,0.9509480041219689,100.10000000000001,0.9331162081043408,99.2,0.3813453969780837,100.15,4.914849390175968
1710000007.449993,100148,FI2010_LSE,99.60000000000001,7.098998866308151,99.7,11.77904980537506,99.55000000000001,8.866167559019278,99.75,9.044641796558725,99.50000000000001,2.9807265688312348,99.8,10.492513653934163,99.45,4.8002977097585005,99.85000000000001,5.679381565576801,99.4,4.279586524709407,99.9,9.392555480247635,99.35000000000001,8.336112035878774,99.95,3.8056847834804888,99.30000000000001,1.4372926706862217,100.0,13.769239341369875,99.25000000000001,1.6624919363847774,100.05,4.87851412459936,99.2,0.8290463611332188,100.10000000000001,14.581648003609489,99.15,10.995093274721073,100.15,16.497686634109158
1710000007.4999928,100149,FI2010_LSE,99.65,5.0125474675690045,99.7,10.701311924198599,99.60000000000001,7.056949338455448,99.75,3.405130059580763,99.55000000000001,6.419185304838749,99.8,12.69816809507121,99.5,10.141850197342594,99.85000000000001,2.8735053405804303,99.45,2.532399147669015,99.9,3.1483466229740733,99.4,3.346570552318546,99.95,2.049566762609407,99.35000000000001,3.96880233388272,100.0,2.7857824315797286,99.30000000000001,4.914299703911729,100.05,0.8056848777242959,99.25,0.6346203966040602,100.10000000000001,8.915799388778137,99.2,0.1,100.15,4.029103616558589
1710000007.5499928,100150,FI2010_LSE,99.65,10.531342940348818,99.7,7.67802124550591,99.60000000000001,9.098155754151891,99.75,8.337736979365832,99.55000000000001,3.1108782473488317,99.8,4.96957804693854,99.5,5.1439249574725885,99.85000000000001,2.9776197819254797,99.45,2.104567437898405,99.9,2.124708419568114,99.4,8.494929480262744,99.95,4.564026948121347,99.35000000000001,4.1538650317549575,100.0,9.367232946471425,99.30000000000001,6.17022200362982,100.05,2.364440379681026,99.25,1.124519539273541,100.10000000000001,2.1804923571913504,99.2,0.1,100.15,2.4247584808605156
1710000007.5999928,100151,FI2010_LSE,99.7,9.445239999152806,99.75,8.347919048051295,99.65,6.023293365474068,99.8,15.9105261928234,99.60000000000001,3.6677486080575883,99.85,8.35153888085171,99.55,7.376833131603718,99.9,6.801268150199812,99.5,3.1563014573173525,99.95,2.268087009528114,99.45,3.785523854183042,100.0,5.707729160928894,99.4,5.53620185682209,100.05,5.991451406519849,99.35000000000001,4.555371278760701,100.1,2.2004994113917697,99.3,11.649729649397813,100.15,2.995423008061038,99.25,10.929046986128231,100.2,8.382527751310715
1710000007.6499927,100152,FI2010_LSE,99.65,6.473869040344841,99.7,5.961918107832293,99.60000000000001,7.303682541367406,99.75,4.559566265202532,99.55000000000001,21.060710989762995,99.8,6.299698689419381,99.5,5.172190528990834,99.85000000000001,4.586993777306807,99.45,4.22455576679511,99.9,4.902473745304485,99.4,2.187647021855077,99.95,3.0059399849520823,99.35000000000001,3.639718679950806,100.0,5.337448858178165,99.30000000000001,3.1967223361745596,100.05,1.7052685574654185,99.25,1.3817311372109051,100.10000000000001,4.221917654200434,99.2,13.969532696276502,100.15,7.078103269835953
1710000007.6999927,100153,FI2010_LSE,99.65,3.7293200807270805,99.7,5.464144452614855,99.60000000000001,3.4032163034095086,99.75,6.4999573630313305,99.55000000000001,8.058526330524728,99.8,5.721062593090705,99.5,5.73947623988248,99.85000000000001,4.550970805843091,99.45,9.556266457891812,99.9,15.653634534065638,99.4,3.1984701170878704,99.95,6.87942804669035,99.35000000000001,7.789044542158517,100.0,8.853787018465443,99.30000000000001,1.1328782904173502,100.05,13.110990745559981,99.25,4.431768512321948,100.10000000000001,0.7182738173799073,99.2,3.0861027918588024,100.15,3.5726421659394645
1710000007.7499926,100154,FI2010_LSE,99.65,5.643792438896266,99.7,3.9294735733326553,99.60000000000001,12.881316746624758,99.75,15.651350699933538,99.55000000000001,12.173047615158168,99.8,5.8947441454658485,99.5,13.398085188187315,99.85000000000001,2.985178445642882,99.45,3.570778420964875,99.9,2.4486846013858803,99.4,1.7932486593024384,99.95,8.218254543483656,99.35000000000001,1.8116436785084706,100.0,2.714741897284751,99.30000000000001,3.2644828683576375,100.05,2.3070312922628897,99.25,4.344534807686417,100.10000000000001,9.03562138916576,99.2,3.1968104976427485,100.15,3.9619677939064455
1710000007.7999926,100155,FI2010_LSE,99.65,4.147487604624917,99.7,7.202621143664633,99.60000000000001,3.9361041133973282,99.75,3.342384749986518,99.55000000000001,10.534593211291416,99.8,9.089185181198497,99.5,2.7030931301796666,99.85000000000001,4.4300442880449395,99.45,2.2090167393802838,99.9,14.164088066962348,99.4,2.5080596892085447,99.95,2.06703557178735,99.35000000000001,7.400587228455602,100.0,1.2079910733698866,99.30000000000001,7.425688706388364,100.05,1.3932433550743288,99.25,2.274452587952076,100.10000000000001,3.418370627535105,99.2,8.378061510905216,100.15,1.5722167370646818
1710000007.8499925,100156,FI2010_LSE,99.65,4.190594646416119,99.7,6.365688737217932,99.60000000000001,7.211010628337025,99.75,16.23256069838545,99.55000000000001,7.522477807028425,99.8,19.106673963946708,99.5,20.661550108493763,99.85000000000001,7.609865029695209,99.45,4.881074772383501,99.9,11.385120623737476,99.4,1.844918952541605,99.95,2.262176705951666,99.35000000000001,2.2062646401699673,100.0,2.5997229067312073,99.30000000000001,1.8388218474652378,100.05,8.294822670756178,99.25,1.6131913038698182,100.10000000000001,0.5252207612699095,99.2,1.5785008600155226,100.15,12.347337319573215
1710000007.8999925,100157,FI2010_LSE,99.65,7.345078437606095,99.7,11.592376957841946,99.60000000000001,8.066253073294355,99.75,7.46378336211943,99.55000000000001,7.728605900222989,99.8,3.3457694700237486,99.5,9.806643734165558,99.85000000000001,3.560720905133285,99.45,2.60886516670494,99.9,4.8087193745088515,99.4,10.035492891738377,99.95,4.645712214104599,99.35000000000001,2.3316650074912832,100.0,2.6746824617627696,99.30000000000001,1.3137966611533975,100.05,3.2956731282082803,99.25,14.31681707939881,100.10000000000001,4.546758885447141,99.2,0.8053795545530812,100.15,12.157667669396263
1710000007.9499924,100158,FI2010_LSE,99.65,14.813982171808219,99.7,12.97079436456788,99.60000000000001,5.815072176601918,99.75,4.501663220701758,99.55000000000001,5.588896192045046,99.8,5.17072642626718,99.5,11.227770019841284,99.85000000000001,3.623162501081545,99.45,8.633942492196258,99.9,14.642323974654389,99.4,1.7254739562969301,99.95,3.791702239678715,99.35000000000001,11.354033778206894,100.0,11.372847630372863,99.30000000000001,0.9956537810213095,100.05,1.3201993602307895,99.25,5.566163834106559,100.10000000000001,11.447051215205214,99.2,3.4770334090503194,100.15,1.6417340371105744
1710000007.9999924,100159,FI2010_LSE,99.7,6.649826789344644,99.75,10.31852163189171,99.65,5.1430676716861,99.8,10.419301525128908,99.60000000000001,4.398345404615354,99.85,2.9407073009652973,99.55,3.3332480633961663,99.9,6.240120748076054,99.5,3.88555841278715,99.95,11.586428310517169,99.45,2.153930717413317,100.0,14.86435486512859,99.4,6.102243780373363,100.05,3.602644733800594,99.35000000000001,1.9652404125315592,100.1,6.6246920454767935,99.3,3.9803975520478976,100.15,3.740996312231861,99.25,2.3008182729501288,100.2,0.6324551101168431
1710000008.0499923,100160,FI2010_LSE,99.65,3.9109348681220832,99.7,4.086227641425753,99.60000000000001,7.613607752525059,99.75,6.19310567565976,99.55000000000001,4.838014545684626,99.8,8.53477829540011,99.5,3.919976384649366,99.85000000000001,6.110159213060555,99.45,3.173215780713245,99.9,5.882170617486981,99.4,9.638777690209366,99.95,2.0567232429559383,99.35000000000001,6.357248713769361,100.0,1.3694375637552718,99.30000000000001,3.0879152906596925,100.05,9.202810680660011,99.25,1.1531795714150102,100.10000000000001,6.267244522976178,99.2,0.732529956691715,100.15,1.723405358020775
1710000008.0999923,100161,FI2010_LSE,99.7,3.8404373221835546,99.8,5.723633678453247,99.65,5.927092510065149,99.85,4.309593847013324,99.60000000000001,3.430587372960207,99.89999999999999,5.3482383048221465,99.55,5.386940876677839,99.95,7.470145617769782,99.5,7.850178268171178,100.0,3.6521052742366855,99.45,2.460980907256034,100.05,2.03749039857182,99.4,9.10570316103031,100.1,9.168112157831281,99.35000000000001,1.6487336111468787,100.14999999999999,3.1508107474544946,99.3,5.415780833139795,100.2,1.3559212707228134,99.25,0.3578909849315867,100.25,0.8932638884885287
1710000008.1499922,100162,FI2010_LSE,99.7,7.1826644377012006,99.75,4.343038256425009,99.65,10.647083344833517,99.8,10.59009138702881,99.60000000000001,3.1806725753456297,99.85,3.973359403102859,99.55,2.529491150005025,99.9,9.306706700769668,99.5,7.865904283974541,99.95,10.93310324626185,99.45,11.65924356905986,100.0,4.929391328071017,99.4,1.953872547292404,100.05,1.8670948123139484,99.35000000000001,7.432120267369303,100.1,1.5127329620388534,99.3,0.5978616144710184,100.15,4.976012049425874,99.25,0.26551714565333934,100.2,7.5047889508057795
1710000008.1999922,100163,FI2010_LSE,99.75,10.942471293937237,99.8,4.449726644150045,99.7,9.123719952273888,99.85,3.2108490875332607,99.65,3.0173778703074903,99.89999999999999,4.806106723066119,99.6,3.57087663213607,99.95,3.0757704865050117,99.55,5.918890951945228,100.0,6.260827592777779,99.5,5.571300802745425,100.05,3.6180068970594275,99.45,5.136479740455451,100.1,3.4850346952204294,99.4,1.0241441652460657,100.14999999999999,3.0825556637835785,99.35,4.309023528073718,100.2,1.7010215567847689,99.3,0.5809526312862706,100.25,2.6683115079762287
1710000008.2499921,100164,FI2010_LSE,99.7,3.7126154313852004,99.8,9.93193890814999,99.65,5.890675323573652,99.85,11.626612162092904,99.60000000000001,7.356582444687314,99.89999999999999,4.058646170558719,99.55,7.832434123530486,99.95,2.6599640225164896,99.5,3.966730273256604,100.0,6.104800195933062,99.45,7.0235971852989785,100.05,3.74383391428731,99.4,7.470279969360141,100.1,4.725604993487036,99.35000000000001,3.875397972745227,100.14999999999999,5.965620177115479,99.3,8.581078592256397,100.2,1.2969049255073868,99.25,8.510800795328475,100.25,6.82064131410432
1710000008.299992,100165,FI2010_LSE,99.65,4.240160566915526,99.75,5.110530890745374,99.60000000000001,10.182244535989165,99.8,5.23146795707264,99.55000000000001,4.847804991259643,99.85,16.556572853193128,99.5,6.5253790946075805,99.9,3.698989869555495,99.45,7.778228041389736,99.95,8.388142688930168,99.4,7.887911004510411,100.0,5.047650969208773,99.35000000000001,8.112796508221505,100.05,2.946552786691353,99.30000000000001,2.496783887471539,100.1,6.256345476439965,99.25,2.029813325317535,100.15,7.087496361969845,99.2,2.6644648645704208,100.2,3.4358048294021857
1710000008.349992,100166,FI2010_LSE,99.75,6.8926183561074135,99.85,4.27160649046963,99.7,4.280010587749922,99.89999999999999,3.6568715534928002,99.65,6.061308333397843,99.94999999999999,6.242140794016031,99.6,4.85803262513115,100.0,6.072292473580932,99.55,2.25509443756064,100.05,20.280860080167066,99.5,2.396329271110024,100.1,1.6232997041993897,99.45,3.056267532971722,100.14999999999999,8.200175506267033,99.4,3.2289792343427406,100.19999999999999,4.640902356256822,99.35,2.665047346416583,100.25,1.4609252225776856,99.3,3.228187122567965,100.3,3.451071055036837
1710000008.399992,100167,FI2010_LSE,99.75,13.362109498373961,99.8,4.8273136246084825,99.7,5.853251148048447,99.85,7.10978724423668,99.65,4.0911101345086855,99.89999999999999,11.847369749673424,99.6,7.612759121825446,99.95,6.030975062452383,99.55,5.06924203070536,100.0,9.357138913242117,99.5,3.1866981995215773,100.05,5.6994162359646054,99.45,1.6189851255936705,100.1,25.587171212622597,99.4,2.855446971564577,100.14999999999999,1.0584323106505027,99.35,4.366871664261967,100.2,2.147137477416743,99.3,0.33861256124200884,100.25,0.9373055539588729
1710000008.449992,100168,FI2010_LSE,99.7,3.709139149572322,99.75,4.027918258500915,99.65,3.6350749653769636,99.8,7.677403465571936,99.60000000000001,3.4184056369895077,99.85,12.775659541812093,99.55,7.733704901471604,99.9,2.4377737740073306,99.5,3.566364276353496,99.95,3.929173164966645,99.45,3.3546970680949775,100.0,3.6967806582626257,99.4,23.797694853282575,100.05,3.7047611248221246,99.35000000000001,1.4348469552726153,100.1,6.913035813318379,99.3,2.7049928704163104,100.15,1.427398726974459,99.25,4.946252867785233,100.2,5.657255776407729
1710000008.499992,100169,FI2010_LSE,99.7,4.360311375758467,99.75,7.600362272593664,99.65,4.34956294719297,99.8,3.93396097407101,99.60000000000001,4.40776114140306,99.85,4.793910991978139,99.55,3.536148580775442,99.9,7.222657590007194,99.5,7.005198950092267,99.95,6.242495126585745,99.45,7.969602111833918,100.0,27.12285889695636,99.4,3.2002844766967966,100.05,2.8679225899752874,99.35000000000001,2.4825137333488367,100.1,2.845562545420047,99.3,1.766814756525815,100.15,6.362622685680872,99.25,0.8994290790546585,100.2,0.5294506654423349
1710000008.5499918,100170,FI2010_LSE,99.7,7.258612392485233,99.85000000000001,7.655057346744144,99.65,8.427896711474562,99.9,5.04253557628495,99.60000000000001,3.747856810349132,99.95,13.38333613074454,99.55,15.827691461958475,100.00000000000001,12.16861182363082,99.5,3.402390373272867,100.05000000000001,3.274424960985075,99.45,2.1538001821720485,100.10000000000001,2.843910286218714,99.4,5.4061344243149065,100.15,2.8720799254916933,99.35000000000001,4.572081472049414,100.2,9.632441507984195,99.3,3.5566200897377898,100.25000000000001,2.4638854996400448,99.25,7.4069680456551055,100.30000000000001,0.714471184560564
1710000008.5999918,100171,FI2010_LSE,99.75,15.13887333865294,99.8,7.590908853492859,99.7,9.93328010953903,99.85,21.85834834612618,99.65,3.4054706861313093,99.89999999999999,3.901209932877813,99.6,2.9378022746781194,99.95,3.634557358250178,99.55,12.29491714441125,100.0,3.2041627182796626,99.5,4.74526869688258,100.05,2.356391893541391,99.45,1.9600672675486268,100.1,16.301414155692278,99.4,21.14943128703021,100.14999999999999,4.393305991451914,99.35,3.278440232760013,100.2,11.584063818884992,99.3,10.999380276583222,100.25,1.2321087847869847
1710000008.6499918,100172,FI2010_LSE,99.80000000000001,3.943382347714987,99.9,3.671489564413227,99.75000000000001,4.2316583484880095,99.95,7.091968737018663,99.70000000000002,6.829938816508658,100.0,3.5127505211748717,99.65,5.151031973905521,100.05000000000001,4.1384770947556335,99.60000000000001,3.104800720644259,100.10000000000001,4.794189040794795,99.55000000000001,11.914791412335612,100.15,4.072767554160201,99.50000000000001,6.9868133030978665,100.2,2.1483071713665787,99.45000000000002,3.8594874880003784,100.25,5.876254297139045,99.4,2.2118293108691707,100.30000000000001,2.988442388873926,99.35000000000001,3.092812078755923,100.35000000000001,1.4584363604066157
1710000008.6999917,100173,FI2010_LSE,99.80000000000001,11.409461066185047,99.85000000000001,5.421981641466892,99.75000000000001,3.870714134161718,99.9,9.611905701762062,99.70000000000002,20.95755786343884,99.95,5.98074752340845,99.65,6.488795105063288,100.00000000000001,8.266935245956876,99.60000000000001,2.6784127590698157,100.05000000000001,14.006290087365922,99.55000000000001,4.805184439011363,100.10000000000001,11.324886451027337,99.50000000000001,1.3687554696017685,100.15,3.3975948851353417,99.45000000000002,18.48153723663454,100.2,7.07387401164032,99.4,3.636495722758186,100.25000000000001,23.899492908724007,99.35000000000001,3.4778473696157826,100.30000000000001,13.50962076861829
1710000008.7499917,100174,FI2010_LSE,99.75,8.590496640810542,99.8,7.588081574212557,99.7,4.693102906047538,99.85,5.167971071276115,99.65,6.738172002645397,99.89999999999999,6.606871011019964,99.6,2.949332890678431,99.95,5.226690330424508,99.55,4.558593096230303,100.0,7.434216156488224,99.5,6.797560637935355,100.05,5.333247487693422,99.45,3.78329165074068,100.1,9.093584468572544,99.4,3.6176785119024073,100.14999999999999,3.3733037746312258,99.35,14.530048629900683,100.2,4.161188653748119,99.3,0.17539812836104132,100.25,1.9723451552961193
1710000008.7999916,100175,FI2010_LSE,99.75,9.636412462041704,99.9,15.171267758341331,99.7,3.6978612815336707,99.95,5.506911245288932,99.65,3.78942806532936,100.0,5.36451777070285,99.6,15.278194815667431,100.05000000000001,4.719465107671153,99.55,16.360395741223464,100.10000000000001,4.338750180950789,99.5,14.110727825320701,100.15,6.26447880074109,99.45,13.854969710063713,100.2,1.9119141179560506,99.4,1.8549066267660572,100.25,3.891939360095252,99.35,2.227036684704671,100.30000000000001,8.813745536444895,99.3,7.8112192212887726,100.35000000000001,3.3872952737431063
1710000008.8499916,100176,FI2010_LSE,99.80000000000001,4.30084984481634,99.85000000000001,13.347166414321174,99.75000000000001,11.927545841774954,99.9,7.244698182435894,99.70000000000002,7.2515200615178195,99.95,7.783918924848697,99.65,3.420637064089454,100.00000000000001,7.338823789409406,99.60000000000001,2.477163414544607,100.05000000000001,2.0340403583736344,99.55000000000001,3.2180586268157914,100.10000000000001,13.41729570009747,99.50000000000001,8.171752482595233,100.15,2.1711925769342586,99.45000000000002,6.766998250281304,100.2,2.046670929111257,99.4,5.693136805795246,100.25000000000001,4.459304866956319,99.35000000000001,7.299078935804856,100.30000000000001,5.485007745610215
1710000008.8999915,100177,FI2010_LSE,99.80000000000001,4.152875207256764,99.9,5.751354148652342,99.75000000000001,4.964839127871987,99.95,4.631320162907448,99.70000000000002,4.058647296758986,100.0,3.0579145510946844,99.65,4.278435058458868,100.05000000000001,5.22604502429504,99.60000000000001,8.712198123244935,100.10000000000001,2.6062653496707417,99.55000000000001,4.170311162415439,100.15,4.715957779651934,99.50000000000001,3.2066734417294356,100.2,6.861974394897049,99.45000000000002,3.0171067698866114,100.25,11.527124301823942,99.4,1.6773443599531372,100.30000000000001,8.650451800089442,99.35000000000001,5.917264540441751,100.35000000000001,0.9489188071765368
1710000008.9499915,100178,FI2010_LSE,99.80000000000001,6.551578865902231,99.85000000000001,4.5051579396689885,99.75000000000001,5.732817265887744,99.9,3.5990084653173926,99.70000000000002,5.752186844137305,99.95,8.729469646822443,99.65,5.299953193174803,100.00000000000001,6.685508142071691,99.60000000000001,3.1683721847115542,100.05000000000001,5.280972904028394,99.55000000000001,9.441227022681836,100.10000000000001,2.378868650759804,99.50000000000001,3.527488977035846,100.15,1.6019709668007922,99.45000000000002,4.083657189066471,100.2,1.579217948232815,99.4,2.3418061583045358,100.25000000000001,1.3028154877599212,99.35000000000001,3.0024119521689747,100.30000000000001,2.330736799355188
1710000008.9999914,100179,FI2010_LSE,99.80000000000001,12.316295414292744,99.85000000000001,6.968310489846623,99.75000000000001,8.210274166693047,99.9,3.7710830006599583,99.70000000000002,4.177342985550824,99.95,3.5149840986440806,99.65,8.74028103329535,100.00000000000001,3.8436694439088317,99.60000000000001,9.58917980863315,100.05000000000001,5.809173724860955,99.55000000000001,1.7716553975282479,100.10000000000001,4.093453036959661,99.50000000000001,4.812682197481592,100.15,1.4480426796310317,99.45000000000002,3.07701937610966,100.2,4.672362323870931,99.4,16.09893239154674,100.25000000000001,6.287148244313802,99.35000000000001,6.575792565126809,100.30000000000001,12.062815303684642
1710000009.0499914,100180,FI2010_LSE,99.80000000000001,5.059907635591732,99.85000000000001,16.00449912202919,99.75000000000001,4.524885073645329,99.9,7.215195929006474,99.70000000000002,7.7472465486663324,99.95,3.3058581490800063,99.65,17.56262117108197,100.00000000000001,12.111002935351474,99.60000000000001,20.65699585190447,100.05000000000001,2.516113927125396,99.55000000000001,7.903397309083731,100.10000000000001,8.155540428764215,99.50000000000001,1.9133483990786244,100.15,3.8183914943211072,99.45000000000002,1.8291039032706762,100.2,1.739626003417782,99.4,9.068893523606834,100.25000000000001,7.401991955071863,99.35000000000001,2.8030294145460064,100.30000000000001,7.954913215921279
1710000009.0999913,100181,FI2010_LSE,99.80000000000001,3.971726869641539,99.9,5.9380488034243175,99.75000000000001,5.598279383624252,99.95,5.556181493828738,99.70000000000002,9.279913816033575,100.0,20.454727836980254,99.65,3.834526719188887,100.05000000000001,3.909684572576359,99.60000000000001,6.055520919884699,100.10000000000001,3.8161199001235397,99.55000000000001,3.2548326964866217,100.15,1.9751263849997474,99.50000000000001,2.379045880397812,100.2,1.7350243485821357,99.45000000000002,3.9660077221331234,100.25,6.38954393962598,99.4,5.982115812957964,100.30000000000001,1.1140438730951536,99.35000000000001,6.071097035223225,100.35000000000001,1.0566517074919501
1710000009.1499913,100182,FI2010_LSE,99.80000000000001,4.2734019788573585,99.85000000000001,7.626425049011713,99.75000000000001,6.671503570411824,99.9,17.815945646776434,99.70000000000002,3.0145692376911697,99.95,3.3281771966152944,99.65,3.476873673765581,100.00000000000001,2.7192772514840895,99.60000000000001,9.091292328232353,100.05000000000001,5.030493564734589,99.55000000000001,1.955914289421591,100.10000000000001,5.697495654332242,99.50000000000001,12.020816466118621,100.15,1.7800183476119653,99.45000000000002,1.0705270652508405,100.2,4.072346179281724,99.4,3.932258443378718,100.25000000000001,9.568792172775419,99.35000000000001,0.9951547969898662,100.30000000000001,0.1
1710000009.1999912,100183,FI2010_LSE,99.85000000000001,8.619217245366224,99.9,4.364107857877082,99.80000000000001,4.451113906169322,99.95,4.852286538673622,99.75000000000001,3.0844834076862275,100.0,13.166201646889538,99.7,20.558933080017077,100.05000000000001,7.955287359637459,99.65,11.640779508731779,100.10000000000001,5.23059222334282,99.60000000000001,6.544908960924539,100.15,12.8093533824929,99.55000000000001,1.244176476382413,100.2,2.6522842650630984,99.50000000000001,1.2439827584552443,100.25,7.027852186267744,99.45,1.236386635929435,100.30000000000001,6.597910863474805,99.4,0.3248267346487651,100.35000000000001,0.1782498320939981
1710000009.2499912,100184,FI2010_LSE,99.9,4.05575087080546,99.95,8.721771207898742,99.85000000000001,7.013037946467154,100.0,3.9949269238088463,99.80000000000001,6.355059097871901,100.05,9.478398253031811,99.75,9.103998363330852,100.10000000000001,5.23841645993196,99.7,2.0864458987178454,100.15,3.2827979357319856,99.65,3.165307474252904,100.2,5.6683004879010035,99.60000000000001,3.1805517790516324,100.25,10.785910212056198,99.55000000000001,7.3574060505769205,100.3,4.949947791932608,99.5,1.2629311887767245,100.35000000000001,2.8644635317372416,99.45,1.0896334169624438,100.4,5.947082303111446
1710000009.2999911,100185,FI2010_LSE,99.95,5.196555085314922,100.05,3.6982606056847738,99.9,3.5136279041407033,100.1,7.140713758413915,99.85000000000001,3.01537415253457,100.14999999999999,3.0536461599210845,99.8,6.097238690137462,100.2,2.4623824587046776,99.75,2.551991679151283,100.25,7.119386622069662,99.7,8.106813394683114,100.3,10.64412642929925,99.65,5.559929855702629,100.35,1.3280505149769175,99.60000000000001,4.0768315617681345,100.39999999999999,0.903021478217694,99.55,4.786039507313942,100.45,2.948661877832463,99.5,0.3512098419697427,100.5,4.358377635112166
1710000009.349991,100186,FI2010_LSE,99.95,4.505311309710065,100.0,9.707105048649467,99.9,3.914778175306912,100.05,9.136737295736694,99.85000000000001,6.239501641670312,100.1,14.30874228394876,99.8,7.3393720582645665,100.15,6.186118909429556,99.75,3.790433552932469,100.2,5.026546593898878,99.7,2.925511871826859,100.25,3.865583053540941,99.65,14.121963636564924,100.3,24.538266117815926,99.60000000000001,7.878277016346443,100.35,1.0559697793014964,99.55,0.7146900961569227,100.4,1.4934064939650713,99.5,4.7041096015705,100.45,12.075182410512115
1710000009.399991,100187,FI2010_LSE,99.95,7.64759241528165,100.05,3.8843970344562884,99.9,7.615341691670961,100.1,4.6070767737677745,99.85000000000001,6.01503885399442,100.14999999999999,4.546661278433816,99.8,3.766770687902624,100.2,6.037720218018719,99.75,7.453111158313283,100.25,9.397489864932826,99.7,6.265709758143458,100.3,8.060416861680885,99.65,8.771006014712551,100.35,1.3128179153748418,99.60000000000001,3.630183886870742,100.39999999999999,5.247991171999795,99.55,2.1964323683181948,100.45,14.872470205176397,99.5,2.6343091813037502,100.5,1.4527161332528113
1710000009.449991,100188,FI2010_LSE,99.95,5.745021617896208,100.10000000000001,7.607345584540461,99.9,17.103642464225928,100.15,7.8551303620205655,99.85000000000001,3.2854559249090345,100.2,4.879938194695845,99.8,4.764827402510736,100.25000000000001,2.6231832055851063,99.75,5.80054216217937,100.30000000000001,2.9480249761061397,99.7,6.424781258466679,100.35000000000001,8.865973703778858,99.65,2.105510946400871,100.4,1.710492664924766,99.60000000000001,5.45521217060511,100.45,4.77137662769165,99.55,3.6327200857346695,100.50000000000001,2.5693436030436287,99.5,3.681839968185621,100.55000000000001,0.7251931138758653
1710000009.499991,100189,FI2010_LSE,100.0,3.724589284761031,100.05,4.3906950219817675,99.95,4.611339226480354,100.1,7.40611046981888,99.9,4.808868983252504,100.14999999999999,4.564783691988948,99.85,10.641610492787674,100.2,4.959498056430606,99.8,2.092259776040796,100.25,4.316758000601626,99.75,3.5056100656423483,100.3,2.0081986039281188,99.7,8.898734253149314,100.35,4.42622462034014,99.65,1.6087408203845452,100.39999999999999,6.9188137250432185,99.6,5.029912450895042,100.45,1.4232964129731824,99.55,21.700803708907717,100.5,0.8093909844846542
1710000009.549991,100190,FI2010_LSE,100.0,4.177994303971223,100.05,3.7806238712239844,99.95,8.329127558391015,100.1,3.718585345273202,99.9,4.186624433901948,100.14999999999999,9.498601528995485,99.85,7.598858903340909,100.2,2.9039427239889326,99.8,3.9851152123791453,100.25,3.7798177512921054,99.75,2.500983349606926,100.3,10.3857851542982,99.7,3.7003463482648633,100.35,5.606288231804382,99.65,0.8208945073540256,100.39999999999999,1.2650202650180613,99.6,0.7276938453658526,100.45,4.266956019964472,99.55,8.03581434980237,100.5,12.103937448619947
1710000009.5999908,100191,FI2010_LSE,100.0,5.087081246199994,100.05,4.629612828395944,99.95,6.820814107345292,100.1,3.4052881583887364,99.9,5.574893810118354,100.14999999999999,9.94835090583096,99.85,3.5288807516422116,100.2,3.34002137401206,99.8,2.136956361402952,100.25,2.8290497745587686,99.75,5.285148998920983,100.3,8.085924946571442,99.7,2.3258071743110893,100.35,5.112143585185531,99.65,5.230697253613452,100.39999999999999,3.8523724497388514,99.6,1.096766947455503,100.45,6.319053638420123,99.55,1.27139484344647,100.5,10.549381998938793
1710000009.6499908,100192,FI2010_LSE,100.0,5.33502033086378,100.05,4.024643177317908,99.95,3.5498095590283403,100.1,4.662087391483393,99.9,3.2687532342038694,100.14999999999999,4.3544195767208995,99.85,2.896396190162438,100.2,6.278884966751728,99.8,2.6219713663652335,100.25,10.336992409027717,99.75,1.7503753403273272,100.3,3.337071108529749,99.7,1.7631271759879739,100.35,3.178020545952827,99.65,2.4167657863729515,100.39999999999999,3.7806198529758968,99.6,2.1572842908756282,100.45,2.084777045867714,99.55,7.406713671398427,100.5,0.3971169514843409
1710000009.6999907,100193,FI2010_LSE,100.05000000000001,5.012690466426024,100.10000000000001,13.436843435374126,100.00000000000001,20.692182988703447,100.15,6.657078635581253,99.95000000000002,25.830072318881975,100.2,7.53295967865613,99.9,2.449883997197439,100.25000000000001,5.841750191049665,99.85000000000001,3.4402299945640147,100.30000000000001,4.481633761535981,99.80000000000001,4.497271460781494,100.35000000000001,3.51033004296703,99.75000000000001,1.4503849481146611,100.4,3.3574219489345816,99.70000000000002,3.0711195966044027,100.45,2.4142781484017073,99.65,10.157226219505421,100.50000000000001,1.5527856979080092,99.60000000000001,1.3826360155339026,100.55000000000001,2.3288322385017577
1710000009.7499907,100194,FI2010_LSE,100.05000000000001,27.32039803636501,100.10000000000001,3.8326143380726934,100.00000000000001,11.280011642465919,100.15,6.590284419388098,99.95000000000002,7.569990748389117,100.2,3.3170322228662936,99.9,4.007290588955051,100.25000000000001,2.5199051410465234,99.85000000000001,7.311309708798085,100.30000000000001,2.511363770173105,99.80000000000001,2.6782570717148753,100.35000000000001,6.380802878868877,99.75000000000001,15.502449835706432,100.4,2.1931255245930217,99.70000000000002,3.47359115393182,100.45,1.7292473812081721,99.65,9.107903802881529,100.50000000000001,16.9055695027441,99.60000000000001,0.8774893872676032,100.55000000000001,1.4530003042669317
1710000009.7999907,100195,FI2010_LSE,100.05000000000001,3.8978249650165044,100.10000000000001,4.886454212924959,100.00000000000001,6.34934198132511,100.15,4.047766821000322,99.95000000000002,8.040522705679797,100.2,8.404917564731397,99.9,2.5761558143766305,100.25000000000001,4.479763781403053,99.85000000000001,5.85138758272838,100.30000000000001,3.6287521122649493,99.80000000000001,4.276542333037694,100.35000000000001,11.830847873968635,99.75000000000001,8.932746321628656,100.4,2.8013697582131165,99.70000000000002,2.8959480725771067,100.45,1.515639285979054,99.65,2.4938784211927576,100.50000000000001,1.6651937428532504,99.60000000000001,1.9044316221172404,100.55000000000001,4.622524593981513
1710000009.8499906,100196,FI2010_LSE,100.05000000000001,7.907920177758385,100.10000000000001,13.447827014695461,100.00000000000001,5.708197975965907,100.15,8.230823245119048,99.95000000000002,3.0022388143215655,100.2,14.172953044313273,99.9,3.715896192685461,100.25000000000001,2.541260738023318,99.85000000000001,16.126080747524348,100.30000000000001,17.320915161188054,99.80000000000001,10.112984390536703,100.35000000000001,11.291482286675992,99.75000000000001,3.159836919182002,100.4,9.247490228543473,99.70000000000002,6.574200795459933,100.45,10.555750089402643,99.65,6.751530248634298,100.50000000000001,8.117624251341441,99.60000000000001,0.1,100.55000000000001,6.049883495855103
1710000009.8999906,100197,FI2010_LSE,100.0,6.2610743617804,100.1,6.447360473333811,99.95,9.312109370309297,100.14999999999999,3.3996953269612975,99.9,4.011614877896989,100.19999999999999,9.869907325092152,99.85,3.3804765842387137,100.25,4.479148375924643,99.8,10.598129526660006,100.3,5.882630801687497,99.75,11.113275293956443,100.35,5.616861765389601,99.7,4.873730983636259,100.39999999999999,1.488423835561318,99.65,4.247466520932511,100.44999999999999,7.083289338388321,99.6,1.602959803309827,100.5,3.996627111795568,99.55,1.8202777024546661,100.55,1.96559194980398
1710000009.9499905,100198,FI2010_LSE,100.0,6.4516692998278256,100.05,4.1214438733276015,99.95,5.180311449186195,100.1,9.250854582927111,99.9,4.083989298275201,100.14999999999999,7.253370062822947,99.85,4.410091838054976,100.2,3.9074389800621523,99.8,3.1470036247875455,100.25,17.10202441536719,99.75,14.7597896315764,100.3,4.8812523275988,99.7,1.683042622849435,100.35,1.7529450153188515,99.65,11.162876208887251,100.39999999999999,3.6023502001076286,99.6,1.5728044892159883,100.45,3.7840143163386277,99.55,9.505421195072545,100.5,2.939281019686539
1710000009.9999905,100199,FI2010_LSE,99.95,6.476701309823672,100.0,3.7066454523707337,99.9,3.920318837810756,100.05,6.6713905454845115,99.85000000000001,3.1073474203243805,100.1,6.621527442582807,99.8,2.496246003739998,100.15,6.643311308401588,99.75,2.0661850854912327,100.2,5.47481095456288,99.7,8.906032200464809,100.25,4.605774920882219,99.65,5.663499015129142,100.3,2.5402409740383805,99.60000000000001,4.496719288541078,100.35,3.7777793716971946,99.55,1.9132160416405295,100.4,6.481642444490146,99.5,25.65638613237352,100.45,2.5720883521968183
1710000010.0499904,100200,FI2010_LSE,99.9,4.189571445538488,99.95,4.742891022303978,99.85000000000001,5.449787114702184,100.0,10.111442286177095,99.80000000000001,4.166831227676825,100.05,10.835480833018856,99.75,9.079445961756896,100.10000000000001,3.798398328497467,99.7,6.966410159323901,100.15,7.240195678611515,99.65,1.9087459302559262,100.2,2.8433840655074825,99.60000000000001,2.007573747391409,100.25,9.241316070105803,99.55000000000001,3.8086482358287785,100.3,10.08334689240771,99.5,2.6382210767950838,100.35000000000001,5.424354758549319,99.45,1.0367064419833976,100.4,1.5219296442842345
1710000010.0999904,100201,FI2010_LSE,99.9,7.704384684626188,99.95,5.2622411288188395,99.85000000000001,10.431626886588935,100.0,5.945923128040894,99.80000000000001,5.011739683643839,100.05,7.533531185552812,99.75,5.1509895783556425,100.10000000000001,3.1729054986990275,99.7,14.10691827835955,100.15,4.170976873989066,99.65,7.47230981261826,100.2,1.7109856726017836,99.60000000000001,1.4772740313382786,100.25,6.0880028776378605,99.55000000000001,6.876395042981604,100.3,12.67956588691952,99.5,0.40765591884915603,100.35000000000001,1.4333443657334444,99.45,0.24305595644482694,100.4,18.465252204000496
1710000010.1499903,100202,FI2010_LSE,99.9,12.826735632897115,99.95,5.131805326754998,99.85000000000001,4.677277887945511,100.0,6.26072004519242,99.80000000000001,2.9053743472814197,100.05,9.245302985521846,99.75,8.208915471276097,100.10000000000001,2.4193960816304423,99.7,2.6475186718100336,100.15,2.053920180573407,99.65,11.436530855993436,100.2,15.113983300507211,99.60000000000001,5.958100838589938,100.25,2.1874978126629823,99.55000000000001,1.943370124844165,100.3,1.5429797692557057,99.5,6.93360777143195,100.35000000000001,2.626530393906606,99.45,3.6696515219376313,100.4,8.149375815530213
1710000010.1999903,100203,FI2010_LSE,99.9,5.764619540924194,99.95,5.858024196452226,99.85000000000001,6.27941904168506,100.0,10.436441961757378,99.80000000000001,3.624654420069662,100.05,3.622665485243188,99.75,7.088582098843044,100.10000000000001,14.574547023847757,99.7,10.229214549197746,100.15,7.802918875891338,99.65,4.760692413176436,100.2,11.657638888068185,99.60000000000001,7.304553639567008,100.25,3.160421934440574,99.55000000000001,3.8689506041111636,100.3,7.127063402592516,99.5,0.9776812949886402,100.35000000000001,2.5918874135199,99.45,1.1721323910946573,100.4,1.375326666947102
1710000010.2499902,100204,FI2010_LSE,99.9,6.26170758858666,99.95,3.961849647192707,99.85000000000001,7.999483373766891,100.0,6.862548139631773,99.80000000000001,6.0638104559238535,100.05,16.463562024791123,99.75,3.7520976174405885,100.10000000000001,5.035185509867185,99.7,6.043897534898772,100.15,10.109416111012495,99.65,2.3462924569331207,100.2,10.981976517664178,99.60000000000001,5.70617046781419,100.25,6.127923451898553,99.55000000000001,3.9790082630254346,100.3,20.28449502728857,99.5,0.850264188552325,100.35000000000001,0.4755783083947687,99.45,3.3882375936718536,100.4,1.5546439838889798
1710000010.2999902,100205,FI2010_LSE,99.9,5.849384590332917,99.95,7.886742898938655,99.85000000000001,5.070160622617032,100.0,6.149646898837537,99.80000000000001,3.2234427668409964,100.05,5.457428545003643,99.75,4.825662210470551,100.10000000000001,5.122655998869716,99.7,5.049286287248132,100.15,3.49571981351819,99.65,4.322579002649439,100.2,3.402009500819529,99.60000000000001,13.62373115614378,100.25,17.00598429022834,99.55000000000001,13.850923022647706,100.3,1.3187852304908627,99.5,1.7265030542643633,100.35000000000001,0.8977882606427235,99.45,5.190618645198589,100.4,1.6993775105725524
1710000010.3499901,100206,FI2010_LSE,99.9,7.810448528329186,99.95,9.32477433044549,99.85000000000001,5.153204453927841,100.0,3.82376147121418,99.80000000000001,7.050637137793403,100.05,6.826908708237129,99.75,4.890559726056722,100.10000000000001,3.7773869734915797,99.7,3.5072866947918113,100.15,6.578075224927642,99.65,6.93804580600734,100.2,8.433075584105726,99.60000000000001,5.168579142971293,100.25,11.962772530944843,99.55000000000001,1.1189475958408457,100.3,1.0601057412217494,99.5,0.7326121491977045,100.35000000000001,10.100225724512217,99.45,11.389586095959773,100.4,0.9681664973569651
1710000010.39999,100207,FI2010_LSE,99.9,4.876888906808354,99.95,4.199385188213292,99.85000000000001,6.0671092418128545,100.0,8.950420892419263,99.80000000000001,3.833633937997862,100.05,9.831271285753122,99.75,5.869159771019746,100.10000000000001,3.257533195274576,99.7,4.1034331013786876,100.15,12.015747832489202,99.65,1.722105133483381,100.2,3.6596560010646217,99.60000000000001,1.53402781200723,100.25,11.356988116139718,99.55000000000001,1.3301329450423212,100.3,9.74311589298219,99.5,4.9420637659265845,100.35000000000001,0.5911246828095376,99.45,2.9236855617982114,100.4,3.187881092155722
1710000010.44999,100208,FI2010_LSE,99.9,7.462576059538542,99.95,6.174135743040365,99.85000000000001,5.006647610066512,100.0,5.057619058966685,99.80000000000001,18.255416404742263,100.05,5.7679557541686695,99.75,3.640249514041259,100.10000000000001,12.105788187138614,99.7,4.582408991372107,100.15,2.116864009134429,99.65,2.378858250908454,100.2,3.78330931711743,99.60000000000001,2.7593256136149784,100.25,6.9058441785147355,99.55000000000001,3.8248365631540864,100.3,3.199209802850177,99.5,9.396274911417754,100.35000000000001,0.7165047026131386,99.45,8.292931077477407,100.4,0.909497197364195
1710000010.49999,100209,FI2010_LSE,99.95,14.026215978710063,100.0,7.603849643174788,99.9,3.67695248721786,100.05,6.360406123336704,99.85000000000001,6.037315662383142,100.1,5.345981651447678,99.8,9.631484377660627,100.15,7.2757749894133985,99.75,3.0867205831447584,100.2,2.049545101143273,99.7,5.662640227883658,100.25,1.8646906388511963,99.65,7.006974624661849,100.3,3.783039788965563,99.60000000000001,0.907050848737827,100.35,2.386421996794286,99.55,3.7169092223462736,100.4,2.9662769605779493,99.5,3.8249989125044284,100.45,23.51001338148676
1710000010.54999,100210,FI2010_LSE,99.95,4.478921086283951,100.0,12.29122206662576,99.9,6.70144355846115,100.05,5.527693417648795,99.85000000000001,4.251187847536579,100.1,4.913860829039304,99.8,5.519646618097727,100.15,5.888143598797768,99.75,10.398224666715949,100.2,2.7836574144523305,99.7,2.9216226787758472,100.25,9.842497403980174,99.65,9.652697048721041,100.3,9.961205225186156,99.60000000000001,1.7622245131412622,100.35,13.047121242819658,99.55,0.8343524617672575,100.4,2.2683730151622767,99.5,1.1594471205181072,100.45,7.266853901080706
1710000010.59999,100211,FI2010_LSE,99.9,20.200673265518624,100.0,8.79017750190627,99.85000000000001,3.4586624671626263,100.05,7.575208215059232,99.80000000000001,13.971563109025608,100.1,3.5710388125686388,99.75,2.6208973540980365,100.15,5.769867457069914,99.7,9.997377510892242,100.2,5.382273688087929,99.65,7.654613474775378,100.25,3.822380371390532,99.60000000000001,2.4160415281608776,100.3,8.862220010980609,99.55000000000001,7.936248761660714,100.35,1.0772085323913003,99.5,5.829417938213759,100.4,2.551477487744389,99.45,2.3695939306609937,100.45,3.88593905896382
1710000010.6499898,100212,FI2010_LSE,99.85000000000001,3.726954393716836,99.9,7.562495375947067,99.80000000000001,5.00733333377037,99.95,5.4802805129595225,99.75000000000001,6.302762778318052,100.0,8.149154504848852,99.7,2.6533283057783494,100.05000000000001,6.540572084826975,99.65,19.591543938215143,100.10000000000001,4.002778821891885,99.60000000000001,4.917370105691646,100.15,3.3603201920093566,99.55000000000001,22.633129282465294,100.2,1.3314890163004804,99.50000000000001,4.7116328688753,100.25,1.7720062149377038,99.45,2.87035461424806,100.30000000000001,1.0740290376245365,99.4,0.23011563607836782,100.35000000000001,7.090927706483723
1710000010.6999898,100213,FI2010_LSE,99.75,7.344842484331982,99.8,4.785182068105711,99.7,4.245932995796734,99.85,7.097943997183277,99.65,4.571414485262709,99.89999999999999,9.779579204432892,99.6,4.006529872421996,99.95,10.39075997469726,99.55,4.296488526381206,100.0,2.095921810315783,99.5,4.5252014277234185,100.05,4.040606970935043,99.45,7.883448443129239,100.1,5.492331244921655,99.4,0.8672069294982994,100.14999999999999,3.611278600900908,99.35,6.70272395811547,100.2,0.6751565016402143,99.3,3.634365269168709,100.25,0.6781381790761011
1710000010.7499897,100214,FI2010_LSE,99.75,5.913674662814943,99.8,6.729666279744991,99.7,8.464865455475067,99.85,6.299064919387796,99.65,11.396991717398942,99.89999999999999,4.019266741297553,99.6,3.8159846945431193,99.95,3.6625087029542227,99.55,3.762061032220953,100.0,5.259738360703315,99.5,8.972311484255131,100.05,4.8203990102936345,99.45,8.649907299250245,100.1,1.7517959080983139,99.4,1.8374111114602287,100.14999999999999,1.7037159087468203,99.35,12.359890173045518,100.2,2.0735960361668835,99.3,2.5953326910563845,100.25,1.773212956992548
1710000010.7999897,100215,FI2010_LSE,99.75,6.237041060372125,99.85,5.732468577256086,99.7,9.141456746252157,99.89999999999999,4.228294772155476,99.65,3.4501696283909085,99.94999999999999,5.493245648729834,99.6,15.548048863921663,100.0,8.706776059125815,99.55,8.81783151085694,100.05,3.5276523346972573,99.5,3.9376035221722967,100.1,14.699581108169955,99.45,1.2629167185160957,100.14999999999999,3.740439535352506,99.4,2.1674208924011538,100.19999999999999,4.946588411623611,99.35,1.0692731721354725,100.25,4.486440786570911,99.3,0.8991465758372427,100.3,3.6738443923022275
1710000010.8499897,100216,FI2010_LSE,99.75,4.194245929596564,99.8,7.200864929635475,99.7,7.770322374565907,99.85,21.487384512070044,99.65,6.187449210786953,99.89999999999999,4.135133808151724,99.6,7.894134875374941,99.95,6.082962253852933,99.55,8.435990069454917,100.0,2.5644965071338044,99.5,2.041583761984967,100.05,1.943859664872541,99.45,6.662150885761109,100.1,12.184617810928206,99.4,1.4072794998188023,100.14999999999999,8.25768660150107,99.35,2.013156353837232,100.2,10.1229617843503,99.3,1.9142618682008277,100.25,1.7825411271697802
1710000010.8999896,100217,FI2010_LSE,99.7,6.72335038118926,99.8,18.530368891958467,99.65,9.297669508655503,99.85,5.019035467446511,99.60000000000001,12.19024831116331,99.89999999999999,8.975364886275951,99.55,9.147853521990843,99.95,5.169338496091747,99.5,3.13327016946958,100.0,29.391312569137238,99.45,3.222931068149406,100.05,3.0061336960407177,99.4,7.417525350776148,100.1,3.0801662555860676,99.35000000000001,4.350530095804022,100.14999999999999,1.7266843595384542,99.3,0.7351973541844116,100.2,1.578818724169973,99.25,5.757998393871031,100.25,1.1057536270728614
1710000010.9499896,100218,FI2010_LSE,99.7,4.250585690703202,99.75,3.938463670271351,99.65,3.572296410614935,99.8,7.461451312790811,99.60000000000001,7.748009490091448,99.85,5.8372799380509095,99.55,8.549964331955632,99.9,2.63220506619336,99.5,3.8202890391043836,99.95,2.2237506863387004,99.45,7.353568685771645,100.0,6.598950077693388,99.4,2.856517862535733,100.05,6.276370464011004,99.35000000000001,6.258273663543498,100.1,1.065850814702188,99.3,10.829724828771788,100.15,3.263680630310925,99.25,7.077279766196442,100.2,12.845945159330656
1710000010.9999895,100219,FI2010_LSE,99.60000000000001,6.476163921838115,99.75000000000001,8.722782841518477,99.55000000000001,6.376747729059202,99.80000000000001,7.695061837163915,99.50000000000001,3.004295005145443,99.85000000000001,4.281022585978421,99.45,2.908124518340133,99.90000000000002,4.192273942166649,99.4,3.1238146103566935,99.95000000000002,3.6913250858996296,99.35000000000001,5.597497842572736,100.00000000000001,9.563797971535655,99.30000000000001,1.8822993445155995,100.05000000000001,1.7845643589988767,99.25000000000001,17.537805096203613,100.10000000000001,1.6059019714917309,99.2,0.5793765686855755,100.15000000000002,8.060315906223437,99.15,7.89736921364801,100.20000000000002,5.986193261058369
1710000011.0499895,100220,FI2010_LSE,99.65,6.426514533467056,99.80000000000001,11.846366528335404,99.60000000000001,8.732476132446532,99.85000000000001,6.062627289465337,99.55000000000001,11.48107177744486,99.9,9.81197461519095,99.5,2.751256689605585,99.95000000000002,2.8043893554998953,99.45,2.924405098610496,100.00000000000001,3.6963224783325206,99.4,2.14121847728864,100.05000000000001,2.749587684702666,99.35000000000001,1.6402926878520065,100.10000000000001,2.1693797314362464,99.30000000000001,3.2644559249193064,100.15,3.3585988475475537,99.25,0.7163306821462829,100.20000000000002,1.36696989559989,99.2,3.1653300338068497,100.25000000000001,3.435082720062817
1710000011.0999894,100221,FI2010_LSE,99.65,7.3405854514736815,99.7,3.659024729298884,99.60000000000001,16.179467194348643,99.75,8.26450944372107,99.55000000000001,10.38388250426329,99.8,11.685267947052997,99.5,6.288725617508337,99.85000000000001,4.523438671389652,99.45,6.588197932187138,99.9,6.632933034336643,99.4,4.130537101297204,99.95,1.6715155069358567,99.35000000000001,3.908327464366941,100.0,5.189912987346556,99.30000000000001,3.806990888208346,100.05,3.99617720381616,99.25,3.0171993229888163,100.10000000000001,4.295109064916562,99.2,3.185755700342472,100.15,0.1655922703761925
1710000011.1499894,100222,FI2010_LSE,99.60000000000001,4.133201834800406,99.75000000000001,6.122538255770724,99.55000000000001,6.352142852370303,99.80000000000001,12.444222319692177,99.50000000000001,3.7379731552918543,99.85000000000001,4.501981607206185,99.45,4.32218794423769,99.90000000000002,16.597791604955106,99.4,13.675115139198873,99.95000000000002,5.445619693837024,99.35000000000001,13.454848709885967,100.00000000000001,3.66128176954209,99.30000000000001,5.361491650350622,100.05000000000001,1.8574741780887223,99.25000000000001,1.7130675633544126,100.10000000000001,5.398725602493573,99.2,8.97382069795622,100.15000000000002,1.4463580143526968,99.15,6.767026295466586,100.20000000000002,5.2635457201190095
1710000011.1999893,100223,FI2010_LSE,99.65,8.710881618228026,99.7,6.210460615477579,99.60000000000001,7.530507653710251,99.75,7.385492764676391,99.55000000000001,14.13776515192884,99.8,3.4038430199826823,99.5,12.390638221437568,99.85000000000001,3.2988295597904678,99.45,4.549482797579296,99.9,10.742621359223746,99.4,4.721358908810315,99.95,8.560975380560894,99.35000000000001,4.470756445817982,100.0,1.689890058548389,99.30000000000001,0.8946566815040078,100.05,2.0579325302612457,99.25,3.357030695874228,100.10000000000001,32.19138245610034,99.2,1.420135518180019,100.15,0.9205746830943651
1710000011.2499893,100224,FI2010_LSE,99.7,9.512461541592646,99.75,4.719753145110835,99.65,8.952990409013626,99.8,15.111816046008173,99.60000000000001,8.819615492176,99.85,6.93170035630466,99.55,2.8989505638595596,99.9,3.0216019697660785,99.5,6.832101864783781,99.95,12.992909382786353,99.45,4.505627716640007,100.0,2.2333596423857016,99.4,3.3889664712069107,100.05,11.216735657647074,99.35000000000001,3.500652491664604,100.1,1.2234398115201701,99.3,4.998210663448845,100.15,1.201666111796269,99.25,9.287855894115536,100.2,0.7487880343477277
1710000011.2999892,100225,FI2010_LSE,99.75,8.121329319510036,99.8,6.430912169553679,99.7,3.6229895150550786,99.85,3.8468236498333743,99.65,7.870749336506615,99.89999999999999,3.6518909206888703,99.6,4.273579856323099,99.95,9.563259216054089,99.55,7.04114746330044,100.0,4.86148570595533,99.5,4.275229167308664,100.05,6.453406887924624,99.45,4.397004426830868,100.1,18.585658301383955,99.4,7.555763354211753,100.14999999999999,2.1228821056581673,99.35,3.9531736422196175,100.2,4.506685877202578,99.3,18.507317511814296,100.25,23.118292831865848
1710000011.3499892,100226,FI2010_LSE,99.7,5.875743655804053,99.75,11.786243209516918,99.65,3.328816057004231,99.8,3.659012681758281,99.60000000000001,11.460261489922082,99.85,5.3772166410379985,99.55,13.479955615688803,99.9,5.048987467223412,99.5,5.634038726018268,99.95,7.531811058198095,99.45,5.862558151211747,100.0,5.6301470144974495,99.4,7.713022639632958,100.05,9.759230010360877,99.35000000000001,1.094062214238324,100.1,3.3297903236963577,99.3,2.171416063900277,100.15,1.9751156568926391,99.25,3.33476461243215,100.2,0.5276359407256913
1710000011.3999891,100227,FI2010_LSE,99.60000000000001,5.510447708735755,99.7,9.259699124802669,99.55000000000001,3.3916623045053584,99.75,4.903718284840256,99.50000000000001,5.366948093606265,99.8,9.638696439653543,99.45,2.5814468572413345,99.85000000000001,9.282940394315881,99.4,3.5902981215883143,99.9,4.656981581852769,99.35000000000001,2.8761784418861094,99.95,3.572080567210719,99.30000000000001,1.751879960274247,100.0,4.636150185150947,99.25000000000001,3.1031187022826545,100.05,1.7315154389752119,99.2,0.7256992915865639,100.10000000000001,2.4143137261394485,99.15,2.0925758780768766,100.15,1.1252564772134133
1710000011.449989,100228,FI2010_LSE,99.65,3.762447854869952,99.7,9.402130718274666,99.60000000000001,7.571237280436216,99.75,5.088644361636966,99.55000000000001,4.793514214626754,99.8,3.9418036901556452,99.5,3.095373050326877,99.85000000000001,4.593979426737519,99.45,4.767920739240924,99.9,8.295632093765938,99.4,7.660767877524409,99.95,5.703428023805516,99.35000000000001,4.017429727299989,100.0,2.5692263529005057,99.30000000000001,2.2645467261910053,100.05,6.753119436323067,99.25,2.3658290706917637,100.10000000000001,2.014057418079554,99.2,5.431386590385177,100.15,4.933219108327715
1710000011.499989,100229,FI2010_LSE,99.55000000000001,15.127382559211092,99.65,7.222754255515631,99.50000000000001,4.131929333473809,99.7,10.072977240891735,99.45000000000002,6.5362057295493745,99.75,3.510404594081084,99.4,5.273657008414202,99.80000000000001,7.380241855682893,99.35000000000001,2.9952633866613354,99.85000000000001,9.21602654555554,99.30000000000001,2.461363822614685,99.9,9.083932413731443,99.25000000000001,1.2084646700052608,99.95,2.006091196623146,99.20000000000002,1.3155828478946514,100.0,1.3591888731979127,99.15,4.236706690857171,100.05000000000001,2.286850300297071,99.10000000000001,4.465479402852382,100.10000000000001,4.497812477744298
1710000011.549989,100230,FI2010_LSE,99.55000000000001,4.302297001657402,99.60000000000001,4.551687894677697,99.50000000000001,3.790309970624901,99.65,3.781984826535987,99.45000000000002,4.405099989434042,99.7,9.33141578013845,99.4,11.571237935944321,99.75000000000001,4.1397240628783845,99.35000000000001,5.4475075459616145,99.80000000000001,5.1030603962035475,99.30000000000001,5.234097937336794,99.85000000000001,6.366211713924326,99.25000000000001,1.3245886484550091,99.9,1.599386225003244,99.20000000000002,5.563198320021641,99.95,1.0048035833798195,99.15,1.196079390854818,100.00000000000001,2.6293787805258795,99.10000000000001,3.2869572153875333,100.05000000000001,15.553179274630152
1710000011.599989,100231,FI2010_LSE,99.55000000000001,5.190361874411742,99.60000000000001,9.526849336074704,99.50000000000001,8.947870973104237,99.65,4.723047978050092,99.45000000000002,8.38894414852535,99.7,5.240911778821339,99.4,6.693411743604951,99.75000000000001,2.600385661562196,99.35000000000001,4.046513901385658,99.80000000000001,22.280426400210395,99.30000000000001,7.5415388200978235,99.85000000000001,4.0019921677828485,99.25000000000001,13.308873468245277,99.9,2.127801192447493,99.20000000000002,4.603446817558943,99.95,0.8826966451770344,99.15,12.028354095409743,100.00000000000001,1.3475344423823747,99.10000000000001,5.508157666709292,100.05000000000001,1.7493212390430382
1710000011.649989,100232,FI2010_LSE,99.5,5.0779499729788515,99.6,4.8268299605990395,99.45,8.289261651490012,99.64999999999999,5.288372884230794,99.4,2.833597469139986,99.69999999999999,4.447825139372522,99.35,2.5114224878941025,99.75,6.101295791319902,99.3,5.838920958071134,99.8,2.9750212103813523,99.25,7.402355178022603,99.85,9.2019691066048,99.2,5.329865419158704,99.89999999999999,2.6700432100238913,99.15,4.311237649199801,99.94999999999999,1.1163204777553477,99.1,2.7444760866361864,100.0,2.059707293122416,99.05,8.59368366251122,100.05,3.653192466982448
1710000011.6999888,100233,FI2010_LSE,99.55000000000001,4.005691301985182,99.60000000000001,6.101623664937355,99.50000000000001,4.0631343157812525,99.65,3.439070466588519,99.45000000000002,9.945273561650518,99.7,3.3315603323338685,99.4,2.957603318843506,99.75000000000001,4.189140262188479,99.35000000000001,4.648705304211275,99.80000000000001,6.649660982255526,99.30000000000001,5.282867044014964,99.85000000000001,3.5742805692038275,99.25000000000001,2.5474866923166806,99.9,6.205900213163692,99.20000000000002,3.1602080425126022,99.95,2.4605620557768835,99.15,10.756976628108644,100.00000000000001,2.593730815771464,99.10000000000001,0.2555741427968076,100.05000000000001,8.584693073466207
1710000011.7499888,100234,FI2010_LSE,99.55000000000001,7.35402022156865,99.60000000000001,4.2104372074678285,99.50000000000001,7.880914530233989,99.65,4.838991752642629,99.45000000000002,14.282722688237085,99.7,2.812579804874491,99.4,9.97940695407303,99.75000000000001,7.895934670327351,99.35000000000001,7.949318717077566,99.80000000000001,8.869293268846029,99.30000000000001,5.87934864627716,99.85000000000001,4.9683492754403495,99.25000000000001,7.864741976608089,99.9,1.8141879165169195,99.20000000000002,2.5478619216218377,99.95,27.080030525306874,99.15,1.0439030365869875,100.00000000000001,1.529680060968718,99.10000000000001,0.6039831541237203,100.05000000000001,6.161747619722915
1710000011.7999887,100235,FI2010_LSE,99.5,7.306651563281372,99.55,6.451755375362117,99.45,10.870761952230659,99.6,4.294826803181715,99.4,8.69163787705856,99.64999999999999,3.4551909329486845,99.35,3.548051983941201,99.7,2.963330055365958,99.3,6.918185963423929,99.75,2.4159313166686767,99.25,7.430426303251865,99.8,2.2846678825906515,99.2,1.2315458837943085,99.85,3.40828596280129,99.15,1.0528533247531942,99.89999999999999,3.1365496908621617,99.1,4.012594440666455,99.95,0.812222343740373,99.05,2.0197688105233955,100.0,4.8471731556304976
1710000011.8499887,100236,FI2010_LSE,99.55000000000001,3.9426973244876535,99.60000000000001,7.118939571305812,99.50000000000001,6.703000029655896,99.65,5.697420245649729,99.45000000000002,3.339650331296415,99.7,4.868546374566246,99.4,3.1778116756762773,99.75000000000001,18.127076294720382,99.35000000000001,5.989694332559523,99.80000000000001,10.514324460472181,99.30000000000001,1.770464564414451,99.85000000000001,2.407553154211618,99.25000000000001,9.681951967684697,99.9,1.3580856429778316,99.20000000000002,1.9112497283986487,99.95,1.6166685552666036,99.15,7.51976744537115,100.00000000000001,6.558868383502331,99.10000000000001,1.7792976725631269,100.05000000000001,0.1
1710000011.8999887,100237,FI2010_LSE,99.55000000000001,19.694140022833015,99.60000000000001,7.905782362442439,99.50000000000001,6.791969134321082,99.65,3.2061960453509606,99.45000000000002,4.586150498537666,99.7,6.0257253353902485,99.4,2.7447986296009717,99.75000000000001,4.980763476879856,99.35000000000001,6.878466138743906,99.80000000000001,3.8448879854226146,99.30000000000001,6.908140181725782,99.85000000000001,4.738696907005462,99.25000000000001,8.457465477937975,99.9,2.9664021282558046,99.20000000000002,1.7542308996907063,99.95,2.8939102764356717,99.15,5.475001285393249,100.00000000000001,3.661108126902821,99.10000000000001,5.513279014551696,100.05000000000001,8.99454621318831
1710000011.9499886,100238,FI2010_LSE,99.5,8.5043277007012,99.6,6.6253627909742185,99.45,7.5355430400672985,99.64999999999999,6.576240741865834,99.4,3.950947623952885,99.69999999999999,12.904266993443695,99.35,18.85188573821366,99.75,3.3318209045943465,99.3,5.411502958732644,99.8,6.960089641015453,99.25,4.581739442534486,99.85,3.8704639496643756,99.2,6.119449439846736,99.89999999999999,3.0833499616463715,99.15,8.827887217483877,99.94999999999999,1.4944223122896525,99.1,0.6195575397566943,100.0,1.7059908613853758,99.05,5.947214099504033,100.05,8.880647794526123
1710000011.9999886,100239,FI2010_LSE,99.5,3.6800943217342796,99.6,5.0482832644697195,99.45,16.597649108452742,99.64999999999999,9.552094576304981,99.4,3.180492909655134,99.69999999999999,3.7973264151652804,99.35,3.1867324260592804,99.75,25.597207545726278,99.3,2.2114621604737463,99.8,3.6137751225781978,99.25,2.4283310981380493,99.85,2.1708330871081447,99.2,3.75436686876191,99.89999999999999,2.4998627220911,99.15,7.494759779406491,99.94999999999999,2.358093355535117,99.1,2.1016045947125344,100.0,1.3811172644461986,99.05,0.686283266929591,100.05,5.603439895765199
1710000012.0499885,100240,FI2010_LSE,99.45,17.43120456744227,99.55,8.87245047645818,99.4,24.098074290431853,99.6,3.734965954422615,99.35000000000001,8.07813013862199,99.64999999999999,5.648356630613426,99.3,3.681854876472613,99.7,10.728515377135293,99.25,6.9743078586588405,99.75,2.5301589876337727,99.2,3.515865261450884,99.8,3.929790221290785,99.15,3.3572272546280857,99.85,4.752915224107046,99.10000000000001,12.226364979838175,99.89999999999999,5.633683980344507,99.05,0.6665390852648322,99.95,7.101139455609508,99.0,2.567886006307586,100.0,0.1
1710000012.0999885,100241,FI2010_LSE,99.45,6.764341564408112,99.5,10.867197277525108,99.4,12.20304380955335,99.55,9.614969432408959,99.35000000000001,13.877444621865621,99.6,10.74747361000686,99.3,3.5613026016865854,99.65,3.985320221835644,99.25,5.0824362754593615,99.7,5.491063932843978,99.2,7.141515034406634,99.75,7.009425812184617,99.15,1.5590373277685343,99.8,2.146233568934762,99.10000000000001,2.795873785924481,99.85,1.0323273259234476,99.05,7.579079700994311,99.9,6.801975731506419,99.0,8.857325457571102,99.95,1.518018802630998
1710000012.1499884,100242,FI2010_LSE,99.55000000000001,6.195285993484914,99.60000000000001,15.064159686668882,99.50000000000001,3.5356581762627806,99.65,3.5008668048363516,99.45000000000002,2.937526042201134,99.7,4.023133120922146,99.4,3.530772541456667,99.75000000000001,2.572924047034483,99.35000000000001,3.268937449782828,99.80000000000001,13.407299972734357,99.30000000000001,4.939526745999995,99.85000000000001,1.7795808052765414,99.25000000000001,8.908949358202284,99.9,4.187912483243547,99.20000000000002,4.263306067191518,99.95,1.550667587442188,99.15,1.2087174586807428,100.00000000000001,7.096266954040812,99.10000000000001,3.260424807944038,100.05000000000001,0.955195366579331
1710000012.1999884,100243,FI2010_LSE,99.55000000000001,5.916603078171686,99.60000000000001,13.93570702042666,99.50000000000001,5.931070640484418,99.65,4.730719331606773,99.45000000000002,3.088872342990122,99.7,7.632016275199382,99.4,8.731043095138405,99.75000000000001,7.2724853983018525,99.35000000000001,5.416459224311607,99.80000000000001,7.455527593237202,99.30000000000001,9.565840112547582,99.85000000000001,20.01096681577921,99.25000000000001,1.5096456620356034,99.9,7.218280794008867,99.20000000000002,15.756638000858123,99.95,2.5698776821228577,99.15,0.6481743840833858,100.00000000000001,11.998725081002751,99.10000000000001,0.7128955158749296,100.05000000000001,0.32886465591179076
1710000012.2499883,100244,FI2010_LSE,99.5,11.158237475849736,99.55,3.741285655444589,99.45,17.53977812243442,99.6,4.902756374685149,99.4,10.505059868628422,99.64999999999999,5.272072413874204,99.35,6.33621302539337,99.7,16.029374523249892,99.3,2.1407735296595214,99.75,2.461868626214721,99.25,1.8254813382741588,99.8,5.343525114269405,99.2,5.803524925425729,99.85,9.055463138241155,99.15,6.801299934112989,99.89999999999999,3.826993712048564,99.1,2.5197339731443007,99.95,9.475597383030328,99.05,0.8463777047312875,100.0,18.987689191922946
1710000012.2999883,100245,FI2010_LSE,99.5,4.723781810857793,99.55,7.681280345799641,99.45,3.8353472615665023,99.6,15.550557503655384,99.4,5.10947218685352,99.64999999999999,3.6665825979097995,99.35,5.177333917542603,99.7,2.9908505623843626,99.3,2.505767038415057,99.75,3.8591604392755725,99.25,5.1117515128435205,99.8,4.739648604392331,99.2,3.5915358374548934,99.85,1.2870458624471857,99.15,2.2235726005652854,99.89999999999999,1.077830263118833,99.1,1.0747091009287422,99.95,5.813244292336106,99.05,4.392257891073005,100.0,10.469669650642853
1710000012.3499882,100246,FI2010_LSE,99.60000000000001,7.582401265337086,99.65,4.200316468134852,99.55000000000001,5.089068209030628,99.7,5.09518940676571,99.50000000000001,6.8290841254917325,99.75,8.414702929467762,99.45,4.857755109477933,99.80000000000001,4.084911945176742,99.4,4.41449461578712,99.85000000000001,14.967724492260052,99.35000000000001,8.189115887828109,99.9,3.7040459879126812,99.30000000000001,17.26798586332041,99.95,1.7612904264354534,99.25000000000001,1.410745220438291,100.0,7.217792540679691,99.2,0.46824253897566537,100.05000000000001,7.805130648857166,99.15,2.0705278490546704,100.10000000000001,3.413835475464676
1710000012.3999882,100247,FI2010_LSE,99.60000000000001,4.705628454214024,99.65,15.978473907790844,99.55000000000001,7.14585112597409,99.7,10.410884071795593,99.50000000000001,5.097607128758252,99.75,4.592806063119016,99.45,2.4343192099282023,99.80000000000001,3.265822530688582,99.4,3.7634992019198146,99.85000000000001,6.566954807803753,99.35000000000001,5.8667387283471655,99.9,2.9594264058517905,99.30000000000001,1.743906922742966,99.95,2.933667413673871,99.25000000000001,9.636400633349124,100.0,3.950032548024268,99.2,3.327228956153419,100.05000000000001,2.9754480361054116,99.15,0.9975473605964515,100.10000000000001,1.4386103275221893
1710000012.4499881,100248,FI2010_LSE,99.60000000000001,5.105377788076682,99.65,7.395520982855862,99.55000000000001,6.52804479158644,99.7,6.895977657996557,99.50000000000001,3.2601861043724063,99.75,4.750774828174778,99.45,6.89247147410731,99.80000000000001,4.695273998940849,99.4,4.672413141111702,99.85000000000001,2.9195483783224585,99.35000000000001,2.347022606310801,99.9,5.940570417020705,99.30000000000001,2.0980649468534036,99.95,8.289940366634426,99.25000000000001,0.8399412497577011,100.0,5.364737386927582,99.2,3.7829227440340225,100.05000000000001,11.113452790496272,99.15,1.6764461655012337,100.10000000000001,5.013096538802853
1710000012.499988,100249,FI2010_LSE,99.65,5.314716345422376,99.7,8.534392910733203,99.60000000000001,6.4968281148772675,99.75,5.773160072705677,99.55000000000001,9.830167206441978,99.8,5.497775217511613,99.5,4.5244868439181065,99.85000000000001,5.610997106846128,99.45,4.322700911322649,99.9,6.892600483327453,99.4,15.089861001361125,99.95,4.978927254658528,99.35000000000001,4.216259567505725,100.0,6.750535145310395,99.30000000000001,1.4406766504773039,100.05,6.663533421259516,99.25,2.581406173413251,100.10000000000001,10.80619085219405,99.2,0.8941041830439461,100.15,2.0863089165590347
1710000012.549988,100250,FI2010_LSE,99.7,3.7415228293570135,99.75,4.047692881914522,99.65,5.661138062753281,99.8,8.682731742085029,99.60000000000001,3.7782918677137998,99.85,8.471470161158752,99.55,6.503556833997448,99.9,2.451804984032983,99.5,22.38883290536599,99.95,5.868172578093732,99.45,1.9881668763298215,100.0,1.662528824544576,99.4,2.8658046176404905,100.05,2.8966307668392175,99.35000000000001,4.720035388964135,100.1,10.619820213228515,99.3,3.410009798836966,100.15,1.3597707842879652,99.25,11.14247315674087,100.2,4.346218199626902
1710000012.599988,100251,FI2010_LSE,99.7,6.339110188188685,99.75,4.437317822564168,99.65,3.6561738668406925,99.8,7.209273934939384,99.60000000000001,6.398752230355816,99.85,8.986510415886531,99.55,4.653689798667806,99.9,18.966386288109412,99.5,3.494138485028351,99.95,9.016346128471536,99.45,3.0195259450276755,100.0,3.3394473638605593,99.4,4.377633767311773,100.05,7.764382207529979,99.35000000000001,7.588796461347272,100.1,1.752117474007668,99.3,2.4279985772445274,100.15,0.8675474601052645,99.25,2.064199862146639,100.2,2.419789270294463
1710000012.649988,100252,FI2010_LSE,99.7,13.025526299096494,99.75,5.436849286354072,99.65,6.276371231906092,99.8,7.823037417041741,99.60000000000001,9.544482913956902,99.85,7.650307566482276,99.55,7.924109177456539,99.9,4.207662411218719,99.5,4.765191644687689,99.95,4.631375403532234,99.45,2.6029539653501166,100.0,2.1671024698818826,99.4,1.4118240066405836,100.05,1.6827043197933311,99.35000000000001,3.831824974665686,100.1,1.424404865674697,99.3,1.4983304777877189,100.15,2.166497216750051,99.25,4.725908565356262,100.2,3.964270394208108
1710000012.699988,100253,FI2010_LSE,99.65,3.7418459511514954,99.75,5.901087780219054,99.60000000000001,4.656706575389352,99.8,10.139072818315142,99.55000000000001,4.771407281037863,99.85,3.5837645649648104,99.5,12.27193124270961,99.9,3.4885721688487568,99.45,7.790141404266176,99.95,4.920251804367224,99.4,2.235256252546744,100.0,1.8031385292252595,99.35000000000001,2.7795721722500177,100.05,16.049261291769447,99.30000000000001,3.339358553317826,100.1,2.530664171233629,99.25,1.9797890217290028,100.15,3.95824617947753,99.2,5.207775334762162,100.2,3.2639458935381307
1710000012.7499878,100254,FI2010_LSE,99.7,5.794519827208783,99.75,6.814496127155534,99.65,4.017521528893751,99.8,8.296798765115692,99.60000000000001,5.054004847641034,99.85,3.3750870344340047,99.55,7.903825230531826,99.9,5.168975311395171,99.5,3.81323259717447,99.95,4.210884209905348,99.45,2.7803712303951302,100.0,2.6889964291725557,99.4,4.0503814243187914,100.05,6.140696814017261,99.35000000000001,2.431012944508934,100.1,1.8156256713029433,99.3,1.925119480295046,100.15,7.134552958494476,99.25,4.093303770099803,100.2,6.543086193356889
1710000012.7999878,100255,FI2010_LSE,99.75,4.698956500429173,99.8,9.702131802460059,99.7,6.976272413927804,99.85,20.182467114408443,99.65,3.374124675742274,99.89999999999999,2.8438124073582327,99.6,6.696741655276045,99.95,11.187950033139138,99.55,6.797150003621037,100.0,3.698315470145749,99.5,9.892267139365979,100.05,4.882512173477252,99.45,1.45058618323582,100.1,3.9556222623734505,99.4,8.26409672613649,100.14999999999999,11.94028161056013,99.35,0.416198977816771,100.2,4.281227925972277,99.3,0.1,100.25,0.39742463491017394
1710000012.8499877,100256,FI2010_LSE,99.7,6.370762294900247,99.75,12.670982048652036,99.65,6.758523371791675,99.8,3.5505565495268967,99.60000000000001,4.931163769776228,99.85,2.8315427884078943,99.55,2.9490083105606226,99.9,2.5872653088039366,99.5,2.181520720016084,99.95,4.329619215023963,99.45,4.69641306276184,100.0,4.205338687755503,99.4,6.448382660373407,100.05,1.8959847698087966,99.35000000000001,1.741438595456759,100.1,12.04338853057158,99.3,0.6255636334367105,100.15,10.44589147230575,99.25,1.128614061609504,100.2,9.343969012388746
1710000012.8999877,100257,FI2010_LSE,99.7,3.9610455132018427,99.75,5.615431014269081,99.65,5.817502938243111,99.8,8.575272349542576,99.60000000000001,15.623889631322804,99.85,3.157998468405449,99.55,2.714687066055985,99.9,20.93866666653566,99.5,5.050967512137397,99.95,4.3672187455426315,99.45,7.148636158568484,100.0,4.188425831996464,99.4,6.103901748426698,100.05,4.20717672912777,99.35000000000001,1.1838403405674978,100.1,1.3111080588656483,99.3,3.5450704577649685,100.15,5.590081484512666,99.25,5.911825063326102,100.2,2.589336994024572
1710000012.9499876,100258,FI2010_LSE,99.65,5.753153991728087,99.80000000000001,6.593516239436648,99.60000000000001,7.311644160127244,99.85000000000001,25.132878660577887,99.55000000000001,8.001647669182367,99.9,3.9894258238908424,99.5,3.4669318823209707,99.95000000000002,8.729162871365105,99.45,3.2628424808945002,100.00000000000001,4.893423852847679,99.4,8.081729134490788,100.05000000000001,13.53832689864299,99.35000000000001,2.6987712436514792,100.10000000000001,7.223334413635707,99.30000000000001,4.259589000281973,100.15,12.48508762212936,99.25,12.381357758295414,100.20000000000002,5.072563559909841,99.2,3.261829023072377,100.25000000000001,2.7122151838970976
1710000012.9999876,100259,FI2010_LSE,99.7,7.542290880434898,99.75,5.463379665303403,99.65,3.890730863426911,99.8,5.796211465490227,99.60000000000001,4.78547625870137,99.85,10.882089434069465,99.55,4.514911693737224,99.9,5.193228599001843,99.5,3.9863667306886086,99.95,2.4108889075867137,99.45,3.706907506799149,100.0,2.796991003637065,99.4,3.838837180925824,100.05,1.372019127754295,99.35000000000001,3.549579509084408,100.1,2.845899691583088,99.3,2.0850664267447496,100.15,2.368289921985594,99.25,1.503141053284686,100.2,10.877350159576467
1710000013.0499876,100260,FI2010_LSE,99.7,4.628156734908228,99.75,5.559250591940779,99.65,23.15235814178675,99.8,3.840186274799808,99.60000000000001,4.086110472054578,99.85,8.505225731691306,99.55,4.502770426222945,99.9,2.6843047376692337,99.5,4.302405082050902,99.95,7.8328483824614,99.45,1.6468722703853755,100.0,1.707392361987831,99.4,11.027898411332014,100.05,12.081865125474028,99.35000000000001,6.319915075509189,100.1,1.8034295633575168,99.3,2.8215534441290053,100.15,1.7889651950751406,99.25,1.3682639404651018,100.2,6.749555382633856
1710000013.0999875,100261,FI2010_LSE,99.7,13.580195766833473,99.75,8.192924692343434,99.65,3.880748591132497,99.8,3.9811649113247194,99.60000000000001,4.519577153578135,99.85,4.590527251438284,99.55,6.070749560042738,99.9,7.0998116370814675,99.5,9.267628623487838,99.95,26.17779099523478,99.45,6.3235904879783735,100.0,3.662270720462983,99.4,3.064042441701406,100.05,1.5409097687013156,99.35000000000001,2.0770234699932235,100.1,11.889773710804757,99.3,7.458841043049202,100.15,7.513035760233389,99.25,9.978395796920545,100.2,2.845353641386663
1710000013.1499875,100262,FI2010_LSE,99.7,6.518945644652847,99.75,9.843525844709939,99.65,6.537294665052785,99.8,4.32042529469805,99.60000000000001,3.6205330016262414,99.85,4.51600113837225,99.55,6.077300636291643,99.9,9.848364891387464,99.5,3.645512919690935,99.95,6.662116934709875,99.45,3.1846826046577283,100.0,1.937192225892819,99.4,3.1386320823807483,100.05,4.310194900764353,99.35000000000001,10.619167307228627,100.1,3.7283168787959857,99.3,1.5759225774254992,100.15,3.0158960261507772,99.25,0.8630237091464127,100.2,2.9754767609400514
1710000013.1999874,100263,FI2010_LSE,99.7,4.533294162862297,99.8,9.359013386707423,99.65,4.957957030233262,99.85,13.770819186384742,99.60000000000001,15.887695948175919,99.89999999999999,5.869069357660097,99.55,2.7001989806346276,99.95,2.937846610738959,99.5,6.293429529585677,100.0,2.041245030344327,99.45,13.790889215039615,100.05,5.9595328275250505,99.4,2.91132728327857,100.1,1.903037615598481,99.35000000000001,2.040773790450845,100.14999999999999,8.871536457730974,99.3,1.850783242606071,100.2,3.566260361649667,99.25,5.503294715001317,100.25,5.156302768263573
1710000013.2499874,100264,FI2010_LSE,99.7,8.271409949320661,99.75,5.339270647548065,99.65,5.213699320870655,99.8,18.646353825037654,99.60000000000001,4.260342432138646,99.85,6.645869588998266,99.55,8.39157513580956,99.9,2.6224940824176217,99.5,6.734323087239701,99.95,6.7127179015185545,99.45,7.549427063894344,100.0,3.7078043723881167,99.4,8.298419747224974,100.05,3.505657384874803,99.35000000000001,18.223231670072074,100.1,1.0556781023181083,99.3,2.2235911372521695,100.15,1.0207640561045423,99.25,13.242894887996757,100.2,1.2914839503692281
1710000013.2999873,100265,FI2010_LSE,99.65,12.981476600856448,99.7,5.087770170114269,99.60000000000001,8.583939818877344,99.75,7.512220867231071,99.55000000000001,6.177562919383302,99.8,8.132669675515691,99.5,5.976159964606409,99.85000000000001,12.72574882512565,99.45,4.440748354585903,99.9,5.970100439104685,99.4,9.41152258153897,99.95,2.2092487608886673,99.35000000000001,2.824010474788338,100.0,1.3345858303345073,99.30000000000001,5.208286738859079,100.05,3.2102855656134475,99.25,4.371292004653451,100.10000000000001,2.3750184693309175,99.2,0.4253600043827771,100.15,1.5581170966044156
1710000013.3499873,100266,FI2010_LSE,99.65,6.077577416263537,99.7,10.218244846067462,99.60000000000001,4.199590377198635,99.75,4.781073620261321,99.55000000000001,7.931954855635528,99.8,3.579247965914317,99.5,6.2255836148393975,99.85000000000001,3.1397446425197906,99.45,4.179278219395612,99.9,9.547415659635941,99.4,2.7461479020445907,99.95,8.383763137323164,99.35000000000001,3.8312485702745844,100.0,1.8816083631360825,99.30000000000001,12.050728890945862,100.05,2.8517652141647174,99.25,1.9307077429653083,100.10000000000001,0.6469234097263342,99.2,3.476718080013044,100.15,7.051641250526878
1710000013.3999872,100267,FI2010_LSE,99.7,5.152595237635628,99.75,8.894638961742302,99.65,3.358658438429946,99.8,13.656095262060042,99.60000000000001,8.964749493651912,99.85,5.389914485945964,99.55,4.61530594223264,99.9,9.836804183745247,99.5,2.040530259361726,99.95,2.212257273807032,99.45,4.032637083655617,100.0,2.5308078509220575,99.4,1.324014303856932,100.05,2.1906489344080367,99.35000000000001,1.8404836017258117,100.1,2.0334095355943953,99.3,2.4297950549915637,100.15,1.924720750712897,99.25,8.64363057285292,100.2,3.841825737531763
1710000013.4499872,100268,FI2010_LSE,99.7,19.521434945989625,99.8,11.565057573663738,99.65,3.400869294363847,99.85,4.104393851366325,99.60000000000001,12.508375887725718,99.89999999999999,8.66768063821519,99.55,13.760993636725994,99.95,11.733758166065787,99.5,3.757406391013856,100.0,2.4117618612620335,99.45,2.1246381533120395,100.05,1.9941132096555916,99.4,5.627617154059901,100.1,1.4656931354031764,99.35000000000001,1.248741038905845,100.14999999999999,2.1687512219912177,99.3,6.346096878583613,100.2,1.2718093090210014,99.25,4.002288805253155,100.25,1.1440331566893713
1710000013.4999871,100269,FI2010_LSE,99.75,4.973670758702852,99.85,4.178146713483837,99.7,17.674320788374565,99.89999999999999,6.791821271292125,99.65,4.795460901999647,99.94999999999999,5.199688871863179,99.6,5.951842364555338,100.0,3.1886276693768565,99.55,5.963782680989066,100.05,10.341441585813506,99.5,2.4677523300404745,100.1,8.769579874967757,99.45,7.6529259462128465,100.14999999999999,4.637663023775561,99.4,5.658519520308114,100.19999999999999,2.2573179819264326,99.35,0.45144117648060494,100.25,1.4115077073276971,99.3,0.7147219004173653,100.3,1.1440270883014203
1710000013.549987,100270,FI2010_LSE,99.80000000000001,4.405147002066188,99.85000000000001,3.902186161347257,99.75000000000001,6.24625449206229,99.9,4.499323514611905,99.70000000000002,12.573336139098522,99.95,2.9999999196172022,99.65,4.917109898487832,100.00000000000001,9.43190869012497,99.60000000000001,3.0095963030632413,100.05000000000001,8.034128867583046,99.55000000000001,1.7127473342485433,100.10000000000001,7.638444368996913,99.50000000000001,5.121001236238448,100.15,2.01905072946108,99.45000000000002,6.6562476428597455,100.2,2.9053569296335517,99.4,1.79621859184082,100.25000000000001,2.629720287369438,99.35000000000001,5.85741748903511,100.30000000000001,4.859587438589964
1710000013.599987,100271,FI2010_LSE,99.80000000000001,6.621709470431185,99.85000000000001,5.553456138271599,99.75000000000001,7.522505789402767,99.9,20.33285657973267,99.70000000000002,2.9178679280630178,99.95,8.100263093056725,99.65,13.034819684670396,100.00000000000001,5.803740534392448,99.60000000000001,7.960985081473891,100.05000000000001,2.350902017712433,99.55000000000001,2.1456135251296606,100.10000000000001,19.18626796375068,99.50000000000001,1.206580541748897,100.15,3.029943770536892,99.45000000000002,7.083935638002677,100.2,1.1908762080106614,99.4,3.2246955615847877,100.25000000000001,0.9038601643434749,99.35000000000001,17.667684035309748,100.30000000000001,6.923400400603396
1710000013.649987,100272,FI2010_LSE,99.85000000000001,25.62338062837227,99.9,11.377285795615231,99.80000000000001,5.112717513116154,99.95,14.494507417366563,99.75000000000001,4.8288140298645015,100.0,5.0131055469058365,99.7,3.6412643892241423,100.05000000000001,2.4315843565510793,99.65,6.843035335709645,100.10000000000001,16.153763175107503,99.60000000000001,7.779368263216426,100.15,5.739428738861568,99.55000000000001,3.741416027407994,100.2,11.894548461860943,99.50000000000001,4.45675960146071,100.25,1.1455986535116374,99.45,3.806541943995186,100.30000000000001,4.27775332488819,99.4,5.162176463174603,100.35000000000001,4.190294114085452
1710000013.699987,100273,FI2010_LSE,99.85000000000001,4.4968857016240555,99.95,7.568503757074213,99.80000000000001,8.000616891280275,100.0,3.78224927926673,99.75000000000001,9.889428155973562,100.05,3.015805048295974,99.7,10.821858510962652,100.10000000000001,3.145067459317964,99.65,23.686951327155196,100.15,2.1925282601916884,99.60000000000001,4.963112103702302,100.2,7.461858124686525,99.55000000000001,4.250194002491838,100.25,2.2561274503272335,99.50000000000001,17.465831183984655,100.3,1.4366112225769374,99.45,1.785342298648255,100.35000000000001,10.403554120498857,99.4,1.4016725475858045,100.4,0.1870952560734118
1710000013.749987,100274,FI2010_LSE,99.75,12.078049031472997,99.9,16.69653312039874,99.7,11.755927907331916,99.95,4.185337941189749,99.65,4.6091863436594265,100.0,7.174557528539989,99.6,5.642826721099868,100.05000000000001,5.245838685105111,99.55,9.844050755121227,100.10000000000001,3.859080452917752,99.5,5.040001716012734,100.15,16.900448553662915,99.45,1.8049956309503563,100.2,1.2277339665433298,99.4,1.348661872650648,100.25,2.457539734737842,99.35,0.7268452978580395,100.30000000000001,2.5462545459110157,99.3,9.635191037557172,100.35000000000001,2.7764145806977747
1710000013.7999868,100275,FI2010_LSE,99.75,10.633829697766712,99.85,4.262714534500801,99.7,13.756951526305237,99.89999999999999,5.40293554703392,99.65,5.674150987324481,99.94999999999999,7.695875490033618,99.6,6.087101170845193,100.0,5.86685968169424,99.55,2.994113072094158,100.05,10.118145493035529,99.5,4.001673789152653,100.1,2.920115045522228,99.45,3.1013767545676156,100.14999999999999,3.0313087551926916,99.4,4.266442643063293,100.19999999999999,10.12286569894781,99.35,8.076035956332932,100.25,22.052309913077067,99.3,0.916854557431287,100.3,2.838643408353814
1710000013.8499868,100276,FI2010_LSE,99.85000000000001,12.894800385664924,99.9,11.058338592871353,99.80000000000001,8.504408705551008,99.95,4.339966404716909,99.75000000000001,10.446637508250165,100.0,3.9833697714600484,99.7,7.919285602173662,100.05000000000001,2.436646229402526,99.65,7.422203133712633,100.10000000000001,4.774768447809562,99.60000000000001,1.9460971352481802,100.15,3.832579328633307,99.55000000000001,1.9942813856666772,100.2,3.794542204443745,99.50000000000001,2.628925340678977,100.25,3.5461735112723414,99.45,8.248020249857557,100.30000000000001,12.011002719357744,99.4,4.4282217446189645,100.35000000000001,4.186111724670203
1710000013.8999867,100277,FI2010_LSE,99.80000000000001,5.5932635300985964,99.85000000000001,9.233839466779747,99.75000000000001,4.422256550896454,99.9,5.058225089981953,99.70000000000002,8.393347107159515,99.95,8.937186265337155,99.65,3.873029005928061,100.00000000000001,2.7780383474392414,99.60000000000001,14.51181306815591,100.05000000000001,6.487030122789753,99.55000000000001,6.647840609886133,100.10000000000001,8.77382484881465,99.50000000000001,8.381793298627967,100.15,2.042103481127234,99.45000000000002,9.208996345869853,100.2,2.2196730375981106,99.4,14.752448411001316,100.25000000000001,5.896226031692378,99.35000000000001,8.4602671831003,100.30000000000001,1.737264171336709
1710000013.9499867,100278,FI2010_LSE,99.80000000000001,4.1458014737859195,99.85000000000001,11.949347497881293,99.75000000000001,3.410652418759051,99.9,7.74714098602342,99.70000000000002,10.349937854005848,99.95,4.530617791298701,99.65,3.441411218774922,100.00000000000001,3.758153290723766,99.60000000000001,3.0138611351215925,100.05000000000001,5.110118605393206,99.55000000000001,7.5489553357827734,100.10000000000001,2.170566469594583,99.50000000000001,1.3284889489424156,100.15,1.7682270688750938,99.45000000000002,1.3098518531598398,100.2,2.7113090873455032,99.4,0.6031674403288017,100.25000000000001,1.9806919960582317,99.35000000000001,0.7882360638935898,100.30000000000001,0.9738025350236114
1710000013.9999866,100279,FI2010_LSE,99.80000000000001,15.521897519354974,99.85000000000001,4.853661152186297,99.75000000000001,3.70356349777441,99.9,5.657990006353555,99.70000000000002,5.617934416134197,99.95,6.7029417668191495,99.65,3.405153788299266,100.00000000000001,8.979367376251819,99.60000000000001,2.269242472599256,100.05000000000001,3.7219948738236486,99.55000000000001,13.44362442997774,100.10000000000001,10.92166040264775,99.50000000000001,4.8354333147849085,100.15,8.125335993577224,99.45000000000002,3.852496115307293,100.2,2.551277909297673,99.4,5.4619900700905335,100.25000000000001,3.945398509802976,99.35000000000001,1.780939661274727,100.30000000000001,4.851191455330034
1710000014.0499866,100280,FI2010_LSE,99.80000000000001,5.156733203533758,99.85000000000001,6.759895896482224,99.75000000000001,7.673539055407558,99.9,6.4382950063069115,99.70000000000002,3.7421108745828873,99.95,5.524630873505179,99.65,4.407634099785566,100.00000000000001,8.013765803220556,99.60000000000001,8.347187359213972,100.05000000000001,2.7740126995286127,99.55000000000001,6.352215313996599,100.10000000000001,3.8376221153042387,99.50000000000001,10.202416219669939,100.15,3.6970056885542086,99.45000000000002,2.549899638292301,100.2,5.175040422298672,99.4,10.889293877446818,100.25000000000001,10.252531906479526,99.35000000000001,3.490422179309139,100.30000000000001,0.25761668481265004
1710000014.0999866,100281,FI2010_LSE,99.7,5.187726694662585,99.75,10.170927758080735,99.65,3.217940617542832,99.8,16.079226736162827,99.60000000000001,8.85297475487953,99.85,2.9490692217110728,99.55,3.782225729753745,99.9,5.183000064428952,99.5,4.805349536528215,99.95,6.025142324624409,99.45,1.9262709464254142,100.0,8.763998640524818,99.4,2.6925723830386836,100.05,2.88261182140437,99.35000000000001,6.90407425747957,100.1,3.1483723103262964,99.3,12.304898512771894,100.15,2.231484142265166,99.25,0.1,100.2,0.1
1710000014.1499865,100282,FI2010_LSE,99.75,19.522287527784872,99.8,9.475618025316253,99.7,8.737813644709677,99.85,9.782595856360292,99.65,8.028816073033761,99.89999999999999,12.960574736706919,99.6,12.112650172153238,99.95,12.6926381649976,99.55,5.442349011612638,100.0,5.847287606864171,99.5,3.3036118630255658,100.05,5.386136025644863,99.45,22.436212931316373,100.1,3.6865285863281048,99.4,2.6352271604835003,100.14999999999999,2.770221118056675,99.35,5.590517460520193,100.2,2.708883534523518,99.3,21.7973702036383,100.25,7.833141879341908
1710000014.1999865,100283,FI2010_LSE,99.75,9.23851909863599,99.8,5.0246241626546055,99.7,10.295035755408863,99.85,4.457973148931997,99.65,6.109543334127807,99.89999999999999,6.042808174760572,99.6,15.990468648608902,99.95,3.616997351703235,99.55,4.779041562951422,100.0,4.726653674625444,99.5,7.783655222883599,100.05,4.216223888061011,99.45,1.54848695749003,100.1,7.493852813151957,99.4,0.9508373737428752,100.14999999999999,2.1374064717497783,99.35,7.610180960586548,100.2,3.1802886334177796,99.3,2.7986563726831744,100.25,0.7200262349043779
1710000014.2499864,100284,FI2010_LSE,99.80000000000001,5.680337107134207,99.85000000000001,4.73466539148458,99.75000000000001,7.2266980951920745,99.9,5.492757723203978,99.70000000000002,12.285779785327515,99.95,4.168905272219231,99.65,7.02667200014968,100.00000000000001,3.952898820494342,99.60000000000001,2.6678875128101147,100.05000000000001,4.6971306748723105,99.55000000000001,3.772574239706007,100.10000000000001,10.317620522199364,99.50000000000001,1.7765551421272519,100.15,3.3790651747398663,99.45000000000002,2.609280307254884,100.2,4.080335767482596,99.4,0.8821459481252629,100.25000000000001,5.396712551958346,99.35000000000001,4.425944626192021,100.30000000000001,6.186849061963828
1710000014.2999864,100285,FI2010_LSE,99.80000000000001,14.524687838256446,99.85000000000001,4.699317455034665,99.75000000000001,3.4056371327384327,99.9,4.709182503692399,99.70000000000002,14.114364347705502,99.95,9.052017227190897,99.65,11.329341296600008,100.00000000000001,5.225370756781732,99.60000000000001,3.3374031758661893,100.05000000000001,6.576153010372965,99.55000000000001,2.9339425737548135,100.10000000000001,2.5464777940131684,99.50000000000001,5.172377550276938,100.15,1.479708475389692,99.45000000000002,31.585973159238886,100.2,0.8640099004975674,99.4,15.181347394667524,100.25000000000001,1.0235201271471421,99.35000000000001,0.13816137645581594,100.30000000000001,4.1452541107716225
1710000014.3499863,100286,FI2010_LSE,99.75,13.401444150638772,99.9,9.011189483445738,99.7,6.115063193945971,99.95,6.581932667258286,99.65,4.238300806681562,100.0,6.569287909463357,99.6,5.851333885095709,100.05000000000001,8.282965377529885,99.55,6.586444385583352,100.10000000000001,4.082271461551338,99.5,5.442963364748151,100.15,5.407175398065412,99.45,1.8531614844460913,100.2,8.45472652030204,99.4,3.8838709911196805,100.25,14.946583713609106,99.35,1.293745332620519,100.30000000000001,0.5362120600169724,99.3,1.2990406405711223,100.35000000000001,3.014561934753926
1710000014.3999863,100287,FI2010_LSE,99.80000000000001,7.008426014928227,99.85000000000001,7.577265870004108,99.75000000000001,5.381804849874104,99.9,11.15241318944985,99.70000000000002,3.0051979558199333,99.95,3.071175433155425,99.65,4.084703342747835,100.00000000000001,3.8082618014206737,99.60000000000001,4.754712950324676,100.05000000000001,6.143559398959334,99.55000000000001,4.306611651810767,100.10000000000001,5.0400188725680275,99.50000000000001,5.924338534423747,100.15,1.4435692140626406,99.45000000000002,8.80959103160302,100.2,16.025974970493053,99.4,6.907556309606271,100.25000000000001,7.144563609060803,99.35000000000001,5.355947571657455,100.30000000000001,2.3790579128166276
1710000014.4499862,100288,FI2010_LSE,99.80000000000001,5.468946474763894,99.85000000000001,4.987786706999706,99.75000000000001,9.957581197851969,99.9,4.198613716499689,99.70000000000002,3.428961984534074,99.95,3.8823321800329955,99.65,2.4329626125488333,100.00000000000001,6.678606614136339,99.60000000000001,9.489571282477964,100.05000000000001,4.63390937010197,99.55000000000001,5.085337911208262,100.10000000000001,6.923200594969959,99.50000000000001,10.780525423161556,100.15,4.813986031863381,99.45000000000002,1.3473536890357471,100.2,2.164904859490096,99.4,1.7622407223308092,100.25000000000001,2.33842390183954,99.35000000000001,4.061981828463629,100.30000000000001,0.353315881723593
1710000014.4999862,100289,FI2010_LSE,99.80000000000001,7.804856620170636,99.85000000000001,4.255705763813047,99.75000000000001,4.510742005936277,99.9,10.038102398336072,99.70000000000002,7.56336224591173,99.95,5.97958538779026,99.65,8.116353792785324,100.00000000000001,6.1388612378497935,99.60000000000001,10.440371022858464,100.05000000000001,6.738769085432215,99.55000000000001,6.097714916676205,100.10000000000001,5.9216749164142275,99.50000000000001,5.347501647190461,100.15,1.2048165549288814,99.45000000000002,0.9309394503072462,100.2,7.931501841681878,99.4,4.165507143224656,100.25000000000001,3.5942284657797368,99.35000000000001,0.6395342885451867,100.30000000000001,1.3862077407019733
1710000014.5499861,100290,FI2010_LSE,99.80000000000001,11.368737815073278,99.85000000000001,12.672786416247337,99.75000000000001,3.5386617074686013,99.9,6.415706966762024,99.70000000000002,7.811319134975314,99.95,3.278742339281209,99.65,11.761265213680899,100.00000000000001,6.158127139919712,99.60000000000001,4.369410492172593,100.05000000000001,7.88680753424275,99.55000000000001,12.649320774132164,100.10000000000001,2.7244481191564445,99.50000000000001,14.128700607429618,100.15,1.9655315699391955,99.45000000000002,3.7338031172723065,100.2,2.6112520170976365,99.4,5.015758174758616,100.25000000000001,1.7196135448818297,99.35000000000001,0.1,100.30000000000001,10.243217524533105
1710000014.599986,100291,FI2010_LSE,99.80000000000001,8.759915368676618,99.85000000000001,4.45022726258634,99.75000000000001,4.729839935751068,99.9,8.914517009018464,99.70000000000002,21.965902300428443,99.95,11.356258190596476,99.65,8.011106231445284,100.00000000000001,14.569856500529953,99.60000000000001,2.4880544813122634,100.05000000000001,15.897848348152497,99.55000000000001,6.949133003441959,100.10000000000001,8.4128704868008,99.50000000000001,4.785416511744369,100.15,1.971387006198475,99.45000000000002,1.1781394948212836,100.2,1.1720841141121867,99.4,1.677352881714763,100.25000000000001,1.1181172946027784,99.35000000000001,1.7125940573497245,100.30000000000001,2.2797368592005247
1710000014.649986,100292,FI2010_LSE,99.75,11.309138085378363,99.8,12.109788351840352,99.7,6.571088188481957,99.85,3.4432134012406963,99.65,5.326549038434846,99.89999999999999,3.046350159480344,99.6,3.0130197128140477,99.95,6.573931670152224,99.55,4.289454422466491,100.0,5.572215036816342,99.5,5.547807831866651,100.05,4.297662341089044,99.45,6.9862078622915424,100.1,1.3069403457618511,99.4,3.683798192820017,100.14999999999999,2.292613026512726,99.35,6.431526517402192,100.2,1.0983746081521257,99.3,4.524604870330068,100.25,0.16847820279632883
1710000014.699986,100293,FI2010_LSE,99.80000000000001,6.641743102653164,99.85000000000001,3.6281205924034112,99.75000000000001,4.3977154177257445,99.9,14.374010275512632,99.70000000000002,3.4078947327725686,99.95,3.7458528951946293,99.65,3.591862612099419,100.00000000000001,3.2249770407145366,99.60000000000001,5.990729543191428,100.05000000000001,7.224769901758934,99.55000000000001,7.312316280326108,100.10000000000001,15.609659858869437,99.50000000000001,3.2291627696840433,100.15,6.30841367146185,99.45000000000002,4.545290124463677,100.2,4.24462635227574,99.4,2.4362428745067124,100.25000000000001,1.606212673367848,99.35000000000001,1.933905984367501,100.30000000000001,7.363230365346683
1710000014.749986,100294,FI2010_LSE,99.80000000000001,7.211835555380599,99.85000000000001,7.779731917344275,99.75000000000001,9.313816717345375,99.9,4.56437773280524,99.70000000000002,5.201410579892059,99.95,10.082271892443629,99.65,6.065414190934559,100.00000000000001,2.9474811832107277,99.60000000000001,7.303862948111591,100.05000000000001,12.06356343350157,99.55000000000001,7.761668579794597,100.10000000000001,9.328513135280554,99.50000000000001,5.945265600077195,100.15,3.6274552897984775,99.45000000000002,3.540545548234525,100.2,14.387182054887006,99.4,2.545742649045218,100.25000000000001,2.7192241360762144,99.35000000000001,4.771567626226959,100.30000000000001,4.20243127667872
1710000014.799986,100295,FI2010_LSE,99.80000000000001,18.94424940961022,99.9,4.120657294694626,99.75000000000001,6.850726462201955,99.95,5.389420642367128,99.70000000000002,6.594271906751766,100.0,4.27888407611281,99.65,6.466669379611411,100.05000000000001,2.732001639657216,99.60000000000001,8.353542424384564,100.10000000000001,2.7270656907108237,99.55000000000001,3.940790571140373,100.15,5.063695511612777,99.50000000000001,2.2936177106090114,100.2,6.62556395070362,99.45000000000002,6.0587623225121465,100.25,2.77243886728987,99.4,8.182227658801054,100.30000000000001,4.191206504655166,99.35000000000001,6.162456843940097,100.35000000000001,1.808483734379383
1710000014.8499858,100296,FI2010_LSE,99.80000000000001,4.05251202615736,99.85000000000001,4.4305514526338206,99.75000000000001,11.56507767955495,99.9,7.610707710620699,99.70000000000002,3.54678299054072,99.95,7.040028033137791,99.65,8.00664445768248,100.00000000000001,22.817443867268395,99.60000000000001,6.9138302605965425,100.05000000000001,7.986755256174582,99.55000000000001,4.672673925784884,100.10000000000001,11.01013835399677,99.50000000000001,1.216694818506007,100.15,11.3247927519859,99.45000000000002,1.9836948535489,100.2,5.24361257704928,99.4,6.311675319921062,100.25000000000001,0.5919792805794931,99.35000000000001,30.30518022355225,100.30000000000001,1.3542040246453473
1710000014.8999858,100297,FI2010_LSE,99.85000000000001,5.600956005198912,99.95,9.966873002175703,99.80000000000001,5.365751780463947,100.0,3.527394881807723,99.75000000000001,7.77817569163903,100.05,5.959390797768394,99.7,3.174645771577124,100.10000000000001,12.569535292996248,99.65,2.079558602867208,100.15,9.018821376358805,99.60000000000001,6.112553175829152,100.2,8.423256314482567,99.55000000000001,5.683364182878719,100.25,5.674870851691539,99.50000000000001,8.026403189346002,100.3,3.607245202358717,99.45,1.4007231063307715,100.35000000000001,3.9373876938595616,99.4,9.205237053816166,100.4,0.1925592744891219
1710000014.9499857,100298,FI2010_LSE,99.80000000000001,9.141030009213791,99.9,4.182779221842636,99.75000000000001,5.538442279730903,99.95,7.080756404539203,99.70000000000002,14.873677474359818,100.0,5.031971136140928,99.65,4.013784698985188,100.05000000000001,3.6167558729039304,99.60000000000001,4.033584985832023,100.10000000000001,3.954966791737138,99.55000000000001,5.5274111839242845,100.15,7.476260461501395,99.50000000000001,2.0586688438631264,100.2,6.5685956331007045,99.45000000000002,5.409598532598202,100.25,12.599080557535846,99.4,3.695876707930343,100.30000000000001,5.0288243499765874,99.35000000000001,11.230782302332795,100.35000000000001,10.669206985229334
1710000014.9999857,100299,FI2010_LSE,99.80000000000001,3.9331335556005853,99.85000000000001,14.368007236928836,99.75000000000001,3.7464881698516916,99.9,13.676791175047445,99.70000000000002,4.489858640562918,99.95,5.764174963045296,99.65,7.340071649851457,100.00000000000001,2.6511855359529872,99.60000000000001,2.3162001634013527,100.05000000000001,7.919797976650309,99.55000000000001,4.361948025935992,100.10000000000001,4.134642356705129,99.50000000000001,1.4866752281876763,100.15,3.2721197452273296,99.45000000000002,4.669207319561453,100.2,0.8053594091468934,99.4,2.5136430918858363,100.25000000000001,3.8977369317955164,99.35000000000001,11.142505066851093,100.30000000000001,0.5505963953131842
1710000015.0499856,100300,FI2010_LSE,99.85000000000001,6.038533856058251,99.9,14.556358528952577,99.80000000000001,6.180822834885868,99.95,7.072362489712629,99.75000000000001,3.4706872276969944,100.0,6.063960312921653,99.7,4.345944819753354,100.05000000000001,4.935891355625615,99.65,2.6718275466671555,100.10000000000001,3.217132651707292,99.60000000000001,2.1884938157389966,100.15,8.302773825378274,99.55000000000001,2.112264410925035,100.2,7.091110609183301,99.50000000000001,1.2275736497903382,100.25,3.8276524438299395,99.45,1.1139268839975913,100.30000000000001,1.7748885209828171,99.4,3.665619861349988,100.35000000000001,3.177178209589665
1710000015.0999856,100301,FI2010_LSE,99.85000000000001,7.428864900752256,99.9,3.7191878425737537,99.80000000000001,4.293883970261242,99.95,6.905461601987829,99.75000000000001,3.4206990758552056,100.0,8.345913950555175,99.7,7.40744308915154,100.05000000000001,8.05527381078364,99.65,13.074934153208742,100.10000000000001,2.7287911668785263,99.60000000000001,3.9837010665918346,100.15,3.885222793772079,99.55000000000001,1.298312030058804,100.2,1.3380292835363385,99.50000000000001,5.431950836024977,100.25,1.963710468855144,99.45,1.9367325202804304,100.30000000000001,3.331572523864368,99.4,0.23634228690991263,100.35000000000001,6.221561690542092
1710000015.1499856,100302,FI2010_LSE,99.85000000000001,7.619098988339362,99.9,10.484136398308268,99.80000000000001,13.669837361792947,99.95,3.800609912071753,99.75000000000001,5.004827117143471,100.0,9.972409362908998,99.7,7.501221776443246,100.05000000000001,5.317287610392562,99.65,3.2192012361120037,100.10000000000001,5.499347859926793,99.60000000000001,8.50963254753737,100.15,3.3856106391246175,99.55000000000001,8.930635708319667,100.2,8.043538804725117,99.50000000000001,2.6336587385857877,100.25,5.70431178869669,99.45,6.7049399876261315,100.30000000000001,2.1062681025219785,99.4,0.7169239490866068,100.35000000000001,3.8677577081920202
1710000015.1999855,100303,FI2010_LSE,99.85000000000001,4.505379575767557,99.9,4.3910116309939955,99.80000000000001,4.765071750770684,99.95,6.119959798643791,99.75000000000001,8.135342018559687,100.0,9.756220075881874,99.7,3.527785202200417,100.05000000000001,2.5519493369927155,99.65,11.297134575851231,100.10000000000001,6.899198256058725,99.60000000000001,2.2660249615566843,100.15,6.518970389685673,99.55000000000001,1.577481102816084,100.2,2.6984413920064902,99.50000000000001,3.9369692425341247,100.25,1.4449055698007327,99.45,10.259824152428227,100.30000000000001,0.8461569862295499,99.4,0.6514813914222413,100.35000000000001,1.3938364459393557
1710000015.2499855,100304,FI2010_LSE,99.85000000000001,4.329799131236885,99.9,4.725537137564206,99.80000000000001,6.512895718923602,99.95,6.84021644436905,99.75000000000001,9.65207006955981,100.0,10.690206546484871,99.7,2.6265615896530248,100.05000000000001,4.586430536461493,99.65,6.205886511792537,100.10000000000001,6.906571273663574,99.60000000000001,4.1993675604260154,100.15,2.756419199217999,99.55000000000001,5.940848956045358,100.2,1.8919709336328354,99.50000000000001,5.667177328378086,100.25,6.858262520629918,99.45,2.6319832009786395,100.30000000000001,31.43467365970908,99.4,1.0694472406641966,100.35000000000001,3.377412109707036
1710000015.2999854,100305,FI2010_LSE,99.85000000000001,6.946374318282389,99.9,6.34295337235524,99.80000000000001,4.241874488785373,99.95,6.14885027151508,99.75000000000001,3.8167043176543953,100.0,6.829711520992534,99.7,6.943756802810953,100.05000000000001,5.801077025506957,99.65,3.037851346233075,100.10000000000001,6.524028174989702,99.60000000000001,12.725411052974449,100.15,2.859464551821624,99.55000000000001,1.8781514855296497,100.2,7.409534105258288,99.50000000000001,4.569571371471271,100.25,7.214890918582147,99.45,6.24906738203337,100.30000000000001,3.5285987484970915,99.4,0.9889195630968095,100.35000000000001,8.767275392826836
1710000015.3499854,100306,FI2010_LSE,99.80000000000001,3.7498790963046735,99.95000000000002,8.680855478101742,99.75000000000001,7.740753120168649,100.00000000000001,6.792617984917744,99.70000000000002,8.512720382772589,100.05000000000001,12.420312840242037,99.65,12.548438965119905,100.10000000000002,5.650663209694997,99.60000000000001,11.059473105228536,100.15000000000002,4.313700711970848,99.55000000000001,1.888773236917893,100.20000000000002,2.609999008997776,99.50000000000001,3.7090592757040293,100.25000000000001,3.714152730255946,99.45000000000002,2.972091519695124,100.30000000000001,2.0722111051310783,99.4,5.582917963156106,100.35000000000002,3.4416919895655274,99.35000000000001,15.132181434669574,100.40000000000002,6.2568959521382395
1710000015.3999853,100307,FI2010_LSE,99.9,10.09787872503021,99.95,7.0732452453447605,99.85000000000001,8.982665616631719,100.0,4.096869249250795,99.80000000000001,3.5877100513597378,100.05,7.309420277081056,99.75,4.111827359091121,100.10000000000001,2.7515389796948595,99.7,3.3707966219377004,100.15,6.9148762701402715,99.65,3.8911919051872497,100.2,7.466123626073729,99.60000000000001,4.72609458129107,100.25,3.277124692544348,99.55000000000001,6.532740560415246,100.3,6.810334187290577,99.5,7.380230284546372,100.35000000000001,1.0373879040659544,99.45,5.007500969398442,100.4,2.012219871897385
1710000015.4499853,100308,FI2010_LSE,99.95,5.132016520016852,100.0,8.844006032087172,99.9,4.706724925046512,100.05,5.724059941366603,99.85000000000001,2.845467812361492,100.1,9.890453735052423,99.8,7.4695919698355775,100.15,16.274258793904586,99.75,3.9327178182151883,100.2,2.601776492384197,99.7,3.6577655297335805,100.25,4.224532804489007,99.65,5.318047635983388,100.3,1.4238385683935264,99.60000000000001,2.568326991030701,100.35,11.169135112814839,99.55,6.18439588011983,100.4,1.9315881654714286,99.5,3.129361632825364,100.45,2.76221390010285
1710000015.4999852,100309,FI2010_LSE,99.95,8.64143434597626,100.0,6.093873289288038,99.9,3.866332890488573,100.05,12.890232355938604,99.85000000000001,3.820182337067613,100.1,4.337611651414112,99.8,5.353356754395405,100.15,10.739033979734229,99.75,3.002442349252928,100.2,2.9679461982241127,99.7,17.23113951002136,100.25,6.608943248589522,99.65,4.659335580444047,100.3,15.325627429959727,99.60000000000001,12.051083536337572,100.35,10.93635922831461,99.55,2.009137071772878,100.4,0.4973486763985957,99.5,0.3961343096090843,100.45,3.8817356312791094
1710000015.5499852,100310,FI2010_LSE,99.9,4.097827654374594,99.95,7.845720227576777,99.85000000000001,11.653916255545159,100.0,6.893375377279864,99.80000000000001,9.157026841343868,100.05,5.7325326245120145,99.75,5.690127671575302,100.10000000000001,7.185603896727407,99.7,3.8777050530537878,100.15,4.00443623796683,99.65,5.263591073722699,100.2,4.325556711747655,99.60000000000001,1.2423245797825564,100.25,1.5736155119698418,99.55000000000001,2.3701786664344096,100.3,10.08011613178739,99.5,6.3256386975362595,100.35000000000001,5.5581619470089,99.45,0.43903445837343397,100.4,4.241490585530809
1710000015.5999851,100311,FI2010_LSE,99.9,3.707790127657645,99.95,3.9518586130869635,99.85000000000001,8.021111889397318,100.0,9.082053000306335,99.80000000000001,5.134581637672133,100.05,5.4574226382809865,99.75,4.270091226317693,100.10000000000001,12.655237912680148,99.7,9.691519597279893,100.15,3.659323870446338,99.65,6.469492773490604,100.2,6.316237778823327,99.60000000000001,8.46343366176391,100.25,16.519242240112042,99.55000000000001,6.7004241842223395,100.3,2.5625305053382164,99.5,4.7003591765864865,100.35000000000001,3.4649068224851183,99.45,4.127644335937305,100.4,3.2167529743199923
1710000015.649985,100312,FI2010_LSE,99.85000000000001,10.094409842329659,99.9,10.075028887448909,99.80000000000001,6.03977991204296,99.95,3.325218971574937,99.75000000000001,2.9508607259477477,100.0,4.004732402434975,99.7,2.8765102246155307,100.05000000000001,5.570839707262303,99.65,7.5772879498494055,100.10000000000001,4.1428460658646244,99.60000000000001,3.2016492927216964,100.15,3.2568599158257117,99.55000000000001,15.283277552041746,100.2,13.709687722649026,99.50000000000001,1.7537254612453923,100.25,1.471815788114589,99.45,11.210691686962484,100.30000000000001,1.0187403471907968,99.4,0.4633737980718928,100.35000000000001,11.667604971567812
1710000015.699985,100313,FI2010_LSE,99.85000000000001,4.9116504197833635,99.95,4.7172964899885095,99.80000000000001,3.7490365750960795,100.0,3.942528423503816,99.75000000000001,14.506265091114717,100.05,9.107271967773578,99.7,3.6370930172834526,100.10000000000001,4.864905814701846,99.65,3.0737378827437842,100.15,6.329518796482351,99.60000000000001,2.0395139537863254,100.2,4.577145739117379,99.55000000000001,8.332969218554643,100.25,18.928533843428735,99.50000000000001,1.2651829154400127,100.3,0.8565212565412721,99.45,8.086028208741316,100.35000000000001,9.009548975111443,99.4,1.3010868295318354,100.4,9.952672433427479
1710000015.749985,100314,FI2010_LSE,99.95,5.080930935497828,100.0,5.286872341341291,99.9,11.469890310168086,100.05,7.2182956988217075,99.85000000000001,10.368589579637133,100.1,7.948730992997467,99.8,14.675889171262229,100.15,20.35958463515972,99.75,3.863213767500975,100.2,4.5548890129933515,99.7,8.727176804819603,100.25,3.5498867550327287,99.65,7.61741919371546,100.3,8.694809549233444,99.60000000000001,4.434970187158168,100.35,3.613883452456278,99.55,10.871775406172745,100.4,0.9135560426869049,99.5,5.545617482549738,100.45,10.090774018547991
1710000015.799985,100315,FI2010_LSE,99.9,4.620570481999669,100.0,6.007746584519074,99.85000000000001,3.5534067391105273,100.05,4.529245685772853,99.80000000000001,8.797077578647356,100.1,8.373916942232327,99.75,8.328359511465552,100.15,2.435732586702885,99.7,9.524700609327851,100.2,9.46483238561795,99.65,4.739898187428924,100.25,2.3978800627839987,99.60000000000001,2.3450004530271533,100.3,10.73821026679062,99.55000000000001,2.147408876859692,100.35,2.387789047159493,99.5,5.906354096510536,100.4,2.6807059798231694,99.45,3.4983512818393363,100.45,1.2467355039806476
1710000015.849985,100316,FI2010_LSE,99.95,7.450002946980064,100.0,3.8279350404247667,99.9,7.8099901777221765,100.05,4.598401727678289,99.85000000000001,4.533522385595113,100.1,6.173222880467764,99.8,2.655571749631708,100.15,5.4477441695466675,99.75,5.720539454144525,100.2,5.070942775969644,99.7,8.300882387942488,100.25,8.974917352525287,99.65,5.699895343398898,100.3,2.36720747639852,99.60000000000001,10.696030937134092,100.35,1.1388087357908063,99.55,0.4753564364880994,100.4,30.50531634197235,99.5,0.3789517720321535,100.45,12.973095072490134
1710000015.8999848,100317,FI2010_LSE,99.95,4.589916616827064,100.0,4.189703304241207,99.9,4.473950051918559,100.05,6.95572695827194,99.85000000000001,3.1118449699587747,100.1,3.5668325258173343,99.8,3.6587955900311826,100.15,3.677677115740458,99.75,6.769216285008204,100.2,14.504068288970592,99.7,1.7396847749888165,100.25,4.043983841978527,99.65,14.729036592930672,100.3,4.423750300178657,99.60000000000001,1.523616624434711,100.35,3.3074603493108254,99.55,9.806207533288955,100.4,5.628552085135055,99.5,4.188502839073316,100.45,1.0115941623238704
1710000015.9499848,100318,FI2010_LSE,100.0,3.7084504467723147,100.15,3.905314798863136,99.95,8.819552346928571,100.2,3.8434167338976337,99.9,15.581790821375959,100.25,6.010460432918456,99.85,3.098924206757769,100.30000000000001,4.792990880813052,99.8,6.172845948739525,100.35000000000001,10.477617522217155,99.75,13.218679254719193,100.4,2.0182096506439016,99.7,1.5014558220950418,100.45,4.521582501684685,99.65,2.077684139101213,100.5,10.350735184531095,99.6,10.103362417565272,100.55000000000001,9.7980387312494,99.55,6.590041932018292,100.60000000000001,6.934089140640047
1710000015.9999847,100319,FI2010_LSE,100.05000000000001,5.752718699081468,100.10000000000001,6.939704650780244,100.00000000000001,10.887248972171513,100.15,3.206111900205643,99.95000000000002,6.318666981566857,100.2,7.559725078149656,99.9,6.866889593406687,100.25000000000001,3.8985382842628065,99.85000000000001,11.846897036183071,100.30000000000001,8.090645204812942,99.80000000000001,2.1947278296591186,100.35000000000001,1.918327586288184,99.75000000000001,3.657663026805591,100.4,1.504688600915235,99.70000000000002,6.64909932543698,100.45,7.494592408127658,99.65,0.9058668050677977,100.50000000000001,2.455955909885147,99.60000000000001,3.641152990270403,100.55000000000001,0.47018222146106786
1710000016.0499847,100320,FI2010_LSE,99.95,8.100170482591551,100.0,4.098978376517264,99.9,3.6597279906059574,100.05,4.271682594644777,99.85000000000001,3.4663944878695587,100.1,10.671383444694044,99.8,3.379869933472021,100.15,3.299430074293365,99.75,3.528697994326148,100.2,3.159649353030816,99.7,4.553722590988924,100.25,7.667429461445611,99.65,2.7772016928696406,100.3,4.257264767418946,99.60000000000001,2.6086377339769267,100.35,7.585448086688632,99.55,4.726322144044504,100.4,7.805534018009003,99.5,2.9348277641253686,100.45,26.307132397513968
1710000016.0999846,100321,FI2010_LSE,99.9,4.4477171526546595,99.95,7.981273583646127,99.85000000000001,3.8034228923813185,100.0,3.216913577023859,99.80000000000001,5.2339645822980785,100.05,7.563148087697531,99.75,4.316246586989858,100.10000000000001,11.400301953906583,99.7,3.0904480346892775,100.15,4.539610446444967,99.65,1.8980898741634156,100.2,6.328232173764434,99.60000000000001,2.6130226900797213,100.25,3.123590222857056,99.55000000000001,2.8797683755182852,100.3,4.266908267449704,99.5,3.518601234243519,100.35000000000001,4.744930842197437,99.45,0.13434234730629385,100.4,8.74598282654641
1710000016.1499846,100322,FI2010_LSE,100.0,4.318420499341119,100.05,5.401916839790092,99.95,8.200181457529823,100.1,16.594109723414952,99.9,2.874107158681512,100.14999999999999,3.2981188301992903,99.85,6.155255961453683,100.2,4.301603027428905,99.8,4.968926693048623,100.25,5.450834804488551,99.75,2.50734998588433,100.3,7.001667791311947,99.7,2.2955648981669325,100.35,3.810748828338462,99.65,1.6625438977336917,100.39999999999999,1.179731529847119,99.6,4.548154600587945,100.45,1.8145196463978248,99.55,4.181934958169092,100.5,4.797065760664153
1710000016.1999846,100323,FI2010_LSE,99.95,5.149033301780784,100.0,8.606319691446464,99.9,9.03742024317836,100.05,4.80996824281268,99.85000000000001,3.1944139055115275,100.1,7.023082611611791,99.8,3.6060045735964543,100.15,2.589173276902462,99.75,2.9624083963625107,100.2,7.121321827703739,99.7,3.720673260603656,100.25,3.221033023025332,99.65,7.819103564589772,100.3,5.806322424967214,99.60000000000001,0.8462411620990075,100.35,2.8548003747527506,99.55,1.8029198609949884,100.4,4.1443570719078995,99.5,0.9316559584142419,100.45,0.5451237610670016
1710000016.2499845,100324,FI2010_LSE,100.0,6.196375877848213,100.05,9.94728493691959,99.95,3.417112067175663,100.1,13.583622117688229,99.9,8.162038289255957,100.14999999999999,4.547357725310235,99.85,9.855569068854248,100.2,6.174653540680289,99.8,15.132953385998638,100.25,6.39470832832392,99.75,4.826903841944526,100.3,2.904859398977705,99.7,14.738490879298393,100.35,1.9343882427153196,99.65,11.2076883418368,100.39999999999999,12.744564822119742,99.6,2.5500915181695625,100.45,1.543901627390666,99.55,6.777789942445262,100.5,2.0499051552432177
1710000016.2999845,100325,FI2010_LSE,99.95,3.607880287918015,100.0,8.684046689289621,99.9,9.033279637815347,100.05,9.122478839444138,99.85000000000001,8.24453729026882,100.1,9.236790295673371,99.8,4.893762493120405,100.15,6.004160038138922,99.75,4.530422625180984,100.2,7.9156331056598885,99.7,2.381859884085579,100.25,8.026727312634433,99.65,1.5560123833380612,100.3,4.56733292379516,99.60000000000001,1.3601996927886466,100.35,6.518644200719022,99.55,5.2903521878356425,100.4,6.656929541937535,99.5,5.2618523660310625,100.45,0.7122211067830424
1710000016.3499844,100326,FI2010_LSE,99.9,3.9220289519909954,99.95,5.204981792013636,99.85000000000001,3.5737197949252555,100.0,4.587951450509383,99.80000000000001,3.2387860087243467,100.05,5.531178587733976,99.75,2.9281750451237625,100.10000000000001,2.532505771001505,99.7,6.407451460555044,100.15,6.131331398670074,99.65,2.1376157579395048,100.2,2.367842089282667,99.60000000000001,7.324429177685464,100.25,9.415402550963876,99.55000000000001,6.9303870288759155,100.3,3.4773791265503036,99.5,0.6635216895755731,100.35000000000001,1.528724759438962,99.45,2.0251638042394187,100.4,0.3598586645842797
1710000016.3999844,100327,FI2010_LSE,99.95,11.696952200455422,100.0,8.295613315292652,99.9,6.306565806024199,100.05,9.332599492059032,99.85000000000001,4.489300628797267,100.1,3.5443614739539044,99.8,9.179209508871725,100.15,5.773965326355232,99.75,3.4828780936006973,100.2,5.046256995724225,99.7,2.870171858081938,100.25,3.2996175972130852,99.65,3.0130006435189998,100.3,1.5164259785866492,99.60000000000001,5.085977596899557,100.35,12.988501868946761,99.55,1.408466473322942,100.4,2.671187373218142,99.5,7.0685920963463955,100.45,5.850261911313956
1710000016.4499843,100328,FI2010_LSE,99.9,11.494255417482533,99.95,5.9998964819545195,99.85000000000001,6.264320238650839,100.0,13.178934940348203,99.80000000000001,5.006011326683954,100.05,16.73030302851715,99.75,5.200436174126073,100.10000000000001,10.67177268439593,99.7,5.010252323108327,100.15,2.884608308059524,99.65,4.811917745945505,100.2,2.0570218670714713,99.60000000000001,3.928897455032706,100.25,9.57242566221808,99.55000000000001,7.943398914595347,100.3,1.8797263086448328,99.5,0.7044039230590107,100.35000000000001,0.6001218886117415,99.45,1.9188356808931886,100.4,2.358127215977237
1710000016.4999843,100329,FI2010_LSE,99.85000000000001,4.576608215460746,99.9,4.873275720788766,99.80000000000001,8.391469072868531,99.95,5.038415529266333,99.75000000000001,7.535605594127009,100.0,10.02314770930154,99.7,5.880810061948898,100.05000000000001,6.664811124323616,99.65,10.55831351358975,100.10000000000001,13.91659388041817,99.60000000000001,5.038083372315652,100.15,2.6446790154698547,99.55000000000001,4.156570440242808,100.2,2.2818788457565566,99.50000000000001,3.1744584019680016,100.25,0.813307356292604,99.45,0.5672831467850257,100.30000000000001,3.329409221832336,99.4,0.161223500335563,100.35000000000001,1.566855124987799
1710000016.5499842,100330,FI2010_LSE,99.80000000000001,6.2746516329938515,99.9,9.369979934749802,99.75000000000001,3.926770186265566,99.95,5.705539498197403,99.70000000000002,15.487914618289931,100.0,5.857193941822851,99.65,5.125937427172422,100.05000000000001,10.430376466369106,99.60000000000001,7.93774978846527,100.10000000000001,2.2913279853910504,99.55000000000001,4.2665550821418226,100.15,2.5428627168280693,99.50000000000001,2.055336880351094,100.2,1.7399311838583222,99.45000000000002,2.869439462290429,100.25,1.1284076806978902,99.4,7.604378238613922,100.30000000000001,0.9928328710341539,99.35000000000001,5.050701223083434,100.35000000000001,6.492908879107936
1710000016.5999842,100331,FI2010_LSE,99.9,5.877377788235736,99.95,4.854919399944576,99.85000000000001,4.951079303829822,100.0,20.952507782717245,99.80000000000001,10.369939913093335,100.05,5.429382376017596,99.75,2.68386959138964,100.10000000000001,7.755028781448349,99.7,2.902874815157619,100.15,9.984095092601574,99.65,15.856511449887,100.2,9.71755811308259,99.60000000000001,1.4217207845134616,100.25,7.260308319602759,99.55000000000001,4.705143452614861,100.3,6.0439483759575205,99.5,1.244691890584916,100.35000000000001,2.6644862455077956,99.45,0.3843676118837702,100.4,6.708998637149189
1710000016.6499841,100332,FI2010_LSE,99.80000000000001,4.22986959750637,99.95000000000002,3.8888840366263238,99.75000000000001,8.916288136652142,100.00000000000001,8.232608745521254,99.70000000000002,2.9923532491302804,100.05000000000001,4.900026709644761,99.65,9.732459914313754,100.10000000000002,8.026176091147875,99.60000000000001,2.845599598944998,100.15000000000002,3.473080738431519,99.55000000000001,8.208315397962155,100.20000000000002,5.700154765087202,99.50000000000001,3.0249283092017896,100.25000000000001,1.4084601796518412,99.45000000000002,2.880649351518379,100.30000000000001,8.529957206035624,99.4,1.0641260222741993,100.35000000000002,1.5569546582058131,99.35000000000001,1.2027135978128993,100.40000000000002,3.008940625326128
1710000016.699984,100333,FI2010_LSE,99.85000000000001,4.466179220504498,99.9,7.270519056496697,99.80000000000001,18.506959014768277,99.95,4.857725802339731,99.75000000000001,13.714118449388023,100.0,3.352793514639674,99.7,15.698514351377955,100.05000000000001,5.635558166876241,99.65,5.8007541243638725,100.10000000000001,3.7661650765932597,99.60000000000001,4.118718986570426,100.15,8.750937764561654,99.55000000000001,2.8311815552722788,100.2,7.654361285591494,99.50000000000001,4.964999479986144,100.25,20.355204422269974,99.45,1.0473317273013032,100.30000000000001,7.609517091798752,99.4,5.586494063320022,100.35000000000001,3.266665785018239
1710000016.749984,100334,FI2010_LSE,99.85000000000001,9.335335389508105,99.9,14.893682057446487,99.80000000000001,10.039087445249027,99.95,5.007167767029461,99.75000000000001,4.344877578722407,100.0,3.5063841505945996,99.7,8.959784018630526,100.05000000000001,5.285039734982918,99.65,2.810529448656479,100.10000000000001,4.615360280793924,99.60000000000001,2.2740718312841834,100.15,1.6255812064789341,99.55000000000001,8.619156416709615,100.2,1.9290534533045398,99.50000000000001,0.8648184609328201,100.25,8.147050843068849,99.45,3.634183042998337,100.30000000000001,1.082728208983805,99.4,3.709584473108192,100.35000000000001,5.233993843555674
1710000016.799984,100335,FI2010_LSE,99.85000000000001,4.780195991300242,99.9,5.98155567410375,99.80000000000001,13.306249766646978,99.95,9.608584346531782,99.75000000000001,9.558869883145421,100.0,3.7605025166895265,99.7,3.537298399667262,100.05000000000001,2.482111038769398,99.65,6.298206138015876,100.10000000000001,7.72004682350128,99.60000000000001,2.665610711153242,100.15,3.018790258041226,99.55000000000001,12.07166732781928,100.2,2.05385727691996,99.50000000000001,4.325355242529125,100.25,1.1223870575985129,99.45,2.0189097188444225,100.30000000000001,2.456555039280903,99.4,3.275945997152519,100.35000000000001,2.6607998225539387
1710000016.849984,100336,FI2010_LSE,99.85000000000001,6.293187744097372,99.9,3.9805471917287623,99.80000000000001,3.445938774641017,99.95,4.819863378575653,99.75000000000001,3.3225955029723924,100.0,7.309317692197046,99.7,3.797279117951793,100.05000000000001,15.376033497992411,99.65,8.714818785735076,100.10000000000001,3.2093585328429164,99.60000000000001,7.877397410970845,100.15,3.800008738406549,99.55000000000001,2.7629610832326037,100.2,1.2871040372107958,99.50000000000001,2.809704768412268,100.25,2.0691307352768424,99.45,3.6509527797526227,100.30000000000001,0.6829225196369799,99.4,2.295484367700918,100.35000000000001,0.141726716745462
1710000016.899984,100337,FI2010_LSE,99.85000000000001,13.049911543047516,99.9,5.353166376012468,99.80000000000001,3.809230702378577,99.95,6.590491502185941,99.75000000000001,2.8538688666059153,100.0,7.729928715260346,99.7,4.915350049837321,100.05000000000001,2.635138162242931,99.65,4.243730400562511,100.10000000000001,2.6488488111016535,99.60000000000001,5.218670776574941,100.15,7.340874798405972,99.55000000000001,3.686086653613,100.2,6.414208339942287,99.50000000000001,11.639767268502476,100.25,1.4310302573624818,99.45,5.482013276171318,100.30000000000001,8.673062651993819,99.4,9.58383045271975,100.35000000000001,8.794590715438252
1710000016.9499838,100338,FI2010_LSE,99.9,6.0887222414978766,99.95,4.463786904110888,99.85000000000001,7.622283973800751,100.0,19.123621406876314,99.80000000000001,6.247748845775511,100.05,10.121047621833618,99.75,4.017270244266129,100.10000000000001,3.824170551877552,99.7,11.60705881556737,100.15,7.912523799112764,99.65,3.9091444370344757,100.2,7.8953497822975525,99.60000000000001,1.8111171662199568,100.25,2.538956845051779,99.55000000000001,4.6080237883537185,100.3,4.82012555463889,99.5,4.064561304127423,100.35000000000001,0.7950502963076647,99.45,3.409779765335162,100.4,5.5328950140941915
1710000016.9999838,100339,FI2010_LSE,99.80000000000001,14.921357805701573,99.9,8.729834353492722,99.75000000000001,9.2280840273691,99.95,13.97058298010463,99.70000000000002,5.587309721698254,100.0,3.4782512299950255,99.65,10.887614248090927,100.05000000000001,5.373648990088459,99.60000000000001,2.7910800066799473,100.10000000000001,18.05358083334984,99.55000000000001,7.739498342126598,100.15,5.671369251305778,99.50000000000001,3.7196751889690796,100.2,1.8966087484540002,99.45000000000002,3.4381170387693007,100.25,1.1328299326632354,99.4,2.6176158452668363,100.30000000000001,6.572361103826189,99.35000000000001,2.3175076627508595,100.35000000000001,0.2560116044470571
1710000017.0499837,100340,FI2010_LSE,99.9,3.8602848943267176,99.95,9.501557960178925,99.85000000000001,5.173169726085313,100.0,5.20430207236203,99.80000000000001,5.720269745658943,100.05,6.960442204204572,99.75,3.5760797135401545,100.10000000000001,5.796217843679477,99.7,4.71034839552444,100.15,3.687590930006393,99.65,16.500193340781927,100.2,2.9390563206837914,99.60000000000001,4.888742774257283,100.25,12.586877057407698,99.55000000000001,5.284629018900101,100.3,3.1265368012417474,99.5,5.950683888541808,100.35000000000001,2.08450555231351,99.45,2.1676424551798084,100.4,2.5773038709409204
1710000017.0999837,100341,FI2010_LSE,99.85000000000001,7.834270887407069,99.95,11.839086668829642,99.80000000000001,3.5283742299077656,100.0,5.020661130297704,99.75000000000001,4.368550109797266,100.05,9.088341380530746,99.7,10.680067396228768,100.10000000000001,6.795271610472765,99.65,4.175863971604818,100.15,9.06721616143012,99.60000000000001,3.1991243289653326,100.2,6.77135705977647,99.55000000000001,4.710906812360746,100.25,3.0621015074004565,99.50000000000001,1.389888450669042,100.3,12.513209994328026,99.45,12.87428998510842,100.35000000000001,0.6028609003248057,99.4,1.2969344133447043,100.4,0.13897684478873604
1710000017.1499836,100342,FI2010_LSE,99.9,4.227802458617577,99.95,5.139059052820825,99.85000000000001,4.02906933449127,100.0,6.899124375984137,99.80000000000001,9.967906066983547,100.05,2.903135000698792,99.75,5.739862903850632,100.10000000000001,3.35994152285342,99.7,19.5274273885976,100.15,8.97518984563526,99.65,2.4760450742364486,100.2,6.240050412653767,99.60000000000001,2.894665508854365,100.25,1.3382118453665073,99.55000000000001,1.9057364869322606,100.3,7.41446520477837,99.5,0.8105048372551363,100.35000000000001,9.49941795374817,99.45,17.562663098738398,100.4,4.810227960384233
1710000017.1999836,100343,FI2010_LSE,99.85000000000001,3.607131781090645,99.95,5.04322308947349,99.80000000000001,9.938178134744303,100.0,3.901544588969304,99.75000000000001,8.135536307598397,100.05,10.087327825632983,99.7,2.8520386006949447,100.10000000000001,16.35370935508405,99.65,2.459041856854365,100.15,3.4944609713881523,99.60000000000001,6.009101921118644,100.2,6.0451112524220925,99.55000000000001,3.339062799164621,100.25,3.201173544711489,99.50000000000001,5.190485884639928,100.3,1.5030420676632903,99.45,8.12192803609556,100.35000000000001,4.198336072539306,99.4,3.9770253392620822,100.4,4.154200667495643
1710000017.2499835,100344,FI2010_LSE,99.80000000000001,7.016007732881428,99.85000000000001,5.767395051851979,99.75000000000001,3.756847255430963,99.9,10.964742283696161,99.70000000000002,2.8773715344748223,99.95,3.5554752378362693,99.65,6.886731607433895,100.00000000000001,5.239101542597167,99.60000000000001,4.006321714716573,100.05000000000001,6.15025278939288,99.55000000000001,5.7489129305664495,100.10000000000001,2.5092894396343834,99.50000000000001,1.2028650219627637,100.15,1.760485450613947,99.45000000000002,5.352492668944484,100.2,7.572825031441661,99.4,3.361963995069771,100.25000000000001,11.506783478873995,99.35000000000001,5.510509672889108,100.30000000000001,1.8061461286709835
1710000017.2999835,100345,FI2010_LSE,99.75,11.038115908830473,99.8,10.894355675210809,99.7,6.437440607445559,99.85,5.597617609957429,99.65,2.873493882671624,99.89999999999999,4.024446901401976,99.6,7.422035947571095,99.95,5.077780107844767,99.55,8.272723857353224,100.0,6.600783182259848,99.5,7.44170922054078,100.05,6.146706227867201,99.45,5.845807670539315,100.1,1.9595975900250857,99.4,2.1549270216350154,100.14999999999999,2.3926052261726376,99.35,1.7017068241330793,100.2,1.1012150382285193,99.3,3.7594372914430036,100.25,4.261067964040282
1710000017.3499835,100346,FI2010_LSE,99.80000000000001,9.945079959607295,99.85000000000001,4.639871049856071,99.75000000000001,5.406195979432527,99.9,4.321487679061632,99.70000000000002,3.940829080363061,99.95,4.336865794873492,99.65,5.8421337612484345,100.00000000000001,3.107234049266152,99.60000000000001,12.523544436075051,100.05000000000001,6.196229753070097,99.55000000000001,8.218281400771456,100.10000000000001,7.386165093060095,99.50000000000001,4.133038061680015,100.15,1.5329155807854646,99.45000000000002,2.7441647099432456,100.2,5.426376746358803,99.4,4.063957283643835,100.25000000000001,5.0179099996544165,99.35000000000001,1.9323376234112766,100.30000000000001,2.6306932674530334
1710000017.3999834,100347,FI2010_LSE,99.80000000000001,4.013260514194923,99.85000000000001,7.861645435196744,99.75000000000001,5.37921317237945,99.9,5.652823777586448,99.70000000000002,5.865813889096987,99.95,4.664119414740726,99.65,12.974700655994987,100.00000000000001,11.895045927285153,99.60000000000001,13.571275468240886,100.05000000000001,6.757258407391556,99.55000000000001,4.974015752910358,100.10000000000001,2.4482240356325713,99.50000000000001,5.294500871798342,100.15,2.472401001155199,99.45000000000002,2.3062130235286773,100.2,7.245542577371919,99.4,1.1204222686343908,100.25000000000001,12.38822796527319,99.35000000000001,0.5850663387982431,100.30000000000001,3.6216310616545138
1710000017.4499834,100348,FI2010_LSE,99.80000000000001,4.864152385279732,99.85000000000001,7.225074979833686,99.75000000000001,4.658675400024038,99.9,7.98944986076276,99.70000000000002,3.2368822318125368,99.95,11.212795512394354,99.65,3.620853953383699,100.00000000000001,4.486271852970493,99.60000000000001,15.96658444545836,100.05000000000001,5.754393071270756,99.55000000000001,3.640323240656447,100.10000000000001,4.114895564045426,99.50000000000001,2.7916586349994237,100.15,11.197406884817024,99.45000000000002,6.9173376949009056,100.2,3.935557323649313,99.4,2.0132662698151123,100.25000000000001,17.287535029888087,99.35000000000001,1.647307412618308,100.30000000000001,0.1
1710000017.4999833,100349,FI2010_LSE,99.80000000000001,6.898433719930701,99.85000000000001,6.0866686599663105,99.75000000000001,4.673249208641749,99.9,7.737711588650326,99.70000000000002,7.40187573458827,99.95,4.130920316168935,99.65,3.4794336130884878,100.00000000000001,7.756728500541735,99.60000000000001,3.3025896442873446,100.05000000000001,2.5762514784100103,99.55000000000001,1.8983931814547412,100.10000000000001,2.0213940379977324,99.50000000000001,1.9623427111413916,100.15,1.2656975399456314,99.45000000000002,20.881375031875912,100.2,1.3667513281408101,99.4,4.651580244011181,100.25000000000001,14.384230490564399,99.35000000000001,3.5755111918926334,100.30000000000001,5.132926771140871
1710000017.5499833,100350,FI2010_LSE,99.80000000000001,4.099398133951664,99.85000000000001,6.4827832326463986,99.75000000000001,7.377280364612563,99.9,5.4008809467301475,99.70000000000002,4.572835062189123,99.95,18.277277228426872,99.65,3.3835311989854637,100.00000000000001,2.562438540500227,99.60000000000001,4.504889427366516,100.05000000000001,5.804493776478333,99.55000000000001,4.9465436384408825,100.10000000000001,4.410837489956595,99.50000000000001,1.2621350689031727,100.15,8.681011543011731,99.45000000000002,3.198803955563293,100.2,2.5582708779500676,99.4,4.4873559954738,100.25000000000001,3.9638142265638785,99.35000000000001,11.526532371596785,100.30000000000001,3.125426865093505
1710000017.5999832,100351,FI2010_LSE,99.9,8.946792585586067,99.95,4.190631438297354,99.85000000000001,4.9133142045198825,100.0,4.358928741895786,99.80000000000001,3.6198089018020996,100.05,5.197384328026937,99.75,3.2776241212843624,100.10000000000001,6.583410701933547,99.7,10.017222398228624,100.15,2.822978649470346,99.65,2.0367594914245037,100.2,1.755948345904351,99.60000000000001,3.943538787932593,100.25,1.734952993354832,99.55000000000001,5.292614655095456,100.3,3.722214924040837,99.5,7.242007230386349,100.35000000000001,7.486395389609562,99.45,2.9170820497806513,100.4,1.9484934293316714
1710000017.6499832,100352,FI2010_LSE,99.9,9.43903429823514,99.95,5.429589963797898,99.85000000000001,7.370602677375454,100.0,5.978375541806789,99.80000000000001,7.645208512392692,100.05,5.211239788391921,99.75,3.4413719388230595,100.10000000000001,4.955292005485569,99.7,2.374756394721945,100.15,6.016761744143005,99.65,3.105828102912783,100.2,4.715955914499315,99.60000000000001,2.0305961539425756,100.25,6.367330379240959,99.55000000000001,1.2591998982536075,100.3,5.04898291513193,99.5,0.7252686470679286,100.35000000000001,0.6756393291281153,99.45,5.741653178193575,100.4,8.438333081035141
1710000017.6999831,100353,FI2010_LSE,99.9,8.822513236669018,99.95,12.784857645141773,99.85000000000001,7.518767681528586,100.0,3.93185767788109,99.80000000000001,9.396704420814581,100.05,5.445930788651383,99.75,9.266125292678774,100.10000000000001,9.940924677375452,99.7,4.571279261162719,100.15,3.328853227496537,99.65,8.34662635089359,100.2,7.276227851160122,99.60000000000001,12.502844250136604,100.25,5.704262127183578,99.55000000000001,12.594599818786287,100.3,3.1307923343478983,99.5,1.7945546007771278,100.35000000000001,2.6119117211933536,99.45,2.7766367839665325,100.4,4.597549679470696
1710000017.749983,100354,FI2010_LSE,99.85000000000001,9.77769055141055,100.00000000000001,19.959281938442587,99.80000000000001,4.884058316122846,100.05000000000001,8.917304018221198,99.75000000000001,13.481362186815659,100.10000000000001,2.9714087248406837,99.7,5.734992042201057,100.15000000000002,3.6920050324798015,99.65,12.146850180248528,100.20000000000002,5.159982235020408,99.60000000000001,4.831892367317273,100.25000000000001,18.397404293925703,99.55000000000001,6.269074242068696,100.30000000000001,3.793073580281781,99.50000000000001,6.470976353894755,100.35000000000001,6.733089475716062,99.45,4.336090335905472,100.40000000000002,2.076214158001637,99.4,0.5116830355615283,100.45000000000002,0.5995503348103808
1710000017.799983,100355,FI2010_LSE,99.85000000000001,5.583583609733458,99.9,3.6450981539452147,99.80000000000001,3.699530419007525,99.95,12.065014147303419,99.75000000000001,5.946574372866527,100.0,7.42242846690341,99.7,12.961827171539655,100.05000000000001,3.042622388033646,99.65,2.7499050828205363,100.10000000000001,2.508692401760676,99.60000000000001,8.17816250072429,100.15,1.6834960827884813,99.55000000000001,6.088019746603985,100.2,1.637987112766418,99.50000000000001,11.81408335445452,100.25,7.641595187019997,99.45,7.073080132285826,100.30000000000001,3.1588795568326593,99.4,1.2731659849695884,100.35000000000001,0.1
1710000017.849983,100356,FI2010_LSE,99.9,3.852531543698352,99.95,14.272853835374992,99.85000000000001,3.255584865136206,100.0,5.105203013138569,99.80000000000001,5.698391024879159,100.05,6.406610309481707,99.75,5.750649554478123,100.10000000000001,3.5913093284581907,99.7,11.020246708251772,100.15,13.517089228331765,99.65,8.277762430586135,100.2,5.147667367283908,99.60000000000001,10.399576391809944,100.25,5.667990502726838,99.55000000000001,7.811028256581036,100.3,2.402574220318984,99.5,15.39144371576384,100.35000000000001,5.4630111481295005,99.45,5.642860382175991,100.4,0.34425730834969676
1710000017.899983,100357,FI2010_LSE,99.9,12.459500284761177,99.95,5.075731333357617,99.85000000000001,4.192509885829974,100.0,3.986916012363979,99.80000000000001,4.260615839661822,100.05,3.919206800003189,99.75,3.6082270100591467,100.10000000000001,3.1149628136071534,99.7,4.672676869710159,100.15,3.1040873198851013,99.65,9.685229481111298,100.2,1.905694656149703,99.60000000000001,4.351384127507959,100.25,7.844936433606548,99.55000000000001,5.824041139655548,100.3,4.531406863292946,99.5,7.032620190100021,100.35000000000001,3.2337915113005256,99.45,9.100968353279324,100.4,1.4994135229360614
1710000017.949983,100358,FI2010_LSE,99.9,3.7855343238548342,99.95,5.238297262520634,99.85000000000001,3.5340190900952697,100.0,10.32604830258217,99.80000000000001,19.832435379321787,100.05,4.742625650260219,99.75,4.434764701275206,100.10000000000001,4.381051939659072,99.7,5.759934913206905,100.15,4.745884326801033,99.65,1.9309490206487967,100.2,8.375814477431714,99.60000000000001,4.355444423132898,100.25,4.289507490456291,99.55000000000001,1.929378440791857,100.3,6.365750404771923,99.5,0.9793188493017959,100.35000000000001,3.4246934944345218,99.45,3.5411095058135698,100.4,2.265487735606143
1710000017.9999828,100359,FI2010_LSE,99.95,14.634171462624327,100.0,8.739327291283667,99.9,3.4264632683031326,100.05,10.307328988802077,99.85000000000001,3.8437126679723397,100.1,11.327543667416577,99.8,6.055211281322483,100.15,7.9280480090319285,99.75,6.981896273990981,100.2,11.747146289630912,99.7,11.703886122032033,100.25,4.875867945499643,99.65,10.753841150055809,100.3,1.5725916426768047,99.60000000000001,4.715819162981114,100.35,1.3252543764088114,99.55,0.8506442875061107,100.4,4.321674649109245,99.5,1.7645718133079287,100.45,5.024879334973459
1710000018.0499828,100360,FI2010_LSE,99.95,10.21157976174421,100.0,7.2112144876169335,99.9,7.6993425198689405,100.05,3.5328230209932534,99.85000000000001,7.522328435780118,100.1,10.058747899778606,99.8,2.829653831986301,100.15,3.9187865568673,99.75,2.356705617602338,100.2,4.1637989114298755,99.7,2.4875935349091063,100.25,2.349551911616728,99.65,2.089672577390185,100.3,3.6696364315244265,99.60000000000001,0.8057338693112651,100.35,6.767861251974061,99.55,2.6876041776757678,100.4,10.654509065929066,99.5,0.9618521671329874,100.45,2.46432177433882
1710000018.0999827,100361,FI2010_LSE,99.95,5.017067059585824,100.0,4.8146279217654,99.9,13.976307250367157,100.05,8.081581040920007,99.85000000000001,4.433160231234341,100.1,4.701862020707616,99.8,4.670192152900055,100.15,6.739837800215657,99.75,4.527175562634491,100.2,2.8353390442953987,99.7,3.51193303930832,100.25,10.37865639019929,99.65,1.2535538738900114,100.3,6.739452645424803,99.60000000000001,11.042603617686588,100.35,18.458557556641065,99.55,2.104336583731469,100.4,20.243128979201895,99.5,2.5648733161431623,100.45,0.40823951877111775
1710000018.1499827,100362,FI2010_LSE,99.9,9.50260586534216,99.95,5.634842892336598,99.85000000000001,12.236107531828964,100.0,5.380324165767312,99.80000000000001,9.65377447886207,100.05,25.378025032316092,99.75,5.886673462324172,100.10000000000001,3.834376099358612,99.7,11.299713420457895,100.15,2.3790255336321,99.65,11.625130146284697,100.2,2.5069478020570877,99.60000000000001,4.90007484988591,100.25,6.052435438453848,99.55000000000001,3.277342819984116,100.3,1.1390982073295368,99.5,4.772955038040068,100.35000000000001,1.499939094077213,99.45,2.139507483225072,100.4,2.791254545713359
1710000018.1999826,100363,FI2010_LSE,99.9,6.511783406631134,100.0,5.7013440661957455,99.85000000000001,7.1460674388072185,100.05,3.2511563228762697,99.80000000000001,4.119198850641664,100.1,5.521855403086819,99.75,4.559472681948513,100.15,2.609587170129404,99.7,10.008163774458247,100.2,3.7995773902123835,99.65,8.224913227828688,100.25,3.185270001263953,99.60000000000001,4.022111890131324,100.3,2.2919690673953292,99.55000000000001,3.260566784626156,100.35,2.7515825610509657,99.5,2.0257090499422272,100.4,2.444345226271802,99.45,3.9529675592562374,100.45,11.52674362816089
1710000018.2499826,100364,FI2010_LSE,99.9,4.162440649873409,99.95,7.190333951129014,99.85000000000001,9.267215571496827,100.0,4.734685594694851,99.80000000000001,8.865857976683726,100.05,11.00201650609733,99.75,2.540884773790123,100.10000000000001,10.45992574304389,99.7,3.2793517820422426,100.15,6.698013769456005,99.65,1.7032486427422073,100.2,10.036136965107584,99.60000000000001,1.4421124508195662,100.25,4.820041201094275,99.55000000000001,6.106660347834066,100.3,4.697304507833666,99.5,2.005676576775167,100.35000000000001,3.9747329859245952,99.45,4.535865001882414,100.4,4.528601068035935
1710000018.2999825,100365,FI2010_LSE,99.95,9.131819344668724,100.0,3.8044006439418583,99.9,3.360847146697252,100.05,4.908355989582661,99.85000000000001,4.7192811303584605,100.1,7.08827903160423,99.8,4.62433090903099,100.15,6.398310804390341,99.75,6.689486303521213,100.2,4.663627949025916,99.7,10.039442290110374,100.25,2.112908652279693,99.65,4.189011642341653,100.3,8.339686355846197,99.60000000000001,2.7014814949488306,100.35,7.1689096766069635,99.55,5.607467059656462,100.4,2.1769188128653667,99.5,3.882616614835632,100.45,1.0671085821011181
1710000018.3499825,100366,FI2010_LSE,99.9,5.127858582379462,100.0,6.726788055590359,99.85000000000001,6.030158363121393,100.05,5.1968259827538805,99.80000000000001,12.92186875445531,100.1,2.9913608832013385,99.75,4.672338296602504,100.15,5.678948536321333,99.7,4.361206806673434,100.2,10.716278094860561,99.65,6.42358155240869,100.25,11.426447925050986,99.60000000000001,1.25697124903567,100.3,4.582932901553496,99.55000000000001,2.7322269958098904,100.35,2.8451091297385016,99.5,0.8522796701073063,100.4,1.018276808183468,99.45,2.9195608420004704,100.45,1.5275638181161857
1710000018.3999825,100367,FI2010_LSE,99.9,3.7202432093858397,100.0,6.041600748399228,99.85000000000001,3.747071569847695,100.05,8.44226609846071,99.80000000000001,2.882225572049112,100.1,6.272102746159698,99.75,4.933606800088291,100.15,11.431889371062505,99.7,19.361138203211436,100.2,4.507431819770345,99.65,14.737072835528274,100.25,22.368050978661575,99.60000000000001,2.7899534103719708,100.3,1.7790143622954613,99.55000000000001,2.599763428103662,100.35,7.100627434897952,99.5,15.35359143183051,100.4,4.039484616097279,99.45,3.3637199995263605,100.45,2.7304215238826766
1710000018.4499824,100368,FI2010_LSE,99.9,8.161533831620279,100.0,4.829929992360494,99.85000000000001,16.85858365137445,100.05,8.039029649599687,99.80000000000001,2.961111184515588,100.1,5.112354871694011,99.75,5.084983366549515,100.15,5.151173973740521,99.7,4.381410493302216,100.2,3.235980737876987,99.65,5.193958401585698,100.25,9.809079941293978,99.60000000000001,3.755242280886884,100.3,12.142563827844054,99.55000000000001,0.9881117860170082,100.35,4.011723820494417,99.5,2.1170545550661184,100.4,4.626788683441392,99.45,0.1,100.45,0.1
1710000018.4999824,100369,FI2010_LSE,99.9,4.904980716779497,100.0,4.620209260521731,99.85000000000001,9.577865773345508,100.05,4.800519685724898,99.80000000000001,19.517785962865744,100.1,7.828702406767444,99.75,2.9412045833377554,100.15,4.694083554174571,99.7,6.435270358089291,100.2,9.552897812859225,99.65,4.256854342036235,100.25,8.65839936259725,99.60000000000001,1.7998319961184894,100.3,7.575360478596511,99.55000000000001,1.6822676735116526,100.35,9.586139265951433,99.5,11.135424151398269,100.4,4.052293686645947,99.45,3.640276598397075,100.45,0.2920038778545189
1710000018.5499823,100370,FI2010_LSE,99.95,5.454100923673322,100.0,6.910187050352823,99.9,5.666286278684735,100.05,8.078492281848089,99.85000000000001,9.246229063994374,100.1,4.061845653806307,99.8,4.091032494983203,100.15,2.5241956835057793,99.75,4.291339836096446,100.2,9.432110913226374,99.7,1.9026521156537197,100.25,10.681217553291473,99.65,3.0575798297361354,100.3,3.634586444796758,99.60000000000001,9.559533461919143,100.35,4.974915629512102,99.55,0.7740814018401501,100.4,0.43395728883995965,99.5,0.1153035699076077,100.45,0.6669498496855385
1710000018.5999823,100371,FI2010_LSE,99.85000000000001,6.718340898713674,99.9,8.420210370799417,99.80000000000001,8.404692156026307,99.95,6.9827543650183586,99.75000000000001,5.607276831854849,100.0,5.8971008784949746,99.7,8.985595879029836,100.05000000000001,8.586334665465625,99.65,8.176633863648131,100.10000000000001,3.2263577781472685,99.60000000000001,14.711700132329574,100.15,8.36732307885109,99.55000000000001,1.7724868789716153,100.2,3.417338381241928,99.50000000000001,2.226566417745144,100.25,6.770612466320474,99.45,7.883958354619443,100.30000000000001,5.13839700849629,99.4,0.1,100.35000000000001,19.301425768435497
1710000018.6499822,100372,FI2010_LSE,99.9,7.695700170374522,99.95,4.227587040758299,99.85000000000001,9.608560000674299,100.0,9.494753153803,99.80000000000001,6.010390431292126,100.05,8.03404220996832,99.75,3.597421347075686,100.10000000000001,2.487597542198471,99.7,2.747181523344639,100.15,6.072562969172897,99.65,4.163204702520989,100.2,6.736203295461825,99.60000000000001,10.171568855395261,100.25,6.32343015925025,99.55000000000001,2.3968706219193185,100.3,10.92857026120539,99.5,1.691446467357964,100.35000000000001,5.378680297139689,99.45,4.27212528569261,100.4,1.4442516846558875
1710000018.6999822,100373,FI2010_LSE,99.85000000000001,4.1431253693367625,99.95,10.123910174446209,99.80000000000001,16.924032305651416,100.0,3.638473828740371,99.75000000000001,5.174205708899713,100.05,17.88568887792115,99.7,4.3939764115476905,100.10000000000001,3.8420696964807095,99.65,2.3480236676135693,100.15,2.8215293187779387,99.60000000000001,6.134716131373832,100.2,8.066632250837403,99.55000000000001,9.545686850604802,100.25,2.5961272537926163,99.50000000000001,1.3614449160975644,100.3,2.0894235277957094,99.45,17.191207677268007,100.35000000000001,8.331562359796813,99.4,3.0957056398246476,100.4,1.0190043706003853
1710000018.749982,100374,FI2010_LSE,99.95,8.607949991456938,100.0,4.492910473599242,99.9,7.709272864874378,100.05,3.348616028815686,99.85000000000001,19.466717371887068,100.1,12.758669062060424,99.8,4.546073450647668,100.15,2.4336192622802715,99.75,4.493457850088951,100.2,4.190138073898581,99.7,2.4371326262260564,100.25,12.945020855828586,99.65,1.9528717184620659,100.3,5.221321441228028,99.60000000000001,1.2743835987950194,100.35,4.002858789897177,99.55,1.9561289130367419,100.4,1.420779469257834,99.5,0.1311099338123165,100.45,1.4490804125190526
1710000018.799982,100375,FI2010_LSE,99.95,6.810138706255575,100.05,4.4977199094484375,99.9,5.57234048289005,100.1,15.720076421788114,99.85000000000001,5.323736913327407,100.14999999999999,4.474019139498059,99.8,13.403413485314447,100.2,10.686064345184965,99.75,3.5880990609955425,100.25,2.5612579695115576,99.7,1.6575749372185578,100.3,6.634001125919328,99.65,1.5965896648403015,100.35,2.7365170383491018,99.60000000000001,6.559830515983209,100.39999999999999,5.853375000482378,99.55,2.6200966532908763,100.45,12.824052761298832,99.5,0.537765867087284,100.5,0.34314190569856656
1710000018.849982,100376,FI2010_LSE,100.0,5.192205517082762,100.05,7.571255246346054,99.95,3.4788466360362595,100.1,6.655740772706623,99.9,2.957195332788096,100.14999999999999,5.3268209504282815,99.85,4.032496939383897,100.2,4.159272690277907,99.8,3.229528944683591,100.25,2.5419303434380565,99.75,1.651679088384207,100.3,6.152914169521223,99.7,4.966037361076697,100.35,2.7719775802798363,99.65,6.625744047141207,100.39999999999999,9.927714921635154,99.6,0.5602204914697019,100.45,3.233243890483132,99.55,8.587863504398857,100.5,4.818180616665852
1710000018.899982,100377,FI2010_LSE,99.9,7.130633394362514,100.0,13.040153154255991,99.85000000000001,3.7859206662121063,100.05,4.622880349539863,99.80000000000001,4.37362843134559,100.1,4.058714529449839,99.75,10.54736042878875,100.15,4.128453832144579,99.7,7.397185410797142,100.2,7.581532084064173,99.65,5.8287712851221265,100.25,3.848356799370474,99.60000000000001,6.329110739234414,100.3,1.5538540561917165,99.55000000000001,4.848136305676963,100.35,2.974173475519831,99.5,1.2311075059274112,100.4,3.964583628573479,99.45,1.284383846315127,100.45,1.4076799304267678
1710000018.949982,100378,FI2010_LSE,99.95,4.691283787728766,100.0,6.5074895202318945,99.9,12.425839550949043,100.05,8.03983497743927,99.85000000000001,4.801522561596826,100.1,5.339605371680374,99.8,5.113435475148502,100.15,3.7652472144076254,99.75,2.1876761350126217,100.2,2.0104898104616975,99.7,3.338378664731583,100.25,3.013331770483191,99.65,2.9084409040620303,100.3,1.4014294517077575,99.60000000000001,1.0117171074222888,100.35,6.53678931478021,99.55,0.8145607770599694,100.4,0.7696297769680709,99.5,6.537674760071913,100.45,3.4037039954394563
1710000018.9999819,100379,FI2010_LSE,99.95,4.561117843922778,100.0,11.888574042125294,99.9,14.027450251959692,100.05,4.087093412893022,99.85000000000001,3.6100734444646227,100.1,10.273833127185839,99.8,7.636384200466155,100.15,2.6969602950455465,99.75,4.736160294448522,100.2,3.957509353547895,99.7,4.8424658142054735,100.25,2.3201254326179117,99.65,10.18712523859654,100.3,5.115432619469798,99.60000000000001,3.662454642965474,100.35,6.296771899758486,99.55,0.4507290886037753,100.4,2.723309945409939,99.5,1.5833439538471794,100.45,8.393256935759577
1710000019.0499818,100380,FI2010_LSE,99.95,15.653403690401477,100.0,5.58981733687555,99.9,4.324910925056407,100.05,3.7783968710805422,99.85000000000001,3.8182721691491235,100.1,3.0097189311337633,99.8,4.050184579112809,100.15,3.765066639250464,99.75,6.046273950357825,100.2,11.8163564505742,99.7,11.731556500429363,100.25,5.74672556434613,99.65,3.1945500065675505,100.3,2.348812744571917,99.60000000000001,6.456531493141291,100.35,1.1301325685778412,99.55,12.893589113912745,100.4,1.0011866174021677,99.5,8.483859894481272,100.45,1.4839846961894574
1710000019.0999818,100381,FI2010_LSE,99.9,7.309462886639827,99.95,12.455912808294887,99.85000000000001,15.867288854740565,100.0,5.199633688882179,99.80000000000001,5.0161367432693345,100.05,6.607751054572947,99.75,3.686080247275523,100.10000000000001,3.9688328687488075,99.7,5.708187642810257,100.15,7.706483879675195,99.65,3.1466508286231294,100.2,9.669280597681729,99.60000000000001,1.6796872765713935,100.25,8.353281345739294,99.55000000000001,4.239612547575277,100.3,5.896242220375233,99.5,2.741238405482543,100.35000000000001,1.4050325249529858,99.45,8.362493209497796,100.4,1.0373818455057824
1710000019.1499817,100382,FI2010_LSE,99.95,5.884891015081028,100.0,5.15177665290225,99.9,5.327538988165016,100.05,9.321822966020921,99.85000000000001,5.095364002376335,100.1,6.861383829146034,99.8,5.144173434318471,100.15,4.750917628569379,99.75,3.558623455865808,100.2,5.704059441364143,99.7,14.995879827244519,100.25,2.9514043627118136,99.65,1.6109580323472692,100.3,5.886850502402285,99.60000000000001,1.4881273461632176,100.35,5.027238127408898,99.55,3.039772420938134,100.4,2.7807838655966917,99.5,4.777496845099193,100.45,7.350767491826234
1710000019.1999817,100383,FI2010_LSE,99.95,11.397974573432242,100.0,3.654890749391912,99.9,6.674460849313489,100.05,7.20659143335057,99.85000000000001,3.1344819903748604,100.1,4.020728236277623,99.8,2.993981322520878,100.15,10.245177029197013,99.75,5.953739771831815,100.2,2.631438620041813,99.7,10.582685305450168,100.25,2.1971673636518805,99.65,2.9959388356276877,100.3,1.5480991594895746,99.60000000000001,7.354310185345666,100.35,11.561931959675654,99.55,1.504428519558703,100.4,1.1616056900823115,99.5,3.707669149464873,100.45,0.22328031936479367
1710000019.2499816,100384,FI2010_LSE,99.95,4.006618471807151,100.0,8.354823882263611,99.9,6.118612300281275,100.05,3.7559717151646197,99.85000000000001,4.525161905002574,100.1,3.340024223073564,99.8,5.48441975869976,100.15,15.190922711772098,99.75,8.55175608295885,100.2,6.134275673098211,99.7,5.5213214998189954,100.25,1.9188326666262487,99.65,4.124723506442836,100.3,2.952922532926289,99.60000000000001,1.8681088357048492,100.35,9.922284352678684,99.55,3.318806367947488,100.4,1.2746464259777608,99.5,2.4441084457348077,100.45,12.066697036592311
1710000019.2999816,100385,FI2010_LSE,99.95,6.547722002137303,100.0,4.773334035709457,99.9,3.9944652328251795,100.05,3.2759743964910197,99.85000000000001,15.107151226480786,100.1,9.021192652300314,99.8,6.335472454111535,100.15,4.739907386273595,99.75,2.5598398898739916,100.2,4.279875864527396,99.7,1.740822464470765,100.25,1.716929060176105,99.65,3.4242076427821515,100.3,9.288702062837764,99.60000000000001,2.860322764642099,100.35,7.968694278112285,99.55,4.791782414081217,100.4,11.602145444904634,99.5,6.803394343486565,100.45,0.22055363333136643
1710000019.3499815,100386,FI2010_LSE,100.0,4.557320364512504,100.05,3.8568685506020444,99.95,7.65865082157951,100.1,8.136585488669885,99.9,6.200874071178555,100.14999999999999,6.880205337792786,99.85,3.4764968887250722,100.2,15.107583533637547,99.8,2.9327477564598805,100.25,4.2379908052102175,99.75,6.0507479373018285,100.3,3.8720237503543036,99.7,5.956305715579481,100.35,3.960225456016469,99.65,7.3621192944308325,100.39999999999999,4.5676310563505185,99.6,5.475930324285484,100.45,7.833394428339095,99.55,2.3308167911415874,100.5,14.233626674071445
1710000019.3999815,100387,FI2010_LSE,100.0,5.204760725450689,100.05,4.73316843449615,99.95,3.6086984003363973,100.1,5.698974110723698,99.9,5.577042298728535,100.14999999999999,4.05952163309353,99.85,8.445487420766712,100.2,4.623858953026483,99.8,4.310521895539896,100.25,5.601613779008334,99.75,3.6848921600234568,100.3,1.8079970448944842,99.7,6.358120500714241,100.35,5.210162833512828,99.65,1.1272799689800843,100.39999999999999,1.6408266581688227,99.6,15.855100852787649,100.45,0.6882236819457865,99.55,0.24000172518514412,100.5,18.47501095945795
1710000019.4499815,100388,FI2010_LSE,100.0,7.137505391981781,100.1,11.61454640299313,99.95,8.227716322925872,100.14999999999999,4.9516655744860945,99.9,3.8744298212040063,100.19999999999999,3.712413804554763,99.85,4.954056550702402,100.25,4.7069649855349365,99.8,2.1374566747840267,100.3,5.258939782322027,99.75,5.108951783979101,100.35,3.2324132432263672,99.7,13.995613262173027,100.39999999999999,3.166929573206673,99.65,3.8568765317833504,100.44999999999999,2.8216398907004088,99.6,5.914115815450889,100.5,4.232331221009959,99.55,1.1969657799747102,100.55,0.3666431877204067
1710000019.4999814,100389,FI2010_LSE,100.0,7.1741011742910805,100.1,16.836309565945307,99.95,3.845380976442111,100.14999999999999,16.19655408033736,99.9,5.326652224090206,100.19999999999999,16.158972111371835,99.85,2.518918361810733,100.25,3.1163441217157226,99.8,6.3656244632060375,100.3,14.460488719944276,99.75,6.8275352686356445,100.35,3.8739525027201758,99.7,3.3274164282732905,100.39999999999999,3.682151032863332,99.65,5.144781540304061,100.44999999999999,0.8110565635756966,99.6,8.293008873396188,100.5,1.2609976625413966,99.55,8.255543956580063,100.55,5.5827551313328865
1710000019.5499814,100390,FI2010_LSE,99.95,5.860297812681546,100.05,9.03786761613062,99.9,5.54597137700881,100.1,6.943487457041496,99.85000000000001,3.336148141278353,100.14999999999999,3.9396294515851302,99.8,2.9938497937911888,100.2,5.063311675477643,99.75,2.171662914787176,100.25,2.6712009117479827,99.7,1.7250077424048706,100.3,10.429688360027066,99.65,1.3735874263584045,100.35,2.556370819371625,99.60000000000001,16.1412698090344,100.39999999999999,3.443216630564609,99.55,4.519092893352072,100.45,7.1472668221810896,99.5,0.1,100.5,4.297868128186702
1710000019.5999813,100391,FI2010_LSE,99.95,7.367697360787026,100.05,6.893086554466756,99.9,9.596553536670761,100.1,4.91194081133102,99.85000000000001,4.647756371262174,100.14999999999999,3.6216251573821876,99.8,2.4034187488770398,100.2,3.041728829915152,99.75,2.28315488813465,100.25,3.1190518582286897,99.7,11.30800764048829,100.3,6.561545675347679,99.65,6.789985953432251,100.35,4.11823626105672,99.60000000000001,3.79636515892157,100.39999999999999,8.521484130587458,99.55,5.451890800367128,100.45,6.001305107151498,99.5,5.171868278872541,100.5,1.956636478507484
1710000019.6499813,100392,FI2010_LSE,99.85000000000001,11.506269407022785,99.95,4.162961748641272,99.80000000000001,5.83126795766655,100.0,8.397084298059015,99.75000000000001,10.102085036756435,100.05,3.553227214388402,99.7,13.265352216826539,100.10000000000001,2.846749786060161,99.65,5.3332502296413935,100.15,2.8133978397231227,99.60000000000001,2.4587112411460237,100.2,7.545421466975288,99.55000000000001,6.573291599181356,100.25,3.6139910169069513,99.50000000000001,3.596004546452866,100.3,3.158344552101081,99.45,2.815531134757355,100.35000000000001,3.0852927824412277,99.4,0.22300467302352245,100.4,0.21712884903107296
1710000019.6999812,100393,FI2010_LSE,99.85000000000001,6.673675231602784,99.9,5.331043234506838,99.80000000000001,8.879723696122948,99.95,6.948352004699134,99.75000000000001,3.084162095455079,100.0,5.452015139816755,99.7,9.26030057756288,100.05000000000001,3.2290323320730874,99.65,3.272529348785238,100.10000000000001,2.2959121385290584,99.60000000000001,1.7815023083137966,100.15,4.274013413592835,99.55000000000001,6.552989031148632,100.2,2.260800448131851,99.50000000000001,4.750596604092217,100.25,3.3002814303568986,99.45,2.4346790949315507,100.30000000000001,3.8799255468458833,99.4,9.375771472667154,100.35000000000001,5.120262085534847
1710000019.7499812,100394,FI2010_LSE,99.85000000000001,6.681212667207454,99.9,4.7609829330675755,99.80000000000001,6.678926509174248,99.95,4.984727448489631,99.75000000000001,5.253356331629943,100.0,3.375965740498261,99.7,5.521500583140471,100.05000000000001,4.511425390588185,99.65,4.743908003374129,100.10000000000001,2.2453217219312838,99.60000000000001,1.7749116083106593,100.15,3.1713047644929047,99.55000000000001,5.404780215265308,100.2,7.208259011716875,99.50000000000001,1.496427654837324,100.25,1.7158116442021458,99.45,1.8899505509579808,100.30000000000001,1.3726895808535038,99.4,0.4282325354148479,100.35000000000001,7.066954454088867
1710000019.799981,100395,FI2010_LSE,99.80000000000001,4.944460631550523,99.85000000000001,4.826054538967511,99.75000000000001,5.409192960140787,99.9,12.308870948853798,99.70000000000002,12.106382379872034,99.95,6.332936892288303,99.65,8.546938828452962,100.00000000000001,4.971537985173418,99.60000000000001,3.53433878807221,100.05000000000001,2.195319959990642,99.55000000000001,2.6948520704697723,100.10000000000001,3.39500069513309,99.50000000000001,14.529644479826786,100.15,8.363210165596616,99.45000000000002,2.043669128433373,100.2,0.9614960348500101,99.4,14.038559899275171,100.25000000000001,11.56318911957082,99.35000000000001,12.186772464224804,100.30000000000001,7.78843530701234
1710000019.849981,100396,FI2010_LSE,99.80000000000001,6.177808700123133,99.9,9.060535700306584,99.75000000000001,10.38358590223174,99.95,4.387713214932672,99.70000000000002,5.060467539266714,100.0,3.0743048290980135,99.65,3.8730466288418492,100.05000000000001,3.0109497945363035,99.60000000000001,10.209040768721719,100.10000000000001,3.4504932229246936,99.55000000000001,8.96963296428669,100.15,3.631452808942652,99.50000000000001,16.84492812438895,100.2,1.25366693852632,99.45000000000002,3.5420411806785532,100.25,4.494717227505366,99.4,6.353908773567523,100.30000000000001,1.9884784679192653,99.35000000000001,1.7396300921377588,100.35000000000001,1.4251899322862802
1710000019.899981,100397,FI2010_LSE,99.75,5.713382620743368,99.8,5.7238731987001605,99.7,3.5032295214032403,99.85,9.37446762672701,99.65,4.396027108018157,99.89999999999999,3.662105867269023,99.6,4.755023030391449,99.95,16.074272249567294,99.55,4.031191723085448,100.0,3.77216130236495,99.5,2.734036324023031,100.05,3.062620962511933,99.45,5.641006836999976,100.1,1.625945677489319,99.4,1.0760338597130206,100.14999999999999,3.5675108531813615,99.35,0.4745888332874612,100.2,2.403477077742533,99.3,6.572519130286651,100.25,12.033851823053
1710000019.949981,100398,FI2010_LSE,99.80000000000001,4.518553558700891,99.85000000000001,3.77952123284383,99.75000000000001,4.756625473536565,99.9,15.857636040605641,99.70000000000002,4.441797015647209,99.95,6.134201268493167,99.65,2.5242427803604244,100.00000000000001,13.3065644714131,99.60000000000001,3.962731755107548,100.05000000000001,2.542440646159953,99.55000000000001,1.6662827756572731,100.10000000000001,3.8330948963589573,99.50000000000001,5.311077515981336,100.15,6.617692057312188,99.45000000000002,5.693746954775092,100.2,3.448759490524254,99.4,11.827565703233793,100.25000000000001,8.502842817746352,99.35000000000001,3.7632739377331133,100.30000000000001,0.1
1710000019.999981,100399,FI2010_LSE,99.80000000000001,6.1797227706292865,99.85000000000001,5.054636951779937,99.75000000000001,6.880480819028902,99.9,3.336406585202886,99.70000000000002,10.594812399188267,99.95,5.490440018698008,99.65,13.99898768347872,100.00000000000001,3.1428692192395737,99.60000000000001,2.3953707747536375,100.05000000000001,6.799137317256795,99.55000000000001,4.5547802104847595,100.10000000000001,9.531337221541907,99.50000000000001,6.962599502712533,100.15,1.2082459695859926,99.45000000000002,3.5224024527060225,100.2,4.77551819497022,99.4,6.049653111477885,100.25000000000001,0.9728001928047854,99.35000000000001,1.1823560163224534,100.30000000000001,0.25541563311384746
1710000020.0499809,100400,FI2010_LSE,99.80000000000001,4.5323520310062175,99.85000000000001,3.6530666289956986,99.75000000000001,5.075857369137266,99.9,5.492890851031349,99.70000000000002,10.345687741269739,99.95,4.899441053710921,99.65,3.068783642669114,100.00000000000001,3.8288051192377197,99.60000000000001,7.958647775129447,100.05000000000001,2.9001139213880114,99.55000000000001,4.30486421656414,100.10000000000001,2.389352195565105,99.50000000000001,7.74710398967175,100.15,4.164972855611191,99.45000000000002,3.0441092405818804,100.2,3.123802821188712,99.4,9.821549843099511,100.25000000000001,0.9662427874732722,99.35000000000001,6.531969609480488,100.30000000000001,5.185524879001595
1710000020.0999808,100401,FI2010_LSE,99.80000000000001,4.367245847779438,99.85000000000001,15.65918639237006,99.75000000000001,12.323424840404872,99.9,3.309258701336566,99.70000000000002,7.303790092103938,99.95,3.9043896183507125,99.65,6.030074129062037,100.00000000000001,5.512811255576969,99.60000000000001,2.555565994757124,100.05000000000001,4.358038011449825,99.55000000000001,2.775603352410701,100.10000000000001,2.3493027220787566,99.50000000000001,6.111045345733253,100.15,2.0648628860481,99.45000000000002,6.7531000752474135,100.2,6.166284338737386,99.4,8.05085315326334,100.25000000000001,14.626783837615756,99.35000000000001,3.1976421603433556,100.30000000000001,2.283185996692346
1710000020.1499808,100402,FI2010_LSE,99.75,7.5736927629376565,99.8,4.146245073901125,99.7,4.370881217126051,99.85,6.298528061364761,99.65,10.848843962880892,99.89999999999999,6.00774449942309,99.6,5.2155710359846745,99.95,2.4636084126411566,99.55,3.427640097145084,100.0,6.807683398919862,99.5,11.003576873157487,100.05,6.073118421170122,99.45,4.577413673241153,100.1,2.439331301426974,99.4,2.4563685889533913,100.14999999999999,13.223514127025343,99.35,5.56004595869291,100.2,0.5961799978457716,99.3,7.027252427839259,100.25,4.639750042780039
1710000020.1999807,100403,FI2010_LSE,99.7,6.8849798962379225,99.75,5.997149852754937,99.65,19.293771467577596,99.8,4.295087172042772,99.60000000000001,3.189520123977893,99.85,8.985053081260917,99.55,5.917520899553333,99.9,2.4238730169434706,99.5,6.4776659833675145,99.95,2.187485212283447,99.45,1.6440165511601768,100.0,3.862732530885577,99.4,3.0909998375627383,100.05,1.515583209112032,99.35000000000001,1.6485948455554484,100.1,6.321318447885318,99.3,11.414231080308095,100.15,1.085648495122006,99.25,4.239022925274578,100.2,2.9842243887491304
1710000020.2499807,100404,FI2010_LSE,99.7,6.177305936511461,99.75,17.966116879248794,99.65,4.655727748720316,99.8,3.2733342923591073,99.60000000000001,4.938959784745272,99.85,3.6582896226982546,99.55,8.152288304199049,99.9,2.9766687707808317,99.5,3.6382681380240385,99.95,6.8945153488166895,99.45,1.6947849924293787,100.0,8.935459641933022,99.4,11.249335309431327,100.05,1.9579797545307915,99.35000000000001,1.531763020116268,100.1,6.630187589863138,99.3,0.9179485341773592,100.15,1.4196258550164584,99.25,0.28052159437427526,100.2,3.9238952514586383
1710000020.2999806,100405,FI2010_LSE,99.7,9.802610592353199,99.75,7.438065031124816,99.65,5.330314143316909,99.8,8.597628382149075,99.60000000000001,3.9944181173863753,99.85,12.318234300392835,99.55,2.4565807663774857,99.9,7.578240152896527,99.5,3.609729408255333,99.95,2.149303608464356,99.45,2.4019223847249522,100.0,9.62046480891614,99.4,2.6418500234353046,100.05,3.3227375929845135,99.35000000000001,5.7332744110602345,100.1,4.020450094361617,99.3,0.9116809503737636,100.15,7.887672687976058,99.25,10.459513483846203,100.2,1.8599810289412235
1710000020.3499806,100406,FI2010_LSE,99.7,10.195245524751543,99.75,6.0198178274220435,99.65,7.382587573319157,99.8,9.937517209369307,99.60000000000001,6.717997323275437,99.85,3.943890131176647,99.55,10.406020993383814,99.9,7.036297432422904,99.5,5.565596257988458,99.95,13.996864175508245,99.45,3.105866559775402,100.0,5.746747354558366,99.4,3.410430921268119,100.05,20.34943000022725,99.35000000000001,4.192946682406201,100.1,3.2215483394276925,99.3,2.0092134515417386,100.15,5.444667845992689,99.25,3.438176902733218,100.2,6.726994781104838
1710000020.3999805,100407,FI2010_LSE,99.75,4.959518567414022,99.8,5.027356487207013,99.7,13.365678477656829,99.85,8.281751223176606,99.65,9.45684409489668,99.89999999999999,11.687570244857218,99.6,5.187013672196075,99.95,5.810561106253148,99.55,2.54610224601512,100.0,2.1154759439312567,99.5,6.4716910844546955,100.05,1.6501065018455152,99.45,6.772766749586598,100.1,9.896056744051037,99.4,3.3508723224698,100.14999999999999,2.9315559622341603,99.35,3.3474735561077438,100.2,1.1842726316149488,99.3,2.558861086166231,100.25,10.41573568490435
1710000020.4499805,100408,FI2010_LSE,99.75,9.777914357444605,99.8,11.044718809238315,99.7,4.162186988407208,99.85,9.005466175020171,99.65,4.439441310976812,99.89999999999999,7.9916651905843175,99.6,10.890478868092703,99.95,10.672822807039502,99.55,3.2655202375594636,100.0,3.278360574695564,99.5,2.4844214531494906,100.05,2.215137219623406,99.45,4.176225699412182,100.1,2.390858681466965,99.4,2.5727966657752934,100.14999999999999,4.646064252554489,99.35,6.092361030693456,100.2,2.6847492325123388,99.3,2.6541178589807313,100.25,2.280970658133618
1710000020.4999804,100409,FI2010_LSE,99.80000000000001,4.013442752835946,99.85000000000001,4.977922914179988,99.75000000000001,5.048222752203998,99.9,4.029597074403836,99.70000000000002,5.857016551323904,99.95,4.3645881942595715,99.65,4.674680640458613,100.00000000000001,7.873245999386764,99.60000000000001,5.618810203242392,100.05000000000001,3.328607355846176,99.55000000000001,13.883663427392506,100.10000000000001,4.587688160535755,99.50000000000001,2.1535976693647196,100.15,2.486594011263651,99.45000000000002,4.472380884740363,100.2,0.885731100251802,99.4,1.7164823428916933,100.25000000000001,4.288510932067689,99.35000000000001,1.1242607987215658,100.30000000000001,3.720484453896991
1710000020.5499804,100410,FI2010_LSE,99.75,11.378311202315485,99.8,4.805536333999161,99.7,5.066133799198238,99.85,5.889405315510116,99.65,4.766008947432888,99.89999999999999,4.786942798659997,99.6,11.846174874124161,99.95,9.73069182144329,99.55,4.4539420229258955,100.0,8.940473333946215,99.5,6.74009807668137,100.05,3.593892768474349,99.45,2.987512454157249,100.1,2.4634780076659615,99.4,3.5274027200343623,100.14999999999999,1.0919050905687337,99.35,10.93183720974183,100.2,2.467837091058153,99.3,0.6393040487095636,100.25,2.6898442504360287
1710000020.5999804,100411,FI2010_LSE,99.75,18.348950218984637,99.8,9.609141649902849,99.7,15.228303306668739,99.85,5.506375351970473,99.65,4.190940613337298,99.89999999999999,8.0365722225179,99.6,5.414594818745812,99.95,2.546098884817212,99.55,2.457270342651684,100.0,2.0281854841186067,99.5,5.136453180663315,100.05,4.269303661053435,99.45,2.277415201656707,100.1,1.5609942897327458,99.4,2.614017687595279,100.14999999999999,1.9679714666841335,99.35,3.918997954735668,100.2,2.1010840225978193,99.3,1.7333824402272588,100.25,1.6842204910773682
1710000020.6499803,100412,FI2010_LSE,99.7,15.218397661597699,99.8,4.2953573671577745,99.65,3.722284976611643,99.85,4.055818216998193,99.60000000000001,3.16858898459934,99.89999999999999,7.559889135801997,99.55,11.55338770123861,99.95,4.968018195208863,99.5,9.686085629948511,100.0,5.0727808337377756,99.45,7.299556139389589,100.05,4.7758645030431275,99.4,1.7626959215627234,100.1,3.915533186184163,99.35000000000001,1.3030346801062724,100.14999999999999,2.953976372436337,99.3,0.7131580128441083,100.2,1.7495551757352796,99.25,3.306009657193173,100.25,7.868416699165333
1710000020.6999803,100413,FI2010_LSE,99.75,6.108822860191475,99.8,3.6248413476444883,99.7,8.07930130043712,99.85,5.357343640407617,99.65,3.083392014081624,99.89999999999999,4.934560604893631,99.6,6.82714556589802,99.95,3.688505832550315,99.55,2.936475690140618,100.0,10.69964750364317,99.5,2.628469643232628,100.05,2.151512513135735,99.45,5.664235027595523,100.1,4.894704165820764,99.4,4.668629392181209,100.14999999999999,1.5363740621286515,99.35,5.0673275797289765,100.2,5.395409229605696,99.3,4.469319955113277,100.25,1.7592511603224117
1710000020.7499802,100414,FI2010_LSE,99.7,4.698025156307282,99.75,6.882637980200775,99.65,9.526800787841353,99.8,7.747692898088221,99.60000000000001,8.807154436795951,99.85,15.335113922168864,99.55,8.995517389321154,99.9,3.9301763806305807,99.5,2.0606747301631505,99.95,2.0835727949297693,99.45,2.0272367855800435,100.0,3.7745912796317698,99.4,3.6655496494449777,100.05,5.485581450999437,99.35000000000001,5.197221247261119,100.1,8.599836225458414,99.3,2.495007536744201,100.15,0.8866307007781999,99.25,19.407045185186508,100.2,4.15088123367192
1710000020.7999802,100415,FI2010_LSE,99.7,13.513046604828604,99.8,8.701960195928999,99.65,30.36389964207401,99.85,12.29422879798906,99.60000000000001,11.727167666357925,99.89999999999999,3.9344730773805248,99.55,7.693007737369667,99.95,3.006668428029724,99.5,8.141499205939585,100.0,2.388469035602093,99.45,2.213997246390068,100.05,2.3888532770122084,99.4,1.486143115665759,100.1,7.658717948367926,99.35000000000001,2.0215765611212753,100.14999999999999,1.5515258893576862,99.3,0.7221184072942324,100.2,0.8755469904643196,99.25,2.3157430279582045,100.25,4.55574733850663
1710000020.84998,100416,FI2010_LSE,99.65,4.302966613149986,99.7,8.273267212757796,99.60000000000001,19.632677949089405,99.75,4.265703091520541,99.55000000000001,6.206144678284641,99.8,3.449234495228538,99.5,7.691215677054527,99.85000000000001,8.853554914348269,99.45,3.157287016040952,99.9,3.4347233265623736,99.4,7.141446274566553,99.95,1.6432219020513315,99.35000000000001,2.1109156197593455,100.0,4.750612104908834,99.30000000000001,6.445258725498387,100.05,1.972894522697792,99.25,4.0435885125411355,100.10000000000001,1.7942918404790538,99.2,1.4151116504490404,100.15,11.424716342266581
1710000020.89998,100417,FI2010_LSE,99.65,9.48469787322505,99.7,7.0796386045365685,99.60000000000001,10.512492943773907,99.75,8.638170826827558,99.55000000000001,7.389319943920819,99.8,7.342189507973265,99.5,2.401946005638181,99.85000000000001,3.5766630531145105,99.45,4.319171492921122,99.9,8.111419582271287,99.4,3.3676264060364094,99.95,5.420973090225614,99.35000000000001,1.302912868620607,100.0,9.12183085061363,99.30000000000001,3.73421825773213,100.05,5.470394113953683,99.25,4.842311291278493,100.10000000000001,8.623849648538915,99.2,2.223316641428579,100.15,1.9258123220302166
1710000020.94998,100418,FI2010_LSE,99.7,4.216289005700447,99.75,5.4214745944581715,99.65,3.9183412017589125,99.8,14.404077197080987,99.60000000000001,7.247638600698528,99.85,5.375502532351887,99.55,3.0187208454649266,99.9,2.823102821053764,99.5,4.134255990505046,99.95,7.46504767240348,99.45,2.033300538930671,100.0,6.369085615915097,99.4,5.14645381768152,100.05,7.202677028411981,99.35000000000001,6.011776007430677,100.1,2.9133390046936443,99.3,3.7851273783684993,100.15,10.15184506278339,99.25,0.5483398911040204,100.2,1.0676615871694417
1710000020.99998,100419,FI2010_LSE,99.7,8.217077635587763,99.75,5.4827588666167095,99.65,4.952192752782656,99.8,3.9095689334407346,99.60000000000001,8.489621749137983,99.85,5.128708851762244,99.55,21.308190405014038,99.9,11.182085398939684,99.5,12.340356491208306,99.95,6.1353881965687656,99.45,2.249916942855335,100.0,11.090780392387634,99.4,1.4996302939175399,100.05,5.64758249630942,99.35000000000001,3.671148962740279,100.1,6.496314487788308,99.3,9.532471447596606,100.15,3.8119023650260964,99.25,0.10520924413874715,100.2,11.76299071117252
1710000021.04998,100420,FI2010_LSE,99.7,8.096010604529136,99.75,5.908986132133268,99.65,8.385928143159472,99.8,4.343361072367389,99.60000000000001,4.7951765412229195,99.85,11.45293846480875,99.55,17.926196349425005,99.9,5.21521322996721,99.5,9.174814829714435,99.95,5.079112929722258,99.45,10.052305901215789,100.0,7.787893243851196,99.4,4.8651901719076704,100.05,4.771318781542625,99.35000000000001,0.9816435113647987,100.1,3.819308627748187,99.3,0.6616690763265862,100.15,3.5524196149256007,99.25,8.854448862042439,100.2,8.658170018461517
1710000021.0999799,100421,FI2010_LSE,99.65,20.152183673154763,99.7,11.793727798993345,99.60000000000001,4.294810979323763,99.75,3.9376809220864257,99.55000000000001,12.336775790807863,99.8,3.6990059414832643,99.5,4.152461814810793,99.85000000000001,10.889927810649793,99.45,2.968117349151335,99.9,3.9399190246999187,99.4,5.784508966577549,99.95,1.990241085517225,99.35000000000001,13.846677992526487,100.0,9.06518540338488,99.30000000000001,2.667500175297004,100.05,3.2832280667917226,99.25,7.552377447789429,100.10000000000001,1.7304658419958066,99.2,2.869339735903339,100.15,4.4401276289919
1710000021.1499798,100422,FI2010_LSE,99.7,3.848791379339959,99.75,6.886160506638166,99.65,4.228226528283759,99.8,5.888625692605912,99.60000000000001,3.567748740268989,99.85,13.856246537721846,99.55,4.311763765221442,99.9,5.554553908783235,99.5,2.1651867767560367,99.95,2.489454127860179,99.45,3.5189765976463327,100.0,4.408991039137635,99.4,6.64728325004571,100.05,4.959908921320416,99.35000000000001,0.8807413063895373,100.1,8.801378691647091,99.3,3.165651307487317,100.15,1.4674627074854096,99.25,0.1,100.2,1.5309912636523448
1710000021.1999798,100423,FI2010_LSE,99.60000000000001,5.818945169404603,99.75000000000001,5.055929447442602,99.55000000000001,9.105165095416304,99.80000000000001,6.621261785809309,99.50000000000001,3.7031038267224865,99.85000000000001,7.350513279766595,99.45,8.370938686595458,99.90000000000002,8.184684901047664,99.4,3.0091312390366154,99.95000000000002,5.820367041994093,99.35000000000001,4.383269807874213,100.00000000000001,9.689492840192747,99.30000000000001,7.227718164537985,100.05000000000001,4.737086543001593,99.25000000000001,1.0725468412441046,100.10000000000001,1.1903264771879396,99.2,0.4356016835047581,100.15000000000002,7.907097258113426,99.15,5.686216441996518,100.20000000000002,1.9266531189153808
1710000021.2499797,100424,FI2010_LSE,99.65,9.449941655893825,99.7,4.249343708587805,99.60000000000001,4.8131961927276565,99.75,6.677848731677129,99.55000000000001,21.024675908616697,99.8,10.360140101382639,99.5,19.800249023272293,99.85000000000001,4.383365844174514,99.45,12.497294880802551,99.9,6.505401056396033,99.4,4.083394882000914,99.95,14.275564564366222,99.35000000000001,12.983409695218871,100.0,6.5575161528038395,99.30000000000001,3.870494790925136,100.05,1.5019924022648623,99.25,1.149160564720172,100.10000000000001,4.363210025589836,99.2,2.304758270594016,100.15,1.0959673824245246
1710000021.2999797,100425,FI2010_LSE,99.7,7.225930569952746,99.75,5.425796463248736,99.65,7.297612304038746,99.8,14.572007623154278,99.60000000000001,14.597086947325462,99.85,3.2161811640817546,99.55,2.629778426867544,99.9,3.0528438639001263,99.5,5.836387714515045,99.95,2.895480176954462,99.45,12.346142821137482,100.0,8.825797527325246,99.4,7.839189015598759,100.05,3.8247873194546465,99.35000000000001,19.536482882626597,100.1,3.1454512988518735,99.3,1.1750226608827505,100.15,1.4978311249137426,99.25,6.6476185477607785,100.2,1.8954818078976774
1710000021.3499796,100426,FI2010_LSE,99.7,4.255887656213256,99.75,6.94779051177123,99.65,9.79481221688711,99.8,3.284743889928184,99.60000000000001,17.013245711314344,99.85,3.1691196902472094,99.55,3.774292820554522,99.9,11.89238350857299,99.5,4.938728334587877,99.95,8.688912297594047,99.45,3.392756895521752,100.0,5.587231904106357,99.4,6.5225319332450935,100.05,10.596373474344965,99.35000000000001,3.489516401950251,100.1,0.8324465919839236,99.3,2.5020159777799025,100.15,2.605751633991124,99.25,9.713301128440932,100.2,1.6323617198566356
1710000021.3999796,100427,FI2010_LSE,99.7,4.096705807418148,99.75,18.58879542312099,99.65,4.057226590774844,99.8,5.513663364986602,99.60000000000001,9.536734270872707,99.85,4.187673649353955,99.55,9.46151438604872,99.9,9.014968316696995,99.5,10.436474887379989,99.95,2.390532963465758,99.45,2.3772814674040568,100.0,4.063158337704101,99.4,1.3706585199403016,100.05,4.246968584537595,99.35000000000001,6.45814050894316,100.1,0.8772750697807665,99.3,8.321208255420181,100.15,0.4270409003583251,99.25,1.8511762293814895,100.2,1.2506844891687134
1710000021.4499795,100428,FI2010_LSE,99.65,12.148349544728763,99.75,5.526001922978189,99.60000000000001,7.847453207884413,99.8,3.4240106658917573,99.55000000000001,3.859219312705936,99.85,8.154136495602623,99.5,14.604755910845784,99.9,5.352455336507429,99.45,6.4679732070437295,99.95,3.0854365891792157,99.4,4.1216154098405795,100.0,1.8107470674494415,99.35000000000001,3.1232306403320766,100.05,9.191415977745782,99.30000000000001,0.9480086217696496,100.1,1.501554963013131,99.25,4.159700375179978,100.15,1.387985953903627,99.2,1.2238655690283278,100.2,0.26028028863374014
1710000021.4999795,100429,FI2010_LSE,99.65,9.695231875118754,99.7,4.687785617803339,99.60000000000001,3.456081763874971,99.75,5.566682782328687,99.55000000000001,5.356248671951969,99.8,12.146104328313669,99.5,5.772333650102047,99.85000000000001,2.530763331214688,99.45,4.380776252032036,99.9,3.336822581197408,99.4,2.9242082377942493,99.95,2.605081861441019,99.35000000000001,1.4456798534045692,100.0,3.833951089837052,99.30000000000001,8.2847454610382,100.05,0.8485981462681089,99.25,5.679378002663154,100.10000000000001,6.360675555757169,99.2,1.352507756968404,100.15,1.9100461304326783
1710000021.5499794,100430,FI2010_LSE,99.60000000000001,4.0045716980320645,99.65,3.9230273099990938,99.55000000000001,9.04648848390502,99.7,16.335092538061584,99.50000000000001,12.938216863298479,99.75,3.2132206071173632,99.45,3.5911816249097774,99.80000000000001,3.4321668379301147,99.4,7.670327147084823,99.85000000000001,5.443559763699875,99.35000000000001,5.107560419358602,99.9,10.808946037552804,99.30000000000001,5.462174608449893,99.95,1.4233281417648087,99.25000000000001,0.8759911126286807,100.0,4.724897907936495,99.2,13.387655888412239,100.05000000000001,3.394692568722491,99.15,2.685504657185844,100.10000000000001,11.75957480610206
1710000021.5999794,100431,FI2010_LSE,99.5,6.020908433626406,99.55,5.2513065427799575,99.45,8.043780406552628,99.6,9.36493810863097,99.4,2.987349247491236,99.64999999999999,5.5741137539042045,99.35,4.75964527689519,99.7,4.09507785653116,99.3,3.88662548945785,99.75,5.524967371983731,99.25,11.819868228022333,99.8,8.950862025851439,99.2,9.837950621467733,99.85,12.797094538982329,99.15,24.272080499671908,99.89999999999999,2.250399822767715,99.1,1.8136007686611246,99.95,4.181825803805997,99.05,14.118719528742178,100.0,10.381227047526428
1710000021.6499794,100432,FI2010_LSE,99.4,4.58012103766785,99.5,10.455326956896794,99.35000000000001,7.212944155093692,99.55,3.9086125946324692,99.30000000000001,3.7069875827781296,99.6,11.53934303350575,99.25,2.668819913709766,99.65,3.086313201463917,99.2,3.830772991251956,99.7,5.007162175256699,99.15,12.332106150887252,99.75,3.4091473882981616,99.10000000000001,6.266003084103871,99.8,5.640966801125284,99.05000000000001,2.0034220446212636,99.85,11.453427514749526,99.0,1.685256667992117,99.9,5.323176558185323,98.95,1.4773140472782507,99.95,0.1
1710000021.6999793,100433,FI2010_LSE,99.45,3.940050853702182,99.5,4.5302989959572235,99.4,4.888552686529724,99.55,10.812798957745304,99.35000000000001,4.873834571260543,99.6,4.63302313861541,99.3,3.8344185956364583,99.65,9.428725967424867,99.25,17.871566972203908,99.7,5.486379386743684,99.2,15.532915005818412,99.75,3.7367756325688424,99.15,1.7786348956715732,99.8,11.840599313943809,99.10000000000001,4.5848475845788395,99.85,11.436112392669651,99.05,0.6199861555388351,99.9,2.276620349461412,99.0,1.3030789925729092,99.95,0.1
1710000021.7499793,100434,FI2010_LSE,99.45,10.126937647081697,99.5,6.140962002763185,99.4,6.377760101765341,99.55,4.04974636366923,99.35000000000001,4.487300136107001,99.6,5.4684910907946875,99.3,12.801539285022498,99.65,3.195660626619253,99.25,8.189642207103084,99.7,2.3517852108274626,99.2,2.4819686114924484,99.75,2.278947537762031,99.15,3.770390534575098,99.8,1.4836374676955804,99.10000000000001,1.4246409461838563,99.85,1.826755907630858,99.05,3.938259455016686,99.9,0.7380257198217858,99.0,1.1344562803322682,99.95,1.5946894477945088
1710000021.7999792,100435,FI2010_LSE,99.5,9.151795270461019,99.55,9.470003261079855,99.45,3.3478965438443122,99.6,4.508172954053303,99.4,4.3129562753521355,99.64999999999999,6.2317502833721345,99.35,4.344633997646877,99.7,5.268375310530637,99.3,8.64476332130551,99.75,6.571710502135249,99.25,1.8853849148902286,99.8,3.2372960601867566,99.2,7.19355895393514,99.85,6.232837982501493,99.15,1.2107438996085222,99.89999999999999,2.051129266383148,99.1,6.15741988681096,99.95,2.5405327065359056,99.05,4.23195885396527,100.0,1.3756905119776253
1710000021.8499792,100436,FI2010_LSE,99.45,6.831576983370304,99.55,7.182650147020308,99.4,4.485470299054727,99.6,10.07321516425402,99.35000000000001,5.010433707807149,99.64999999999999,3.204418839187252,99.3,2.8141033156665802,99.7,3.6130932584126056,99.25,2.4641981577489327,99.75,16.67067835325871,99.2,5.88205556118921,99.8,3.6672216007566245,99.15,1.4972044382238687,99.85,6.186332956620308,99.10000000000001,6.204467177935144,99.89999999999999,3.8073220882529686,99.05,3.1490289731174608,99.95,2.8415452050471175,99.0,2.764333474683196,100.0,7.864814375924594
1710000021.899979,100437,FI2010_LSE,99.5,5.312213763725215,99.55,5.781181536028006,99.45,4.495603235108857,99.6,4.172455519095638,99.4,3.18760372399836,99.64999999999999,4.270668877406835,99.35,8.848614003069816,99.7,10.54122555851291,99.3,3.1364029866805314,99.75,2.588803489961997,99.25,3.028832869976701,99.8,1.8598516769472404,99.2,2.7992376717818033,99.85,1.6873628595503063,99.15,1.2854332579470908,99.89999999999999,1.15620642523368,99.1,1.8863369648598107,99.95,4.998063476393493,99.05,6.499371025076003,100.0,12.592009859921436
1710000021.949979,100438,FI2010_LSE,99.5,12.353714952717114,99.55,7.153564516499367,99.45,3.236634982056249,99.6,3.969011124443,99.4,5.362434712751567,99.64999999999999,2.9694997305866893,99.35,3.992103291132369,99.7,4.315250067880466,99.3,3.6741049856773715,99.75,2.0386185105867862,99.25,8.365510427052449,99.8,5.075420700106425,99.2,11.033737603813403,99.85,19.072475710257407,99.15,3.4082538555776853,99.89999999999999,2.3855560793365678,99.1,5.354058222308644,99.95,9.88828909166673,99.05,2.5876844363903273,100.0,1.8538095129262664
1710000021.999979,100439,FI2010_LSE,99.45,4.249565669699999,99.55,8.788801659154164,99.4,4.972092988175286,99.6,6.780119880585165,99.35000000000001,9.246716043049991,99.64999999999999,5.2426191251273035,99.3,2.930032462047029,99.7,2.9151479990949767,99.25,5.388720780228138,99.75,4.085546177895081,99.2,3.2341980097201195,99.8,4.532961688319993,99.15,5.662038146498233,99.85,4.520057656436532,99.10000000000001,7.608690669488098,99.89999999999999,1.1583675075055941,99.05,1.74157974057482,99.95,0.5488766606669361,99.0,2.0682321234140257,100.0,2.3944634186882072
1710000022.049979,100440,FI2010_LSE,99.5,10.115189186714087,99.55,11.18502170137834,99.45,4.4790468262501815,99.6,7.664590939291619,99.4,11.994740137331119,99.64999999999999,8.851234230258289,99.35,5.2673473716436,99.7,3.480661680995109,99.3,6.253742119920468,99.75,2.69770662743226,99.25,1.6196834530718918,99.8,10.545119035689615,99.2,5.91357990822736,99.85,5.389976578294261,99.15,5.234592540145996,99.89999999999999,2.63563950754277,99.1,1.5047406273352015,99.95,0.9764198032986946,99.05,9.881508006686524,100.0,14.705727629137925
1710000022.099979,100441,FI2010_LSE,99.4,6.880379009466285,99.55000000000001,22.68202237757666,99.35000000000001,4.341029097312452,99.60000000000001,4.132458431578348,99.30000000000001,11.84108300728716,99.65,8.085766556676226,99.25,3.5889995827311196,99.70000000000002,4.488742608436322,99.2,5.081330334228012,99.75000000000001,4.231939329161162,99.15,2.0654509205594147,99.80000000000001,9.73698347071595,99.10000000000001,4.107283612468794,99.85000000000001,1.855183623621051,99.05000000000001,8.38751121299791,99.9,1.3883254081310321,99.0,14.413686158587542,99.95000000000002,6.910756778768889,98.95,9.748067363912215,100.00000000000001,2.456256540397135
1710000022.1499789,100442,FI2010_LSE,99.4,5.009033190057022,99.55000000000001,10.081889847215932,99.35000000000001,3.5358699755918837,99.60000000000001,6.730174240323601,99.30000000000001,10.805119305882464,99.65,4.702701846286237,99.25,8.740165930495262,99.70000000000002,8.6398224050473,99.2,3.953978808481101,99.75000000000001,7.308931913225577,99.15,17.88621527295913,99.80000000000001,3.6760883156366115,99.10000000000001,1.8130653636682474,99.85000000000001,6.59551274901479,99.05000000000001,1.4357105216525163,99.9,2.88737560670969,99.0,1.2252535557994242,99.95000000000002,2.868644875865931,98.95,2.643277562176116,100.00000000000001,0.1
1710000022.1999788,100443,FI2010_LSE,99.4,11.430836739554913,99.5,7.254046599292951,99.35000000000001,5.337833754183038,99.55,6.417260236088533,99.30000000000001,9.56263604411125,99.6,6.0620932767266975,99.25,5.1421435702593765,99.65,21.520869095439586,99.2,2.6182514308121245,99.7,2.3887864992518524,99.15,2.494740994077941,99.75,4.6579476956552295,99.10000000000001,2.73187722649047,99.8,2.7473121698413268,99.05000000000001,0.811241053445327,99.85,7.199751531718125,99.0,1.3669050831667398,99.9,9.43000563654388,98.95,0.8478666957135516,99.95,4.355950372259769
1710000022.2499788,100444,FI2010_LSE,99.45,5.83363143512512,99.5,9.191362037735097,99.4,22.88084478324659,99.55,4.55046218666681,99.35000000000001,12.918000796262561,99.6,3.8119611239856868,99.3,6.813779221246279,99.65,4.621369592622859,99.25,5.291719640421461,99.7,2.2943920966800553,99.2,2.794989231338629,99.75,3.642516730784764,99.15,1.9262738068675151,99.8,10.799703787201835,99.10000000000001,3.9633586039917654,99.85,8.121165395197846,99.05,7.0941846983861545,99.9,2.1892072857921288,99.0,5.180930285100556,99.95,4.402276337875836
1710000022.2999787,100445,FI2010_LSE,99.4,9.94454916998093,99.5,4.7751409698070155,99.35000000000001,4.0506207521484345,99.55,6.43369768045293,99.30000000000001,8.225444301441051,99.6,4.386722548306506,99.25,10.171495118572574,99.65,8.60957694131676,99.2,2.030938049826038,99.7,4.144405169263954,99.15,1.6121630632659485,99.75,2.14273935440449,99.10000000000001,1.5207421807719834,99.8,10.170942630440038,99.05000000000001,14.313735144079338,99.85,9.163962065986173,99.0,14.254027637863567,99.9,10.598451412204714,98.95,0.664867732990294,99.95,0.1
1710000022.3499787,100446,FI2010_LSE,99.5,8.845403845627201,99.55,4.2673246702706145,99.45,12.446081947423796,99.6,3.295491199105276,99.4,4.793589127865479,99.64999999999999,6.3263857672665385,99.35,2.9677743945803146,99.7,6.070264930846358,99.3,4.503224386776759,99.75,10.313745561321129,99.25,9.31812083751691,99.8,8.628497225183942,99.2,17.725161391668923,99.85,4.718683741456674,99.15,16.457776555579958,99.89999999999999,3.798155134391622,99.1,5.718694714396012,99.95,4.3917821045285415,99.05,1.731278614731382,100.0,0.10736845893128395
1710000022.3999786,100447,FI2010_LSE,99.5,8.286464006447087,99.55,7.61091632871946,99.45,3.7992399532685686,99.6,5.922559807581784,99.4,3.027971092700173,99.64999999999999,6.923989945324493,99.35,2.6882930076900915,99.7,4.955110353328658,99.3,14.713384703440054,99.75,17.34239046211367,99.25,2.0562308867097054,99.8,2.982180101030872,99.2,2.504768449421661,99.85,5.129749829563692,99.15,3.5812033468594926,99.89999999999999,1.9712329178915196,99.1,4.311138948387606,99.95,2.0234712217173274,99.05,0.1737227002664283,100.0,0.7934544797299476
1710000022.4499786,100448,FI2010_LSE,99.5,4.140042038817949,99.55,5.41806904565274,99.45,4.357604719243433,99.6,7.808972516161792,99.4,4.87584593538612,99.64999999999999,4.6521512188116665,99.35,4.613650743268554,99.7,4.505105264539862,99.3,3.343307083724853,99.75,8.62827283356063,99.25,5.7603659689291415,99.8,2.1019866524086432,99.2,7.088487153483287,99.85,3.5653357842038935,99.15,16.260949835932575,99.89999999999999,2.223900629477424,99.1,2.6208454432142814,99.95,1.6603708197016056,99.05,4.529827669273767,100.0,1.9549113047933075
1710000022.4999785,100449,FI2010_LSE,99.55000000000001,4.76176796622843,99.60000000000001,6.234813925469771,99.50000000000001,8.189994118397342,99.65,4.535041429346226,99.45000000000002,2.815288314195078,99.7,6.071377214281995,99.4,17.07203057535793,99.75000000000001,5.187315400726365,99.35000000000001,7.222816683040594,99.80000000000001,2.5840513729116767,99.30000000000001,3.1090520784593387,99.85000000000001,4.735812375747744,99.25000000000001,2.266969151873262,99.9,1.3283383626293632,99.20000000000002,1.4042849666970127,99.95,1.154998449859313,99.15,2.957851140531685,100.00000000000001,2.706485834906986,99.10000000000001,2.5991249859367396,100.05000000000001,6.485415337070184
1710000022.5499785,100450,FI2010_LSE,99.55000000000001,4.810734724122771,99.65,7.938774050778692,99.50000000000001,11.40187007160311,99.7,5.008820895341333,99.45000000000002,8.667553717186461,99.75,8.89567140613478,99.4,2.570519760102104,99.80000000000001,3.277934740150762,99.35000000000001,6.944118049826533,99.85000000000001,7.396075226057938,99.30000000000001,2.7609728663784816,99.9,1.7090491765946254,99.25000000000001,1.8163574667010396,99.95,6.9711880111110975,99.20000000000002,5.567518469096956,100.0,1.6508393633889624,99.15,6.611207775304343,100.05000000000001,4.220375029606878,99.10000000000001,9.430906939363245,100.10000000000001,11.728202425222303
1710000022.5999784,100451,FI2010_LSE,99.65,3.848975209345945,99.7,5.240530752273219,99.60000000000001,5.11515245613756,99.75,12.099662347656977,99.55000000000001,7.825593343073191,99.8,17.47999611603727,99.5,5.772100935157892,99.85000000000001,4.941265569509946,99.45,15.426550176166465,99.9,3.2321499272467165,99.4,5.359008182400483,99.95,3.809144649725189,99.35000000000001,5.848620541745969,100.0,7.170575504905869,99.30000000000001,3.9220062151842257,100.05,6.7319246612225045,99.25,3.898661356185156,100.10000000000001,2.0521340957671557,99.2,0.519978197632186,100.15,2.865150985122787
1710000022.6499784,100452,FI2010_LSE,99.65,5.9173617235101315,99.7,3.8743892847701265,99.60000000000001,3.203700408969879,99.75,4.049937549142641,99.55000000000001,7.774414120462065,99.8,8.04844735021069,99.5,2.900400414565976,99.85000000000001,6.011278136704378,99.45,18.97566251034856,99.9,5.7740559971859895,99.4,3.053981878196757,99.95,3.22304244372077,99.35000000000001,2.181573403436832,100.0,5.847417854082266,99.30000000000001,8.73626203442192,100.05,9.775977505625004,99.25,2.4770323365243856,100.10000000000001,1.20437596400174,99.2,1.0372480187698498,100.15,2.8169642994865405
1710000022.6999784,100453,FI2010_LSE,99.65,7.444828369965991,99.7,3.8162087659804884,99.60000000000001,5.707664483953371,99.75,6.235917454650631,99.55000000000001,6.780644273801343,99.8,4.78330650830124,99.5,8.870373609792347,99.85000000000001,3.9541879058458322,99.45,10.389797481642333,99.9,3.0827604468029985,99.4,9.830612814844566,99.95,3.0924126149223286,99.35000000000001,4.1731261368534565,100.0,3.5447220871256793,99.30000000000001,1.035007744347873,100.05,7.7179118744163535,99.25,6.031845597291134,100.10000000000001,2.023748491996025,99.2,2.809070304848076,100.15,2.976672852876523
1710000022.7499783,100454,FI2010_LSE,99.60000000000001,5.615239413400991,99.75000000000001,7.635282719270192,99.55000000000001,15.767068859494884,99.80000000000001,3.5426616004106872,99.50000000000001,4.223459943650902,99.85000000000001,3.046120389384819,99.45,6.498664943196007,99.90000000000002,4.598224612148606,99.4,23.62088529781307,99.95000000000002,5.217426731199007,99.35000000000001,3.7355708079632812,100.00000000000001,3.3069957426166487,99.30000000000001,1.296760074616888,100.05000000000001,8.068212344616951,99.25000000000001,5.317716026537427,100.10000000000001,2.2136233616523393,99.2,3.029359686027627,100.15000000000002,2.353400448210201,99.15,9.775086705892212,100.20000000000002,2.1720403041354523
1710000022.7999783,100455,FI2010_LSE,99.65,5.121604590297737,99.80000000000001,5.6868157327309135,99.60000000000001,3.767796616810692,99.85000000000001,12.553440556633056,99.55000000000001,14.547313734683744,99.9,2.833664354461125,99.5,8.974634008577553,99.95000000000002,5.205163313332561,99.45,5.381084251077967,100.00000000000001,4.765219968737286,99.4,24.734068285092924,100.05000000000001,2.3862703278232655,99.35000000000001,3.6297990322155496,100.10000000000001,5.4603302194867895,99.30000000000001,2.7674612106561014,100.15,3.734245157379182,99.25,1.3772114004787999,100.20000000000002,1.6546666579858287,99.2,2.9589321948157927,100.25000000000001,0.6557874626780379
1710000022.8499782,100456,FI2010_LSE,99.65,3.639007498994442,99.7,5.528448844672694,99.60000000000001,3.8994954733798854,99.75,3.4563242933449265,99.55000000000001,7.6448587136727735,99.8,9.8937926339702,99.5,3.5003906673013114,99.85000000000001,4.809747469315058,99.45,2.5980164400395287,99.9,3.4787887666498025,99.4,3.0440925715841862,99.95,2.146077105617655,99.35000000000001,5.9564345312142954,100.0,18.386370856118983,99.30000000000001,2.9218737148441676,100.05,2.1435747798718428,99.25,5.219324813188728,100.10000000000001,1.7833707655909175,99.2,4.2226856396642365,100.15,7.287050359657713
1710000022.8999782,100457,FI2010_LSE,99.65,5.157307474047169,99.7,9.881094205470601,99.60000000000001,4.1168174323624,99.75,4.012312736636034,99.55000000000001,4.815731187723078,99.8,10.88687220952837,99.5,6.8484964672578545,99.85000000000001,9.871757080854096,99.45,2.105914955803176,99.9,3.396276113492779,99.4,4.9684250617319385,99.95,2.173261107828301,99.35000000000001,4.160361377926725,100.0,2.7900055666758403,99.30000000000001,13.093447026914873,100.05,3.665367464646833,99.25,10.414848018692824,100.10000000000001,3.6491230370250944,99.2,1.173524997710377,100.15,0.11139178904200696
1710000022.949978,100458,FI2010_LSE,99.75,5.387317335215732,99.8,7.779737021648035,99.7,4.89264850366155,99.85,3.227372998887005,99.65,3.260443927543678,99.89999999999999,9.029235116077311,99.6,16.710382204378057,99.95,4.226783764503351,99.55,9.986450565702473,100.0,16.901787345805296,99.5,4.197367269293897,100.05,11.354993315589596,99.45,2.5422741908802733,100.1,9.494080250155054,99.4,5.625625557012717,100.14999999999999,2.888710121571312,99.35,6.693251372001184,100.2,5.7765639943381775,99.3,0.24540505829281062,100.25,4.182958109574291
1710000022.999978,100459,FI2010_LSE,99.7,12.155283579834581,99.75,5.616363749104295,99.65,3.224668696445584,99.8,4.341315979373169,99.60000000000001,5.980686019156395,99.85,5.147380419974082,99.55,14.851105185414317,99.9,4.553415237775325,99.5,4.402057228584729,99.95,4.806086930626373,99.45,8.90632956536576,100.0,4.332980313989069,99.4,2.893716178943292,100.05,3.8688886041564023,99.35000000000001,2.687614838207785,100.1,2.0842439340287613,99.3,4.822541494704256,100.15,12.289365833349294,99.25,4.717997634646036,100.2,5.7642990452667755
1710000023.049978,100460,FI2010_LSE,99.7,9.310237279197535,99.75,8.958574100789015,99.65,6.2027887037815415,99.8,7.015499485707034,99.60000000000001,5.966976870834658,99.85,15.603628815924106,99.55,6.503818920911178,99.9,6.733904407593216,99.5,16.749068067597456,99.95,14.245569896799383,99.45,8.76844496530856,100.0,10.945872361573459,99.4,6.496711856084302,100.05,1.7266437411409639,99.35000000000001,4.0600493382498595,100.1,8.53692213961706,99.3,1.4524888036440706,100.15,5.079859669254641,99.25,1.3927981471459716,100.2,6.118664325743262
1710000023.099978,100461,FI2010_LSE,99.75,10.703299035850852,99.8,7.144166847397184,99.7,11.924191197071345,99.85,3.91478441124402,99.65,4.970924760442044,99.89999999999999,3.699099192357322,99.6,5.699721851544538,99.95,4.31498113889185,99.55,2.3006324817899926,100.0,6.14165287543219,99.5,8.903646357218394,100.05,3.551541168936152,99.45,15.097614493851808,100.1,3.6433366691248783,99.4,0.8415992492858116,100.14999999999999,4.058498527147776,99.35,6.021336785973924,100.2,2.619505305828138,99.3,0.6821361245934101,100.25,12.25888037438553
1710000023.149978,100462,FI2010_LSE,99.80000000000001,5.001408497152602,99.85000000000001,5.259443016937627,99.75000000000001,4.6950182673458345,99.9,4.03535452059919,99.70000000000002,7.8568492409285255,99.95,9.901736515464334,99.65,3.648713431014551,100.00000000000001,3.86677523836947,99.60000000000001,3.592068011553743,100.05000000000001,10.903184503083402,99.55000000000001,7.630987701306552,100.10000000000001,10.3310308118765,99.50000000000001,2.0092544321394974,100.15,1.4760304828044375,99.45000000000002,5.537198273038044,100.2,8.315995397125818,99.4,11.504030412246586,100.25000000000001,1.0018727450933582,99.35000000000001,1.6397012418018788,100.30000000000001,26.51532616650838
1710000023.1999779,100463,FI2010_LSE,99.80000000000001,19.179527770361037,99.85000000000001,11.190024333221613,99.75000000000001,7.560078660996734,99.9,4.9339258851585335,99.70000000000002,3.4521349596526054,99.95,4.410170507014094,99.65,8.21040858013901,100.00000000000001,4.328702464821281,99.60000000000001,7.958623582245724,100.05000000000001,3.2701970242984295,99.55000000000001,5.193629567262931,100.10000000000001,3.929600667558152,99.50000000000001,2.890403767031898,100.15,5.338395210523712,99.45000000000002,4.530711127844024,100.2,1.245147905800942,99.4,3.824771071569829,100.25000000000001,2.2727557615675416,99.35000000000001,4.748795679531235,100.30000000000001,5.783942016634116
1710000023.2499778,100464,FI2010_LSE,99.75,15.65173613436575,99.85,12.068064574335812,99.7,6.858344385420301,99.89999999999999,4.280955031273913,99.65,3.120618389718187,99.94999999999999,5.008270787690341,99.6,10.95496314903412,100.0,4.327340486250755,99.55,3.6610261245296503,100.05,3.9283756002349093,99.5,6.615040934333205,100.1,2.5386730331357628,99.45,2.3534834730626293,100.14999999999999,1.2575292903790356,99.4,4.322187347809618,100.19999999999999,3.404929189372255,99.35,3.8492842565607317,100.25,5.772069875870217,99.3,17.302902096331593,100.3,6.651608237030853
1710000023.2999778,100465,FI2010_LSE,99.80000000000001,13.510610325754351,99.85000000000001,15.630194252493606,99.75000000000001,27.18712760038747,99.9,12.866023510114413,99.70000000000002,4.609581615936728,99.95,3.636518024033575,99.65,9.189980647013215,100.00000000000001,5.098805549036732,99.60000000000001,3.1018162508703733,100.05000000000001,5.904283144249073,99.55000000000001,2.8298787879707485,100.10000000000001,7.401094500812658,99.50000000000001,9.23541694642855,100.15,8.35055126721814,99.45000000000002,1.16636582402467,100.2,1.4135537996362018,99.4,3.3016211647421256,100.25000000000001,0.6030226478958808,99.35000000000001,1.926904828549408,100.30000000000001,0.9399296912668501
1710000023.3499777,100466,FI2010_LSE,99.80000000000001,3.7045569759827006,99.9,7.062244226174285,99.75000000000001,3.4187224114567454,99.95,5.365274415540812,99.70000000000002,11.021702095498734,100.0,6.931006474159842,99.65,3.174868891128268,100.05000000000001,5.464885579901459,99.60000000000001,4.57853336033325,100.10000000000001,12.380142806786107,99.55000000000001,9.931255980237788,100.15,8.279507371705488,99.50000000000001,4.696087580248318,100.2,10.639023906286027,99.45000000000002,1.8879961669754912,100.25,7.041645699920962,99.4,7.786705706914327,100.30000000000001,4.0761622057872735,99.35000000000001,5.092036762482932,100.35000000000001,1.2531163301004846
1710000023.3999777,100467,FI2010_LSE,99.75,3.6397047942972285,99.85,11.219343965915044,99.7,3.361266716226675,99.89999999999999,7.969878716036928,99.65,3.7601285371322457,99.94999999999999,3.4265928134264785,99.6,11.619045443741234,100.0,2.529820165623733,99.55,11.951363685178249,100.05,6.274783587381811,99.5,2.7882671778816737,100.1,6.910674349917162,99.45,3.0236532043183644,100.14999999999999,14.643280683133565,99.4,0.8864692022051336,100.19999999999999,2.4395660393589855,99.35,6.958722151571345,100.25,2.7403353052660786,99.3,4.31067791062858,100.3,0.7047310353374275
1710000023.4499776,100468,FI2010_LSE,99.80000000000001,6.948222584763128,99.85000000000001,4.7131922579256065,99.75000000000001,3.3647139241668778,99.9,5.696696750721989,99.70000000000002,5.860483813899105,99.95,3.945976472674066,99.65,3.7229715077346337,100.00000000000001,8.298776456161733,99.60000000000001,3.5281662423927935,100.05000000000001,4.822918011545484,99.55000000000001,13.155437988917969,100.10000000000001,3.629377242592586,99.50000000000001,4.018598773010542,100.15,3.875737045812538,99.45000000000002,6.9361988291248045,100.2,9.928358550905863,99.4,5.190513335391877,100.25000000000001,6.482989674806127,99.35000000000001,5.719908499253587,100.30000000000001,1.8418783244534993
1710000023.4999776,100469,FI2010_LSE,99.80000000000001,5.643981225768093,99.85000000000001,4.780802557110719,99.75000000000001,5.216861936266736,99.9,10.000424280013267,99.70000000000002,10.897035925719727,99.95,4.928971129272913,99.65,11.766758028956632,100.00000000000001,5.764829696842879,99.60000000000001,2.5460563391032913,100.05000000000001,3.423695433212147,99.55000000000001,10.637248408666796,100.10000000000001,2.0708200026747043,99.50000000000001,4.1756859842766225,100.15,1.686451103643959,99.45000000000002,3.3239059606216355,100.2,1.381459541613674,99.4,1.498040118502694,100.25000000000001,8.745561260720546,99.35000000000001,3.5130735959106376,100.30000000000001,11.118423632232906
1710000023.5499775,100470,FI2010_LSE,99.75,4.011780637693962,99.8,6.811924380377516,99.7,4.504136853559387,99.85,7.271449356965182,99.65,4.467512415951893,99.89999999999999,8.89546988051751,99.6,4.378204162149529,99.95,2.792341786402425,99.55,2.723825748808842,100.0,2.290907953566679,99.5,3.5850527108466768,100.05,2.418408253974465,99.45,2.818024421888678,100.1,2.256458567951597,99.4,8.893918885847492,100.14999999999999,1.2416448559324431,99.35,11.588598710743945,100.2,13.140400032573659,99.3,5.334093957369082,100.25,2.7126669663936234
1710000023.5999775,100471,FI2010_LSE,99.80000000000001,7.2740220633513495,99.85000000000001,14.567998262284362,99.75000000000001,4.620942969712177,99.9,7.623679610611329,99.70000000000002,3.250335351928051,99.95,7.273842608619198,99.65,7.179840117773077,100.00000000000001,4.680019096518402,99.60000000000001,2.203304297624618,100.05000000000001,15.66904605647984,99.55000000000001,15.058026795832047,100.10000000000001,10.121561000426382,99.50000000000001,3.647922336519931,100.15,2.067364673974565,99.45000000000002,6.349794206017212,100.2,6.863552524659334,99.4,3.7016084719091222,100.25000000000001,4.5153503403239466,99.35000000000001,0.15253446612805788,100.30000000000001,1.3800307525181588
1710000023.6499774,100472,FI2010_LSE,99.85000000000001,4.964994996844599,99.95,5.604845805893598,99.80000000000001,9.384329820386792,100.0,4.544400567450946,99.75000000000001,4.199762303667287,100.05,5.043247972031855,99.7,5.816978683179935,100.10000000000001,4.737625731712511,99.65,2.5562701500506564,100.15,2.320021272541065,99.60000000000001,7.34490958561371,100.2,4.762494942145105,99.55000000000001,5.117314078272275,100.25,1.626194968835416,99.50000000000001,2.3193235610716045,100.3,9.697478680653667,99.45,3.409196128477818,100.35000000000001,9.266379093823229,99.4,9.104263051759691,100.4,6.681891408793547
1710000023.6999774,100473,FI2010_LSE,99.85000000000001,5.522891444465548,99.9,8.553824539063314,99.80000000000001,10.657023342449868,99.95,7.017361401581907,99.75000000000001,8.428797523868834,100.0,7.000492770835017,99.7,3.7122325157924028,100.05000000000001,6.737286324357281,99.65,2.49618925742006,100.10000000000001,7.760758504358035,99.60000000000001,2.084115573532765,100.15,5.925279727243803,99.55000000000001,4.458697331728981,100.2,1.232418657073693,99.50000000000001,2.9193469036532216,100.25,9.540325743574023,99.45,2.3323838379918453,100.30000000000001,4.4047515718575765,99.4,2.1899923918774884,100.35000000000001,11.40375810376239
1710000023.7499774,100474,FI2010_LSE,99.85000000000001,7.86153049976912,99.9,10.044641561941994,99.80000000000001,14.255903292678763,99.95,6.055148689910577,99.75000000000001,3.086587169240125,100.0,2.988162447536113,99.7,2.7466194342593404,100.05000000000001,5.4529375006239835,99.65,10.170397280543357,100.10000000000001,5.272561886948101,99.60000000000001,12.76902681948007,100.15,3.455287166700596,99.55000000000001,3.6961370169695806,100.2,19.487190112840004,99.50000000000001,1.4762122181299577,100.25,6.279741595322753,99.45,5.583365181187961,100.30000000000001,1.5407370680692205,99.4,0.1796097396877823,100.35000000000001,0.1
1710000023.7999773,100475,FI2010_LSE,99.85000000000001,6.079553525594326,99.9,4.64371872873965,99.80000000000001,10.278437273967901,99.95,8.729711358373123,99.75000000000001,9.302759037350546,100.0,4.971625157526901,99.7,3.501946598589214,100.05000000000001,3.6345060415156163,99.65,7.717477858523106,100.10000000000001,6.425858558255136,99.60000000000001,14.682463991950138,100.15,6.332457001265263,99.55000000000001,21.92376690433542,100.2,2.4661775475895658,99.50000000000001,15.831338810778574,100.25,1.389534297954091,99.45,2.962109709452814,100.30000000000001,9.608485452198842,99.4,1.483077322175937,100.35000000000001,4.204759419870231
1710000023.8499773,100476,FI2010_LSE,99.9,3.8512824241511208,99.95,6.9817703246106575,99.85000000000001,3.6419911103911122,100.0,9.94158705137188,99.80000000000001,9.787110931095242,100.05,2.8087997375768667,99.75,6.1867753339196705,100.10000000000001,4.687591031766795,99.7,6.631328436563459,100.15,3.0286039608745168,99.65,3.2484627330256286,100.2,7.528923011903743,99.60000000000001,4.775299106637336,100.25,1.5941194368844256,99.55000000000001,7.558678347578543,100.3,1.6818728958486835,99.5,3.3989487463939154,100.35000000000001,5.966360575486413,99.45,3.937807198272104,100.4,3.3942872616051987
1710000023.8999772,100477,FI2010_LSE,99.9,9.655627908237427,99.95,5.696579172974412,99.85000000000001,12.750023984695748,100.0,4.615168163102046,99.80000000000001,3.1199636005350273,100.05,6.449640366057557,99.75,3.5162176807473147,100.10000000000001,3.923381712784222,99.7,5.806961329347608,100.15,2.792400432083353,99.65,3.0073896178420703,100.2,4.857966692131495,99.60000000000001,3.1356461014268406,100.25,1.7928378962039426,99.55000000000001,1.2257116114744324,100.3,3.091909612878778,99.5,0.660876102140054,100.35000000000001,4.712710054442914,99.45,13.16828734486057,100.4,0.23454694119803032
1710000023.9499772,100478,FI2010_LSE,99.9,11.926531576660306,100.0,10.792037812762988,99.85000000000001,10.706448099081426,100.05,4.765494285910659,99.80000000000001,9.531463484459687,100.1,2.8426024857228804,99.75,3.9552567000321313,100.15,10.19201674048686,99.7,4.084630244584843,100.2,6.292536020493909,99.65,3.552118363927813,100.25,7.449405168164786,99.60000000000001,14.763953933196579,100.3,2.305681030448696,99.55000000000001,1.8979269553221698,100.35,2.3229196117814856,99.5,2.450036020525844,100.4,4.261306786886304,99.45,0.1505652424389255,100.45,0.44707888793433986
1710000023.999977,100479,FI2010_LSE,99.9,6.232975552174176,99.95,5.727084502868248,99.85000000000001,11.416163596021338,100.0,5.399053326530509,99.80000000000001,3.201696153325377,100.05,5.252084781288007,99.75,5.645039608276659,100.10000000000001,5.825832690864489,99.7,5.273357738395922,100.15,4.014728602094072,99.65,2.984231806311265,100.2,4.395397014977041,99.60000000000001,3.318263596139699,100.25,7.332540515186732,99.55000000000001,3.733532389798259,100.3,1.7432036813733855,99.5,0.9936908094521019,100.35000000000001,2.5512906610038524,99.45,0.1,100.4,1.24874831660949
1710000024.049977,100480,FI2010_LSE,99.9,5.633646391704937,99.95,8.045455352946998,99.85000000000001,11.319405712224828,100.0,3.6034358498012136,99.80000000000001,6.762512905225613,100.05,6.543633692470591,99.75,7.405321404500707,100.10000000000001,7.0051514639367225,99.7,7.945288787359784,100.15,5.292285678814152,99.65,3.362923527413777,100.2,3.9707753604957987,99.60000000000001,2.0578342558177543,100.25,6.714625134805011,99.55000000000001,2.505131693345475,100.3,3.1675988223723417,99.5,12.480803554817529,100.35000000000001,7.97667434201394,99.45,2.281350550228724,100.4,5.145053808960655
1710000024.099977,100481,FI2010_LSE,99.95,10.747481183636209,100.0,5.450924376790887,99.9,7.191210404636399,100.05,10.089362310171,99.85000000000001,3.915225956597988,100.1,11.265790070130096,99.8,5.615551300852179,100.15,4.420562687730214,99.75,6.005095337701357,100.2,2.508273925054005,99.7,4.142936270817754,100.25,5.86407055517528,99.65,11.975912447380335,100.3,1.8580557485180194,99.60000000000001,4.386084803934343,100.35,2.012415937443725,99.55,2.027747069161358,100.4,3.251510491463035,99.5,2.060536594927074,100.45,9.606165098564087
1710000024.149977,100482,FI2010_LSE,99.9,4.293159987006515,99.95,4.3586305861666235,99.85000000000001,9.753374266940757,100.0,4.694492759612414,99.80000000000001,10.541877056368655,100.05,7.130168181222407,99.75,3.1971824535547517,100.10000000000001,15.718765216193999,99.7,10.01400868783473,100.15,3.337868647032977,99.65,3.179649559864254,100.2,5.1839590038019665,99.60000000000001,2.196635322732316,100.25,3.274373111464872,99.55000000000001,19.007937738196055,100.3,4.092071202769422,99.5,2.865947158215128,100.35000000000001,0.6880520145675668,99.45,1.7110596507982045,100.4,2.531900440918839
1710000024.199977,100483,FI2010_LSE,99.85000000000001,8.946415003166155,99.9,6.772557241883701,99.80000000000001,3.5187073146616874,99.95,12.558793736581226,99.75000000000001,5.228684555563126,100.0,9.264852678218373,99.7,5.003398109823559,100.05000000000001,6.55505721302974,99.65,2.16962429609504,100.10000000000001,7.478981217985203,99.60000000000001,8.877438131192344,100.15,5.575993716517591,99.55000000000001,2.7255900400774165,100.2,1.2037193970410134,99.50000000000001,2.975341257848518,100.25,7.709972787469324,99.45,1.9178359660672322,100.30000000000001,1.2027767571203865,99.4,4.2383107007488645,100.35000000000001,7.654561724746955
1710000024.2499769,100484,FI2010_LSE,99.85000000000001,12.072715024313494,99.9,4.502537581377195,99.80000000000001,4.9130425624838665,99.95,8.728990959866024,99.75000000000001,2.815697401379056,100.0,2.9186771690788267,99.7,3.9378043737064456,100.05000000000001,12.692552056232277,99.65,9.432133497945305,100.10000000000001,13.98691129598547,99.60000000000001,4.994170703811596,100.15,5.64729830833749,99.55000000000001,5.970552208775504,100.2,2.2631225324400583,99.50000000000001,6.314827711123815,100.25,4.455024211925652,99.45,0.7331273445598541,100.30000000000001,2.720634061228266,99.4,2.7703865074601564,100.35000000000001,6.1796796298734264
1710000024.2999768,100485,FI2010_LSE,99.9,9.453833223249534,99.95,4.940409710447404,99.85000000000001,4.388468355078613,100.0,6.538841836630516,99.80000000000001,4.048372312088011,100.05,3.818513372428642,99.75,4.441955615904063,100.10000000000001,3.470017911930112,99.7,5.6610672660383745,100.15,4.475872916221256,99.65,8.888231619018597,100.2,1.8629436232409666,99.60000000000001,5.015196517083108,100.25,5.354234004041413,99.55000000000001,8.568591736327983,100.3,11.419919094714745,99.5,1.0202738924366894,100.35000000000001,3.5852728388336876,99.45,3.9209627884332705,100.4,1.8647799051302296
1710000024.3499768,100486,FI2010_LSE,99.85000000000001,4.633585612245853,99.95,14.369510923486358,99.80000000000001,7.244641478309389,100.0,7.427638680450177,99.75000000000001,4.794486193277725,100.05,5.012253662128257,99.7,4.786438256640588,100.10000000000001,4.862963136742145,99.65,3.530428604866901,100.15,2.412483016796988,99.60000000000001,7.13396202362766,100.2,2.208054589526639,99.55000000000001,11.355190996850379,100.25,13.617759501975161,99.50000000000001,17.153469612828253,100.3,0.9578896837496524,99.45,4.4852583339632455,100.35000000000001,3.3271117259538476,99.4,1.7271066943586566,100.4,8.43105100395857
1710000024.3999767,100487,FI2010_LSE,99.95,4.151818145738404,100.0,8.420694522162744,99.9,16.290967985903485,100.05,4.845149457729967,99.85000000000001,5.228578297129773,100.1,4.014433318858252,99.8,5.313683844926529,100.15,4.349567085196679,99.75,4.180980599801185,100.2,9.839163161611484,99.7,3.0805439995015993,100.25,4.06043102572324,99.65,4.799250997999742,100.3,1.4687438954423493,99.60000000000001,4.875452215046239,100.35,1.8187612320462478,99.55,2.744118326616195,100.4,4.017581503353132,99.5,15.170904711776302,100.45,1.7369565766897679
1710000024.4499767,100488,FI2010_LSE,100.0,4.883488302141138,100.05,6.553414616327514,99.95,5.892324121685556,100.1,4.415571112855794,99.9,3.424643401745862,100.14999999999999,3.7636917477229623,99.85,7.947115828532615,100.2,12.851633980786485,99.8,5.619990554951368,100.25,2.78216021568877,99.75,1.6282826124653393,100.3,9.596182846216209,99.7,5.330060095513065,100.35,2.9760282547665944,99.65,4.97220288269707,100.39999999999999,4.4553044019151615,99.6,4.640531367048989,100.45,1.5804357324347102,99.55,2.462011872728721,100.5,2.878666944010142
1710000024.4999766,100489,FI2010_LSE,99.95,7.28930171645675,100.0,5.0053884748018325,99.9,4.044237098132821,100.05,4.997127503346238,99.85000000000001,2.929256533539883,100.1,14.368635040686558,99.8,4.924651974240431,100.15,6.1815908361173,99.75,6.188955917959533,100.2,2.575592983119496,99.7,6.202419331982419,100.25,2.350914316659143,99.65,2.687980840883965,100.3,14.162104288502928,99.60000000000001,0.9608450962253698,100.35,3.677522567660766,99.55,5.843787957510867,100.4,1.657462269222314,99.5,8.440346009065097,100.45,0.1721342291454458
1710000024.5499766,100490,FI2010_LSE,99.95,4.410494985196331,100.0,7.2866695049053245,99.9,6.451562797399202,100.05,5.292418150731235,99.85000000000001,4.205686775129813,100.1,11.007299377422092,99.8,3.27774359063576,100.15,6.648325465965904,99.75,5.851879993006811,100.2,3.6744082899109327,99.7,11.300892660775215,100.25,5.119217788496009,99.65,1.3447168145778778,100.3,2.851013844526845,99.60000000000001,2.225806252205211,100.35,16.089312440922416,99.55,3.1666410739428064,100.4,1.631865493046758,99.5,0.360553825466626,100.45,18.187112174891944
1710000024.5999765,100491,FI2010_LSE,99.9,8.819582300744061,100.0,6.357472461304958,99.85000000000001,5.245910763520792,100.05,3.5446975030556365,99.80000000000001,5.804967099468167,100.1,6.569030677162324,99.75,7.6998473866475905,100.15,5.14490002873959,99.7,4.123930402429265,100.2,5.345035634640903,99.65,3.567891756390777,100.25,6.2474735611887,99.60000000000001,3.9244161430281093,100.3,6.282614856183332,99.55000000000001,2.1288464177534006,100.35,0.8189083895825153,99.5,2.0931164214860956,100.4,2.0730618149886073,99.45,6.636155977960009,100.45,1.3616521721671986
1710000024.6499765,100492,FI2010_LSE,99.9,4.8075399438137225,100.0,5.197368978882075,99.85000000000001,10.056105058911376,100.05,5.849095005455498,99.80000000000001,3.9954946528671145,100.1,9.71855188072549,99.75,6.757858638649278,100.15,13.438270825964722,99.7,4.312661727703359,100.2,4.4920352267443775,99.65,8.300551610137056,100.25,6.721879029003087,99.60000000000001,1.519330277914368,100.3,5.880806279901672,99.55000000000001,2.476424375314483,100.35,0.9121275047701736,99.5,4.245405228480298,100.4,1.7081162895158464,99.45,4.747159644580685,100.45,0.1
1710000024.6999764,100493,FI2010_LSE,99.85000000000001,6.645611443340639,99.9,4.895763035230274,99.80000000000001,3.3399952343767203,99.95,9.667653079438432,99.75000000000001,4.2893952341770385,100.0,15.963896457243747,99.7,7.365499379019739,100.05000000000001,4.696480243211025,99.65,5.261621705246073,100.10000000000001,7.673093650074739,99.60000000000001,12.677928511426549,100.15,2.275269399452238,99.55000000000001,2.600778351267917,100.2,2.1338364842064825,99.50000000000001,3.174755705815608,100.25,4.727629245144942,99.45,5.731470430610157,100.30000000000001,1.8811387925571879,99.4,0.14411534837489665,100.35000000000001,5.053257940568913
1710000024.7499764,100494,FI2010_LSE,99.85000000000001,18.631340527300072,100.00000000000001,12.921425202034015,99.80000000000001,4.854820376006577,100.05000000000001,6.114968979913508,99.75000000000001,3.2772000135629336,100.10000000000001,4.842023662594131,99.7,4.43256251558555,100.15000000000002,3.4404749095084695,99.65,12.41311550991284,100.20000000000002,2.972546772402038,99.60000000000001,7.574368530218274,100.25000000000001,3.3892191114421144,99.55000000000001,4.752230827376659,100.30000000000001,6.884546665704882,99.50000000000001,5.59296176481413,100.35000000000001,2.9864633780763237,99.45,3.9093714871374425,100.40000000000002,6.6838508409004485,99.4,5.695545657052701,100.45000000000002,3.9929092316402497
1710000024.7999763,100495,FI2010_LSE,99.85000000000001,5.405843978175514,99.95,3.718009781664904,99.80000000000001,8.186464923900088,100.0,4.056095556363703,99.75000000000001,3.055192814256943,100.05,12.232990566811337,99.7,7.1340557442346,100.10000000000001,3.521372009709926,99.65,5.120166815574732,100.15,2.7909309163702742,99.60000000000001,9.7036510734577,100.2,2.6341817978365993,99.55000000000001,11.055933429669167,100.25,5.429606995781117,99.50000000000001,2.6373900758157687,100.3,2.2177160957576922,99.45,10.045907943295864,100.35000000000001,5.761765340403428,99.4,1.3812344151154077,100.4,0.7220948087924224
1710000024.8499763,100496,FI2010_LSE,99.85000000000001,11.590835981355877,99.95,4.060116254745839,99.80000000000001,5.330540816151897,100.0,3.750741758862657,99.75000000000001,6.228181268354551,100.05,10.752947163627221,99.7,3.8293762640991655,100.10000000000001,5.035898514174802,99.65,2.26692054988196,100.15,2.759635564080401,99.60000000000001,2.507514259218951,100.2,1.6084282961610186,99.55000000000001,2.217846240308537,100.25,2.1680406731240383,99.50000000000001,2.806831418014742,100.3,9.546123620828316,99.45,0.4290891389234977,100.35000000000001,11.864051806303532,99.4,0.5108175350710293,100.4,1.5867823770852376
1710000024.8999763,100497,FI2010_LSE,99.85000000000001,5.605886916162154,99.9,7.906588852370049,99.80000000000001,5.917718113891353,99.95,5.369319275042868,99.75000000000001,15.837269255978114,100.0,7.584358028778476,99.7,2.7472378091129848,100.05000000000001,2.7580879991397476,99.65,2.172984463629378,100.10000000000001,5.398735428633632,99.60000000000001,2.4700459603127127,100.15,21.559796449635634,99.55000000000001,3.5514528054472203,100.2,5.1194611891321085,99.50000000000001,0.8571876424730334,100.25,1.6973647089251407,99.45,11.976236387935364,100.30000000000001,7.743043759701831,99.4,8.605759584947096,100.35000000000001,2.6246183297787824
1710000024.9499762,100498,FI2010_LSE,99.9,6.714925539167405,99.95,6.687196167935274,99.85000000000001,8.620130521700757,100.0,8.478557956908045,99.80000000000001,6.078871217644833,100.05,4.03472991821312,99.75,7.316063448990002,100.10000000000001,6.265174138564104,99.7,7.356524481656472,100.15,7.918160873461564,99.65,1.7965301733809984,100.2,2.8553656921303103,99.60000000000001,4.387624510644642,100.25,11.693550732604297,99.55000000000001,3.155585707966459,100.3,7.145430315634346,99.5,7.6267603466043035,100.35000000000001,14.494874807057514,99.45,4.9958482267748145,100.4,7.3596076938364465
1710000024.9999762,100499,FI2010_LSE,99.9,4.421250313257905,100.0,5.9282818433099855,99.85000000000001,3.2893703973170942,100.05,6.432300869265849,99.80000000000001,4.573930063752668,100.1,4.428254137277252,99.75,10.112245517056113,100.15,2.7446353514651456,99.7,4.983900531861572,100.2,5.797614437687045,99.65,15.706524996458569,100.25,2.9262073466378764,99.60000000000001,5.548030912023813,100.3,3.9432184864146302,99.55000000000001,1.24939711927584,100.35,2.7806102644261337,99.5,0.5615788150566234,100.4,0.8661783619352168,99.45,0.10994709747090814,100.45,0.9868268308360398
1710000025.049976,100500,FI2010_LSE,99.95,6.221701060182459,100.0,3.871064652972704,99.9,5.778311566489854,100.05,6.55694309094266,99.85000000000001,3.049420793193802,100.1,16.240393344741243,99.8,10.648671971651952,100.15,2.441751216568886,99.75,6.647028872893996,100.2,2.045931374593805,99.7,4.46786692823093,100.25,9.730753604400977,99.65,11.382951687336305,100.3,2.528665730191812,99.60000000000001,7.628731777332152,100.35,5.446787022138888,99.55,3.269321108188554,100.4,0.4357987788715882,99.5,4.722647920712497,100.45,5.6334238467834945
1710000025.099976,100501,FI2010_LSE,99.9,8.302510618868078,99.95,8.829700561138349,99.85000000000001,3.365387411509083,100.0,3.5184733383091062,99.80000000000001,3.511194326638915,100.05,3.106685758500725,99.75,2.6051988063409444,100.10000000000001,2.882731176454472,99.7,6.429694914179525,100.15,5.240209180211606,99.65,2.3809731822458726,100.2,6.035596768533491,99.60000000000001,5.72489819178272,100.25,1.9423075044717564,99.55000000000001,1.9821451759623476,100.3,5.189982444829066,99.5,10.190893470437128,100.35000000000001,2.246191962531309,99.45,5.532541461229925,100.4,6.59335643020116
1710000025.149976,100502,FI2010_LSE,99.9,4.142968455644294,99.95,14.91328689580788,99.85000000000001,3.2636494915195597,100.0,4.556565857168589,99.80000000000001,4.110793645407336,100.05,3.517925161472469,99.75,10.72223681529345,100.10000000000001,3.165753150651609,99.7,2.7324653346148664,100.15,6.5104163722827915,99.65,3.2065484928450902,100.2,12.590062878382534,99.60000000000001,2.5214126616267034,100.25,3.0829340512154593,99.55000000000001,2.451111791874057,100.3,2.2125237786986878,99.5,1.5253096649377205,100.35000000000001,2.348781573270162,99.45,2.883153126192114,100.4,0.6806897752077231
1710000025.199976,100503,FI2010_LSE,99.95,23.062088482213582,100.0,4.425121065102247,99.9,7.608630977256148,100.05,5.558664281617213,99.85000000000001,5.292991969635915,100.1,4.05678663913986,99.8,9.414788562834815,100.15,15.858002994146684,99.75,2.9661211486790875,100.2,4.923329819993548,99.7,2.5404249773471843,100.25,1.6980766079124692,99.65,2.827687785641764,100.3,4.7425864881814945,99.60000000000001,0.9499450781847159,100.35,2.5432662424233867,99.55,12.16333559705887,100.4,1.4355281773646449,99.5,1.1011055272899521,100.45,0.1
1710000025.249976,100504,FI2010_LSE,99.9,7.805664980323362,99.95,3.6648128593149174,99.85000000000001,6.755582940184643,100.0,5.396060622589255,99.80000000000001,10.56723649637381,100.05,5.364908238574873,99.75,8.681743119713794,100.10000000000001,8.682967791386456,99.7,3.9017516842829902,100.15,3.584802122778701,99.65,7.978094971103378,100.2,2.8821750940357127,99.60000000000001,5.359320011881137,100.25,2.599611642491334,99.55000000000001,1.4994722264254041,100.3,3.791444313980704,99.5,2.625059654546783,100.35000000000001,1.6730284570718115,99.45,3.5177410921790986,100.4,0.1
1710000025.2999759,100505,FI2010_LSE,99.85000000000001,4.445338105747948,99.9,3.9274513024174094,99.80000000000001,4.4615984510509294,99.95,4.085690089082929,99.75000000000001,5.692014891939463,100.0,6.03969274875705,99.7,3.83238892841163,100.05000000000001,3.391681100323136,99.65,4.910186318726802,100.10000000000001,9.971137509676108,99.60000000000001,2.1074309132809113,100.15,4.605272602761041,99.55000000000001,6.434884453117225,100.2,6.694293569132634,99.50000000000001,3.634897577478932,100.25,4.076875845326889,99.45,5.816997808278031,100.30000000000001,1.9700105016622995,99.4,5.2518955778560725,100.35000000000001,2.081941301479582
1710000025.3499758,100506,FI2010_LSE,99.9,5.619920262184202,99.95,4.8002787677088286,99.85000000000001,5.493253004479823,100.0,6.730948248671348,99.80000000000001,6.295507408262727,100.05,9.851129234838307,99.75,5.118115734101422,100.10000000000001,6.452192682152145,99.7,2.9944137008586797,100.15,19.792143947302847,99.65,4.104500841921734,100.2,9.3369881950438,99.60000000000001,6.41279332979736,100.25,2.292112561320542,99.55000000000001,2.3527422852964635,100.3,6.910903055195864,99.5,4.677280639304402,100.35000000000001,4.055765794119298,99.45,4.703208795396081,100.4,2.0435252798116714
1710000025.3999758,100507,FI2010_LSE,99.85000000000001,6.564048910215501,99.95,4.166270262075753,99.80000000000001,5.401952711394404,100.0,4.0275628733731,99.75000000000001,8.04072994791964,100.05,2.924617238924167,99.7,3.4546328122887258,100.10000000000001,7.460967754194594,99.65,3.8873206329335446,100.15,14.655572850619555,99.60000000000001,3.485866614413629,100.2,4.663744060929751,99.55000000000001,1.7603194021810018,100.25,2.774145445583202,99.50000000000001,1.3508063854263206,100.3,4.447847473250601,99.45,11.049740860332225,100.35000000000001,5.059216495471485,99.4,3.7887178811057205,100.4,2.0553009039931482
1710000025.4499757,100508,FI2010_LSE,99.85000000000001,9.47338442506127,99.9,5.705876486174176,99.80000000000001,3.8345005702399955,99.95,5.5841595258969745,99.75000000000001,5.707574234684124,100.0,8.630880513743376,99.7,4.755714056120201,100.05000000000001,3.9089674524107663,99.65,4.78580306279701,100.10000000000001,12.012716672812417,99.60000000000001,5.861110836863247,100.15,1.8458646630295101,99.55000000000001,3.453007568491817,100.2,2.952076004708733,99.50000000000001,2.2423395758700195,100.25,4.7225835020433875,99.45,5.31216287055777,100.30000000000001,9.588057693661838,99.4,2.977782807575189,100.35000000000001,6.379976928806154
1710000025.4999757,100509,FI2010_LSE,99.75,8.061344894837648,99.9,11.53267063603645,99.7,10.414644089873441,99.95,5.419262858351866,99.65,3.744086567424083,100.0,6.435265923136743,99.6,3.501927466470749,100.05000000000001,4.028510561616553,99.55,4.4726133424207175,100.10000000000001,10.23347931828141,99.5,3.36772321956973,100.15,3.835318791200483,99.45,1.9566384300736832,100.2,4.878799612698646,99.4,1.7182558067436315,100.25,2.4608685360490705,99.35,3.084390607807226,100.30000000000001,8.776159629941263,99.3,1.7457768511914615,100.35000000000001,3.2302319459703104
1710000025.5499756,100510,FI2010_LSE,99.85000000000001,10.113590709282848,99.9,5.1451808986672,99.80000000000001,10.172772818928067,99.95,9.042687941644315,99.75000000000001,15.568037316913527,100.0,26.52850912223171,99.7,2.9346868701798052,100.05000000000001,3.586058157345116,99.65,2.9717492238361873,100.10000000000001,2.0687396182170747,99.60000000000001,4.512864649656366,100.15,4.838409223178447,99.55000000000001,1.7347570069559024,100.2,10.82738689042921,99.50000000000001,2.746964723647585,100.25,5.3862575463251305,99.45,2.0686107901978072,100.30000000000001,2.761717121429305,99.4,0.5979968833053344,100.35000000000001,12.016830173110787
1710000025.5999756,100511,FI2010_LSE,99.75,9.04405883996131,99.8,7.59598782473002,99.7,4.318413094410632,99.85,11.232136363079771,99.65,2.8635712294902183,99.89999999999999,3.161269645341362,99.6,6.427307562758812,99.95,2.4269767164027463,99.55,8.457161244979385,100.0,2.120418170743874,99.5,19.08464382317128,100.05,2.428471349110561,99.45,5.582748936994145,100.1,7.655756030317141,99.4,1.3253361656671638,100.14999999999999,2.596978853030955,99.35,1.9464389779936297,100.2,5.187783123996347,99.3,5.435324982549537,100.25,1.1032444180582182
1710000025.6499755,100512,FI2010_LSE,99.65,7.120044845689991,99.75,7.153706675936153,99.60000000000001,9.267893573362244,99.8,9.495030270532311,99.55000000000001,6.844568391184152,99.85,8.090312517372178,99.5,3.7445004760776195,99.9,3.482339478862327,99.45,5.521625719587959,99.95,10.682316700820536,99.4,1.6493237759478427,100.0,1.843335477044477,99.35000000000001,4.184355849790684,100.05,5.969829831926055,99.30000000000001,5.001478841256671,100.1,3.3042978258417532,99.25,10.509441824113026,100.15,2.3731359455113843,99.2,0.9769986766768088,100.2,0.32231145929297844
1710000025.6999755,100513,FI2010_LSE,99.75,4.342064697118288,99.8,12.901824762643225,99.7,6.118938209623799,99.85,4.729585700371672,99.65,3.6048548826310776,99.89999999999999,3.262129895017668,99.6,3.9792837835859833,99.95,5.946925338578016,99.55,2.809629425976405,100.0,2.585997579084926,99.5,7.651144660129672,100.05,6.78432577189735,99.45,4.253089323723503,100.1,5.278984328361021,99.4,26.11557161276888,100.14999999999999,3.441875470716383,99.35,3.1098085559697184,100.2,12.883468307463005,99.3,1.3649288842471985,100.25,6.16838462514893
1710000025.7499754,100514,FI2010_LSE,99.75,6.886108726702528,99.8,6.7350654804548835,99.7,6.415868521447276,99.85,5.578921370399115,99.65,3.5009154477681665,99.89999999999999,10.087804545430087,99.6,5.6222100523052685,99.95,12.381333093928529,99.55,7.498560290432185,100.0,4.0602548852207345,99.5,4.4523186651000195,100.05,13.928428621973799,99.45,7.182625231175179,100.1,2.749897334185466,99.4,1.7699307190005635,100.14999999999999,3.4150081327389445,99.35,5.305153129078139,100.2,2.49547153543448,99.3,0.6693154707818331,100.25,0.5810736300429776
1710000025.7999754,100515,FI2010_LSE,99.7,6.5805109233671795,99.75,4.476886336655151,99.65,3.8278423575443785,99.8,6.0739623250177734,99.60000000000001,7.428088079648139,99.85,5.131205284065434,99.55,9.0613825789684,99.9,8.688808430104935,99.5,8.435364865996236,99.95,17.860918377124356,99.45,6.412625609076713,100.0,3.6087411841773758,99.4,10.715589495906173,100.05,1.5151393970590332,99.35000000000001,15.97542749133112,100.1,2.6650151228530463,99.3,6.374249728219801,100.15,0.5012828823864538,99.25,0.7670297639878753,100.2,2.6453447961939216
1710000025.8499753,100516,FI2010_LSE,99.7,8.701831233494868,99.75,6.45625105390071,99.65,5.0214667205791015,99.8,6.635604390624554,99.60000000000001,3.6113879880993807,99.85,5.700124581820388,99.55,4.496989787485743,99.9,2.4713244261601677,99.5,2.7640359872544655,99.95,2.0605798287803903,99.45,3.105100294372373,100.0,14.4918322981217,99.4,3.5793507760090297,100.05,2.7136103404073104,99.35000000000001,1.1266569723213897,100.1,1.8449060351831001,99.3,7.952670779442506,100.15,4.369242891896057,99.25,3.61674920555045,100.2,11.801449786428607
1710000025.8999753,100517,FI2010_LSE,99.75,4.672555360614214,99.8,3.877263697414549,99.7,4.185015979402693,99.85,5.370683400068952,99.65,6.226701040151587,99.89999999999999,15.875987523877548,99.6,7.632311806996986,99.95,2.9772839091385737,99.55,5.113201482754624,100.0,2.2861205446333317,99.5,3.6860814479308757,100.05,2.3971403553464454,99.45,7.307378976141628,100.1,2.064345003690605,99.4,9.61106307917884,100.14999999999999,16.482012832815037,99.35,1.1902055656753552,100.2,1.6898796626332082,99.3,2.253209250769211,100.25,0.1
1710000025.9499753,100518,FI2010_LSE,99.7,8.661772491323374,99.75,7.095683557081111,99.65,9.146356226619046,99.8,4.215493502244384,99.60000000000001,5.125142039956636,99.85,6.79305841356184,99.55,8.323389246402304,99.9,4.943924241832084,99.5,2.536616808860278,99.95,3.879800832459071,99.45,12.975173260750452,100.0,3.7299165832775465,99.4,2.787824287977493,100.05,1.8193560403329159,99.35000000000001,3.1148634857636477,100.1,10.5274686994596,99.3,11.814190523943902,100.15,8.02761798615977,99.25,2.057641939799292,100.2,1.606087028191738
1710000025.9999752,100519,FI2010_LSE,99.60000000000001,6.703226667519228,99.7,6.777782525222447,99.55000000000001,4.396389111272749,99.75,5.1456024356154995,99.50000000000001,4.5708575337017745,99.8,4.644973908334735,99.45,3.4255479661494537,99.85000000000001,4.961437569067751,99.4,3.4715420383630278,99.9,5.9334767080924475,99.35000000000001,13.034308214891702,99.95,1.6337684786450164,99.30000000000001,4.763639133772559,100.0,6.099642247267692,99.25000000000001,4.397113326817442,100.05,4.941340344042382,99.2,6.244418431055895,100.10000000000001,6.028569300640356,99.15,2.8658959883861623,100.15,3.151337537301656
1710000026.0499752,100520,FI2010_LSE,99.65,4.156193003515444,99.7,6.969398393320431,99.60000000000001,5.517059686577285,99.75,9.50176256269971,99.55000000000001,4.426181008702819,99.8,3.7584711715075785,99.5,9.768565184964054,99.85000000000001,3.4558764291324016,99.45,13.684223861913065,99.9,4.202958776768007,99.4,11.473742107164284,99.95,2.7470651541801625,99.35000000000001,3.653002811301523,100.0,8.845182720350618,99.30000000000001,3.0325510318272846,100.05,6.068677757738846,99.25,4.069677322434195,100.10000000000001,2.076365223619353,99.2,3.6636696186080644,100.15,0.8789481683876693
1710000026.099975,100521,FI2010_LSE,99.65,6.730455596770764,99.7,4.364330185741072,99.60000000000001,11.866147253365515,99.75,10.267717729110002,99.55000000000001,3.136482426333228,99.8,6.446344824000405,99.5,6.668579801734379,99.85000000000001,2.400091449029573,99.45,4.676415513849772,99.9,5.818973819838084,99.4,6.51972872314918,99.95,13.820696106493068,99.35000000000001,3.3640694573975836,100.0,4.7864012251047585,99.30000000000001,2.206202412934343,100.05,1.432136052863223,99.25,3.568995094462114,100.10000000000001,2.4491153551646376,99.2,0.1974957033691447,100.15,8.823793023133923
1710000026.149975,100522,FI2010_LSE,99.65,14.192755301087336,99.7,8.306168149204412,99.60000000000001,5.120390693086026,99.75,4.133185312176163,99.55000000000001,6.239189149391038,99.8,3.0273229356266813,99.5,4.889561628390213,99.85000000000001,7.675429479398727,99.45,3.587502033505375,99.9,7.820422441585396,99.4,6.8479654490489015,99.95,8.969416009418477,99.35000000000001,1.3122280562448994,100.0,4.228944409613359,99.30000000000001,2.4200071265177012,100.05,0.9325478473018316,99.25,2.211554207095677,100.10000000000001,4.253847459833968,99.2,7.141846979151287,100.15,4.037166910406882
1710000026.199975,100523,FI2010_LSE,99.60000000000001,4.632834468656105,99.65,3.933299134218963,99.55000000000001,16.266574754868813,99.7,8.338354090137063,99.50000000000001,5.190428256230593,99.75,6.149465211473321,99.45,10.666922268673078,99.80000000000001,8.118148395164159,99.4,3.0248915404309806,99.85000000000001,4.972978716962225,99.35000000000001,2.111136122324985,99.9,6.648170961820336,99.30000000000001,2.775674061593162,99.95,2.19775173261225,99.25000000000001,12.133037778008015,100.0,3.051481429362112,99.2,4.07596835522189,100.05000000000001,9.266357644839294,99.15,4.449113129975645,100.10000000000001,1.8578455830472222
1710000026.249975,100524,FI2010_LSE,99.60000000000001,6.526503019134303,99.7,10.084815725307283,99.55000000000001,14.250387840794453,99.75,5.961130570276351,99.50000000000001,4.2513553885025495,99.8,5.010534307979606,99.45,6.5684971000827215,99.85000000000001,16.18880412837829,99.4,3.2725756819272194,99.9,5.061303695933276,99.35000000000001,19.3810568531693,99.95,2.1791805237615276,99.30000000000001,6.842925200008987,100.0,4.485717716267063,99.25000000000001,1.9239509028644008,100.05,3.29969713956961,99.2,3.829004730508438,100.10000000000001,2.578438448936553,99.15,1.8995017358957969,100.15,6.022368729102663
1710000026.299975,100525,FI2010_LSE,99.5,4.9022529787968505,99.6,6.664890637068062,99.45,10.677219045384007,99.64999999999999,4.001160454427557,99.4,10.795430287622395,99.69999999999999,6.018048600833356,99.35,11.779112441076245,99.75,6.232567534992077,99.3,2.432664231910182,99.8,2.186724949565937,99.25,1.9677701225271145,99.85,1.7254768384175705,99.2,5.801278945236169,99.89999999999999,11.947007458296252,99.15,1.9474943666967748,99.94999999999999,6.382785003138385,99.1,1.6283729345172078,100.0,3.7958217757647064,99.05,10.979225845382851,100.05,4.151832448148835
1710000026.3499749,100526,FI2010_LSE,99.55000000000001,19.82745755202185,99.60000000000001,6.308119592577691,99.50000000000001,14.833583894919915,99.65,4.4752576527930845,99.45000000000002,10.875328086996936,99.7,7.741898520229638,99.4,5.8009401830551655,99.75000000000001,3.2857482462838328,99.35000000000001,9.575838439253756,99.80000000000001,13.677285790685996,99.30000000000001,2.706519303803446,99.85000000000001,9.638213453603223,99.25000000000001,4.549099438795352,99.9,1.8306554589326651,99.20000000000002,1.7301077897990873,99.95,6.537835809190007,99.15,4.677372754738583,100.00000000000001,1.3614306466938442,99.10000000000001,2.0702494885946567,100.05000000000001,11.507128304901626
1710000026.3999748,100527,FI2010_LSE,99.55000000000001,3.8393233254645747,99.60000000000001,15.323497648540338,99.50000000000001,10.447487311995708,99.65,10.696906844172386,99.45000000000002,6.5337391021426985,99.7,2.9251321633147915,99.4,2.5076349709204413,99.75000000000001,5.679990527663334,99.35000000000001,15.755600954746553,99.80000000000001,3.6710098734373346,99.30000000000001,5.424356425393288,99.85000000000001,4.272918854349223,99.25000000000001,3.5085395451060206,99.9,2.595260447821742,99.20000000000002,7.637827986640598,99.95,1.1002424864668325,99.15,2.8724804906454673,100.00000000000001,1.9577752929562182,99.10000000000001,0.16655990858792133,100.05000000000001,13.859281077446468
1710000026.4499748,100528,FI2010_LSE,99.5,6.4562568810709795,99.55,5.838877083809547,99.45,6.893398956523999,99.6,3.868809651419511,99.4,3.4009272571901707,99.64999999999999,3.0356079738887547,99.35,14.651433976202492,99.7,17.586580762066188,99.3,3.3831344422040734,99.75,8.266154838004493,99.25,4.897255397661626,99.8,3.864769816114299,99.2,8.471017894208227,99.85,1.4329205806238854,99.15,6.396045635198232,99.89999999999999,5.3278425926134325,99.1,0.6510069813818695,99.95,3.203356585636736,99.05,2.909333521901537,100.0,3.018230442921786
1710000026.4999747,100529,FI2010_LSE,99.5,7.7938566842018755,99.55,7.364099355067043,99.45,9.444585150366276,99.6,4.1499227134142505,99.4,4.124319424839976,99.64999999999999,8.952285287261734,99.35,7.874146859392631,99.7,4.449082039222841,99.3,8.406350009962207,99.75,2.579092431042903,99.25,2.814887308419996,99.8,9.048539784718631,99.2,1.6578003411579316,99.85,6.28086543101553,99.15,1.5136417373436557,99.89999999999999,2.259043022732402,99.1,0.4090250326499128,99.95,2.2489046277120086,99.05,2.8309497728820423,100.0,7.855830470201725
1710000026.5499747,100530,FI2010_LSE,99.55000000000001,4.125552461888874,99.60000000000001,5.229086037336153,99.50000000000001,8.298570127792768,99.65,5.782124597879907,99.45000000000002,5.101171189038045,99.7,3.118156550843338,99.4,6.303849307760794,99.75000000000001,28.491881144079002,99.35000000000001,3.4170868478216887,99.80000000000001,11.027957061830525,99.30000000000001,12.169116355526969,99.85000000000001,2.459429233287088,99.25000000000001,9.362540762522897,99.9,2.665829375773085,99.20000000000002,1.028865139743282,99.95,2.0208607738758935,99.15,6.112374349573643,100.00000000000001,7.942741384417845,99.10000000000001,0.759684343983336,100.05000000000001,8.652024709650734
1710000026.5999746,100531,FI2010_LSE,99.55000000000001,5.21735269226928,99.60000000000001,19.164235283895565,99.50000000000001,6.7720062835077055,99.65,6.432712291776088,99.45000000000002,8.404146362260754,99.7,9.28662581786687,99.4,5.824671375272484,99.75000000000001,10.059023623381792,99.35000000000001,2.125583385091142,99.80000000000001,3.375243442880958,99.30000000000001,11.96173287465627,99.85000000000001,5.207060894624441,99.25000000000001,7.421422477413317,99.9,1.3792584899396843,99.20000000000002,4.148572255093299,99.95,5.396067200749898,99.15,2.4347101771439568,100.00000000000001,2.8296594909247834,99.10000000000001,4.289308712653128,100.05000000000001,2.3970452732256597
1710000026.6499746,100532,FI2010_LSE,99.5,10.749083885288739,99.55,5.9927032544271785,99.45,5.609887719678751,99.6,10.321371286508251,99.4,4.1957961592356625,99.64999999999999,16.949106905030664,99.35,3.272731010386641,99.7,6.220916617595436,99.3,3.6894317590596772,99.75,2.072529003822176,99.25,2.1545263321787513,99.8,3.5895924564860406,99.2,2.346048837296761,99.85,1.72854026502874,99.15,6.16990777340558,99.89999999999999,0.8086092862128662,99.1,13.223413822776607,99.95,1.8600001792358825,99.05,1.3870138039495614,100.0,9.190018115084776
1710000026.6999745,100533,FI2010_LSE,99.5,4.967135067221099,99.6,11.602042441116678,99.45,4.443249349149594,99.64999999999999,6.623633098815787,99.4,5.1422715479111165,99.69999999999999,4.431196755374573,99.35,3.099902612354315,99.75,9.736645016183175,99.3,3.3767225088627253,99.8,6.424666151745863,99.25,2.1959738295944677,99.85,1.7998824521644796,99.2,4.545984899596869,99.89999999999999,3.2563386516054322,99.15,2.314486951128936,99.94999999999999,0.9023547406948206,99.1,2.043204837875822,100.0,0.7727169648450141,99.05,1.7227817799593694,100.05,0.1
1710000026.7499745,100534,FI2010_LSE,99.60000000000001,4.508914044133349,99.65,11.695099625870192,99.55000000000001,9.780696670372539,99.7,6.280677694668058,99.50000000000001,19.802460620676698,99.75,2.8070899775550657,99.45,8.266145647819183,99.80000000000001,2.843490268565607,99.4,2.29749036294967,99.85000000000001,2.8317034097975373,99.35000000000001,1.6227001497573348,99.9,2.0675837984748684,99.30000000000001,1.6076724212804683,99.95,1.718432692424825,99.25000000000001,7.867236964646983,100.0,4.09517710005289,99.2,0.48630435288298823,100.05000000000001,3.977667839661259,99.15,1.6727587915825681,100.10000000000001,1.7676473142236202
1710000026.7999744,100535,FI2010_LSE,99.65,5.080179470554796,99.7,9.033282970310255,99.60000000000001,4.207422631146142,99.75,5.735758116876047,99.55000000000001,14.692005657525428,99.8,6.844393471834403,99.5,2.956977360669094,99.85000000000001,3.860153310729811,99.45,2.1835174110381854,99.9,13.926392458094453,99.4,3.509663264674864,99.95,7.956761292691999,99.35000000000001,4.393194994990749,100.0,4.597135572390073,99.30000000000001,6.912809502941266,100.05,11.25864713236227,99.25,12.422340361899971,100.10000000000001,7.706893947654983,99.2,1.3743480392876468,100.15,0.1
1710000026.8499744,100536,FI2010_LSE,99.7,16.452130423798828,99.75,4.362741286476495,99.65,4.519418897601052,99.8,8.128459174404217,99.60000000000001,3.147600501015579,99.85,12.87958106952937,99.55,6.321413874310625,99.9,6.917715707740936,99.5,2.6503217612548697,99.95,4.6669716873809275,99.45,1.6118420556878044,100.0,4.165256471604549,99.4,7.283284910780969,100.05,2.883401858922337,99.35000000000001,11.308064619105693,100.1,3.071406631851538,99.3,10.881337553832369,100.15,0.5086445851625669,99.25,11.721944241581868,100.2,3.1610441376589113
1710000026.8999743,100537,FI2010_LSE,99.65,5.114264839121429,99.7,4.212987322440328,99.60000000000001,4.85691854103118,99.75,5.555805580198416,99.55000000000001,8.089352791722211,99.8,3.234805836601746,99.5,7.422546712116312,99.85000000000001,3.142550712885985,99.45,25.23066968938691,99.9,8.101288564872235,99.4,1.6313817630016245,99.95,3.2916433207427875,99.35000000000001,1.8954586352474236,100.0,9.250649365826447,99.30000000000001,2.235862715021682,100.05,2.4830469946827867,99.25,2.034569849509092,100.10000000000001,16.2813481348097,99.2,2.9279077982083943,100.15,3.3869127100162366
1710000026.9499743,100538,FI2010_LSE,99.7,8.245604715870574,99.75,4.56343244426157,99.65,7.7872796232200585,99.8,4.405425726649732,99.60000000000001,5.892441737503418,99.85,4.44430857406239,99.55,8.771865367307807,99.9,8.887616855714796,99.5,4.556365412307637,99.95,5.088622446695139,99.45,1.6801736658571749,100.0,7.697272399831073,99.4,11.506556234506434,100.05,15.22341852425053,99.35000000000001,15.002186831056116,100.1,3.895097863272789,99.3,1.1562081420956987,100.15,6.5165137490096186,99.25,13.273922508703796,100.2,9.953179218583665
1710000026.9999743,100539,FI2010_LSE,99.7,16.557838497794602,99.75,5.607040166755198,99.65,3.6540190952418965,99.8,3.984202496499113,99.60000000000001,2.9196757821779578,99.85,9.140333217350165,99.55,3.225590964225667,99.9,12.265341325616943,99.5,4.196053002431395,99.95,2.42542710134418,99.45,6.726030357949805,100.0,3.282436851470874,99.4,2.3299740516633234,100.05,1.5766673367607273,99.35000000000001,6.298747625634545,100.1,2.3116004638253163,99.3,1.8779660443758432,100.15,2.7244712929684924,99.25,7.432524406758396,100.2,1.3991770074508563
1710000027.0499742,100540,FI2010_LSE,99.65,12.48566360946341,99.7,4.608794801029093,99.60000000000001,3.472498515333786,99.75,7.515708311989639,99.55000000000001,7.973819266460994,99.8,6.805508563146544,99.5,6.045343127009872,99.85000000000001,6.7472741128028755,99.45,3.682846013704924,99.9,4.855776054782705,99.4,4.158058176381196,99.95,2.44384509727541,99.35000000000001,4.43653314383002,100.0,2.867421785222567,99.30000000000001,1.8389366628725707,100.05,9.256255649769962,99.25,6.0569586917095695,100.10000000000001,8.021827931423628,99.2,12.200864567657636,100.15,1.564101406708519
1710000027.0999742,100541,FI2010_LSE,99.65,7.674181098633639,99.75,4.385570943180292,99.60000000000001,13.791313627666625,99.8,9.862547945619994,99.55000000000001,14.033634611722352,99.85,5.301369647603595,99.5,7.633129543979716,99.9,8.865935824469727,99.45,9.623234241225024,99.95,2.2408461999825047,99.4,6.666769900768143,100.0,6.731491641798016,99.35000000000001,8.14721814524633,100.05,10.488714596437063,99.30000000000001,2.171330328445891,100.1,5.795192590650703,99.25,2.918642030633245,100.15,11.95036859500448,99.2,1.0592184814276666,100.2,5.023384249540431
1710000027.149974,100542,FI2010_LSE,99.65,12.927516264881836,99.75,6.988283582623065,99.60000000000001,7.802330926543786,99.8,5.559923680182113,99.55000000000001,6.967749624151637,99.85,7.614972874243879,99.5,4.328499725613207,99.9,8.44772558094003,99.45,6.348387128135127,99.95,10.362318602012948,99.4,7.703413958222855,100.0,3.0325046661053774,99.35000000000001,5.531565870817274,100.05,4.533853504761333,99.30000000000001,3.0186981970819273,100.1,14.613969224706064,99.25,0.5941202562346655,100.15,1.5453310894581986,99.2,6.374270958625849,100.2,0.744355598309685
1710000027.199974,100543,FI2010_LSE,99.60000000000001,12.021932151824657,99.65,3.826468664910472,99.55000000000001,8.425324040258111,99.7,13.098276216846656,99.50000000000001,2.8593285698580524,99.75,20.306251554835693,99.45,4.279868700256785,99.80000000000001,6.846198180156734,99.4,2.253700405073055,99.85000000000001,4.216715433552812,99.35000000000001,11.87584264918634,99.9,3.5758693112128466,99.30000000000001,2.318420488740202,99.95,3.4962887918768413,99.25000000000001,3.2515849303467377,100.0,10.160662769275275,99.2,3.1630722011213868,100.05000000000001,4.720752208135322,99.15,1.1858156997050902,100.10000000000001,4.197602764741102
1710000027.249974,100544,FI2010_LSE,99.55000000000001,10.409424572537064,99.65,5.5099348410852675,99.50000000000001,4.665348220058218,99.7,11.007903259059354,99.45000000000002,8.526911433360183,99.75,3.867606613726747,99.4,20.997843013777917,99.80000000000001,3.71221356331965,99.35000000000001,3.3307839971613538,99.85000000000001,4.556092700451973,99.30000000000001,15.03403279781965,99.9,4.695797605116452,99.25000000000001,4.684897781576629,99.95,2.279702724879897,99.20000000000002,5.487467287394433,100.0,4.7348612657986795,99.15,15.309583116056999,100.05000000000001,1.062467707022667,99.10000000000001,3.932302075068147,100.10000000000001,1.0674943659545142
1710000027.299974,100545,FI2010_LSE,99.55000000000001,6.482749678931647,99.65,5.250765260642173,99.50000000000001,3.2182589421273478,99.7,9.077747743835332,99.45000000000002,3.1698681093283843,99.75,4.2987947383842355,99.4,5.036458926161435,99.80000000000001,4.782180551110837,99.35000000000001,3.8921370144868925,99.85000000000001,20.580646543150966,99.30000000000001,6.507312142129544,99.9,6.960988803436326,99.25000000000001,14.152793746658812,99.95,1.6797323944204217,99.20000000000002,5.410128293778865,100.0,6.153558799306765,99.15,1.3685122240463532,100.05000000000001,4.739538508051105,99.10000000000001,0.22085379885090906,100.10000000000001,0.9715899076401104
1710000027.349974,100546,FI2010_LSE,99.55000000000001,5.081529174385362,99.60000000000001,17.847318312927502,99.50000000000001,4.473841819217755,99.65,6.621887849467923,99.45000000000002,5.182775354086789,99.7,6.668696463637909,99.4,2.629315151194893,99.75000000000001,3.3613320937936333,99.35000000000001,6.679432421207136,99.80000000000001,5.242819104078537,99.30000000000001,3.4868156822045746,99.85000000000001,4.447057083898954,99.25000000000001,5.569936441971272,99.9,9.790662848468205,99.20000000000002,2.1598990753981537,99.95,4.412651974612028,99.15,3.0846159459370592,100.00000000000001,2.3762539438363297,99.10000000000001,7.968867722357295,100.05000000000001,2.6547109858348192
1710000027.3999739,100547,FI2010_LSE,99.55000000000001,5.161276016868499,99.60000000000001,3.8616348251130126,99.50000000000001,5.482325170066902,99.65,3.9135842065584403,99.45000000000002,3.235882648475619,99.7,5.609030990983024,99.4,6.803544321144266,99.75000000000001,2.4290291514988507,99.35000000000001,3.2662577516828675,99.80000000000001,8.498907517486241,99.30000000000001,8.519319218829255,99.85000000000001,2.336240850320337,99.25000000000001,1.3105676089899063,99.9,3.7718309045084255,99.20000000000002,2.0740990918812643,99.95,0.8973565661816422,99.15,4.147648017293012,100.00000000000001,6.792912367626078,99.10000000000001,8.871262323591427,100.05000000000001,5.915595446614876
1710000027.4499738,100548,FI2010_LSE,99.60000000000001,13.603130097860507,99.65,6.379670096265528,99.55000000000001,9.924805811301619,99.7,6.6816789613368,99.50000000000001,3.749123850448746,99.75,3.9173113515757345,99.45,4.483072229557388,99.80000000000001,20.368096882525208,99.4,3.8188077547020796,99.85000000000001,2.66931973910477,99.35000000000001,5.772199923985573,99.9,11.77145486555713,99.30000000000001,9.159081816612831,99.95,3.520133807514814,99.25000000000001,5.6395891703972,100.0,5.83619352028592,99.2,11.899123401958462,100.05000000000001,1.6937199409290469,99.15,1.1392608990075097,100.10000000000001,1.6262099680492237
1710000027.4999738,100549,FI2010_LSE,99.55000000000001,4.36127847533949,99.65,3.821623488310104,99.50000000000001,4.757999010045851,99.7,10.558625857533167,99.45000000000002,2.9303180836155867,99.75,5.334718691728153,99.4,6.791899701654511,99.80000000000001,9.903776110223447,99.35000000000001,7.365428845311632,99.85000000000001,9.11231538885638,99.30000000000001,20.66804425363069,99.9,3.9258396273499288,99.25000000000001,1.93943127070804,99.95,5.031266654125128,99.20000000000002,7.839293357032556,100.0,2.311931976380447,99.15,7.080299662674107,100.05000000000001,2.1697679835999484,99.10000000000001,1.7046595718227768,100.10000000000001,5.939032415437082
1710000027.5499737,100550,FI2010_LSE,99.5,9.321444188605836,99.55,3.8894808998711436,99.45,4.887890287912666,99.6,5.076427088250263,99.4,4.101460288654541,99.64999999999999,4.863909872179634,99.35,4.850087388404727,99.7,9.23670758116041,99.3,3.2217073827300755,99.75,4.0269741809142845,99.25,4.902333978453196,99.8,11.799041962745589,99.2,6.234090470289543,99.85,1.6895802080034579,99.15,1.8791478862796285,99.89999999999999,9.130765938813138,99.1,1.4831966955991227,99.95,9.762956540624755,99.05,2.9105698960298154,100.0,5.101175672123198
1710000027.5999737,100551,FI2010_LSE,99.5,7.791644975860217,99.55,3.6738880487920578,99.45,7.3607551726526586,99.6,14.052698984968085,99.4,4.842920804624007,99.64999999999999,12.043375907482053,99.35,3.9997461810454062,99.7,3.047258092277279,99.3,4.96218775545781,99.75,7.471757811491313,99.25,5.037466399261499,99.8,2.778721062197449,99.2,1.4601262438720783,99.85,1.4250836507924218,99.15,22.770431055838888,99.89999999999999,7.65057707837692,99.1,1.085192496552064,99.95,1.8515227745728091,99.05,0.7675057845441866,100.0,1.6997083981325156
1710000027.6499736,100552,FI2010_LSE,99.55000000000001,8.258360545938299,99.60000000000001,12.242860798569339,99.50000000000001,3.8952250675385685,99.65,4.665912188126555,99.45000000000002,3.325569273984425,99.7,7.3703523066425305,99.4,10.016737630738024,99.75000000000001,5.744814137654707,99.35000000000001,7.5384370952287485,99.80000000000001,6.735934088835789,99.30000000000001,3.832174041292393,99.85000000000001,10.352101336414394,99.25000000000001,16.2056318796374,99.9,3.8479865412052727,99.20000000000002,1.7909835031466157,99.95,3.1673240134635057,99.15,3.0390991230102884,100.00000000000001,11.068347493331913,99.10000000000001,0.1312241035787688,100.05000000000001,1.5444992971601377
1710000027.6999736,100553,FI2010_LSE,99.5,8.414254622840694,99.55,3.995816514876307,99.45,3.830622000204205,99.6,9.008691187906287,99.4,9.415747628949095,99.64999999999999,4.121247108276384,99.35,4.349569100058909,99.7,3.232495987535754,99.3,2.2703248343631115,99.75,5.2886897542546984,99.25,2.7326801808593197,99.8,2.277707971109331,99.2,3.324916462543681,99.85,1.3094191920765286,99.15,0.8190028926626415,99.89999999999999,8.9217576146565,99.1,7.031069100038581,99.95,9.908006292456346,99.05,5.189685221189151,100.0,1.2478520027004012
1710000027.7499735,100554,FI2010_LSE,99.55000000000001,9.75294119325053,99.60000000000001,4.5392482909495975,99.50000000000001,7.258186005781464,99.65,8.939165427233053,99.45000000000002,10.207634001092014,99.7,3.4035463238626216,99.4,4.114152036078344,99.75000000000001,3.5378202311133036,99.35000000000001,9.3108934544981,99.80000000000001,6.217879231599961,99.30000000000001,10.032680278793345,99.85000000000001,11.17483607564418,99.25000000000001,1.4234045638139265,99.9,1.354069341095682,99.20000000000002,3.3735195837102845,99.95,5.042316448960738,99.15,2.8313281960417798,100.00000000000001,0.4283383955851229,99.10000000000001,0.18886971286318474,100.05000000000001,7.964929301985573
1710000027.7999735,100555,FI2010_LSE,99.5,5.806482503119129,99.6,8.997298253929094,99.45,6.682523369726275,99.64999999999999,6.046013176696756,99.4,11.515820684055969,99.69999999999999,4.2338675843864255,99.35,8.423697073456,99.75,8.279028293170258,99.3,3.880191927015301,99.8,10.865076183805886,99.25,2.175129528793904,99.85,4.034811839194047,99.2,1.7048589631546303,99.89999999999999,1.8126036121802815,99.15,1.6943245960630962,99.94999999999999,21.743565136485934,99.1,3.478227782950778,100.0,0.4361626393119302,99.05,7.332117017909485,100.05,2.7644562968840507
1710000027.8499734,100556,FI2010_LSE,99.5,15.674582486042103,99.6,6.769823087240004,99.45,4.6177155400599235,99.64999999999999,5.590537017363249,99.4,4.561950959359471,99.69999999999999,9.142029738073377,99.35,4.236363496920877,99.75,3.6443391399480127,99.3,6.596852932032662,99.8,16.391773666234073,99.25,6.154934355617783,99.85,4.9258738149748496,99.2,3.4233784929466817,99.89999999999999,4.294419385717241,99.15,0.8749739737933688,99.94999999999999,3.0684158068980523,99.1,1.1778426447377939,100.0,16.601498839026135,99.05,1.5892564969097047,100.05,1.3476658773892778
1710000027.8999734,100557,FI2010_LSE,99.5,9.74440524652816,99.55,6.635810270564555,99.45,7.806095496212425,99.6,3.5316189939553784,99.4,4.067093088019168,99.64999999999999,7.219033495863478,99.35,5.183493407181105,99.7,3.416392117069328,99.3,4.537350077159001,99.75,5.50178768902503,99.25,7.193403252038081,99.8,5.09688677910194,99.2,3.908962586240016,99.85,3.8831841433818535,99.15,1.5931819437905537,99.89999999999999,12.519117837432706,99.1,4.093810381300066,99.95,2.2611777816527674,99.05,9.770124939783175,100.0,1.3764876983068224
1710000027.9499733,100558,FI2010_LSE,99.55000000000001,9.368936027648939,99.60000000000001,6.686158749432362,99.50000000000001,4.629400671668872,99.65,6.571773835612184,99.45000000000002,8.466052106878701,99.7,3.059604654644832,99.4,3.927729843395502,99.75000000000001,6.889880212100008,99.35000000000001,9.427494309622222,99.80000000000001,4.276806241465567,99.30000000000001,4.279242722871114,99.85000000000001,3.3598190780598154,99.25000000000001,2.4742058241357565,99.9,13.35580887224171,99.20000000000002,8.281321302576124,99.95,2.3057046775175483,99.15,0.6040452255366153,100.00000000000001,1.637049792066425,99.10000000000001,1.6566832756571652,100.05000000000001,1.1147438758033825
1710000027.9999733,100559,FI2010_LSE,99.5,7.317492502670341,99.55,6.580286991492791,99.45,12.034605616796515,99.6,9.985054561177758,99.4,16.93690710894548,99.64999999999999,7.5060085440083935,99.35,11.892778323586734,99.7,5.392157590795643,99.3,2.7737364745037487,99.75,6.824027861699559,99.25,5.15457601679495,99.8,6.8340922745830675,99.2,5.618141578169212,99.85,4.651387789656843,99.15,1.0409277176840472,99.89999999999999,1.1061459973870065,99.1,3.719718672742851,99.95,5.003456492231038,99.05,8.834539872333313,100.0,0.8642970238006267
1710000028.0499732,100560,FI2010_LSE,99.5,8.379166933859247,99.55,10.0374747899286,99.45,4.194688309265625,99.6,6.285719233335831,99.4,7.38021852978763,99.64999999999999,9.918890665083568,99.35,4.453117002001632,99.7,15.43570285680072,99.3,2.0913382199541397,99.75,5.503079176571958,99.25,5.049311310278931,99.8,8.215274645311002,99.2,4.705721203402728,99.85,8.709608518682902,99.15,6.002411328568485,99.89999999999999,3.0386776460847766,99.1,3.1038284428468974,99.95,2.892314536305534,99.05,4.042704936361543,100.0,3.411416778114004
1710000028.0999732,100561,FI2010_LSE,99.5,5.650900518463139,99.55,4.096833599331327,99.45,4.508602860219174,99.6,7.151170233366546,99.4,5.317197626860162,99.64999999999999,4.26479435782081,99.35,2.4342325199388175,99.7,2.848387597581654,99.3,3.4005706907648623,99.75,20.720241641140845,99.25,1.6379385941790823,99.8,5.224925160971846,99.2,12.734920449114114,99.85,13.598767048793473,99.15,4.201410958795683,99.89999999999999,1.3990662281324249,99.1,2.0609116102282887,99.95,8.036822717811635,99.05,0.3373821415569765,100.0,1.351399271094501
1710000028.1499732,100562,FI2010_LSE,99.60000000000001,5.161137181211944,99.7,3.6979606597434227,99.55000000000001,6.262143405568472,99.75,16.988336724423707,99.50000000000001,4.532916791993482,99.8,4.334264464627236,99.45,5.914683363711196,99.85000000000001,8.353345629099932,99.4,3.7746267352588108,99.9,2.901754107772447,99.35000000000001,2.104182337587184,99.95,12.636148863636766,99.30000000000001,2.5336682508397392,100.0,3.7046218710235053,99.25000000000001,5.005904916998732,100.05,1.0060669907791582,99.2,1.2719670431675572,100.10000000000001,2.814535550094032,99.15,12.72590399654822,100.15,2.294496770015685
1710000028.199973,100563,FI2010_LSE,99.65,7.063411750966047,99.7,4.605405872691702,99.60000000000001,6.110967403422714,99.75,3.3983614812810368,99.55000000000001,3.250101011763365,99.8,5.550159837618267,99.5,5.136984547790069,99.85000000000001,8.090870408436254,99.45,8.905070429837462,99.9,6.98532108276302,99.4,3.4093211671205994,99.95,1.631312921491364,99.35000000000001,3.209201562195785,100.0,1.6777923854124244,99.30000000000001,1.81440894969875,100.05,3.2139006028022266,99.25,0.9387729354762445,100.10000000000001,9.317051842511068,99.2,0.6233558007150068,100.15,7.861370090019315
1710000028.249973,100564,FI2010_LSE,99.60000000000001,5.625660060102807,99.65,5.1925847184994325,99.55000000000001,5.15896984363151,99.7,7.958460985716894,99.50000000000001,3.1041037407978727,99.75,10.37079697817385,99.45,4.132085915310695,99.80000000000001,2.7005371724078904,99.4,11.14563988192363,99.85000000000001,3.676798014115998,99.35000000000001,7.541038516013153,99.9,1.8250955118086358,99.30000000000001,3.3124703911066073,99.95,2.6056402657362154,99.25000000000001,19.37730186688669,100.0,4.854503008568225,99.2,3.782493554319641,100.05000000000001,4.940199035922708,99.15,4.59629818432819,100.10000000000001,1.6730009190899637
1710000028.299973,100565,FI2010_LSE,99.60000000000001,4.0628131657378495,99.65,5.954506316846153,99.55000000000001,3.864982666620623,99.7,4.60029914047592,99.50000000000001,7.58977394889194,99.75,7.274711444806785,99.45,4.4337744718342,99.80000000000001,2.766079954596937,99.4,4.045451340609617,99.85000000000001,5.651250225437238,99.35000000000001,1.7842802348451567,99.9,2.620047827948685,99.30000000000001,2.4176389897481743,99.95,8.101701064214183,99.25000000000001,9.322242214317157,100.0,10.849995315063842,99.2,5.04849135831232,100.05000000000001,3.154115180992383,99.15,4.498675102706048,100.10000000000001,1.7341346025329039
1710000028.349973,100566,FI2010_LSE,99.65,14.542439351423683,99.7,7.713550169484103,99.60000000000001,7.33911928605362,99.75,5.473882577557026,99.55000000000001,5.319104273677375,99.8,3.7209491244104314,99.5,3.7894362614325123,99.85000000000001,6.634460543370373,99.45,3.4653286783351187,99.9,5.241699535064942,99.4,6.055437420960084,99.95,2.4726824434877113,99.35000000000001,7.779443309500628,100.0,3.472181560641149,99.30000000000001,4.268161936792668,100.05,1.370923066977289,99.25,6.677256456649775,100.10000000000001,3.28618937716973,99.2,10.024800924088025,100.15,0.446901785995669
1710000028.399973,100567,FI2010_LSE,99.65,3.7826512523779847,99.75,8.085970575166828,99.60000000000001,7.070344999588116,99.8,4.890273398122244,99.55000000000001,8.116598849710272,99.85,6.269075502027961,99.5,16.675487019490458,99.9,8.808030001326124,99.45,5.284010333849958,99.95,5.783214293395256,99.4,5.524529473312891,100.0,2.794388294163263,99.35000000000001,5.938818980897353,100.05,3.9205779949869624,99.30000000000001,4.519431399411233,100.1,4.121476374157454,99.25,4.60378235955879,100.15,1.8700252293531623,99.2,3.4346172331222657,100.2,0.12114213663016676
1710000028.4499729,100568,FI2010_LSE,99.7,5.5090871484334265,99.75,5.207288300157891,99.65,7.613657972669857,99.8,10.966680263809222,99.60000000000001,6.734047620754339,99.85,8.314233008113865,99.55,7.124591130678783,99.9,15.695562317729243,99.5,6.2244907978418516,99.95,6.2056345182807435,99.45,4.486134200664499,100.0,11.866932384498911,99.4,6.690606331827504,100.05,7.770642201159752,99.35000000000001,3.4812173823387127,100.1,7.175704760523825,99.3,2.5259179747782623,100.15,0.7840784720161822,99.25,20.149317175316867,100.2,14.724038712338272
1710000028.4999728,100569,FI2010_LSE,99.65,5.18518351929825,99.80000000000001,3.715136588322139,99.60000000000001,4.720839506913858,99.85000000000001,7.2580983204168845,99.55000000000001,15.5487086722414,99.9,5.93186082582395,99.5,8.751291792018964,99.95000000000002,3.4262625601911747,99.45,2.5753100748224313,100.00000000000001,5.146137519935063,99.4,1.7034569176905705,100.05000000000001,3.447705450109644,99.35000000000001,5.341525923501217,100.10000000000001,4.141956870714054,99.30000000000001,6.56353373165566,100.15,1.8257452009261623,99.25,1.786849339272698,100.20000000000002,6.1272836526142695,99.2,5.054646525701113,100.25000000000001,2.4762592614066676
1710000028.5499728,100570,FI2010_LSE,99.65,13.173225051383158,99.7,3.696928934701623,99.60000000000001,4.2612224982138045,99.75,3.5833917642115907,99.55000000000001,2.8531422335969663,99.8,4.2873593154332355,99.5,2.6994622704062916,99.85000000000001,8.922593423111344,99.45,2.6015912970132065,99.9,4.7996755708351575,99.4,2.4369388377764447,99.95,1.8779101123129145,99.35000000000001,3.9686328347342767,100.0,3.087647632885555,99.30000000000001,1.1533331050611872,100.05,16.06557636912358,99.25,7.186753641194796,100.10000000000001,0.6956130945290528,99.2,3.314008017538702,100.15,3.640063149155976
1710000028.5999727,100571,FI2010_LSE,99.65,16.88924897645233,99.7,3.8712510910457882,99.60000000000001,4.776674027247141,99.75,3.618125634307511,99.55000000000001,3.806494317014374,99.8,3.9844611164956474,99.5,8.64715299370739,99.85000000000001,6.663463343428382,99.45,6.935784464522865,99.9,4.722623778322067,99.4,8.19169298834355,99.95,9.072325817077424,99.35000000000001,8.621735561025538,100.0,4.5058864334479765,99.30000000000001,1.810735671321323,100.05,1.6643525866402966,99.25,3.7257507338570504,100.10000000000001,1.2775301359962499,99.2,3.242142630126693,100.15,1.461027050432349
1710000028.6499727,100572,FI2010_LSE,99.65,4.030788584694477,99.7,7.682224289927175,99.60000000000001,6.318352436260636,99.75,12.211695911303426,99.55000000000001,19.394451282654952,99.8,4.053459143220772,99.5,3.4051911045152234,99.85000000000001,3.0420761018163276,99.45,8.31338123136947,99.9,2.4395934638915486,99.4,6.701276397351528,99.95,1.603131905262317,99.35000000000001,1.7142133545232636,100.0,2.796168463806813,99.30000000000001,15.856150998026836,100.05,1.724118465176086,99.25,1.7673118615149805,100.10000000000001,1.81638605767316,99.2,2.5839235391496236,100.15,0.7025167378851581
1710000028.6999726,100573,FI2010_LSE,99.60000000000001,3.6804778827401794,99.75000000000001,6.6011774003187265,99.55000000000001,9.63046703472904,99.80000000000001,15.345700852037265,99.50000000000001,9.615269035576786,99.85000000000001,5.323382417967176,99.45,5.386934031013311,99.90000000000002,7.482986555054995,99.4,7.02329217987639,99.95000000000002,3.0438804118026637,99.35000000000001,3.2280830792385284,100.00000000000001,12.205368950097073,99.30000000000001,4.477625914292818,100.05000000000001,3.0060580581656877,99.25000000000001,2.753031732688636,100.10000000000001,1.0620040886478876,99.2,5.344192784998173,100.15000000000002,8.174388322072751,99.15,0.5104492213679469,100.20000000000002,3.8930079149799877
1710000028.7499726,100574,FI2010_LSE,99.7,6.708431724775918,99.75,4.4936426520949695,99.65,6.77197722615187,99.8,6.061742610030429,99.60000000000001,2.8673462207354032,99.85,10.25706197415872,99.55,6.353298929140223,99.9,10.139209557799038,99.5,8.448653782783959,99.95,4.874695015566483,99.45,2.178437386792845,100.0,13.20963953697255,99.4,7.07765442866755,100.05,2.4317580064193525,99.35000000000001,7.908855033217142,100.1,1.2839325111656064,99.3,3.9600035351193896,100.15,3.368180105629499,99.25,6.226538592243384,100.2,2.0689858312986447
1710000028.7999725,100575,FI2010_LSE,99.65,6.8380532134583945,99.7,6.0633700062449085,99.60000000000001,6.160948091116201,99.75,3.3130529263160255,99.55000000000001,9.9649209166721,99.8,4.14761566641865,99.5,3.5527679275236963,99.85000000000001,7.5879023485074235,99.45,4.931110337450498,99.9,8.199281442094037,99.4,4.483965585549109,99.95,2.4912005060954643,99.35000000000001,3.169584889696459,100.0,8.126147979332647,99.30000000000001,3.904743603690365,100.05,1.419600621359976,99.25,2.3718963662416193,100.10000000000001,0.535758336522612,99.2,9.222654489734248,100.15,5.992100612913888
1710000028.8499725,100576,FI2010_LSE,99.7,7.674274828261421,99.75,6.216910057144495,99.65,6.985645812560078,99.8,10.366595235415167,99.60000000000001,4.37930627060266,99.85,8.993413896606024,99.55,3.3852183660096244,99.9,8.513781140688202,99.5,6.209752896250041,99.95,5.0704114368982065,99.45,2.9411273684103527,100.0,3.341770053989822,99.4,10.1765901367062,100.05,1.79497345773625,99.35000000000001,4.523943389428887,100.1,4.517414620437139,99.3,2.7365511064398844,100.15,0.6744909957021927,99.25,5.673045145321229,100.2,1.5687761081977667
1710000028.8999724,100577,FI2010_LSE,99.7,4.698660961747525,99.75,7.492959117206707,99.65,10.202173705798057,99.8,5.3286440777095505,99.60000000000001,5.242961222973338,99.85,4.663390751371118,99.55,4.433597641072866,99.9,3.4034480961010303,99.5,5.231014499262692,99.95,6.902856930114832,99.45,6.419565931322136,100.0,3.845967519358705,99.4,4.139556402118046,100.05,5.209398163033202,99.35000000000001,10.850174109259214,100.1,2.9801496069896025,99.3,1.2028472974661546,100.15,3.7269808603945873,99.25,7.05581424512564,100.2,3.7526099021676753
1710000028.9499724,100578,FI2010_LSE,99.65,9.194872800450236,99.7,6.773901884729503,99.60000000000001,3.7447053555359764,99.75,6.856574940938603,99.55000000000001,5.058840497375204,99.8,4.685261953932547,99.5,7.366996054328109,99.85000000000001,15.92276221967858,99.45,6.061614139530268,99.9,10.143603179404229,99.4,1.7726486506398875,99.95,5.642585112779914,99.35000000000001,3.3116763451188236,100.0,6.957858734157088,99.30000000000001,2.287487295295467,100.05,6.820236851514901,99.25,0.9744051152181242,100.10000000000001,9.98207306993309,99.2,7.648484380624112,100.15,2.5605812929515714
1710000028.9999723,100579,FI2010_LSE,99.7,11.55180513437569,99.75,4.746581401069594,99.65,4.16818162621448,99.8,8.17260643343004,99.60000000000001,4.838047966702771,99.85,5.0787677319617766,99.55,13.905630251685363,99.9,5.964979676312588,99.5,10.17200620827705,99.95,5.360355395100719,99.45,2.4964163763586047,100.0,5.54472299720757,99.4,7.662351194522751,100.05,16.553020790758907,99.35000000000001,4.752786116499287,100.1,5.495224960455986,99.3,1.7033476833320478,100.15,10.061647341685779,99.25,0.9138058845992653,100.2,8.228830464643544
1710000029.0499723,100580,FI2010_LSE,99.65,7.666520151667397,99.75,4.215527892851662,99.60000000000001,4.767702271984335,99.8,3.3815842778605125,99.55000000000001,6.315834216003257,99.85,5.054859534809055,99.5,6.934914534766594,99.9,2.8788734131727076,99.45,3.1000240590879162,99.95,3.54279992136753,99.4,14.183246849439078,100.0,4.430708522423895,99.35000000000001,6.8293735046106665,100.05,3.394993760888453,99.30000000000001,1.1843964929813606,100.1,4.905541360988944,99.25,3.458244378274281,100.15,8.985339818528763,99.2,1.1211704248302408,100.2,17.736504882889825
1710000029.0999722,100581,FI2010_LSE,99.65,8.770220260671238,99.7,5.347888317361932,99.60000000000001,6.642297033974012,99.75,3.889391407961671,99.55000000000001,6.22327242037611,99.8,6.703607268154871,99.5,4.337574936091713,99.85000000000001,3.473092176035624,99.45,8.611077472123476,99.9,3.0453974698136745,99.4,17.828177639189136,99.95,3.4346874103096745,99.35000000000001,1.4297076518287688,100.0,3.506825123683704,99.30000000000001,3.210094946176003,100.05,4.0369115568968015,99.25,5.743656921121237,100.10000000000001,5.703806016828908,99.2,3.924886967888937,100.15,1.8311519554147557
1710000029.1499722,100582,FI2010_LSE,99.60000000000001,4.456011656113752,99.65,8.911978633229676,99.55000000000001,6.135532771216225,99.7,8.093039425094549,99.50000000000001,4.623537084248603,99.75,11.015036647975156,99.45,11.993483666201659,99.80000000000001,10.644335744773429,99.4,7.183954150308638,99.85000000000001,2.3760387746908895,99.35000000000001,14.435483297010965,99.9,9.952496626374066,99.30000000000001,9.290228552927648,99.95,8.348988342894364,99.25000000000001,3.433356485295996,100.0,3.2004677598273394,99.2,6.974438068812337,100.05000000000001,0.973311934883351,99.15,6.747712220560075,100.10000000000001,0.306198440497559
1710000029.1999722,100583,FI2010_LSE,99.60000000000001,3.8113202325167945,99.65,14.52301874311617,99.55000000000001,6.504998602764523,99.7,17.84475477765354,99.50000000000001,5.549070060624365,99.75,9.702843779325008,99.45,22.890417041490387,99.80000000000001,3.7076093804181514,99.4,3.720059626318351,99.85000000000001,10.61969994856527,99.35000000000001,2.0338891119760936,99.9,5.749348933406814,99.30000000000001,3.605640720508143,99.95,21.922629951462092,99.25000000000001,5.541913497210947,100.0,4.438421253491523,99.2,4.907627267145767,100.05000000000001,1.6905204406468202,99.15,0.5673965227031937,100.10000000000001,1.9511804202689984
1710000029.249972,100584,FI2010_LSE,99.65,3.6391050857920706,99.7,20.37085181542011,99.60000000000001,3.2588854059400045,99.75,4.798217952604177,99.55000000000001,13.49768396497419,99.8,8.292130588069018,99.5,2.521909665767434,99.85000000000001,11.283708009757198,99.45,3.3102198323957985,99.9,2.032996387588758,99.4,2.360531807186681,99.95,3.589885433778643,99.35000000000001,5.859212728017522,100.0,6.657119929914801,99.30000000000001,8.89516280181225,100.05,15.380551228775664,99.25,2.1222988574163035,100.10000000000001,0.7199444829939077,99.2,3.519704271777449,100.15,0.19913723215380616
1710000029.299972,100585,FI2010_LSE,99.60000000000001,8.450326136782468,99.75000000000001,9.725701119752284,99.55000000000001,9.61458973081681,99.80000000000001,3.4589910101962706,99.50000000000001,4.656153419377908,99.85000000000001,4.556792049296702,99.45,3.8086639949635,99.90000000000002,7.802847791545878,99.4,8.07220385305383,99.95000000000002,17.68637339695021,99.35000000000001,1.6717891791115833,100.00000000000001,6.171597958075655,99.30000000000001,3.833031138705648,100.05000000000001,3.544326648905205,99.25000000000001,2.1944518178809176,100.10000000000001,4.022290514727843,99.2,7.094679249739439,100.15000000000002,1.3680829051941443,99.15,3.472074802375073,100.20000000000002,0.8682850959410502
1710000029.349972,100586,FI2010_LSE,99.65,10.119587577305252,99.7,12.102269713284528,99.60000000000001,5.7078644828125515,99.75,4.067108175316589,99.55000000000001,10.258960590142364,99.8,3.75827908243983,99.5,10.45846045302664,99.85000000000001,2.762073723366563,99.45,3.2805541177850577,99.9,6.108062679791759,99.4,2.6775810469210883,99.95,6.0764998065998626,99.35000000000001,12.731651217153598,100.0,7.087653451953884,99.30000000000001,6.294033704985782,100.05,3.123162567615272,99.25,1.7768809564076227,100.10000000000001,5.295657924453644,99.2,1.6293588891890016,100.15,3.3829960408641884
1710000029.399972,100587,FI2010_LSE,99.7,7.592308490729477,99.75,10.009112797886711,99.65,3.766187326665055,99.8,7.05988916996799,99.60000000000001,4.633285404790371,99.85,10.971417966739605,99.55,4.129239137241674,99.9,5.347721942700683,99.5,8.210491415898488,99.95,2.111953494474203,99.45,5.886935624234113,100.0,5.700615574316217,99.4,2.8304752829809043,100.05,6.812492814510093,99.35000000000001,0.8226112225270925,100.1,7.190733416587781,99.3,2.760436918318583,100.15,1.625104464528199,99.25,1.9073286941246779,100.2,0.8057497475616436
1710000029.449972,100588,FI2010_LSE,99.65,4.06139475163018,99.7,3.7065358134816844,99.60000000000001,4.348582856798713,99.75,16.523928051432144,99.55000000000001,5.388945163824005,99.8,2.862891307115886,99.5,3.7367504323100107,99.85000000000001,5.261499598208063,99.45,10.253228867885705,99.9,7.33119683777013,99.4,3.8250123768907334,99.95,9.22522801607648,99.35000000000001,2.5598808651989526,100.0,2.1709671323141917,99.30000000000001,12.027767959150093,100.05,14.433444794918529,99.25,5.628927113423538,100.10000000000001,4.883355228965496,99.2,2.4084710422148348,100.15,2.985733081423213
1710000029.4999719,100589,FI2010_LSE,99.65,6.373684598367133,99.7,16.627881499930183,99.60000000000001,6.269558984603297,99.75,7.608373511837729,99.55000000000001,5.671056484431064,99.8,3.161371371439068,99.5,8.461641332593345,99.85000000000001,11.753196899158782,99.45,2.7929251675654756,99.9,11.5525510601951,99.4,11.546424184364179,99.95,4.089473242951795,99.35000000000001,3.5696608531405705,100.0,9.222685147899064,99.30000000000001,2.731212798742498,100.05,3.2718826777727914,99.25,2.0295913091375257,100.10000000000001,0.8256078011133479,99.2,3.722390597767992,100.15,9.054544383042696
1710000029.5499718,100590,FI2010_LSE,99.65,7.688633333052234,99.75,7.047214366536703,99.60000000000001,11.697892050496165,99.8,8.482017618617729,99.55000000000001,7.313766530157693,99.85,8.605256868744194,99.5,5.66695312023259,99.9,3.3701539123537545,99.45,5.068252950040746,99.95,7.520658132429014,99.4,6.400868066902444,100.0,1.9487092084789446,99.35000000000001,4.410295338096011,100.05,8.878851299366657,99.30000000000001,1.775637121311676,100.1,2.558301183390294,99.25,3.2863367896666644,100.15,0.8557735875377549,99.2,5.57398281211632,100.2,0.2240195095537366
1710000029.5999718,100591,FI2010_LSE,99.7,3.632303311996326,99.75,7.074970568566938,99.65,3.3451928596459886,99.8,6.042577486512494,99.60000000000001,6.054296941811586,99.85,5.143376818665068,99.55,2.4528315272328527,99.9,4.068448605969273,99.5,3.478171449018512,99.95,7.888823359509736,99.45,6.422794822767543,100.0,1.8850841286255475,99.4,5.008008176620557,100.05,7.8509865731432384,99.35000000000001,2.2142353520850957,100.1,2.929794759965472,99.3,2.249730276517564,100.15,4.422720642789772,99.25,4.807810932979127,100.2,2.574009051384763
1710000029.6499717,100592,FI2010_LSE,99.65,6.283729689932253,99.7,7.764104338016189,99.60000000000001,3.3935613365521506,99.75,3.634196567869915,99.55000000000001,11.222630192374757,99.8,3.9672113148140244,99.5,8.621968403118697,99.85000000000001,3.278755749476839,99.45,4.490096468875141,99.9,2.504339602640308,99.4,3.3238661718278997,99.95,8.398254549685344,99.35000000000001,1.6992803729204742,100.0,10.03655361173972,99.30000000000001,1.597328273933058,100.05,3.0265330841500386,99.25,3.3789559995838627,100.10000000000001,7.194304836186881,99.2,1.4739687034982734,100.15,0.5728427083925443
1710000029.6999717,100593,FI2010_LSE,99.65,3.877257714280564,99.80000000000001,4.642078981614441,99.60000000000001,4.027318785918012,99.85000000000001,4.7749790282751405,99.55000000000001,3.059907271562216,99.9,2.809979421266841,99.5,2.4021777154583184,99.95000000000002,3.9040423135258013,99.45,2.3749689196028303,100.00000000000001,9.34917937418479,99.4,1.8364211291937322,100.05000000000001,6.136847610798087,99.35000000000001,5.7450819478351125,100.10000000000001,1.6849157156311652,99.30000000000001,1.5840515675629545,100.15,0.8322088801344316,99.25,0.42025624280728063,100.20000000000002,4.451763271846553,99.2,0.7915176156052822,100.25000000000001,2.131843123879309
1710000029.7499716,100594,FI2010_LSE,99.75,4.696368942315649,99.8,16.2435420701775,99.7,3.3607713938835913,99.85,5.933148104279018,99.65,5.388695290780419,99.89999999999999,3.01795307599515,99.6,11.519289500650396,99.95,6.467072690084565,99.55,2.083096752977246,100.0,5.63964153307429,99.5,6.707837317043946,100.05,8.645540468049713,99.45,6.037191904943886,100.1,9.262854901522928,99.4,10.089584107781377,100.14999999999999,1.3704138755960176,99.35,2.9741668001093826,100.2,4.339347434156708,99.3,1.1835486234824946,100.25,4.324220145132941
1710000029.7999716,100595,FI2010_LSE,99.80000000000001,8.331993254813083,99.85000000000001,5.852168233360027,99.75000000000001,12.166150370786852,99.9,3.212951137043269,99.70000000000002,5.456889712122415,99.95,4.716835276721589,99.65,2.763677309973489,100.00000000000001,2.9596215260044065,99.60000000000001,2.093172096959459,100.05000000000001,4.435880712944578,99.55000000000001,12.18439170850422,100.10000000000001,1.753219369157424,99.50000000000001,5.133695623559455,100.15,4.966835655784716,99.45000000000002,3.9797057949446044,100.2,3.9846942451250156,99.4,2.781034329930716,100.25000000000001,3.049232037502387,99.35000000000001,5.617350960634702,100.30000000000001,1.4351077530412761
1710000029.8499715,100596,FI2010_LSE,99.75,3.996728920600159,99.8,5.341808012944749,99.7,19.518426871810654,99.85,4.587277336504079,99.65,6.25016585569179,99.89999999999999,6.996262052187721,99.6,2.886339316797064,99.95,5.433114020455112,99.55,9.642755431515036,100.0,2.1043794274899463,99.5,2.2983495310163615,100.05,3.4716181899656164,99.45,3.5536096357499547,100.1,3.263877061611192,99.4,4.896255171012481,100.14999999999999,6.810848719937149,99.35,6.6428312073442735,100.2,2.51563196368066,99.3,2.0102934516562376,100.25,0.7323841294814989
1710000029.8999715,100597,FI2010_LSE,99.80000000000001,4.548085564905369,99.85000000000001,7.317202166995841,99.75000000000001,6.282833013018419,99.9,4.6083635364574445,99.70000000000002,12.616020661173977,99.95,7.846588855494863,99.65,3.126917597008479,100.00000000000001,7.084330073364259,99.60000000000001,8.216801573897651,100.05000000000001,3.239153976204747,99.55000000000001,10.107814050839375,100.10000000000001,7.281696933347343,99.50000000000001,3.691516638362512,100.15,3.041663595037525,99.45000000000002,11.154537688967817,100.2,4.917747033522676,99.4,1.5877645020689855,100.25000000000001,4.977735393613011,99.35000000000001,4.796887973512588,100.30000000000001,13.73900389451982
1710000029.9499714,100598,FI2010_LSE,99.85000000000001,9.056874086919475,99.9,12.962719543548163,99.80000000000001,4.141099060074357,99.95,4.079773282447519,99.75000000000001,4.701787632170669,100.0,9.230405646174914,99.7,9.842505605542133,100.05000000000001,5.14524085516738,99.65,7.095461213532206,100.10000000000001,6.255888281635563,99.60000000000001,15.094487642284891,100.15,1.958769358543979,99.55000000000001,1.3448532806822937,100.2,4.809799033698337,99.50000000000001,2.2273865771603365,100.25,2.0779709410895304,99.45,10.243987878166328,100.30000000000001,8.328061397327598,99.4,1.724839261335508,100.35000000000001,2.973587509821293
1710000029.9999714,100599,FI2010_LSE,99.80000000000001,3.9212780340299958,99.9,3.643545068912222,99.75000000000001,3.25485068870958,99.95,7.868298314241518,99.70000000000002,3.52514046317303,100.0,4.066975343431931,99.65,7.844628786259637,100.05000000000001,7.259497754274608,99.60000000000001,4.013141467600574,100.10000000000001,7.713874282368351,99.55000000000001,2.4609612117751616,100.15,6.952601491210052,99.50000000000001,1.5550668261574607,100.2,12.15337428446038,99.45000000000002,4.710299453781014,100.25,4.451363506231923,99.4,7.251183881103066,100.30000000000001,2.499437530526578,99.35000000000001,1.2159180321553935,100.35000000000001,0.35101887124083486
1710000030.0499713,100600,FI2010_LSE,99.9,4.673466368885223,99.95,4.912690101064664,99.85000000000001,15.087121440167046,100.0,6.413378658709204,99.80000000000001,7.942019485649022,100.05,8.288337084272076,99.75,4.03565560229502,100.10000000000001,4.3732583918493555,99.7,4.472500487320557,100.15,7.624492157473424,99.65,2.2630044831805733,100.2,4.302519783727901,99.60000000000001,4.243118264567091,100.25,1.5612683280805346,99.55000000000001,8.822866342532578,100.3,2.6133785623042476,99.5,1.7554211944896756,100.35000000000001,8.854765982381082,99.45,0.4953377261808322,100.4,7.144027304676099
1710000030.0999713,100601,FI2010_LSE,99.80000000000001,13.621499407314268,99.95000000000002,4.823411912527098,99.75000000000001,4.327163617821863,100.00000000000001,3.5149952292523574,99.70000000000002,12.0779660611579,100.05000000000001,3.7002606269438645,99.65,4.082029371820455,100.10000000000002,12.941526535138085,99.60000000000001,2.242065734150576,100.15000000000002,13.042769243097792,99.55000000000001,2.641329561869229,100.20000000000002,1.760285271995376,99.50000000000001,2.3154758414265304,100.25000000000001,6.310077954079778,99.45000000000002,0.9625835957086931,100.30000000000001,4.030137335696843,99.4,1.4121577487980028,100.35000000000002,5.3954358528923985,99.35000000000001,2.131980605015938,100.40000000000002,1.889891962670601
1710000030.1499712,100602,FI2010_LSE,99.80000000000001,16.819096901688667,99.85000000000001,3.643634801809078,99.75000000000001,6.28787572760076,99.9,7.7996031666950065,99.70000000000002,12.44002042424539,99.95,5.343535886417958,99.65,4.461171062050439,100.00000000000001,9.630554496293817,99.60000000000001,12.475911124945837,100.05000000000001,2.5504267030886587,99.55000000000001,4.188668306952332,100.10000000000001,8.500457027702216,99.50000000000001,13.300488716192476,100.15,12.271330782422723,99.45000000000002,1.6517246825071608,100.2,0.933463422181386,99.4,3.6072837820494925,100.25000000000001,9.072872130068852,99.35000000000001,1.8842586113477462,100.30000000000001,0.24018181567432786
1710000030.1999712,100603,FI2010_LSE,99.85000000000001,9.796923546903612,99.9,12.632282059773217,99.80000000000001,5.619684229728735,99.95,4.382199489983149,99.75000000000001,4.784826764351367,100.0,6.792482912360038,99.7,3.3965341364995703,100.05000000000001,3.606529197945844,99.65,4.08919408700099,100.10000000000001,2.178607499723627,99.60000000000001,2.2302110314506334,100.15,10.93016307669878,99.55000000000001,19.61430010926651,100.2,6.47956135087439,99.50000000000001,2.772899190325136,100.25,1.0131338255308135,99.45,1.7767509041675824,100.30000000000001,2.483231263690421,99.4,0.6286808975958883,100.35000000000001,1.320421971519297
1710000030.2499712,100604,FI2010_LSE,99.80000000000001,5.533781835683323,99.95000000000002,6.275851177824959,99.75000000000001,3.4585959590644255,100.00000000000001,12.19166089404262,99.70000000000002,3.582251030101288,100.05000000000001,18.60755994983086,99.65,2.4971622736622527,100.10000000000002,11.15486165596843,99.60000000000001,4.547718319359081,100.15000000000002,2.1615779405971938,99.55000000000001,1.9729511395393704,100.20000000000002,4.361095144401743,99.50000000000001,1.2672370226181313,100.25000000000001,10.295313955833912,99.45000000000002,5.575666889194939,100.30000000000001,6.4544545100113755,99.4,6.039122450878203,100.35000000000002,5.516009270138487,99.35000000000001,1.5239548502969886,100.40000000000002,3.2193870457641016
1710000030.299971,100605,FI2010_LSE,99.85000000000001,6.8119874106784355,99.9,4.087149024645709,99.80000000000001,4.1441950612890075,99.95,4.449452087339255,99.75000000000001,6.921768899875957,100.0,4.542341386871371,99.7,8.785992751106274,100.05000000000001,10.389946793947551,99.65,12.059527682083962,100.10000000000001,14.709707109118936,99.60000000000001,3.5783875655817665,100.15,4.576750896519137,99.55000000000001,1.2545918901245554,100.2,3.9541889341239256,99.50000000000001,4.3579120611545905,100.25,2.6735486929884273,99.45,3.2737352035778824,100.30000000000001,4.873051818373595,99.4,2.6066266327696375,100.35000000000001,6.374110774224911
1710000030.349971,100606,FI2010_LSE,99.9,6.51624714745909,100.05000000000001,10.130795268504986,99.85000000000001,5.736705909055928,100.10000000000001,3.5447471996554274,99.80000000000001,7.596448791493385,100.15,6.928107012513866,99.75,8.872568908429868,100.20000000000002,3.216157594197647,99.7,20.622049774325095,100.25000000000001,3.762927704045195,99.65,10.002339534718939,100.30000000000001,1.7448595923359416,99.60000000000001,6.981736267383773,100.35000000000001,2.016106585967807,99.55000000000001,1.292918251360359,100.4,1.2547670190054463,99.5,9.390381247256359,100.45000000000002,1.5331883289544779,99.45,1.7703416046356162,100.50000000000001,6.294938439537708
1710000030.399971,100607,FI2010_LSE,99.9,8.148269174077889,99.95,7.119702338112183,99.85000000000001,3.3902865253458008,100.0,8.676165336338201,99.80000000000001,8.173701207562845,100.05,3.8374941888182725,99.75,3.3812540195262333,100.10000000000001,4.819818808296995,99.7,4.170670887287211,100.15,8.516326635669007,99.65,5.868101292110504,100.2,3.624196139642649,99.60000000000001,1.4559238672257373,100.25,5.920918195751849,99.55000000000001,4.748834179209809,100.3,16.082572358436483,99.5,15.498130141301608,100.35000000000001,5.2415259779274965,99.45,4.909446434937737,100.4,1.733085518795986
1710000030.449971,100608,FI2010_LSE,99.80000000000001,4.734310356521738,99.95000000000002,9.248236912597305,99.75000000000001,3.2011745353759267,100.00000000000001,7.090927403595428,99.70000000000002,5.281398432373567,100.05000000000001,5.475055453806933,99.65,4.368649457279364,100.10000000000002,3.3541128240155693,99.60000000000001,4.251815313525418,100.15000000000002,2.343362377385983,99.55000000000001,8.90417572724683,100.20000000000002,2.4254148532890456,99.50000000000001,2.8893999713133622,100.25000000000001,11.456955942889735,99.45000000000002,6.428705471346766,100.30000000000001,1.1185130021079441,99.4,1.6084868261532597,100.35000000000002,4.0261569435036835,99.35000000000001,0.2370714936554361,100.40000000000002,8.473771007375099
1710000030.499971,100609,FI2010_LSE,99.9,6.863830749031376,99.95,13.397817309232034,99.85000000000001,7.263849750965718,100.0,5.693678707296077,99.80000000000001,5.673381778330366,100.05,3.143428549708935,99.75,3.1212964462214514,100.10000000000001,6.721883761073802,99.7,6.2120226815220985,100.15,8.104156485240292,99.65,3.637678241451141,100.2,5.941287479548006,99.60000000000001,2.2139518299315224,100.25,2.6123067770163937,99.55000000000001,1.124580971481369,100.3,0.9038032660423319,99.5,6.801775888406237,100.35000000000001,3.669608893580213,99.45,6.851282183816286,100.4,12.375922297030126
1710000030.5499709,100610,FI2010_LSE,99.80000000000001,4.229945407689201,99.9,5.829313936475707,99.75000000000001,7.129613498700882,99.95,3.32648231432685,99.70000000000002,7.007472336098109,100.0,5.759337283593775,99.65,3.917574686887585,100.05000000000001,2.498629546781768,99.60000000000001,4.476821303591803,100.10000000000001,12.826061996407121,99.55000000000001,10.472877085248022,100.15,20.01191187772415,99.50000000000001,1.6395477914275942,100.2,6.508059738102054,99.45000000000002,1.9497474448659362,100.25,10.23610034779937,99.4,2.609449367833248,100.30000000000001,3.1674066905046927,99.35000000000001,0.1321534209844722,100.35000000000001,2.8694735003671834
1710000030.5999708,100611,FI2010_LSE,99.85000000000001,3.746240515643418,99.9,4.626335658484113,99.80000000000001,6.025836921417745,99.95,7.754880080449314,99.75000000000001,9.590157198646944,100.0,9.247202229853736,99.7,4.820785935079087,100.05000000000001,8.93368586480772,99.65,7.233956493767572,100.10000000000001,7.82636560272203,99.60000000000001,2.477081729688475,100.15,7.849396035680085,99.55000000000001,7.404662015934019,100.2,6.745845348889074,99.50000000000001,6.077467837261524,100.25,2.993784136207009,99.45,4.298028400724491,100.30000000000001,5.570816764487802,99.4,0.7262513124137214,100.35000000000001,0.4549374766661119
1710000030.6499708,100612,FI2010_LSE,99.85000000000001,5.645772764122778,99.9,5.553948525583114,99.80000000000001,6.617316199613013,99.95,5.117997339529946,99.75000000000001,4.2360924315567425,100.0,13.068078334930789,99.7,8.824156754624365,100.05000000000001,2.692387440285858,99.65,2.3155347444947045,100.10000000000001,3.4791844825143077,99.60000000000001,3.0865059780126485,100.15,4.469451019651762,99.55000000000001,2.3820743166023233,100.2,1.992645044249681,99.50000000000001,2.1679806087353115,100.25,1.2165844753703463,99.45,1.4428580948394334,100.30000000000001,3.7329229013043213,99.4,0.8470577144933961,100.35000000000001,5.493356459923137
1710000030.6999707,100613,FI2010_LSE,99.9,10.78604380520318,100.0,17.13142499323378,99.85000000000001,5.37489234556109,100.05,5.030631501852787,99.80000000000001,10.648721944062954,100.1,8.362452922716928,99.75,4.3744406870815205,100.15,3.8452819990319007,99.7,5.817466876167748,100.2,15.700343250606585,99.65,7.393167510148556,100.25,11.787277940552213,99.60000000000001,6.8312543705544355,100.3,1.4448788612166152,99.55000000000001,1.891263617080031,100.35,1.5717646157721419,99.5,5.419950968274193,100.4,0.4502513637862367,99.45,4.059179922363364,100.45,0.2917202893965435
1710000030.7499707,100614,FI2010_LSE,99.95,3.674292476723225,100.0,10.881176284318135,99.9,5.891667911180281,100.05,3.9945122051697672,99.85000000000001,16.073179563599805,100.1,4.286278589908465,99.8,4.910366130930918,100.15,13.480134683533038,99.75,14.262958716570482,100.2,5.842233448303524,99.7,3.596750288916219,100.25,10.038274196819259,99.65,3.779196837515727,100.3,1.799314274939234,99.60000000000001,3.908606117044423,100.35,1.156146297274206,99.55,9.145201292757267,100.4,12.816358695396149,99.5,1.3879192110044074,100.45,4.282127756838616
1710000030.7999706,100615,FI2010_LSE,99.95,7.660222475997838,100.0,12.033229048785527,99.9,3.2452822219133837,100.05,3.540766968059711,99.85000000000001,32.28699788789367,100.1,9.89944220526035,99.8,2.519059056420341,100.15,3.911207549733412,99.75,4.866690526222031,100.2,17.5378596434265,99.7,9.16357460916268,100.25,2.0789908934330654,99.65,3.491452460482956,100.3,8.974873858674634,99.60000000000001,4.2087260689577874,100.35,3.2297669479358815,99.55,3.4171665859018043,100.4,10.307988104956316,99.5,0.14979097589792995,100.45,5.110216667566771
1710000030.8499706,100616,FI2010_LSE,99.9,4.109940928915012,99.95,10.480404681857715,99.85000000000001,3.620081353103895,100.0,5.815495752436596,99.80000000000001,9.89877868021559,100.05,4.865804874555469,99.75,2.622478718267089,100.10000000000001,4.104797780950782,99.7,2.5217250344216042,100.15,11.113799842274435,99.65,4.9068317936263774,100.2,7.090594004711377,99.60000000000001,2.3785185269055127,100.25,3.4471801471627126,99.55000000000001,4.719118051585099,100.3,10.715580366601628,99.5,6.373133999136752,100.35000000000001,1.6504916750493646,99.45,0.1,100.4,5.762784929638442
1710000030.8999705,100617,FI2010_LSE,99.9,4.209215489854616,100.0,26.441295748486155,99.85000000000001,4.61164367765053,100.05,7.439892458855372,99.80000000000001,3.030310239793657,100.1,3.59956247458687,99.75,6.92347001614059,100.15,6.576906616003377,99.7,9.90133453565728,100.2,4.032275158323133,99.65,3.9774241124799823,100.25,5.9401282427439135,99.60000000000001,9.078494187322953,100.3,2.6124850417582364,99.55000000000001,1.2826546868895927,100.35,0.812205925910651,99.5,2.135326630826025,100.4,7.595575079676177,99.45,0.14899084747890834,100.45,4.7221153642561315
1710000030.9499705,100618,FI2010_LSE,99.9,21.96696757351374,100.0,14.498692189361071,99.85000000000001,3.504036259079953,100.05,4.024651889527155,99.80000000000001,5.775357969716342,100.1,2.947138973855782,99.75,4.2645292899598175,100.15,17.790696840899923,99.7,2.701231842382885,100.2,8.620510942860788,99.65,4.952747837792955,100.25,4.047335697114699,99.60000000000001,4.693160243710571,100.3,15.153086895295079,99.55000000000001,5.869388987526715,100.35,4.220884078059159,99.5,4.233506069275446,100.4,0.7194928774797928,99.45,2.303338490995161,100.45,0.7908451781994159
1710000030.9999704,100619,FI2010_LSE,99.95,7.2896797165180285,100.0,10.444863672799707,99.9,5.9635072757514,100.05,13.40145971976768,99.85000000000001,5.893211445212033,100.1,12.952612624789255,99.8,13.636416153387074,100.15,9.027525826933708,99.75,2.251752755729052,100.2,2.8879693966283364,99.7,4.380661931957028,100.25,1.7693015883384025,99.65,2.8896000815774983,100.3,2.6106047619563872,99.60000000000001,2.560203786427534,100.35,8.590606178934552,99.55,1.429478245315115,100.4,2.2531005463573073,99.5,0.6274662490313566,100.45,4.468678619713955
1710000031.0499704,100620,FI2010_LSE,99.9,13.705072815645291,99.95,4.658591629362522,99.85000000000001,3.6293008223425893,100.0,3.866170119382039,99.80000000000001,2.8125139503625385,100.05,7.6657678265053555,99.75,7.682493239592525,100.10000000000001,12.340761739531327,99.7,7.645433206330564,100.15,17.423563166296205,99.65,2.0982308042612927,100.2,3.2514758686000116,99.60000000000001,5.3616973014160285,100.25,8.311051372595504,99.55000000000001,6.557441449554617,100.3,1.217390520183477,99.5,0.5574591091705858,100.35000000000001,5.789200907835749,99.45,1.1807018958419666,100.4,8.360886384423274
1710000031.0999703,100621,FI2010_LSE,99.85000000000001,7.917776488929665,99.9,7.754129763671925,99.80000000000001,6.916612682988298,99.95,5.289199601844837,99.75000000000001,3.373441464287061,100.0,3.1307996954345745,99.7,5.481721656227414,100.05000000000001,8.318317604008547,99.65,6.632200988908112,100.10000000000001,2.566987078755614,99.60000000000001,2.292064616420108,100.15,2.9409724149530927,99.55000000000001,3.882639630243568,100.2,5.125724948251186,99.50000000000001,2.6338873137663494,100.25,5.579301492272706,99.45,1.2545474164081492,100.30000000000001,6.205000880194293,99.4,0.5961831620621761,100.35000000000001,1.50077363468237
1710000031.1499703,100622,FI2010_LSE,99.95,11.52490997168469,100.0,11.817145948260372,99.9,4.869066385340587,100.05,4.531438649724029,99.85000000000001,3.104491038545657,100.1,10.429906577844779,99.8,3.0042167858828166,100.15,14.662118386359424,99.75,6.30238261281737,100.2,9.1189608488043,99.7,2.946730367117543,100.25,2.443317161139666,99.65,4.889845721947314,100.3,8.159697577005348,99.60000000000001,9.442331414259494,100.35,1.2023302942721654,99.55,4.971476853180499,100.4,2.7688126458334805,99.5,7.024727864037552,100.45,0.5285208972665255
1710000031.1999702,100623,FI2010_LSE,99.95,3.7461411342025848,100.0,13.40783822244119,99.9,9.331915331797916,100.05,11.232511959117563,99.85000000000001,4.612608724498401,100.1,8.938645316758452,99.8,3.924112546322668,100.15,5.729776628794292,99.75,3.4702760048677774,100.2,4.009851635174441,99.7,5.378978036069546,100.25,2.4311541094264917,99.65,4.481756807353335,100.3,5.936359116342978,99.60000000000001,9.963954220235957,100.35,12.84162198596503,99.55,2.1457463769140572,100.4,2.973609359799207,99.5,2.11378184875894,100.45,0.803118077523508
1710000031.2499702,100624,FI2010_LSE,99.95,6.508365633458297,100.0,4.844270992859114,99.9,4.35363754690122,100.05,6.4702408635374935,99.85000000000001,5.619775040071536,100.1,4.839985804913313,99.8,16.889190048729315,100.15,7.649309312950351,99.75,10.798170217183648,100.2,3.9586961012531097,99.7,6.976799578588873,100.25,3.710316764546491,99.65,4.457315694731283,100.3,2.4949105099729856,99.60000000000001,1.5856911725704097,100.35,8.635454559899626,99.55,0.42162176222418135,100.4,0.6929440367186455,99.5,5.19494302936567,100.45,1.7727156421701533
1710000031.2999701,100625,FI2010_LSE,99.9,5.46783145576302,100.0,4.3204904510575854,99.85000000000001,3.9683831443107564,100.05,6.323684766223558,99.80000000000001,4.542313154838915,100.1,3.2614261033405625,99.75,7.4270466260265335,100.15,8.871312247561873,99.7,9.832949239516708,100.2,3.377281527042622,99.65,2.511180481486059,100.25,11.391210381764946,99.60000000000001,7.954936181070439,100.3,4.80973737445774,99.55000000000001,2.5705950624989216,100.35,6.632053211978048,99.5,3.0024739841480796,100.4,3.291506060516727,99.45,1.9982084334676122,100.45,0.8439267761091422
1710000031.34997,100626,FI2010_LSE,99.95,8.569367596269725,100.0,6.9173812558883645,99.9,7.518779357455685,100.05,9.300181068733941,99.85000000000001,5.70514190982487,100.1,8.001366907205597,99.8,3.242759963625252,100.15,14.323529833445082,99.75,3.3608187665482303,100.2,3.034228979488214,99.7,1.850430915388655,100.25,7.9860589524562755,99.65,1.7398977252503416,100.3,1.6718156598504867,99.60000000000001,3.094962449862213,100.35,2.3535424416170034,99.55,0.7424044873795763,100.4,0.5406436417852327,99.5,1.862196239899928,100.45,0.2702918011428059
1710000031.39997,100627,FI2010_LSE,99.9,9.987279633523734,100.0,4.063993495033071,99.85000000000001,7.243866541370051,100.05,11.918707118450932,99.80000000000001,3.5030826169866307,100.1,3.2476262604613066,99.75,8.139579037070664,100.15,2.6417087758437843,99.7,6.5219853847294935,100.2,7.224292380552238,99.65,15.7705989585392,100.25,1.997763672172077,99.60000000000001,3.182666449663893,100.3,2.83209291980779,99.55000000000001,14.0185753847654,100.35,9.481464314628445,99.5,3.9105603389040375,100.4,3.8704368684018085,99.45,3.276382523650197,100.45,7.720725212003847
1710000031.44997,100628,FI2010_LSE,99.95,6.327273430239077,100.0,6.747261340090538,99.9,3.739536255966396,100.05,4.226816856822315,99.85000000000001,3.7858953846365253,100.1,9.224742893845159,99.8,5.124836150975575,100.15,8.928647144165371,99.75,2.0436506635078335,100.2,10.45896309894838,99.7,4.459914873328773,100.25,1.6436631082892899,99.65,2.9627743473706527,100.3,11.737657808036843,99.60000000000001,6.857682530048459,100.35,4.461889631275103,99.55,3.2335641655333554,100.4,0.7121998223145429,99.5,0.548757695464775,100.45,4.5982436243888785
1710000031.49997,100629,FI2010_LSE,99.85000000000001,12.215449995834613,100.00000000000001,5.438892176759438,99.80000000000001,6.331700148613429,100.05000000000001,17.937034238800585,99.75000000000001,12.001676026882809,100.10000000000001,3.033262157265511,99.7,11.365073118192635,100.15000000000002,2.698242320921579,99.65,4.944246619221625,100.20000000000002,6.7091794511685645,99.60000000000001,5.447682508395688,100.25000000000001,21.467857317703935,99.55000000000001,3.1173700643937385,100.30000000000001,11.702505274542954,99.50000000000001,16.649708960465432,100.35000000000001,20.21272318493159,99.45,1.6553900529104975,100.40000000000002,2.885356796838337,99.4,5.519307662853586,100.45000000000002,2.179783474359259
1710000031.54997,100630,FI2010_LSE,99.9,6.855131314816974,99.95,3.8758992319859598,99.85000000000001,4.627671985254025,100.0,3.2976674536861044,99.80000000000001,3.4407171699397656,100.05,12.20127236561762,99.75,3.0120607990418176,100.10000000000001,2.813087347393425,99.7,2.8115916712243165,100.15,3.3650660571224322,99.65,1.613653587947126,100.2,3.2884447046159835,99.60000000000001,4.143612067188357,100.25,9.30789144608024,99.55000000000001,13.379900247771195,100.3,5.564310265563972,99.5,1.4133357104463142,100.35000000000001,1.0056310803977118,99.45,4.657154006528277,100.4,3.1794370352319157
1710000031.5999699,100631,FI2010_LSE,99.9,5.013404544505066,99.95,4.273570714816248,99.85000000000001,4.666578397647825,100.0,4.031529615987406,99.80000000000001,3.3865555137504,100.05,4.180401811126241,99.75,20.141994189569587,100.10000000000001,6.67506428848393,99.7,2.557952334703301,100.15,8.912187139000633,99.65,2.844081436123097,100.2,2.198246409369939,99.60000000000001,2.5575889642120933,100.25,4.887475098712647,99.55000000000001,5.980601919362948,100.3,5.815625609406108,99.5,1.0113390962593263,100.35000000000001,1.294703388405415,99.45,5.214068212358834,100.4,2.166898027717104
1710000031.6499698,100632,FI2010_LSE,99.9,7.257267444957353,99.95,3.6040076000852292,99.85000000000001,7.801165049462894,100.0,12.018869222038806,99.80000000000001,3.427244227744691,100.05,3.7748555572021085,99.75,3.7687776951062766,100.10000000000001,3.0516787530507505,99.7,8.80229165416415,100.15,6.697370207683876,99.65,3.4862880959339275,100.2,5.028258789275948,99.60000000000001,4.4493443782805695,100.25,7.403697457747475,99.55000000000001,1.0630350214201196,100.3,8.477910896746353,99.5,4.507034013319343,100.35000000000001,7.917112070251625,99.45,3.464073136082126,100.4,3.6508474595880243
1710000031.6999698,100633,FI2010_LSE,99.9,7.089492664927405,99.95,4.747428055145124,99.85000000000001,5.247392226918827,100.0,12.391078318057541,99.80000000000001,2.958588496472883,100.05,5.288023702963167,99.75,5.010117657753006,100.10000000000001,10.90575120163794,99.7,8.086404580498456,100.15,2.430927738928892,99.65,3.8547327219971046,100.2,2.5202836533823714,99.60000000000001,8.344892745177729,100.25,3.129660499265273,99.55000000000001,2.8186761021859406,100.3,6.177068392792615,99.5,0.558118801815739,100.35000000000001,0.7506287267442696,99.45,0.4561538483434765,100.4,1.4573614281040836
1710000031.7499697,100634,FI2010_LSE,99.95,8.771556036260012,100.0,4.634850121247857,99.9,5.275452715656461,100.05,8.556058309632636,99.85000000000001,12.381710855243812,100.1,11.651346833470509,99.8,6.076925876349836,100.15,3.550900845036688,99.75,7.268987455460121,100.2,12.723241693444187,99.7,2.848427460661368,100.25,3.0872571021830995,99.65,7.547964450642556,100.3,7.18072316549501,99.60000000000001,2.627972968761403,100.35,2.4080193122919678,99.55,3.1154493963542556,100.4,1.34566342450518,99.5,0.24482138114906893,100.45,4.742707177693557
1710000031.7999697,100635,FI2010_LSE,99.95,9.862304872101056,100.0,3.787504704306677,99.9,8.626448061652326,100.05,4.308773799345073,99.85000000000001,4.728663684712074,100.1,3.445862589309432,99.8,7.902260162323043,100.15,2.92073121210393,99.75,2.197696550486153,100.2,3.4760147635942644,99.7,2.7141250521657803,100.25,2.081599953398382,99.65,4.312727928693919,100.3,9.433147227976132,99.60000000000001,4.554250013549093,100.35,8.555970764750661,99.55,12.26203670140689,100.4,12.139319213373087,99.5,3.930846274045847,100.45,15.266580635125212
1710000031.8499696,100636,FI2010_LSE,99.9,5.98144728277663,99.95,12.855504820350937,99.85000000000001,10.23084164300224,100.0,5.874721798145387,99.80000000000001,4.319423941321757,100.05,4.595889004698323,99.75,2.422347700620834,100.10000000000001,9.309502142490578,99.7,9.135035940722714,100.15,2.3180171736202335,99.65,6.912680153920759,100.2,1.6909158848560706,99.60000000000001,4.164086513927211,100.25,8.580063109389714,99.55000000000001,10.260681125385942,100.3,1.9358266458760875,99.5,14.371095863380077,100.35000000000001,4.517336000778063,99.45,5.0194304745706,100.4,2.8007590648576532
1710000031.8999696,100637,FI2010_LSE,99.85000000000001,13.399054646604569,99.95,6.002259101896586,99.80000000000001,11.905609259027315,100.0,7.119886959916885,99.75000000000001,4.4777710644736555,100.05,10.659698216188103,99.7,4.3504551324623915,100.10000000000001,4.031771754432443,99.65,4.19201146965764,100.15,10.272224660574757,99.60000000000001,3.5312557910694293,100.2,2.10768379748045,99.55000000000001,3.7365143056686385,100.25,1.894679058243661,99.50000000000001,3.8974355764963624,100.3,5.093110997480937,99.45,0.7167468775025908,100.35000000000001,6.960383539625561,99.4,6.608178804234677,100.4,1.1097018040754993
1710000031.9499695,100638,FI2010_LSE,99.95,5.1090024899481135,100.0,10.608598415142005,99.9,4.642870241972149,100.05,13.969175813440447,99.85000000000001,5.114147431274498,100.1,6.700218495804492,99.8,7.231579470796019,100.15,7.44505823132124,99.75,3.1274231367717995,100.2,2.5834247249845514,99.7,6.83878680262012,100.25,3.07362996554727,99.65,4.525129154953177,100.3,1.3956275123181534,99.60000000000001,2.461247203992654,100.35,2.3311434309477423,99.55,2.5650793543682764,100.4,2.094555285919395,99.5,0.7661336862072481,100.45,2.751117885666118
1710000031.9999695,100639,FI2010_LSE,100.05000000000001,4.190099005690081,100.10000000000001,4.819830982980969,100.00000000000001,4.507454653493218,100.15,16.385341317080737,99.95000000000002,4.274454421436878,100.2,4.908209092166233,99.9,5.105445081324193,100.25000000000001,18.432398345174676,99.85000000000001,7.466967476030602,100.30000000000001,6.001351128463526,99.80000000000001,5.396060479792244,100.35000000000001,1.952708766270367,99.75000000000001,5.208348218749247,100.4,4.142464016091266,99.70000000000002,3.713480088521547,100.45,2.290927316580398,99.65,7.804176901942893,100.50000000000001,12.358569167942989,99.60000000000001,0.3289437238426336,100.55000000000001,1.813542988270849
1710000032.0499694,100640,FI2010_LSE,100.05000000000001,7.805902091779524,100.20000000000002,8.353544980135903,100.00000000000001,7.8022041243091085,100.25000000000001,9.060203540483123,99.95000000000002,3.6153859455351975,100.30000000000001,10.271533431110663,99.9,2.4932984865770225,100.35000000000002,4.068916302363106,99.85000000000001,3.2046878294024586,100.40000000000002,2.025698666835169,99.80000000000001,4.436487290253935,100.45000000000002,2.9486165990072433,99.75000000000001,3.605935084350153,100.50000000000001,6.6731063226278575,99.70000000000002,1.1289128847677805,100.55000000000001,3.8601884395979242,99.65,2.9723610580708493,100.60000000000002,3.6481948987823802,99.60000000000001,8.339486407364046,100.65000000000002,1.2313085102487722
1710000032.0999694,100641,FI2010_LSE,100.10000000000001,6.331689076230759,100.2,4.824819500360612,100.05000000000001,12.775726359286576,100.25,15.779889694074832,100.00000000000001,9.711603414572377,100.3,6.587411989989784,99.95,6.938596492114277,100.35000000000001,4.140500017802526,99.9,2.0476629272889006,100.4,3.370425626337809,99.85000000000001,4.42275975492999,100.45,6.6649541345177,99.80000000000001,1.9959940377239545,100.5,3.058989567991831,99.75000000000001,1.0405925560127103,100.55,4.788269216473401,99.7,4.725520848591963,100.60000000000001,7.5242151561596025,99.65,1.6358475518584599,100.65,5.574837708176862
1710000032.1499693,100642,FI2010_LSE,100.05000000000001,8.028317949067077,100.10000000000001,4.792151327467543,100.00000000000001,5.5823085889853665,100.15,9.343366759850063,99.95000000000002,6.720520111927549,100.2,16.49237952965836,99.9,3.9705384657352414,100.25000000000001,10.78796871118979,99.85000000000001,8.366881987587478,100.30000000000001,2.987199793172224,99.80000000000001,2.301491453543275,100.35000000000001,2.403835633918447,99.75000000000001,6.236492318766004,100.4,11.39628154391038,99.70000000000002,4.152086389200162,100.45,1.1796256187135417,99.65,12.318812052093222,100.50000000000001,1.4799196000488402,99.60000000000001,0.5129862906237149,100.55000000000001,1.3888311696690152
1710000032.1999693,100643,FI2010_LSE,100.10000000000001,6.496717419437318,100.2,11.079999306886808,100.05000000000001,4.2808109934521505,100.25,7.862285489014003,100.00000000000001,3.4379868616350966,100.3,6.362104995331489,99.95,3.6609721810631504,100.35000000000001,13.480991857837331,99.9,8.911017354920897,100.4,4.666285752134611,99.85000000000001,2.3166508406629944,100.45,5.003537188778605,99.80000000000001,10.134865838547547,100.5,7.717923314533261,99.75000000000001,6.165816068987219,100.55,6.426204210197162,99.7,0.48956580187023635,100.60000000000001,1.0660129875219742,99.65,0.5072346302230856,100.65,9.517015358873035
1710000032.2499692,100644,FI2010_LSE,100.10000000000001,5.122602413893255,100.2,10.638700390368417,100.05000000000001,5.552874696469159,100.25,8.5999780005234,100.00000000000001,7.090503155231961,100.3,7.6126144816060695,99.95,7.238520109630896,100.35000000000001,3.939946247180057,99.9,2.894842170848884,100.4,10.25411814591021,99.85000000000001,2.457799545664832,100.45,1.9462489766130515,99.80000000000001,1.2413527443939012,100.5,1.5464890144552605,99.75000000000001,1.6718734328206182,100.55,9.128970594174932,99.7,0.5896599046758659,100.60000000000001,0.9342041962155607,99.65,2.5974068885072237,100.65,4.86661844412627
1710000032.2999692,100645,FI2010_LSE,100.10000000000001,11.501020112205962,100.15,5.69187640485546,100.05000000000001,20.45320322472265,100.2,13.93373138243238,100.00000000000001,4.023377945300707,100.25,10.725823612111332,99.95,4.078017670225927,100.30000000000001,15.048394984901163,99.9,7.059462090220439,100.35000000000001,7.853889741700627,99.85000000000001,6.936525880176182,100.4,2.410342033404919,99.80000000000001,2.2504027514233473,100.45,5.407561050215635,99.75000000000001,3.106103877637226,100.5,2.0195359581401355,99.7,2.3651296221706923,100.55000000000001,10.745319007479214,99.65,7.573222709246061,100.60000000000001,0.3583634287781745
1710000032.3499691,100646,FI2010_LSE,100.10000000000001,13.444818347804008,100.2,5.047674956048572,100.05000000000001,4.209429780124958,100.25,8.478799154372323,100.00000000000001,5.553237061329138,100.3,3.7721054270707075,99.95,3.3434331030798283,100.35000000000001,6.449539231039546,99.9,6.328801907729761,100.4,2.6746484528439503,99.85000000000001,5.81778122249003,100.45,3.7431372266007714,99.80000000000001,2.1809029310769956,100.5,2.4735777629441564,99.75000000000001,9.715758774276246,100.55,3.354111914232817,99.7,1.0682788197059652,100.60000000000001,8.165108330220457,99.65,1.075885933045716,100.65,2.946359729239905
1710000032.399969,100647,FI2010_LSE,100.15,3.8352829059656965,100.2,4.183519813384376,100.10000000000001,3.569529757185103,100.25,18.572878840619367,100.05000000000001,2.817887047705476,100.3,3.5376821122511237,100.0,2.4168245994483124,100.35000000000001,11.846278692070443,99.95,3.0511744849174525,100.4,13.98494250630975,99.9,4.933421389858454,100.45,2.676390596862185,99.85000000000001,4.918930240359518,100.5,3.6666202081779695,99.80000000000001,4.275552470912602,100.55,3.683664242423439,99.75,0.8607771269016307,100.60000000000001,2.009308926406339,99.7,2.8464376848941386,100.65,7.248437066146228
1710000032.449969,100648,FI2010_LSE,100.15,12.598438992530617,100.2,3.7684364092284652,100.10000000000001,3.242154547759818,100.25,6.726361218928474,100.05000000000001,14.656438420465948,100.3,10.462464940551566,100.0,5.011062380602455,100.35000000000001,3.739557314185242,99.95,2.5022181161723314,100.4,2.2597552273799084,99.9,9.761628687929628,100.45,1.8457735542254112,99.85000000000001,3.515718877883684,100.5,3.5109802768809892,99.80000000000001,1.5669398647467774,100.55,4.719471210068289,99.75,2.3672926185577507,100.60000000000001,1.5201993531163462,99.7,0.3383492817767862,100.65,0.6777462233442487
1710000032.499969,100649,FI2010_LSE,100.10000000000001,7.290887719301473,100.25000000000001,4.06653571361946,100.05000000000001,5.815123517853258,100.30000000000001,4.804135912382955,100.00000000000001,4.251950003469292,100.35000000000001,7.958014880118599,99.95,13.809269850527162,100.40000000000002,2.8683244599209794,99.9,4.685831792780377,100.45000000000002,6.209127157443715,99.85000000000001,4.360989656844266,100.50000000000001,2.6802779980844074,99.80000000000001,7.938466918664805,100.55000000000001,1.7489876289860078,99.75000000000001,5.014230453436947,100.60000000000001,6.687777819027294,99.7,5.338700364379227,100.65000000000002,2.600419205503897,99.65,0.653172669596429,100.70000000000002,3.110884567795053
1710000032.549969,100650,FI2010_LSE,100.15,6.595208064146947,100.2,7.85742478149529,100.10000000000001,5.150666699561951,100.25,5.002025525330284,100.05000000000001,4.741299952762139,100.3,7.601390676003954,100.0,6.978885970990193,100.35000000000001,5.590904376938363,99.95,2.2023830357621965,100.4,4.080434890841909,99.9,3.323611385265843,100.45,3.023053935504673,99.85000000000001,6.996226096210916,100.5,6.480396594910099,99.80000000000001,1.3068150764816817,100.55,1.0195535240727853,99.75,2.1285673128199747,100.60000000000001,1.2614149013738936,99.7,5.240625516647198,100.65,3.160665563888727
1710000032.599969,100651,FI2010_LSE,100.2,6.8069359263924145,100.25,8.13571057659742,100.15,4.081631216032617,100.3,9.338029665795212,100.10000000000001,7.194185851499839,100.35,5.7508369663453145,100.05,4.361369733170118,100.4,5.815018764745652,100.0,7.757412603423855,100.45,7.6445430634359095,99.95,8.973041715934022,100.5,4.994686413300219,99.9,12.457780631922496,100.55,1.5733842840266197,99.85000000000001,10.316257493443096,100.6,2.531453217376426,99.8,0.9752344798906851,100.65,5.513031852221343,99.75,1.2704670626102783,100.7,3.118309490229613
1710000032.6499689,100652,FI2010_LSE,100.2,16.104427043077838,100.25,4.547598614370887,100.15,13.628372217927911,100.3,3.5632138924754204,100.10000000000001,3.4030556615428216,100.35,6.8322989266508625,100.05,4.649384012592588,100.4,2.577798082459129,100.0,2.887521574935921,100.45,6.528924489357223,99.95,3.203566686691742,100.5,3.7836716130422006,99.9,5.793061556081147,100.55,1.8721877245822727,99.85000000000001,2.630936526442594,100.6,8.744119366088563,99.8,5.557032962536173,100.65,4.579235630497728,99.75,2.4620662114775094,100.7,1.6026610044933778
1710000032.6999688,100653,FI2010_LSE,100.2,5.380201884753408,100.25,4.179231466981944,100.15,3.4770035783380093,100.3,6.530517399508712,100.10000000000001,2.923953135140653,100.35,3.5353681625612787,100.05,10.452473388901558,100.4,2.6993297881475726,100.0,3.663642667021472,100.45,2.051880305546776,99.95,10.924638752886157,100.5,5.602698903090079,99.9,1.4612654492585955,100.55,4.66907525937594,99.85000000000001,2.2165929492270156,100.6,14.0711892181395,99.8,1.948394642358883,100.65,1.3972299892641362,99.75,16.74063087386029,100.7,3.4418372274844615
1710000032.7499688,100654,FI2010_LSE,100.2,6.481532659786026,100.25,12.469479963159467,100.15,7.260432899410977,100.3,11.607939100442355,100.10000000000001,3.1053030447472203,100.35,3.54422324095664,100.05,3.017729496472742,100.4,4.910186028228146,100.0,11.424464766697525,100.45,18.994805282450848,99.95,12.836263215937324,100.5,6.2838302751546475,99.9,4.4236074850742675,100.55,4.143940636335023,99.85000000000001,7.957414828515998,100.6,2.3501337180468127,99.8,0.6361745397557741,100.65,4.593778151269135,99.75,3.563971225007312,100.7,3.6389883803720093
1710000032.7999687,100655,FI2010_LSE,100.15,6.840722311009997,100.2,9.31757002842919,100.10000000000001,4.076676826172478,100.25,7.312542703330355,100.05000000000001,10.378636441659532,100.3,12.300026885403357,100.0,2.541810359250899,100.35000000000001,4.375390668213667,99.95,7.954759010543148,100.4,2.663048340056028,99.9,6.614438207479617,100.45,3.7347682499857786,99.85000000000001,6.513821833191405,100.5,1.794812424854035,99.80000000000001,1.5472950338804203,100.55,3.900673075598853,99.75,1.0671453191298692,100.60000000000001,2.72190380487555,99.7,4.35123006807154,100.65,9.240647607860373
1710000032.8499687,100656,FI2010_LSE,100.15,6.805474829245565,100.2,10.189064947617844,100.10000000000001,10.674116722896553,100.25,8.340495630891105,100.05000000000001,5.239230044128748,100.3,4.961061639144447,100.0,7.258347123563097,100.35000000000001,8.041436899083354,99.95,11.215086223564615,100.4,9.141967320974402,99.9,2.779398089234899,100.45,2.8592645185812096,99.85000000000001,1.5843430573564021,100.5,2.5630115650715566,99.80000000000001,2.871004664364362,100.55,1.1293923225361318,99.75,1.1213801239371537,100.60000000000001,0.9494272110234466,99.7,5.509753241097814,100.65,3.625753252399178
1710000032.8999686,100657,FI2010_LSE,100.15,5.88493636201482,100.2,7.194674715354243,100.10000000000001,6.958273045916892,100.25,6.726887510115871,100.05000000000001,6.076416633181242,100.3,6.060932914606663,100.0,5.148493001467964,100.35000000000001,6.127486378946906,99.95,2.3758351302652194,100.4,2.2024105930742817,99.9,9.38618049376424,100.45,1.786226518429254,99.85000000000001,6.606753357283692,100.5,4.161745779592043,99.80000000000001,1.009463917871557,100.55,3.554115009019676,99.75,0.6713002615046115,100.60000000000001,7.154678272560393,99.7,1.2996978813000926,100.65,5.023029417473038
1710000032.9499686,100658,FI2010_LSE,100.10000000000001,7.058088845631881,100.15,7.630254562098585,100.05000000000001,3.4211065355881223,100.2,4.745918464665247,100.00000000000001,4.36908424707612,100.25,5.78297964365543,99.95,5.165198729312255,100.30000000000001,7.5782647501467055,99.9,7.3556130674491795,100.35000000000001,5.349682542687234,99.85000000000001,2.7468714667310237,100.4,16.450585972678205,99.80000000000001,1.2001318636690548,100.45,1.8106972926931904,99.75000000000001,11.626921599337484,100.5,1.2056705079580827,99.7,1.044929592131724,100.55000000000001,2.339957240448268,99.65,3.172243678342887,100.60000000000001,0.302547925274897
1710000032.9999685,100659,FI2010_LSE,100.10000000000001,7.804574505914051,100.15,3.653120234111399,100.05000000000001,14.080348223742568,100.2,10.839951343307064,100.00000000000001,18.050941197212293,100.25,7.284252399843167,99.95,2.618409336612986,100.30000000000001,8.172075943081957,99.9,2.5049676075256126,100.35000000000001,5.153193220689147,99.85000000000001,5.246516307792005,100.4,1.6261376720741076,99.80000000000001,13.126686946677175,100.45,5.271468454949406,99.75000000000001,1.2249280576418216,100.5,2.130204139368541,99.7,7.889864003713181,100.55000000000001,11.993933556318396,99.65,1.2712541357952218,100.60000000000001,8.817080886113711
1710000033.0499685,100660,FI2010_LSE,100.10000000000001,9.954136585109536,100.15,6.738620042654269,100.05000000000001,5.732967701553195,100.2,4.40475412276305,100.00000000000001,3.441117851650362,100.25,16.7836270182145,99.95,4.506116374670212,100.30000000000001,9.968620192801525,99.9,7.902267521750474,100.35000000000001,6.314176759142989,99.85000000000001,11.377785391154916,100.4,7.014670885943248,99.80000000000001,1.3083537794051252,100.45,5.132541960395077,99.75000000000001,9.065005629190512,100.5,9.238235353042302,99.7,1.693332890237261,100.55000000000001,2.032457388851383,99.65,1.336943296825569,100.60000000000001,0.8176618776728358
1710000033.0999684,100661,FI2010_LSE,100.10000000000001,10.553573008154343,100.2,14.199464985568662,100.05000000000001,3.408813872917057,100.25,6.700761240741946,100.00000000000001,10.786595483690883,100.3,13.25839426071826,99.95,3.6563841847110905,100.35000000000001,10.319457663974564,99.9,8.91806642576216,100.4,10.50359870620418,99.85000000000001,2.62724195299052,100.45,1.7036173011103115,99.80000000000001,9.603015332918357,100.5,13.628568479258206,99.75000000000001,10.663152823334373,100.55,5.854286440369451,99.7,1.7249852952025186,100.60000000000001,6.2571467820817785,99.65,0.7816847438331238,100.65,4.7734052976800605
1710000033.1499684,100662,FI2010_LSE,100.10000000000001,3.740537217635151,100.15,6.173151080870523,100.05000000000001,7.231750732982773,100.2,13.067395148908862,100.00000000000001,4.071035369542515,100.25,10.592446368435596,99.95,12.980376333488563,100.30000000000001,7.329458685739234,99.9,4.843898185230318,100.35000000000001,2.1590638752012037,99.85000000000001,11.82135944125428,100.4,2.2709695804461694,99.80000000000001,2.8666967049769556,100.45,2.2751399733439213,99.75000000000001,5.52608224890137,100.5,2.4330083810557586,99.7,8.385059000954307,100.55000000000001,1.6398181777669159,99.65,11.586524260521838,100.60000000000001,8.843948710773011
1710000033.1999683,100663,FI2010_LSE,100.05000000000001,13.759117215932203,100.15,9.241295826316763,100.00000000000001,4.90258745937542,100.2,4.878073247644966,99.95000000000002,5.347141270784219,100.25,9.711643228290468,99.9,9.120389185149321,100.30000000000001,5.737728827180694,99.85000000000001,2.4375812317128047,100.35000000000001,7.980583507353667,99.80000000000001,6.307397240792081,100.4,2.0579457566081083,99.75000000000001,3.0338272314877894,100.45,6.036089384658151,99.70000000000002,11.359422734436498,100.5,1.075306295675483,99.65,0.8454202336710332,100.55000000000001,1.4625014869919584,99.60000000000001,0.9499809323398208,100.60000000000001,2.833285960074824
1710000033.2499683,100664,FI2010_LSE,100.0,4.736022584042616,100.15,8.304092807965477,99.95,5.516128986554202,100.2,3.691189678550494,99.9,5.044529958247859,100.25,3.1838023540132445,99.85,3.230443918412137,100.30000000000001,4.224358741602861,99.8,2.6429613149705897,100.35000000000001,2.1364395392295426,99.75,2.3653208390085014,100.4,1.7856605292159706,99.7,5.44283553285233,100.45,3.0715479445552014,99.65,4.955966168904179,100.5,2.508596943331055,99.6,1.9358392690083273,100.55000000000001,1.1031422699368711,99.55,1.0335870757869194,100.60000000000001,2.242839721662038
1710000033.2999682,100665,FI2010_LSE,100.05000000000001,4.1620936761519065,100.10000000000001,5.272836026914064,100.00000000000001,5.486853292516066,100.15,5.714409891854915,99.95000000000002,5.105047269849955,100.2,9.91345216990265,99.9,5.552635612824715,100.25000000000001,3.6927401842675245,99.85000000000001,10.269588429043065,100.30000000000001,3.005655755954087,99.80000000000001,3.543961670184001,100.35000000000001,5.453959256982678,99.75000000000001,12.593469793504266,100.4,4.571314456480791,99.70000000000002,2.3004919681276172,100.45,6.9089499796337295,99.65,0.4856852861445511,100.50000000000001,2.4648746939802115,99.60000000000001,4.090551111940816,100.55000000000001,1.9692194611947513
1710000033.3499682,100666,FI2010_LSE,100.0,7.64761210125147,100.05,5.1456947824883486,99.95,4.277515963849709,100.1,4.60959261271229,99.9,7.519761384597627,100.14999999999999,9.413834648677408,99.85,5.509481693330121,100.2,8.196703932614774,99.8,9.695697871863306,100.25,6.7666370918807495,99.75,4.882650961612693,100.3,3.040778281686571,99.7,30.05093397848814,100.35,3.2378923007345413,99.65,1.2760481633885061,100.39999999999999,9.692718082737239,99.6,1.2772633500673205,100.45,5.349120540628338,99.55,5.445936120131888,100.5,2.324594147736813
1710000033.3999681,100667,FI2010_LSE,100.0,7.307676105887995,100.1,13.355578127237447,99.95,6.2798541220293345,100.14999999999999,3.5870038237876347,99.9,14.070226176437574,100.19999999999999,13.588263274857697,99.85,17.147832214197223,100.25,6.4310255399134935,99.8,7.299092857045745,100.3,11.715252324585311,99.75,10.728498544751487,100.35,3.44283439115469,99.7,4.258238915033537,100.39999999999999,7.555807801210622,99.65,1.1043630569780514,100.44999999999999,11.012088734128357,99.6,4.724372556013324,100.5,0.454818696966863,99.55,0.33641487756922067,100.55,0.31020434280871834
1710000033.449968,100668,FI2010_LSE,100.0,9.602711902671098,100.05,6.2850787874445695,99.95,3.511831912711353,100.1,8.81109944472163,99.9,6.058451117824374,100.14999999999999,4.685132171790188,99.85,3.5772465119850363,100.2,15.260568342327414,99.8,4.16802854808218,100.25,2.5973759602680544,99.75,13.8520395951337,100.3,4.801395544613413,99.7,1.8340922035735514,100.35,3.983606040653763,99.65,0.9831473331362337,100.39999999999999,1.7323889398299923,99.6,4.318615065198486,100.45,9.194520481630944,99.55,5.450509264238998,100.5,1.5591713307127748
1710000033.499968,100669,FI2010_LSE,99.95,5.620559858966226,100.0,8.685934054867344,99.9,6.255044369846441,100.05,9.937828377573712,99.85000000000001,3.5650645675805137,100.1,15.459606123868797,99.8,2.690506022298526,100.15,3.299922655109232,99.75,7.987107697936564,100.2,15.212258314884423,99.7,16.195479992693098,100.25,8.721961794255893,99.65,9.945323899652834,100.3,2.339405442374047,99.60000000000001,7.155994257723947,100.35,9.399737178321079,99.55,2.5519781513802706,100.4,3.019967279077499,99.5,23.980147978240694,100.45,4.980575214499916
1710000033.549968,100670,FI2010_LSE,99.95,3.9801905499787305,100.0,6.86218771942746,99.9,7.531154606141602,100.05,5.245535737309545,99.85000000000001,7.744263451271362,100.1,4.0250834031438165,99.8,10.403310384628977,100.15,10.580982849484535,99.75,6.0203635203774,100.2,17.33429870329528,99.7,16.49546976323952,100.25,7.593355372616303,99.65,3.345973866873442,100.3,8.00848400892706,99.60000000000001,3.42201343724462,100.35,2.9976255868943724,99.55,4.340692869485785,100.4,2.901936163917457,99.5,1.2297509021794872,100.45,0.680391783566374
1710000033.599968,100671,FI2010_LSE,99.95,11.579633893288758,100.0,3.838584586809851,99.9,6.7782521209890785,100.05,4.759106570629629,99.85000000000001,8.446417195233401,100.1,3.127953287954722,99.8,3.355061825835668,100.15,3.606076566835548,99.75,5.788892196593609,100.2,7.537180696669564,99.7,4.7441025831471055,100.25,1.631450615178204,99.65,6.892315765060199,100.3,7.629103791209865,99.60000000000001,1.979840542255712,100.35,4.804450771635053,99.55,5.010222508378898,100.4,0.5200798204083945,99.5,0.8276763788717303,100.45,2.445449114354113
1710000033.649968,100672,FI2010_LSE,99.9,5.0492330272214065,99.95,3.876258843107219,99.85000000000001,7.371550089068383,100.0,5.686362290317234,99.80000000000001,3.5035596259040416,100.05,4.3200663859931705,99.75,6.550691506997603,100.10000000000001,5.351588660517944,99.7,4.485230191737018,100.15,2.48519693144993,99.65,4.02229710864953,100.2,6.727236243078385,99.60000000000001,1.7713344697841833,100.25,6.579973120316914,99.55000000000001,3.95797097086366,100.3,3.33820856304035,99.5,3.627024834427289,100.35000000000001,9.57637231663104,99.45,2.871534015848771,100.4,1.0324868713648296
1710000033.6999679,100673,FI2010_LSE,99.95,17.598779730219213,100.0,5.003432898619218,99.9,6.633230697174586,100.05,6.6535930346038175,99.85000000000001,5.626007526626745,100.1,18.26630473874874,99.8,6.562982024731001,100.15,8.900614726827344,99.75,5.776516251754357,100.2,14.337193518137713,99.7,25.775511166680413,100.25,11.821620719904619,99.65,2.4418330128921895,100.3,2.3808640976808038,99.60000000000001,1.2351877312365156,100.35,15.545739252829687,99.55,3.5643360493814678,100.4,1.5674981108577914,99.5,11.948346369098438,100.45,1.6123624387294095
1710000033.7499678,100674,FI2010_LSE,99.85000000000001,7.757919031209566,99.9,6.920766078814877,99.80000000000001,8.758599617836444,99.95,5.537310286719565,99.75000000000001,3.267958674947427,100.0,3.1710985341831797,99.7,2.6196185150501576,100.05000000000001,10.747080235553867,99.65,6.585161374898265,100.10000000000001,4.101424361950242,99.60000000000001,4.563154497430748,100.15,14.55912356403562,99.55000000000001,4.238139240911547,100.2,4.1684515190287,99.50000000000001,2.0555890375715284,100.25,4.667877605944003,99.45,6.647995744181191,100.30000000000001,10.52341397893605,99.4,7.184440379550969,100.35000000000001,8.474360165132936
1710000033.7999678,100675,FI2010_LSE,99.85000000000001,5.730775963953397,99.95,6.745279152286283,99.80000000000001,4.585030107576438,100.0,10.864371123958872,99.75000000000001,3.7516830792145393,100.05,4.292019910489783,99.7,5.328776698973221,100.10000000000001,7.033576095553242,99.65,3.4870302652889507,100.15,2.039428578248609,99.60000000000001,2.710171749149466,100.2,4.485749528095454,99.55000000000001,2.5805202626334607,100.25,9.11166286448609,99.50000000000001,4.271310674340291,100.3,1.7405606489205647,99.45,1.663616589296414,100.35000000000001,7.357325866425701,99.4,3.100429338686528,100.4,3.76042121881796
1710000033.8499677,100676,FI2010_LSE,99.95,4.985906945478629,100.0,5.367527200217326,99.9,10.30428479001684,100.05,4.652346464376622,99.85000000000001,9.46759727694202,100.1,9.710692101369364,99.8,2.8282109322194255,100.15,4.133625136288327,99.75,4.826872066485896,100.2,22.538587008939604,99.7,2.67860110677048,100.25,3.9154319388305026,99.65,2.899610481847226,100.3,3.5800357718107203,99.60000000000001,2.2009761117062996,100.35,5.8160850839836185,99.55,12.768364852021659,100.4,2.7200947122449457,99.5,1.130529018702339,100.45,1.2793084646911457
1710000033.8999677,100677,FI2010_LSE,99.9,8.497647033969713,99.95,11.34648197399013,99.85000000000001,4.191642458920427,100.0,5.280834874275396,99.80000000000001,5.634016174319322,100.05,3.8074767402373437,99.75,7.840361871150144,100.10000000000001,9.365460381589418,99.7,3.8012236710504204,100.15,3.286806260920642,99.65,4.582732396143388,100.2,4.551811522508518,99.60000000000001,1.5096174986740218,100.25,3.998136602678146,99.55000000000001,4.489047905782427,100.3,1.358090987730097,99.5,11.525428804094302,100.35000000000001,2.236519067050967,99.45,0.34286820829430925,100.4,1.2190044716050772
1710000033.9499676,100678,FI2010_LSE,99.9,5.584011663650438,100.0,7.470087629745688,99.85000000000001,5.644456316702236,100.05,6.621958449736218,99.80000000000001,3.066335527947689,100.1,7.366972244372139,99.75,2.633852604713197,100.15,8.374923908570645,99.7,5.529934345340986,100.2,3.70792035055494,99.65,6.1358269432554025,100.25,4.119766376758831,99.60000000000001,13.099267773541783,100.3,12.75950172007327,99.55000000000001,2.510663710824682,100.35,5.794354443980608,99.5,1.2337522134133607,100.4,6.2578569597117175,99.45,1.0464284755656539,100.45,6.763003302269066
1710000033.9999676,100679,FI2010_LSE,99.9,6.0477475641425205,99.95,5.765124558754791,99.85000000000001,9.294218329015527,100.0,18.636852520034576,99.80000000000001,11.186646345832418,100.05,4.063268205372546,99.75,2.8326338417382577,100.10000000000001,3.2903568129140615,99.7,10.61151673267388,100.15,6.507366310007122,99.65,3.532751680009439,100.2,2.3724151833219675,99.60000000000001,4.772238523479242,100.25,1.644401698625448,99.55000000000001,1.5553780869061313,100.3,1.3763726687433895,99.5,3.4612166891901666,100.35000000000001,1.0710623789116083,99.45,9.453751671053087,100.4,1.2669103411318625
1710000034.0499675,100680,FI2010_LSE,99.85000000000001,3.937157396061176,99.95,9.452768362501526,99.80000000000001,6.402083054588363,100.0,3.341299682262887,99.75000000000001,3.070874065031438,100.05,13.167657512860167,99.7,4.346660339315921,100.10000000000001,3.9681047978555846,99.65,2.0317662525049527,100.15,3.160401202230317,99.60000000000001,4.984909165270342,100.2,2.14193052574835,99.55000000000001,2.889674958509701,100.25,5.013475974925765,99.50000000000001,1.0172776905538472,100.3,4.702709932265399,99.45,2.11290109263782,100.35000000000001,5.982083717115373,99.4,1.6980397719119855,100.4,1.7251131261414052
1710000034.0999675,100681,FI2010_LSE,99.85000000000001,4.6711855773973845,99.9,6.054663208334961,99.80000000000001,4.205775716453098,99.95,5.008912349805839,99.75000000000001,3.221424964082235,100.0,6.718370155325468,99.7,2.669476195443339,100.05000000000001,8.422221158983234,99.65,4.631387428562064,100.10000000000001,3.2722069882265483,99.60000000000001,4.32578931630044,100.15,5.9633656816983756,99.55000000000001,1.8225332829417507,100.2,5.066714987607934,99.50000000000001,22.53508320287003,100.25,4.639699410071255,99.45,3.634485473477083,100.30000000000001,4.423949539967592,99.4,4.975703137208266,100.35000000000001,5.351000835876724
1710000034.1499674,100682,FI2010_LSE,99.9,3.99851522865532,99.95,4.64074042535611,99.85000000000001,3.612199666149599,100.0,4.987851322857903,99.80000000000001,4.115653532539119,100.05,5.15393852212075,99.75,8.889771571688081,100.10000000000001,2.700355400546739,99.7,16.55396151340595,100.15,2.2446587913373417,99.65,28.112740242990792,100.2,3.0181819817410567,99.60000000000001,3.007727695487823,100.25,5.853553615517134,99.55000000000001,12.178493660037653,100.3,3.803163133029434,99.5,10.352504403976909,100.35000000000001,1.4352398238226343,99.45,2.3180016240921812,100.4,3.2624855129065473
1710000034.1999674,100683,FI2010_LSE,99.95,4.719179821309098,100.0,10.544592561955955,99.9,3.4411863214277942,100.05,20.919055146268633,99.85000000000001,15.330062423764197,100.1,13.559151245450865,99.8,14.735945095046935,100.15,2.454850225578094,99.75,12.4887769745858,100.2,4.090042521273764,99.7,14.014044538158641,100.25,4.010293894004102,99.65,3.764752651398514,100.3,5.567147075084693,99.60000000000001,2.474762354819302,100.35,3.871426440624753,99.55,2.8171651920246292,100.4,2.897556385824567,99.5,1.407251103231926,100.45,3.6498348740818423
1710000034.2499673,100684,FI2010_LSE,99.9,4.271599386409191,99.95,4.449165428574674,99.85000000000001,7.755800873989837,100.0,4.472547048049494,99.80000000000001,2.970061002224984,100.05,3.616124570209991,99.75,2.5982362353274744,100.10000000000001,3.662565633822336,99.7,13.857623034409073,100.15,5.0709445123381265,99.65,5.152958551412228,100.2,1.6942221761868903,99.60000000000001,2.8939351908156237,100.25,6.289812796354189,99.55000000000001,9.171568473858596,100.3,1.2538179268644727,99.5,0.7829868918616381,100.35000000000001,5.9074285338996715,99.45,2.667250021314601,100.4,1.2486049543508326
1710000034.2999673,100685,FI2010_LSE,99.95,12.81320616105122,100.05,10.289777629808183,99.9,6.182328707434893,100.1,10.914042157637294,99.85000000000001,11.781486521288278,100.14999999999999,4.230509898200199,99.8,5.567836993214182,100.2,3.5664188401287182,99.75,2.882414079436771,100.25,2.1946798826510205,99.7,13.497942643520387,100.3,3.5980296048761886,99.65,34.684010782910306,100.35,2.8508504632318106,99.60000000000001,4.431313158000585,100.39999999999999,3.3678843341251454,99.55,2.8722783506914897,100.45,1.0503808871886195,99.5,6.192799218532396,100.5,5.536904684905634
1710000034.3499672,100686,FI2010_LSE,99.9,13.263957479617348,99.95,3.651647227325048,99.85000000000001,5.550574159496427,100.0,3.558092186869762,99.80000000000001,11.264727721982387,100.05,18.73958080617547,99.75,9.16653974895717,100.10000000000001,3.4757090716566275,99.7,6.0459712296315375,100.15,2.765732278560375,99.65,6.925705265747451,100.2,6.205971779771785,99.60000000000001,2.854231987425811,100.25,3.9286281103549054,99.55000000000001,1.6631557899897564,100.3,1.6809356983126784,99.5,8.466840124830046,100.35000000000001,2.2410206991230464,99.45,9.739918287955101,100.4,2.2630639017715777
1710000034.3999672,100687,FI2010_LSE,99.9,5.591101956930194,100.0,4.058313866425432,99.85000000000001,3.8336185723904044,100.05,5.883199201248464,99.80000000000001,6.403970268678737,100.1,6.98597359002334,99.75,2.7879984966016145,100.15,2.969583509484562,99.7,17.79626771883116,100.2,7.237519349125642,99.65,1.6655171415142584,100.25,5.870670558282473,99.60000000000001,2.5531501940417316,100.3,1.5383750839240353,99.55000000000001,1.3223350281224242,100.35,1.1180766978875514,99.5,5.529639137382525,100.4,2.788480225669573,99.45,2.597617993754152,100.45,2.144746374302936
1710000034.4499671,100688,FI2010_LSE,99.9,11.517957600103381,100.05000000000001,11.72133756440255,99.85000000000001,9.432482202803097,100.10000000000001,3.7750629484060045,99.80000000000001,7.384758736819887,100.15,5.986068865171209,99.75,6.767930274897266,100.20000000000002,2.8527501258359345,99.7,3.9640750242205893,100.25000000000001,4.358313783765825,99.65,6.67701398922107,100.30000000000001,3.856921099478439,99.60000000000001,2.936164911146106,100.35000000000001,2.4589936592620933,99.55000000000001,6.684226747199106,100.4,2.948911592828609,99.5,4.091766306076554,100.45000000000002,2.2999463973819414,99.45,15.026070758042506,100.50000000000001,0.3664633611267746
1710000034.499967,100689,FI2010_LSE,99.95,7.679164351796535,100.0,14.477531727206088,99.9,4.343832681113598,100.05,7.505486469593769,99.85000000000001,9.235319727974316,100.1,6.268156081655594,99.8,5.722578159305232,100.15,5.441485243967122,99.75,2.582916798835229,100.2,3.696368973788443,99.7,1.9720693332148929,100.25,3.2289160233116685,99.65,4.001547990575821,100.3,10.861214345625928,99.60000000000001,3.1747612728280625,100.35,30.900877762241343,99.55,2.5122856966477345,100.4,0.690304916773158,99.5,1.3445408282623346,100.45,1.2666406167742033
1710000034.549967,100690,FI2010_LSE,100.0,4.342047680939919,100.05,7.393002759225377,99.95,8.242001492207862,100.1,9.578501083306499,99.9,3.1278963889593587,100.14999999999999,2.984971989950865,99.85,3.8246260635526785,100.2,2.5968263507072873,99.8,2.1461575709229335,100.25,5.653642668394138,99.75,6.766318444284639,100.3,6.0071769693254335,99.7,1.924996178335027,100.35,5.664990814067032,99.65,10.634664901686932,100.39999999999999,1.5465703240501742,99.6,9.163303612986862,100.45,5.875675921673762,99.55,13.36192612251472,100.5,3.146738649738327
1710000034.599967,100691,FI2010_LSE,99.95,10.646999407869735,100.0,14.102467374612775,99.9,9.943875827274063,100.05,7.289069283109768,99.85000000000001,6.832354700028423,100.1,33.782712854459234,99.8,2.6431016550432864,100.15,3.498679202077332,99.75,3.78884830162422,100.2,11.587654335620181,99.7,2.6715364464960607,100.25,1.7667207684577149,99.65,7.550080449830405,100.3,1.6889362022992531,99.60000000000001,2.0527735648149354,100.35,2.686986901031994,99.55,9.012883724581414,100.4,2.6476935067417395,99.5,2.5856593454017864,100.45,5.43741556564721
1710000034.649967,100692,FI2010_LSE,99.95,7.512208952061867,100.10000000000001,8.345504664828777,99.9,8.554792986284898,100.15,4.668605833741808,99.85000000000001,7.949391161133947,100.2,3.7383862763951647,99.8,2.4363999056673378,100.25000000000001,7.430151910768049,99.75,4.632306036035809,100.30000000000001,26.075035397732123,99.7,8.626735778718494,100.35000000000001,4.390784354520376,99.65,6.626719322102086,100.4,1.2789193477193388,99.60000000000001,3.6200174913795733,100.45,0.882949545982307,99.55,1.129609042049713,100.50000000000001,6.5358576878321175,99.5,4.563219380033033,100.55000000000001,0.1
1710000034.699967,100693,FI2010_LSE,100.05000000000001,4.359866411443983,100.10000000000001,14.387828121897071,100.00000000000001,3.955547640275251,100.15,6.607662583992834,99.95000000000002,6.15640450494443,100.2,4.9757457265783245,99.9,6.1966736810496315,100.25000000000001,3.2589055110257625,99.85000000000001,10.19098006240802,100.30000000000001,2.7672942970787107,99.80000000000001,6.619659596851186,100.35000000000001,3.3135026286128375,99.75000000000001,1.9161263281217003,100.4,6.144972991826159,99.70000000000002,6.502551499695109,100.45,23.681240362063743,99.65,4.683611573615007,100.50000000000001,1.5489911380929318,99.60000000000001,7.256304448079245,100.55000000000001,0.1
1710000034.7499669,100694,FI2010_LSE,100.0,5.7095207144548095,100.05,15.203571139321527,99.95,14.830909140817976,100.1,6.44349286993141,99.9,2.8743317967332507,100.14999999999999,4.848463788353216,99.85,15.809903353710265,100.2,3.4164113292952782,99.8,3.226484537128753,100.25,2.851477287305679,99.75,31.892017424396805,100.3,5.205133991397055,99.7,6.3827319911394484,100.35,2.948162676236149,99.65,2.3822116627840133,100.39999999999999,5.682598912045723,99.6,1.3596710415568904,100.45,6.909976028909179,99.55,1.4502220214921755,100.5,0.9161727277724434
1710000034.7999668,100695,FI2010_LSE,100.0,11.410644672540958,100.05,11.435282579709426,99.95,4.09649537238168,100.1,8.625360473266696,99.9,2.842981958296657,100.14999999999999,3.7894635354548245,99.85,9.578372218006146,100.2,5.558247841599336,99.8,10.44681020653204,100.25,20.20400129694539,99.75,5.5453911727845355,100.3,3.0970833133013778,99.7,2.3943466617082123,100.35,2.091153011658475,99.65,2.944476029131561,100.39999999999999,1.0752702358826878,99.6,1.7875150869600134,100.45,0.7323599446383001,99.55,0.2029738982088347,100.5,6.310236464017483
1710000034.8499668,100696,FI2010_LSE,100.0,7.537961964470685,100.05,5.353302799179079,99.95,5.621739477133198,100.1,7.070725322689896,99.9,5.052780329490659,100.14999999999999,3.1236914510486686,99.85,6.763942188172697,100.2,3.3715427006437495,99.8,8.876205988037263,100.25,12.612679492597433,99.75,8.153532764239136,100.3,1.9669327909334502,99.7,3.0528018849548726,100.35,4.643878856840754,99.65,6.499126842116898,100.39999999999999,3.4653740241246203,99.6,7.671816087092847,100.45,3.5426741820641166,99.55,2.574185825390317,100.5,0.16641879532946008
1710000034.8999667,100697,FI2010_LSE,100.05000000000001,6.997403040282331,100.10000000000001,5.864889391864235,100.00000000000001,4.663151932372772,100.15,7.361621429956729,99.95000000000002,3.5100407597386676,100.2,2.8432436213952803,99.9,5.626740486890736,100.25000000000001,5.481868211828929,99.85000000000001,2.176666084304999,100.30000000000001,6.653653565046467,99.80000000000001,5.954582829975799,100.35000000000001,8.017576387107045,99.75000000000001,4.978390450726568,100.4,2.6493511313450764,99.70000000000002,1.1981154373367748,100.45,0.8760890505989674,99.65,0.41613282693692244,100.50000000000001,3.976533502497698,99.60000000000001,3.7188728044779795,100.55000000000001,0.15363551648444077
1710000034.9499667,100698,FI2010_LSE,100.0,4.054603125316018,100.1,4.2473613641939245,99.95,4.823309386744969,100.14999999999999,4.994679848974433,99.9,6.41425062324187,100.19999999999999,9.984263856521078,99.85,3.957496032759048,100.25,5.904737500532768,99.8,2.6955191847522064,100.3,7.762238625713079,99.75,6.780823416186992,100.35,11.825572708009524,99.7,6.089032384816504,100.39999999999999,4.504946438693211,99.65,6.281448625509822,100.44999999999999,4.964893140212348,99.6,0.8363575262677221,100.5,4.172781173358585,99.55,4.640404633190625,100.55,2.16879276820241
1710000034.9999666,100699,FI2010_LSE,100.05000000000001,6.014139135279612,100.15,3.7631837422498666,100.00000000000001,5.798259667049981,100.2,6.279415820669454,99.95000000000002,14.543910122641716,100.25,4.199377949103503,99.9,20.08390176096139,100.30000000000001,9.333770654346091,99.85000000000001,6.06142976143538,100.35000000000001,10.677065923110971,99.80000000000001,4.630272592427455,100.4,3.266001826968871,99.75000000000001,9.534368044869066,100.45,5.634902301358517,99.70000000000002,6.682845723407626,100.5,8.242599925305301,99.65,7.376158008755192,100.55000000000001,3.7969423309457557,99.60000000000001,4.453889974942077,100.60000000000001,0.2371061502857851
1710000035.0499666,100700,FI2010_LSE,100.0,4.055048334339618,100.1,9.33391801608769,99.95,5.193990726835816,100.14999999999999,31.35978442581691,99.9,9.38065309146972,100.19999999999999,3.078648651744126,99.85,15.795662449400014,100.25,7.046779377789839,99.8,7.319938228160753,100.3,13.613137746364545,99.75,5.476552797946127,100.35,4.482668398266204,99.7,4.279810258046111,100.39999999999999,23.36391570722111,99.65,1.1042535336142336,100.44999999999999,2.6655197198579956,99.6,2.3516067476621556,100.5,6.474187074225421,99.55,3.611260183790568,100.55,2.1678502905386305
1710000035.0999665,100701,FI2010_LSE,100.05000000000001,10.203755842714559,100.10000000000001,4.076245528476866,100.00000000000001,5.431652560605659,100.15,12.191968354411834,99.95000000000002,6.036982838473041,100.2,10.616126223257577,99.9,7.005669185775426,100.25000000000001,8.114926170109982,99.85000000000001,4.35134676138704,100.30000000000001,2.699212052953032,99.80000000000001,4.301896516997337,100.35000000000001,18.258328331252393,99.75000000000001,6.52833978490303,100.4,24.781750192304628,99.70000000000002,1.0373635601335252,100.45,2.8579128318813023,99.65,0.8394152582076571,100.50000000000001,10.530202688373434,99.60000000000001,0.7562649493913086,100.55000000000001,4.31102466187994
1710000035.1499665,100702,FI2010_LSE,100.10000000000001,7.475609724128317,100.15,5.223334902838456,100.05000000000001,5.719958039276557,100.2,7.083461392844109,100.00000000000001,7.159086270867222,100.25,6.989792423212453,99.95,6.941929048786835,100.30000000000001,4.260486712259729,99.9,4.8054800030504765,100.35000000000001,4.195983282528244,99.85000000000001,7.890025370046073,100.4,6.164248814316924,99.80000000000001,12.85895447218029,100.45,6.435386408465735,99.75000000000001,13.347041407900642,100.5,6.886068048340216,99.7,1.960953891736541,100.55000000000001,11.459343439907455,99.65,5.974768722159338,100.60000000000001,5.442842287411401
1710000035.1999664,100703,FI2010_LSE,100.10000000000001,8.52339400734797,100.15,3.6964972731164107,100.05000000000001,7.13075920203578,100.2,14.169338657099573,100.00000000000001,3.3072278183761012,100.25,2.85005162175992,99.95,7.992868922967706,100.30000000000001,7.983966633465701,99.9,8.884211887133418,100.35000000000001,4.557452288261737,99.85000000000001,8.344415975270856,100.4,3.098066540798703,99.80000000000001,2.5228781139008705,100.45,1.8383487092701352,99.75000000000001,7.26662830699247,100.5,1.9206128035915682,99.7,14.113358474083228,100.55000000000001,3.095395476346039,99.65,2.3421932066679028,100.60000000000001,0.48436793450571547
1710000035.2499664,100704,FI2010_LSE,100.10000000000001,15.062449346316486,100.15,11.177140056563886,100.05000000000001,5.127957262159103,100.2,4.341448612315317,100.00000000000001,10.3027533850234,100.25,11.912488503095355,99.95,7.762773581327291,100.30000000000001,6.09357762366504,99.9,15.359854931278717,100.35000000000001,2.9753635639241134,99.85000000000001,3.0838067393436948,100.4,2.0141352193181254,99.80000000000001,1.8592807928082078,100.45,3.9588602583463346,99.75000000000001,7.593052451082864,100.5,0.9234426261018307,99.7,1.1632237948217128,100.55000000000001,4.149431597727406,99.65,17.5235575266051,100.60000000000001,5.300806961746015
1710000035.2999663,100705,FI2010_LSE,100.10000000000001,5.03549201800988,100.15,7.560626805173544,100.05000000000001,3.52986194812267,100.2,3.866757979705497,100.00000000000001,4.678850764643759,100.25,4.711364906838442,99.95,6.0718323358740935,100.30000000000001,4.179923679866005,99.9,2.2091051979185816,100.35000000000001,2.8136827150891293,99.85000000000001,6.481417331778919,100.4,2.952030745869037,99.80000000000001,13.198074628786692,100.45,9.854213218306242,99.75000000000001,1.2042676827356764,100.5,6.797950056169283,99.7,0.5130475702634815,100.55000000000001,7.306118970366255,99.65,0.4334638121233669,100.60000000000001,2.025844409336933
1710000035.3499663,100706,FI2010_LSE,100.0,9.84004643365811,100.05,6.4194613701197625,99.95,11.292981501901963,100.1,9.853527073083246,99.9,11.456937492093852,100.14999999999999,5.789932251244286,99.85,9.51711791088729,100.2,4.013716293685762,99.8,4.12599749898423,100.25,11.665763194824565,99.75,17.666835998935934,100.3,2.2486403199426293,99.7,1.21158651850685,100.35,12.515181572720042,99.65,0.8797745017162523,100.39999999999999,10.939354322544732,99.6,1.8383104693746417,100.45,1.4677649249077582,99.55,3.286799868227211,100.5,2.629336897621278
1710000035.3999662,100707,FI2010_LSE,100.05000000000001,6.013884626489894,100.10000000000001,7.802998757582332,100.00000000000001,13.242894911433837,100.15,18.293649969974826,99.95000000000002,14.55660185698001,100.2,6.607194453711477,99.9,9.220085667754,100.25000000000001,2.633989359139074,99.85000000000001,10.142684653995993,100.30000000000001,11.21774709911186,99.80000000000001,7.192844434226309,100.35000000000001,2.0970897820856713,99.75000000000001,4.048008539483571,100.4,2.1194136009301925,99.70000000000002,2.921733723005043,100.45,1.2541395114069225,99.65,0.9397386925249193,100.50000000000001,0.9109279677304841,99.60000000000001,0.6877225294732288,100.55000000000001,0.6329725279015105
1710000035.4499662,100708,FI2010_LSE,100.0,6.052894650439928,100.05,4.929777231923426,99.95,8.5093412054288,100.1,7.488799517019466,99.9,5.547229578901796,100.14999999999999,6.376078467991235,99.85,3.57527577476281,100.2,2.4805958130102335,99.8,3.215754274813864,100.25,4.499205511554095,99.75,5.862764891484556,100.3,2.0361092646124512,99.7,2.5425563160749203,100.35,3.524732049973241,99.65,5.3612454112619545,100.39999999999999,4.956063875307633,99.6,1.6509332095876639,100.45,4.897378788273188,99.55,2.2193219068036965,100.5,0.41049782073967683
1710000035.4999661,100709,FI2010_LSE,100.0,7.118952481537308,100.05,16.262323728516517,99.95,14.527733997214334,100.1,6.700708182308404,99.9,7.8651523081377785,100.14999999999999,5.843903913245738,99.85,4.403181131454106,100.2,10.756651514924789,99.8,3.7905419993329823,100.25,4.781360203082114,99.75,7.2517518259565,100.3,2.253723157201381,99.7,3.878227551236902,100.35,2.852329797658869,99.65,10.573779435391428,100.39999999999999,1.566098470036579,99.6,0.47697722609357107,100.45,1.2994041594905807,99.55,4.0001724060665955,100.5,2.2888482298630883
1710000035.549966,100710,FI2010_LSE,100.0,5.275687431408804,100.1,22.356680397368272,99.95,5.794482819861072,100.14999999999999,6.558977661307628,99.9,17.355245362867844,100.19999999999999,3.9584112058137393,99.85,3.250372448244268,100.25,6.145843865524158,99.8,2.376390954206096,100.3,3.7722689352035332,99.75,16.969446881736527,100.35,3.5359957224559526,99.7,1.3414719188867679,100.39999999999999,5.663018165318662,99.65,4.590508899337626,100.44999999999999,1.136566960022766,99.6,0.966452756323984,100.5,1.7829683257433984,99.55,5.5562266869657275,100.55,5.342939050327531
1710000035.599966,100711,FI2010_LSE,99.95,5.023095248393303,100.10000000000001,4.330846515299155,99.9,9.382435118925919,100.15,8.842743466952463,99.85000000000001,2.888693634171032,100.2,3.1244828589701688,99.8,5.297307816637494,100.25000000000001,4.394291946435633,99.75,2.717359714862448,100.30000000000001,2.212414605363021,99.7,5.0776742128319885,100.35000000000001,1.9135042422753101,99.65,1.586556321827996,100.4,6.815224725277099,99.60000000000001,1.6752179650490202,100.45,2.4784558382735042,99.55,7.502440200158407,100.50000000000001,0.685302342073948,99.5,1.7094528934053508,100.55000000000001,0.3002709331143724
1710000035.649966,100712,FI2010_LSE,100.0,11.289940647728322,100.05,3.985298448577163,99.95,4.783281997426007,100.1,6.184266019411293,99.9,5.382134729818465,100.14999999999999,4.7359637633570895,99.85,11.849865174919808,100.2,3.405193032879239,99.8,3.6945595116123044,100.25,2.0246972952745814,99.75,3.3159532691929643,100.3,6.104471543582889,99.7,4.0030876409321685,100.35,6.448796983335547,99.65,3.4629107240999835,100.39999999999999,7.884360264420781,99.6,1.4185840377936918,100.45,1.1591491516545982,99.55,6.563720090352529,100.5,0.593314936947904
1710000035.699966,100713,FI2010_LSE,99.95,4.996488780774568,100.0,7.2010569948605045,99.9,13.749297091643694,100.05,3.8167699331196983,99.85000000000001,5.382429667323841,100.1,3.323128524322903,99.8,7.301961941977504,100.15,12.884183088763038,99.75,3.544400479857349,100.2,2.7645872196724053,99.7,2.854614345561412,100.25,7.315655495229477,99.65,6.9337180413772215,100.3,5.649679160124788,99.60000000000001,2.9162100598443654,100.35,3.961997807794705,99.55,1.855248427723268,100.4,4.534145116384432,99.5,5.569315474740645,100.45,2.5683200636318877
1710000035.749966,100714,FI2010_LSE,100.0,16.085767131643628,100.05,18.15451647438406,99.95,3.3610112366463776,100.1,8.418510911330728,99.9,6.1644995144549934,100.14999999999999,3.4741484146208093,99.85,4.309665135541142,100.2,15.449960798982806,99.8,4.13861895367894,100.25,2.898913602375374,99.75,2.331694170509391,100.3,11.031354880244097,99.7,2.9587359374855056,100.35,6.783383751140665,99.65,0.934522111762195,100.39999999999999,23.828378818965433,99.6,3.074496014972571,100.45,2.201950086276401,99.55,1.3816531668791934,100.5,2.765675065296576
1710000035.7999659,100715,FI2010_LSE,99.95,3.8453537143333416,100.0,4.021079187983636,99.9,10.381410238109517,100.05,4.526569381735182,99.85000000000001,18.998214386733174,100.1,5.474312386677646,99.8,9.636210098806302,100.15,7.098071012823873,99.75,2.461389485998251,100.2,5.345292797057992,99.7,2.759352706871659,100.25,2.1457903028258754,99.65,2.8580170473554105,100.3,2.3246466979321116,99.60000000000001,1.8757699972660926,100.35,8.24679319709785,99.55,2.5539932595743777,100.4,1.9096997949514245,99.5,5.118628484845418,100.45,4.367501081825028
1710000035.8499658,100716,FI2010_LSE,99.95,3.9308649298577643,100.0,5.534423042096957,99.9,10.248479864798274,100.05,6.502983444234582,99.85000000000001,2.9227578902350517,100.1,3.93217909571199,99.8,4.849709905323215,100.15,7.039769201970216,99.75,6.50089218018841,100.2,14.222281464836534,99.7,1.821606552227394,100.25,2.562208574589809,99.65,1.415508146983126,100.3,8.89745775530815,99.60000000000001,4.149626499598776,100.35,2.7318401359671554,99.55,1.2224405895710198,100.4,0.7449562635491472,99.5,2.8812610848107845,100.45,2.9989992967036576
1710000035.8999658,100717,FI2010_LSE,99.95,8.677546836448634,100.0,5.240859889623417,99.9,3.750662223687045,100.05,3.8145132950833167,99.85000000000001,3.9593988341518322,100.1,2.905082046997403,99.8,10.320086740119647,100.15,9.856311711284192,99.75,8.611771634999378,100.2,8.125481622283996,99.7,3.752250120313332,100.25,5.56718651692958,99.65,3.3123782488237823,100.3,1.2980732289670518,99.60000000000001,1.074321837789345,100.35,4.682836707085118,99.55,14.77945408177014,100.4,7.867150702026096,99.5,7.665680439564209,100.45,0.8427801213377444
1710000035.9499657,100718,FI2010_LSE,99.95,8.307558961581625,100.0,9.33773783229853,99.9,16.383748898853376,100.05,5.649503821223753,99.85000000000001,3.385389934258281,100.1,12.228179884962994,99.8,10.17592647746261,100.15,2.4280421412278073,99.75,9.208687054137652,100.2,6.968705539031929,99.7,4.7433701459013164,100.25,4.7918113148552255,99.65,5.858044009936616,100.3,6.474150969015979,99.60000000000001,3.822380620803453,100.35,2.0494230162355165,99.55,1.2233911767698826,100.4,0.6461989872234988,99.5,1.984563978137467,100.45,1.1462498112023547
1710000035.9999657,100719,FI2010_LSE,99.9,7.29341968822054,100.0,6.226341994438123,99.85000000000001,5.584899454513275,100.05,3.6326399993559804,99.80000000000001,10.118941674504672,100.1,3.4377653992386126,99.75,2.996139470592706,100.15,5.961514421018706,99.7,2.272123107725678,100.2,5.625040385635497,99.65,4.486797592745072,100.25,4.008528235529406,99.60000000000001,7.218993322603368,100.3,1.6823393082082438,99.55000000000001,1.5098806869577288,100.35,1.1488149521209194,99.5,2.878653687839051,100.4,2.396108165625759,99.45,2.735530899938825,100.45,2.0587613300109053
1710000036.0499656,100720,FI2010_LSE,99.95,17.147806462949397,100.0,4.825335449426461,99.9,5.253878758453871,100.05,3.3748690722863293,99.85000000000001,7.091617450279658,100.1,4.872834307740698,99.8,3.303219406471036,100.15,2.605796079164752,99.75,6.428695717533999,100.2,3.4460012698117706,99.7,4.410538749446575,100.25,1.7253005991106392,99.65,2.671285475502517,100.3,2.5019725381984825,99.60000000000001,8.449300614389161,100.35,7.57312031570812,99.55,10.542860140833076,100.4,2.0096525376921246,99.5,0.1,100.45,5.269461085404282
1710000036.0999656,100721,FI2010_LSE,100.0,4.486584726801402,100.05,7.476436232298507,99.95,4.078646965981021,100.1,14.863963525992535,99.9,3.421859087391915,100.14999999999999,3.2448544766947576,99.85,16.25207116897316,100.2,3.2279879465618535,99.8,7.646534112616645,100.25,6.335327205873039,99.75,8.15449367236895,100.3,4.934881800534291,99.7,4.757499401459656,100.35,5.422640025282182,99.65,2.2164088918933036,100.39999999999999,5.119673359000525,99.6,0.5047307731173134,100.45,2.402945941289521,99.55,5.187251985822334,100.5,8.057981309037034
1710000036.1499655,100722,FI2010_LSE,100.0,5.874603081637863,100.05,5.2410675237252615,99.95,9.376908488023947,100.1,3.877884071760608,99.9,4.696622749358114,100.14999999999999,4.724457924572306,99.85,7.12771524179557,100.2,5.552614789132194,99.8,3.382680420990686,100.25,5.976443689362673,99.75,3.6796984381163576,100.3,2.396268282123885,99.7,7.170815900285006,100.35,3.5943905747122846,99.65,1.9395197239842876,100.39999999999999,1.0649965402149812,99.6,2.7840202772091525,100.45,2.252924526272557,99.55,0.8633201845871962,100.5,0.10325936000743605
1710000036.1999655,100723,FI2010_LSE,100.0,8.866668195234118,100.05,4.411923293411967,99.95,6.843657597486485,100.1,4.5129493743298035,99.9,5.551447306423957,100.14999999999999,8.642452628405511,99.85,5.618434580494471,100.2,3.786251762450535,99.8,10.947119521782513,100.25,2.564226555783632,99.75,10.877208023682062,100.3,13.175665198687076,99.7,2.1051847399103187,100.35,2.5493812991860816,99.65,0.9542520462439643,100.39999999999999,2.574338235198197,99.6,1.313858306009117,100.45,1.5777721910087958,99.55,10.061058215396674,100.5,0.24842318872674768
1710000036.2499654,100724,FI2010_LSE,99.95,4.204091877515098,100.0,5.5299583630685225,99.9,5.021378479996161,100.05,3.362291705735501,99.85000000000001,3.6153042201874803,100.1,6.370207492015576,99.8,2.663516436762507,100.15,2.6381322691880027,99.75,5.206593926596513,100.2,3.3184611406995934,99.7,6.4596237645217,100.25,3.5358409606442427,99.65,2.5412812582790334,100.3,3.345738403491031,99.60000000000001,4.5113155925985176,100.35,9.725517970048239,99.55,1.0274067584096602,100.4,0.855850403874001,99.5,1.7177255996719754,100.45,4.875841067619108
1710000036.2999654,100725,FI2010_LSE,99.95,13.477740600988266,100.0,8.996496546315676,99.9,8.923863288353537,100.05,3.868992411788583,99.85000000000001,3.6358942132726897,100.1,3.0345681374455737,99.8,11.648236812309587,100.15,7.186555335121301,99.75,3.5365999271969333,100.2,2.4417201994908915,99.7,3.0091042251764004,100.25,5.201307423784687,99.65,23.796577453519756,100.3,2.365255464351148,99.60000000000001,8.601415474826704,100.35,6.645429764054757,99.55,1.8551891917402408,100.4,6.142570401068301,99.5,2.8474706881862177,100.45,3.894256442160916
1710000036.3499653,100726,FI2010_LSE,99.9,4.673908840314145,99.95,13.259717384095849,99.85000000000001,9.817280794605592,100.0,11.134598989479183,99.80000000000001,3.4157520675615314,100.05,14.427744060471804,99.75,9.840149784585154,100.10000000000001,3.4691287787009877,99.7,4.632005609753341,100.15,21.924253289624694,99.65,6.111939192943497,100.2,2.706924718522249,99.60000000000001,2.0009760188702352,100.25,6.0585636088026185,99.55000000000001,3.493819646584763,100.3,3.146749722137022,99.5,1.2300093492343898,100.35000000000001,6.092862458309993,99.45,1.7863822476532913,100.4,17.37579656654726
1710000036.3999653,100727,FI2010_LSE,99.80000000000001,4.5379432012850085,99.95000000000002,7.579842733556438,99.75000000000001,16.39953222468051,100.00000000000001,7.298518634004311,99.70000000000002,7.424985478302734,100.05000000000001,9.1074966248134,99.65,2.5259819449066603,100.10000000000002,3.7566320030434026,99.60000000000001,2.0618428428856737,100.15000000000002,18.856758492997688,99.55000000000001,4.794845193171464,100.20000000000002,9.871713980444571,99.50000000000001,1.8827268087308269,100.25000000000001,2.0924868380246324,99.45000000000002,1.1521237494273664,100.30000000000001,11.059547988994742,99.4,5.176160051538373,100.35000000000002,9.052695546119871,99.35000000000001,8.405978901606408,100.40000000000002,4.5139993386159745
1710000036.4499652,100728,FI2010_LSE,99.85000000000001,3.6085365266737814,99.95,4.041195956965188,99.80000000000001,7.241288104553811,100.0,4.827346296913268,99.75000000000001,8.579779738350924,100.05,12.666647290593,99.7,2.6690853626179143,100.10000000000001,2.979524246262524,99.65,5.490273287573016,100.15,8.435219951409394,99.60000000000001,2.784863811969813,100.2,7.069143754616984,99.55000000000001,6.6966379577979005,100.25,5.359396836697815,99.50000000000001,5.406762659255417,100.3,1.05212754969945,99.45,2.4637407423256157,100.35000000000001,5.058999552541985,99.4,2.9666713433495002,100.4,1.919729884246542
1710000036.4999652,100729,FI2010_LSE,99.9,3.6620435418555632,99.95,4.198205533307399,99.85000000000001,12.46009898382992,100.0,3.9754339078351566,99.80000000000001,10.912266133314047,100.05,11.30538105810957,99.75,10.380069563160589,100.10000000000001,3.1519773520126178,99.7,2.242218340272188,100.15,3.7851146701276743,99.65,1.7906060904781167,100.2,3.6110758989687177,99.60000000000001,3.8764953258989188,100.25,3.0652947878256382,99.55000000000001,2.741945727917238,100.3,5.415276614890258,99.5,18.07352397188656,100.35000000000001,6.095591986920893,99.45,0.24074256713928033,100.4,3.525835048517434
1710000036.5499651,100730,FI2010_LSE,99.95,7.6631026739951835,100.0,5.976526074782854,99.9,4.5979029522035555,100.05,5.268982808808199,99.85000000000001,11.852120396220265,100.1,9.787710414566233,99.8,10.04952833008064,100.15,3.092987795539759,99.75,2.0111649187683818,100.2,5.484594191939754,99.7,5.101631997011333,100.25,18.644998591403883,99.65,1.3652994717951963,100.3,2.3452893402982156,99.60000000000001,7.643557664627639,100.35,5.82222676061113,99.55,2.1332910039252373,100.4,3.7508643364703036,99.5,1.4904530906328621,100.45,0.21216801115891956
1710000036.599965,100731,FI2010_LSE,99.95,10.667910216178374,100.0,6.7898439876937875,99.9,5.896576905477662,100.05,4.238269887436733,99.85000000000001,6.111233676488615,100.1,4.07385330396765,99.8,4.25307656522119,100.15,3.3493496554107085,99.75,2.849943733822648,100.2,8.132386497369982,99.7,8.89808388279856,100.25,12.598170654389069,99.65,2.780103190333511,100.3,2.203241288406084,99.60000000000001,1.3050533893188074,100.35,3.6676878042566434,99.55,10.097280126240587,100.4,1.4394826555009437,99.5,11.342257466108553,100.45,10.471165914855142
1710000036.649965,100732,FI2010_LSE,99.85000000000001,5.713222798235677,99.95,5.006329890549948,99.80000000000001,8.644220059890205,100.0,3.8748757668264897,99.75000000000001,3.044060489643431,100.05,7.8608338495737335,99.7,2.858748623087141,100.10000000000001,4.966866186054769,99.65,3.368857738371462,100.15,9.61029599001672,99.60000000000001,7.4197904398815275,100.2,3.9931263983692267,99.55000000000001,6.282330578771087,100.25,1.646965976516371,99.50000000000001,1.047654338906536,100.3,4.354301077159364,99.45,2.348357927912808,100.35000000000001,1.6013397043670627,99.4,0.6082731987142843,100.4,2.9203126794838163
1710000036.699965,100733,FI2010_LSE,99.85000000000001,9.013129917054362,99.95,10.704710274845771,99.80000000000001,4.19235008117796,100.0,14.999088146414664,99.75000000000001,7.090002559318043,100.05,7.148492782125684,99.7,4.972490718740093,100.10000000000001,2.680314735815303,99.65,3.9420624162180546,100.15,3.886123909154252,99.60000000000001,2.6717536823978043,100.2,5.409078655393406,99.55000000000001,5.872284855179752,100.25,3.1405449254401643,99.50000000000001,1.8842108748108246,100.3,7.510998140976093,99.45,12.043360921365489,100.35000000000001,2.448763599777139,99.4,1.9700831918123336,100.4,4.4047152872795925
1710000036.749965,100734,FI2010_LSE,99.85000000000001,6.445072761606104,99.9,5.8095890810425,99.80000000000001,7.341752345683202,99.95,3.720165007064627,99.75000000000001,4.185021946853548,100.0,4.5553110948409845,99.7,3.7003177162147294,100.05000000000001,3.6394280192061377,99.65,3.5535894119773377,100.10000000000001,2.331112469649112,99.60000000000001,3.7661779355008997,100.15,5.124128523330328,99.55000000000001,5.108052095486975,100.2,10.187667425985975,99.50000000000001,6.348754246808173,100.25,4.058777987168217,99.45,6.699678184384497,100.30000000000001,4.283780022210326,99.4,8.256572681405771,100.35000000000001,13.83200893843241
1710000036.799965,100735,FI2010_LSE,99.80000000000001,21.535118272508168,99.9,4.658050488989655,99.75000000000001,3.644829130061456,99.95,13.005700215469126,99.70000000000002,8.361960994669595,100.0,4.884109764116191,99.65,10.956760720979142,100.05000000000001,4.032295963969646,99.60000000000001,9.857809901236514,100.10000000000001,4.467192001405299,99.55000000000001,4.329349721383423,100.15,3.123007452478782,99.50000000000001,5.046731294461908,100.2,4.1297033313641744,99.45000000000002,1.2124432514672216,100.25,4.976203341487614,99.4,2.1951027630499786,100.30000000000001,3.190830594067486,99.35000000000001,6.72569347489223,100.35000000000001,1.8987580454168682
1710000036.8499649,100736,FI2010_LSE,99.80000000000001,5.093814570505913,99.85000000000001,4.406528404210292,99.75000000000001,5.1853205119690475,99.9,15.261659148611901,99.70000000000002,5.721690937684854,99.95,3.520383557868078,99.65,7.019376163322523,100.00000000000001,12.862644488021552,99.60000000000001,6.600757123866098,100.05000000000001,14.951347088070355,99.55000000000001,7.478859167950345,100.10000000000001,3.533901976000803,99.50000000000001,2.1786748744586473,100.15,1.4148470288401773,99.45000000000002,3.9767697923462215,100.2,4.112966016528522,99.4,12.153417995049502,100.25000000000001,0.45386229255637306,99.35000000000001,2.9071481113507534,100.30000000000001,1.0276562404862069
1710000036.8999648,100737,FI2010_LSE,99.75,5.903626536339848,99.85,3.692020479120598,99.7,5.942746669114383,99.89999999999999,10.233428350395169,99.65,2.8403404414936517,99.94999999999999,6.056556485250977,99.6,23.88772527733353,100.0,2.6279036043951494,99.55,8.46561906024593,100.05,3.623923053724744,99.5,5.781697854598681,100.1,13.323533302608382,99.45,3.1381903320288567,100.14999999999999,2.338842264419478,99.4,2.5536627095092097,100.19999999999999,5.0950000555093675,99.35,12.423596884127596,100.25,3.6263725795598045,99.3,11.806553915125809,100.3,3.125760680819069
1710000036.9499648,100738,FI2010_LSE,99.80000000000001,6.06604236693744,99.85000000000001,4.688615384800813,99.75000000000001,4.573208001612503,99.9,9.64205988118663,99.70000000000002,3.7675118082311942,99.95,3.1650136543217275,99.65,4.076976591530593,100.00000000000001,5.010627841144304,99.60000000000001,2.423596431754909,100.05000000000001,4.777506663136153,99.55000000000001,2.012428062759165,100.10000000000001,2.860525337536223,99.50000000000001,1.238700571560398,100.15,8.517618281407646,99.45000000000002,4.956300258874546,100.2,3.768276746793073,99.4,0.9912870752485741,100.25000000000001,2.2459751699943653,99.35000000000001,4.519132340127843,100.30000000000001,4.872871264029721
1710000036.9999647,100739,FI2010_LSE,99.80000000000001,4.811265064662876,99.85000000000001,8.167602718682504,99.75000000000001,8.139115323173762,99.9,9.810628531336238,99.70000000000002,5.399665750004671,99.95,12.142894864604289,99.65,3.662071987506531,100.00000000000001,3.547571709676697,99.60000000000001,3.8827148611027487,100.05000000000001,4.973738333389128,99.55000000000001,3.3447793539920974,100.10000000000001,12.200083778463389,99.50000000000001,1.8672915371925853,100.15,6.524834239836408,99.45000000000002,1.8172380473307654,100.2,3.175764848704265,99.4,1.1678448146176317,100.25000000000001,0.8148527552360949,99.35000000000001,4.6906960308666,100.30000000000001,1.445874842714115
1710000037.0499647,100740,FI2010_LSE,99.80000000000001,3.749499104167707,99.85000000000001,4.075109239563072,99.75000000000001,7.126066089406013,99.9,10.423450782052582,99.70000000000002,7.647052884119821,99.95,4.132922864981042,99.65,5.709574965709961,100.00000000000001,3.742931945433078,99.60000000000001,6.792252672234307,100.05000000000001,3.9982255612801447,99.55000000000001,15.825442700238613,100.10000000000001,3.307842185464639,99.50000000000001,2.1479348083383827,100.15,4.581937609510973,99.45000000000002,3.486195257183451,100.2,19.85940485522864,99.4,1.4425720130216835,100.25000000000001,17.18317303475381,99.35000000000001,4.875609224215611,100.30000000000001,5.191896991171912
1710000037.0999646,100741,FI2010_LSE,99.7,3.7310557049281954,99.8,12.022569714114471,99.65,16.975997578588252,99.85,5.415524358782847,99.60000000000001,7.2020263950504475,99.89999999999999,8.430294237521851,99.55,3.307170564851561,99.95,5.459381099032757,99.5,4.194067624122031,100.0,2.187227870478631,99.45,4.716923259931787,100.05,3.3810748724888935,99.4,3.6451369580831177,100.1,6.781413267531691,99.35000000000001,11.644192888909506,100.14999999999999,2.832561744093251,99.3,0.9922077386506724,100.2,3.971846675821919,99.25,4.272929662861746,100.25,3.2108590988082857
1710000037.1499646,100742,FI2010_LSE,99.75,6.528310625054834,99.8,5.861443272434675,99.7,16.840686823088177,99.85,10.671908029695361,99.65,3.6894570240515243,99.89999999999999,3.1805942721084697,99.6,12.20643960191564,99.95,4.96377979632811,99.55,9.298173098162415,100.0,4.504844342890209,99.5,4.4600799516025535,100.05,4.461065979630369,99.45,2.0937284138191767,100.1,3.0633896648754333,99.4,0.9065365293857498,100.14999999999999,2.8548687264110937,99.35,2.2647588263285225,100.2,3.9344944565791473,99.3,0.3796824059599049,100.25,10.258684495334862
1710000037.1999645,100743,FI2010_LSE,99.75,6.453523158021981,99.8,7.31232387517392,99.7,5.320913211820157,99.85,5.029871939990831,99.65,6.7796212722430065,99.89999999999999,4.801732991014355,99.6,9.63846580889236,99.95,3.409706737413575,99.55,2.1778100558358777,100.0,2.698995591815312,99.5,9.053156727915209,100.05,4.548403288279817,99.45,2.8669814707099377,100.1,3.5405800586785725,99.4,2.333418997706362,100.14999999999999,4.052291251011042,99.35,4.372322367775515,100.2,4.880533312793812,99.3,10.961532135794306,100.25,10.951514965431793
1710000037.2499645,100744,FI2010_LSE,99.65,10.809259843387828,99.75,5.365722044330481,99.60000000000001,9.309059700952234,99.8,6.737316667761114,99.55000000000001,7.913713839483272,99.85,4.815087327300832,99.5,4.165861393645643,99.9,2.817235534661836,99.45,5.975097176993896,99.95,16.809295761435763,99.4,5.541698362827468,100.0,4.826164564890501,99.35000000000001,8.377505644783405,100.05,5.417587128382563,99.30000000000001,12.482474302979218,100.1,27.51375091511664,99.25,2.8261532194209162,100.15,3.146155861063824,99.2,1.0970139701175519,100.2,0.898577967968419
1710000037.2999644,100745,FI2010_LSE,99.65,17.71380984144379,99.7,7.7518888318361565,99.60000000000001,4.883833387022708,99.75,3.5392236064765963,99.55000000000001,8.51762046875751,99.8,7.969343638347629,99.5,8.273299633907985,99.85000000000001,3.0283706185781547,99.45,2.2281850255074933,99.9,2.9653729561780438,99.4,6.842122286098849,99.95,6.481250091464318,99.35000000000001,2.7502293345707702,100.0,6.678248684105539,99.30000000000001,5.434290701311964,100.05,2.8663007281917556,99.25,0.814054192418227,100.10000000000001,6.832601175721705,99.2,0.838294318281421,100.15,0.1477178582451517
1710000037.3499644,100746,FI2010_LSE,99.7,7.138901855049529,99.75,4.2328035253335,99.65,11.530993864393373,99.8,3.9860082803358816,99.60000000000001,3.184516184447814,99.85,9.611171838168154,99.55,5.311753925239723,99.9,9.529102866854005,99.5,2.7155923076996897,99.95,7.64836704181408,99.45,8.399845623061342,100.0,2.4833739082689954,99.4,4.878641637312287,100.05,15.134073885549771,99.35000000000001,1.1665646409921875,100.1,2.4537655015270916,99.3,3.9817748356698215,100.15,0.5545937676947472,99.25,2.567704101244951,100.2,0.35170141026101914
1710000037.3999643,100747,FI2010_LSE,99.7,4.058058287500099,99.75,4.300608681579073,99.65,14.318730498809767,99.8,14.046392769597215,99.60000000000001,4.422772320680584,99.85,5.623388812729214,99.55,2.463223328849531,99.9,4.218231133741128,99.5,6.076223851569975,99.95,3.6447852901805904,99.45,4.970338167006997,100.0,4.594540999295135,99.4,8.597015945020054,100.05,2.655830462060047,99.35000000000001,3.478882172768926,100.1,11.345716102115183,99.3,0.45455372169944636,100.15,12.071154781766353,99.25,4.1446059745172885,100.2,1.9566627144834599
1710000037.4499643,100748,FI2010_LSE,99.7,3.8836811747583893,99.8,4.863119621975958,99.65,3.3296783797269303,99.85,5.38534655229655,99.60000000000001,7.630608143360604,99.89999999999999,5.149372809866925,99.55,5.638708132614214,99.95,6.021471766701289,99.5,3.600073445734202,100.0,2.930158855794209,99.45,8.100671485885762,100.05,6.474395101738345,99.4,5.779924487467607,100.1,5.066242811949443,99.35000000000001,1.5358167065676456,100.14999999999999,3.4918680615163336,99.3,3.3272639504359174,100.2,4.880665720213797,99.25,4.827748770305622,100.25,10.757778524051668
1710000037.4999642,100749,FI2010_LSE,99.65,38.09653375856421,99.7,8.206620410838852,99.60000000000001,13.482398959565973,99.75,7.110259774155027,99.55000000000001,3.0647642145820697,99.8,5.437636930009089,99.5,14.948376267809026,99.85000000000001,3.747216739259506,99.45,3.0296880322326927,99.9,4.273314903546499,99.4,8.177780720267931,99.95,10.40369116147695,99.35000000000001,3.9056267233972157,100.0,5.042056642018176,99.30000000000001,1.3025227345200006,100.05,0.8541487476281858,99.25,1.7147966912078298,100.10000000000001,20.678765013778726,99.2,5.399200215861282,100.15,0.5853380091363499
1710000037.5499642,100750,FI2010_LSE,99.60000000000001,13.578904678894682,99.65,8.241310969181223,99.55000000000001,6.440029775518648,99.7,7.811708593274427,99.50000000000001,4.136356918919992,99.75,3.419003808852468,99.45,4.942534648847859,99.80000000000001,3.171391973384706,99.4,3.9913949150127457,99.85000000000001,11.783096958664284,99.35000000000001,3.130433240292163,99.9,7.069790502444924,99.30000000000001,4.476907455052144,99.95,10.145175811946967,99.25000000000001,4.340518906640051,100.0,2.416409079877134,99.2,1.3076737011813468,100.05000000000001,3.1116267243528655,99.15,0.5595369704629548,100.10000000000001,2.4510656603078393
1710000037.5999641,100751,FI2010_LSE,99.65,5.7511188221324225,99.7,5.922610662939684,99.60000000000001,10.301909101126384,99.75,6.33959379453044,99.55000000000001,10.668258825940228,99.8,3.881113355451653,99.5,9.602923236842708,99.85000000000001,18.114507992314294,99.45,3.674978431127763,99.9,3.9203108692991755,99.4,4.329601132329344,99.95,6.487973060278351,99.35000000000001,3.994832099159388,100.0,8.812672065814283,99.30000000000001,4.446488969612964,100.05,2.5448619600681885,99.25,4.439454267636025,100.10000000000001,2.0134604930395748,99.2,7.130828216319046,100.15,1.2490106013661406
1710000037.649964,100752,FI2010_LSE,99.55000000000001,17.483779435407587,99.60000000000001,4.553674131367671,99.50000000000001,3.853827011300319,99.65,5.265396252199354,99.45000000000002,3.3350083644913466,99.7,3.235316579373582,99.4,14.167756804394767,99.75000000000001,2.9620870907872097,99.35000000000001,6.036039083716879,99.80000000000001,3.088555898623939,99.30000000000001,3.343165166320299,99.85000000000001,2.306081138836498,99.25000000000001,6.352664892456691,99.9,1.479442368938794,99.20000000000002,2.974547557833991,99.95,2.0631049098856664,99.15,0.5148465460053021,100.00000000000001,1.9299657944502804,99.10000000000001,13.19282168299429,100.05000000000001,3.3374033986194913
1710000037.699964,100753,FI2010_LSE,99.65,7.493139020910782,99.7,5.841842251955624,99.60000000000001,6.356899031842761,99.75,3.7011737954831476,99.55000000000001,11.798847173259249,99.8,5.721976986121188,99.5,9.272163517642937,99.85000000000001,3.947717778558779,99.45,2.43939440478175,99.9,4.652685497219926,99.4,13.314563711311466,99.95,2.2215630180814427,99.35000000000001,3.220251148958164,100.0,3.9759538132174024,99.30000000000001,3.909823819247773,100.05,2.3617754584558845,99.25,6.3605098567561615,100.10000000000001,6.525180292070554,99.2,1.1462519987212236,100.15,0.2083322375724669
1710000037.749964,100754,FI2010_LSE,99.65,8.943467237613563,99.7,4.480958267665822,99.60000000000001,3.9481385055179254,99.75,10.767277663698726,99.55000000000001,4.0505853682346915,99.8,11.182417983684067,99.5,4.438273419450411,99.85000000000001,7.437687315341492,99.45,7.885033956667474,99.9,5.235707719223618,99.4,7.236935967962864,99.95,2.088126657008169,99.35000000000001,5.204401238601169,100.0,3.187381009008608,99.30000000000001,2.191575897478285,100.05,25.975441497253254,99.25,1.0886000391467179,100.10000000000001,3.232677599319787,99.2,1.4714440335217212,100.15,17.123089202866556
1710000037.799964,100755,FI2010_LSE,99.60000000000001,4.3590765336464665,99.7,6.545089241755006,99.55000000000001,21.313965862993008,99.75,13.260809215756801,99.50000000000001,5.885302522783568,99.8,3.6532151806041973,99.45,2.4699629293413654,99.85000000000001,2.50526758835705,99.4,7.953507863439444,99.9,8.64155798814527,99.35000000000001,1.7464615531686898,99.95,1.6211134051843579,99.30000000000001,3.801061888393111,100.0,7.794407241451222,99.25000000000001,2.3937823212475458,100.05,3.5077268544802083,99.2,3.6720335811421707,100.10000000000001,4.066136042909493,99.15,0.90077788979209,100.15,5.3582890611343705
1710000037.849964,100756,FI2010_LSE,99.65,3.764997433999165,99.7,4.711433171483883,99.60000000000001,3.8332029015221853,99.75,3.714639169024045,99.55000000000001,5.633765989771835,99.8,8.871404670552966,99.5,3.022024035836463,99.85000000000001,2.656206873207054,99.45,3.89707726515529,99.9,8.079629546064142,99.4,9.266619600659423,99.95,14.134025494459031,99.35000000000001,4.1224870663793345,100.0,5.88049166884729,99.30000000000001,2.200607103183571,100.05,9.13938373653476,99.25,1.4992060790657007,100.10000000000001,10.298238137567099,99.2,1.6104214666855718,100.15,11.482382087416267
1710000037.8999639,100757,FI2010_LSE,99.55000000000001,23.243555293677293,99.60000000000001,10.022169452213586,99.50000000000001,4.665211642220742,99.65,7.551458375065981,99.45000000000002,3.961627761462844,99.7,7.769371119376604,99.4,4.000544418174435,99.75000000000001,5.7526623290829715,99.35000000000001,4.160720862333532,99.80000000000001,4.842335530938011,99.30000000000001,2.959895017588356,99.85000000000001,8.733015514882306,99.25000000000001,1.6903055561374678,99.9,1.3958035768155717,99.20000000000002,12.6224916485427,99.95,0.8201330009652764,99.15,3.2056014300226976,100.00000000000001,1.4054970645509544,99.10000000000001,2.704680457891929,100.05000000000001,7.457380833864913
1710000037.9499638,100758,FI2010_LSE,99.55000000000001,5.8960239707131095,99.60000000000001,7.69200793681563,99.50000000000001,12.579032326919798,99.65,4.0567037443434915,99.45000000000002,6.1376707487415505,99.7,3.09000801977006,99.4,3.9667694710629595,99.75000000000001,4.949640378245482,99.35000000000001,7.409649047530279,99.80000000000001,8.485976986935157,99.30000000000001,11.229166636180384,99.85000000000001,8.852886868244648,99.25000000000001,19.56560620769212,99.9,3.4426758502707244,99.20000000000002,1.7875144376298429,99.95,3.2000973705320863,99.15,2.980738753870849,100.00000000000001,8.5871169404798,99.10000000000001,8.044837616953002,100.05000000000001,5.096579698906262
1710000037.9999638,100759,FI2010_LSE,99.5,5.7930514773270865,99.55,11.425581756653614,99.45,7.08839380889,99.6,8.702658045899714,99.4,5.58054453093252,99.64999999999999,4.566154752095983,99.35,5.087055309374025,99.7,3.5665911970364204,99.3,14.341773527265664,99.75,9.13472797210309,99.25,8.634636066877546,99.8,1.7264372346713364,99.2,6.596856176558761,99.85,4.040667179665254,99.15,1.0971710134838744,99.89999999999999,0.8392564124396915,99.1,0.41921650010957073,99.95,4.943090217194115,99.05,4.4498578329849945,100.0,8.105146434303458
1710000038.0499637,100760,FI2010_LSE,99.5,4.322036635496925,99.6,7.008879164091146,99.45,6.164562774058146,99.64999999999999,3.4011613067312796,99.4,8.48740726013775,99.69999999999999,6.558378097956713,99.35,4.8819805355714845,99.75,3.491041226021462,99.3,3.2162690845152935,99.8,2.394034616690841,99.25,4.856201649244785,99.85,3.7802787906129662,99.2,9.23914697154973,99.89999999999999,9.652867891383423,99.15,2.105005868297341,99.94999999999999,0.9568239425358409,99.1,2.4167776007215083,100.0,0.9687137472308459,99.05,7.171056159376672,100.05,7.914424336097042
1710000038.0999637,100761,FI2010_LSE,99.45,6.446444379812904,99.5,4.885483481768131,99.4,7.13083456989021,99.55,4.107247612166871,99.35000000000001,6.790614543453158,99.6,12.20981386308796,99.3,8.133250636487285,99.65,2.9579360533940933,99.25,5.230326324382958,99.7,8.406728438447516,99.2,10.920352739985823,99.75,3.3971031959622007,99.15,4.087836839505549,99.8,4.566272069183633,99.10000000000001,13.142966385413668,99.85,4.252727884680645,99.05,25.270234284786934,99.9,6.201161083486915,99.0,3.8567799349956404,99.95,4.305565818678136
1710000038.1499636,100762,FI2010_LSE,99.5,5.148314773431273,99.55,7.828774479937971,99.45,5.354295269581833,99.6,5.975079661833474,99.4,9.86835546922314,99.64999999999999,3.8305149649513144,99.35,13.313232623646176,99.7,8.80543703763048,99.3,4.093268012253236,99.75,8.267725669644747,99.25,4.457610398683101,99.8,10.279382989894952,99.2,1.341873298653072,99.85,2.0291975994978886,99.15,1.687360267350492,99.89999999999999,1.7921392766719746,99.1,1.5781258474095852,99.95,3.453907805477417,99.05,9.872084137265515,100.0,0.3735404978716279
1710000038.1999636,100763,FI2010_LSE,99.45,3.7254518548073463,99.5,4.871752934592887,99.4,4.985357508846324,99.55,15.509989335533199,99.35000000000001,6.813535140391169,99.6,3.192466843741217,99.3,10.149544750168765,99.65,4.490539612017342,99.25,3.8434491182765704,99.7,3.614191248480291,99.2,2.5832106938721795,99.75,3.785035561602395,99.15,10.293479401109014,99.8,1.4585619427860363,99.10000000000001,23.39277562712598,99.85,15.278711298666424,99.05,1.6854508994073196,99.9,1.4258270677018396,99.0,1.17591226261982,99.95,7.955938735255606
1710000038.2499635,100764,FI2010_LSE,99.45,8.458983239303722,99.55,7.894807333841957,99.4,8.062366959596437,99.6,6.18878075013759,99.35000000000001,2.9659968613047303,99.64999999999999,7.238634214112842,99.3,10.247414007859126,99.7,6.235440827600369,99.25,5.1315162552663125,99.75,5.4343338212942065,99.2,11.457251077620102,99.8,14.670123192554124,99.15,1.2587091962057912,99.85,2.5917526263460795,99.10000000000001,0.8915123556586665,99.89999999999999,9.140108193800941,99.05,2.792683682447449,99.95,6.169375609470401,99.0,5.698017626966988,100.0,11.865237344679379
1710000038.2999635,100765,FI2010_LSE,99.5,12.096433686319873,99.55,5.609250045373396,99.45,7.077094839711124,99.6,7.035130512039245,99.4,7.741404471309275,99.64999999999999,6.31246341475714,99.35,3.6267495591212913,99.7,2.8919464523925753,99.3,6.654907960500574,99.75,5.647466974718029,99.25,3.0972713940978718,99.8,4.315524456206768,99.2,2.8054616784242263,99.85,10.059196460428907,99.15,1.2830674907170927,99.89999999999999,1.6268188922194766,99.1,17.545398197827023,99.95,0.9938175729726241,99.05,2.778365027678573,100.0,2.255317547522007
1710000038.3499634,100766,FI2010_LSE,99.45,4.612282799051893,99.5,4.222340947799269,99.4,5.936445173365794,99.55,6.851289759469909,99.35000000000001,7.816784944295964,99.6,6.128275846311093,99.3,5.74978989739789,99.65,3.465920964204348,99.25,3.938759428631796,99.7,9.9308823443355,99.2,9.383737090088555,99.75,5.5125660924332145,99.15,2.2047230634725876,99.8,4.049920431747376,99.10000000000001,5.24270251180683,99.85,3.1756296977715817,99.05,0.45083392985585824,99.9,2.9730306605198304,99.0,5.327981538349945,99.95,0.7833501539178627
1710000038.3999634,100767,FI2010_LSE,99.45,5.337513782387031,99.5,9.802545510398636,99.4,4.664515598446361,99.55,6.488120183728556,99.35000000000001,4.817822983028275,99.6,8.085075591593466,99.3,6.269502874719138,99.65,3.5879447064457155,99.25,2.7358803791282997,99.7,6.2163491439027005,99.2,14.785470855110061,99.75,1.7357528695193403,99.15,4.076311234547581,99.8,4.396232790165941,99.10000000000001,6.788533458253875,99.85,2.5330924586976726,99.05,1.3689141630634758,99.9,3.9551274714405604,99.0,0.9853994722626347,99.95,1.5361884959485934
1710000038.4499633,100768,FI2010_LSE,99.4,4.37872497867369,99.55000000000001,5.184477524011393,99.35000000000001,5.458444334198389,99.60000000000001,3.459114027063255,99.30000000000001,8.911889489978348,99.65,10.141248587240046,99.25,2.8837637468264754,99.70000000000002,7.11922094655591,99.2,2.0820204139527654,99.75000000000001,11.272813502993474,99.15,4.776108433813882,99.80000000000001,3.273853281909371,99.10000000000001,2.4644686078154887,99.85000000000001,2.373661468176692,99.05000000000001,2.074143714616388,99.9,1.584480623164034,99.0,2.044368038333678,99.95000000000002,1.446315595742297,98.95,2.746116248876544,100.00000000000001,0.31147405033936176
1710000038.4999633,100769,FI2010_LSE,99.4,7.082351043605945,99.55000000000001,12.8415380079822,99.35000000000001,9.248900732562603,99.60000000000001,5.074329429886589,99.30000000000001,2.9265117495143635,99.65,4.131230349421583,99.25,9.520712778722082,99.70000000000002,4.188111499076501,99.2,4.301547496579953,99.75000000000001,6.164987490631055,99.15,17.352765184716485,99.80000000000001,3.3970815573236743,99.10000000000001,9.094445017239263,99.85000000000001,4.244062591961123,99.05000000000001,8.257715496663394,99.9,7.129912730508826,99.0,4.724372093021317,99.95000000000002,1.1652977069452235,98.95,2.129520428880181,100.00000000000001,0.8632962912753752
1710000038.5499632,100770,FI2010_LSE,99.45,3.603539698363938,99.5,5.752991882392958,99.4,3.2787400497778068,99.55,7.272498842740113,99.35000000000001,5.7092728836064355,99.6,6.002157072895427,99.3,5.665703153906318,99.65,6.4776575644178,99.25,2.9978600716336454,99.7,2.4341346476592536,99.2,9.687534586789027,99.75,2.5402472380453935,99.15,7.509563420250362,99.8,1.6925539062072887,99.10000000000001,17.418063032714635,99.85,3.1019345930284743,99.05,3.018551522921666,99.9,3.4857506172527404,99.0,2.9151517074216824,99.95,2.5020324929179236
1710000038.5999632,100771,FI2010_LSE,99.45,7.546694666875453,99.5,4.783244031453691,99.4,7.428206302757345,99.55,12.419900637766638,99.35000000000001,5.954513025274522,99.6,10.76095495376095,99.3,6.032741682275811,99.65,5.429410262087629,99.25,9.930884081125594,99.7,5.723318499582652,99.2,10.469154020582867,99.75,3.3723768851023044,99.15,3.5123821098185948,99.8,1.8754475332858316,99.10000000000001,9.63981825077913,99.85,5.1467104079042185,99.05,0.981022704865116,99.9,1.3306044321881445,99.0,0.13711741800442437,99.95,0.2200613552348888
1710000038.6499631,100772,FI2010_LSE,99.35000000000001,6.565862952346601,99.4,5.786267528979618,99.30000000000001,5.063591275680703,99.45,6.115917231572652,99.25000000000001,8.279319480876902,99.5,5.577337818731285,99.2,4.241802286355541,99.55000000000001,4.959379639272905,99.15,4.988480972642613,99.60000000000001,4.008852503360963,99.10000000000001,2.7315825120302297,99.65,11.01981242424801,99.05000000000001,2.04915516469176,99.7,4.805570292433622,99.00000000000001,1.771360937751527,99.75,1.322438224567879,98.95,3.9434830086265773,99.80000000000001,14.263255213591219,98.9,4.101310332007815,99.85000000000001,1.379727480430714
1710000038.699963,100773,FI2010_LSE,99.4,18.156291452863776,99.45,4.478657665560556,99.35000000000001,3.4332254860858433,99.5,5.162595174156612,99.30000000000001,7.5035337313256,99.55,4.425130448446081,99.25,6.693838532085024,99.60000000000001,4.448446459223647,99.2,5.423655914740635,99.65,5.6346409845843315,99.15,2.610984343715522,99.7,11.615493940847204,99.10000000000001,4.333607797348005,99.75,8.51055376558271,99.05000000000001,7.397243906188757,99.8,1.5853498344471355,99.0,2.10887382720168,99.85000000000001,3.767290471658667,98.95,2.5177241587907933,99.9,9.258024019177684
1710000038.749963,100774,FI2010_LSE,99.30000000000001,6.263350644234249,99.4,3.674935985612565,99.25000000000001,4.952821843222736,99.45,3.3840248770127075,99.20000000000002,5.529270770698812,99.5,15.57581775521831,99.15,3.886234380717406,99.55000000000001,9.424035387783697,99.10000000000001,11.039328501705057,99.60000000000001,4.296167200588166,99.05000000000001,9.839141622716776,99.65,3.500420797546562,99.00000000000001,7.3511877454292955,99.7,3.656088045731773,98.95000000000002,13.791620402560335,99.75,0.9812873333356302,98.9,2.8111550413406525,99.80000000000001,3.0193394739987762,98.85000000000001,5.961386482615562,99.85000000000001,4.802163566733033
1710000038.799963,100775,FI2010_LSE,99.25,8.331669226237631,99.4,6.805590945456483,99.2,3.4786162280825033,99.45,21.550280457020452,99.15,3.7708905421576953,99.5,7.707276600037071,99.1,4.018177416882086,99.55000000000001,6.827038591356213,99.05,2.538280313630974,99.60000000000001,5.183732570386065,99.0,2.5401071358852887,99.65,2.5548381379386207,98.95,6.739188184862485,99.7,7.068838751645726,98.9,4.273072749159078,99.75,2.6973137994099012,98.85,6.211397518342952,99.80000000000001,1.1439071307341355,98.8,0.1,99.85000000000001,9.315637814311039
1710000038.849963,100776,FI2010_LSE,99.30000000000001,3.6015949749096845,99.35000000000001,18.42464898974727,99.25000000000001,6.585902545425364,99.4,3.4302778069416897,99.20000000000002,5.801883132562711,99.45,4.470110767468839,99.15,8.380165813617076,99.50000000000001,4.87348593032924,99.10000000000001,9.172366352852233,99.55000000000001,2.1228209026957487,99.05000000000001,2.171646704088685,99.60000000000001,2.759919808875236,99.00000000000001,11.121693421327944,99.65,1.3185787332300483,98.95000000000002,4.881215511904022,99.7,0.9120435144790415,98.9,12.342093035394397,99.75000000000001,22.19626139095877,98.85000000000001,8.81269228189054,99.80000000000001,15.559147371123114
1710000038.899963,100777,FI2010_LSE,99.25,9.193086181429164,99.3,4.374901569672082,99.2,4.945019027435912,99.35,5.532662925317027,99.15,8.461273616066212,99.39999999999999,12.53743102016375,99.1,11.27431831485889,99.45,5.228770371112477,99.05,3.925658041904069,99.5,8.133659025634973,99.0,1.8099090862037839,99.55,3.238424805451762,98.95,1.2822793379623438,99.6,7.413405825044879,98.9,5.326985028524177,99.64999999999999,1.4742119769609974,98.85,5.1951927565587415,99.7,1.3885412499977852,98.8,1.1653503092665922,99.75,1.822305937219211
1710000038.9499629,100778,FI2010_LSE,99.25,8.82495715698615,99.3,5.229692088146385,99.2,4.913199618002071,99.35,3.684547076064736,99.15,8.507926495850018,99.39999999999999,8.448400422582573,99.1,13.603487009993572,99.45,13.355841449414974,99.05,3.1739532732331894,99.5,4.242240903695017,99.0,11.972620031085333,99.55,4.553908496852824,98.95,3.021505896095279,99.6,3.6412031358748265,98.9,3.17126747211812,99.64999999999999,2.8875787192259805,98.85,12.378246717793308,99.7,5.429775747924332,98.8,9.307450744147992,99.75,13.440165020489632
1710000038.9999628,100779,FI2010_LSE,99.25,6.075997052852627,99.3,8.852037553509097,99.2,5.03012088514742,99.35,6.1592176811166475,99.15,5.038441121070802,99.39999999999999,4.4548030937668806,99.1,11.804527104668404,99.45,2.6005136581364448,99.05,7.936855756010891,99.5,4.79845187746659,99.0,3.756699422484673,99.55,1.624239112905384,98.95,2.47183011838929,99.6,31.428473267696756,98.9,4.978490413130738,99.64999999999999,6.73717496465982,98.85,11.438308299905119,99.7,4.34608753858912,98.8,5.189847198420058,99.75,4.068513118670897
1710000039.0499628,100780,FI2010_LSE,99.2,6.664584150063856,99.3,4.131666182056505,99.15,7.450606026562776,99.35,12.250599191577798,99.10000000000001,4.814491677963893,99.39999999999999,9.26211254310683,99.05,2.853873357411584,99.45,3.465045036468032,99.0,4.828061740167891,99.5,2.367360625796812,98.95,4.433316882040103,99.55,4.074303755257616,98.9,11.228295594385916,99.6,4.670025744291442,98.85000000000001,5.057663339319114,99.64999999999999,1.5974319037487188,98.8,1.8752805544865994,99.7,8.201858156532996,98.75,0.24372767759530428,99.75,3.234735418958798
1710000039.0999627,100781,FI2010_LSE,99.15,7.1500766896990235,99.25,6.160099481663142,99.10000000000001,3.393103793142319,99.3,10.662362075353954,99.05000000000001,20.052544339545843,99.35,3.959297405604043,99.0,3.482392848937857,99.4,14.357457791745787,98.95,2.578660562513331,99.45,6.580617166537986,98.9,3.7592335914957795,99.5,4.872258036611084,98.85000000000001,4.194318712305282,99.55,2.6521793817268464,98.80000000000001,2.675231071327998,99.6,2.000778266960235,98.75,1.282818871596561,99.65,2.987807915461214,98.7,0.14094368405545427,99.7,0.15734262280740285
1710000039.1499627,100782,FI2010_LSE,99.2,4.559246058572699,99.25,8.619022618492865,99.15,11.603397823778078,99.3,7.339847009352887,99.10000000000001,14.600041602740745,99.35,11.041932573010481,99.05,19.924680062426603,99.4,8.755721415011095,99.0,2.348737438607224,99.45,4.387593346631973,98.95,5.2429771910817635,99.5,1.817858597161982,98.9,10.548718076811564,99.55,7.1302084462691475,98.85000000000001,9.651379506838111,99.6,8.358544762515423,98.8,2.9007982289742547,99.65,8.036229334301966,98.75,5.253979835130664,99.7,4.3161135893008895
1710000039.1999626,100783,FI2010_LSE,99.2,4.124322730934917,99.25,6.74781198058721,99.15,3.413511260778258,99.3,7.878494339361424,99.10000000000001,3.0420541171417517,99.35,6.6744170832558805,99.05,10.187694968714876,99.4,6.959619911803463,99.0,3.1176856555102006,99.45,2.285702557670843,98.95,7.979835159126749,99.5,3.0527542692179583,98.9,3.6698891210733824,99.55,1.557264205852901,98.85000000000001,1.2320582904784414,99.6,2.8826928328063977,98.8,1.8832876736619384,99.65,3.5291182637431167,98.75,8.053982492453812,99.7,0.7855216000532484
1710000039.2499626,100784,FI2010_LSE,99.25,4.977764083959154,99.3,3.7010977675456,99.2,6.4266154715450785,99.35,9.288508024934526,99.15,4.775342968997808,99.39999999999999,3.0656313179663455,99.1,8.550394646491805,99.45,6.435749088512311,99.05,2.1722972665178863,99.5,8.014500481006813,99.0,5.403739185296444,99.55,1.6076436148366524,98.95,6.956553991766241,99.6,2.3964164300240327,98.9,5.350856965955708,99.64999999999999,1.2280080702244636,98.85,2.6789913441344413,99.7,7.194739425259332,98.8,3.7698883688641422,99.75,0.51506402848106
1710000039.2999625,100785,FI2010_LSE,99.30000000000001,4.983435993118939,99.35000000000001,5.168305988287086,99.25000000000001,4.089490341918272,99.4,16.797673720098235,99.20000000000002,3.2754200442227597,99.45,3.5808901614009834,99.15,13.333617185618028,99.50000000000001,3.0235502135306316,99.10000000000001,5.976335836307735,99.55000000000001,13.352135084400487,99.05000000000001,6.3305779564868665,99.60000000000001,7.995263538693806,99.00000000000001,6.882948236082681,99.65,3.6341509843376554,98.95000000000002,0.8641243551346045,99.7,10.92992921441383,98.9,2.967637856210667,99.75000000000001,1.227938281650422,98.85000000000001,2.186280061829566,99.80000000000001,2.4957639418405972
1710000039.3499625,100786,FI2010_LSE,99.30000000000001,14.610343729926834,99.35000000000001,3.8574533812787406,99.25000000000001,3.842703412251766,99.4,12.401590169152826,99.20000000000002,7.041303511736638,99.45,13.27530982987759,99.15,7.507113722553745,99.50000000000001,2.946819032771618,99.10000000000001,2.8223477369302037,99.55000000000001,9.10848534883949,99.05000000000001,8.027691123045594,99.60000000000001,7.966157624995292,99.00000000000001,4.5804536065150145,99.65,2.2295390034748586,98.95000000000002,1.634129265003184,99.7,0.8839165940605856,98.9,3.1333826656809523,99.75000000000001,3.704932440604632,98.85000000000001,2.065798969995845,99.80000000000001,0.22792090858770966
1710000039.3999624,100787,FI2010_LSE,99.25,4.898396298291817,99.3,4.925331363783018,99.2,6.440360079472545,99.35,7.050805432359036,99.15,4.068892453442975,99.39999999999999,10.530194515935902,99.1,3.866609887128222,99.45,3.3304824089518648,99.05,15.12738318399644,99.5,4.829325821711407,99.0,1.866080049502302,99.55,6.039189078428413,98.95,9.024755676039023,99.6,17.93815025287057,98.9,10.067758105747128,99.64999999999999,1.0988545902900608,98.85,1.5043842371812612,99.7,9.59112660101465,98.8,0.24964811839138185,99.75,4.95557640106315
1710000039.4499624,100788,FI2010_LSE,99.2,4.322540881302576,99.25,5.852919238629769,99.15,4.986466529306751,99.3,9.091964477970114,99.10000000000001,5.971893247316466,99.35,6.663333093902345,99.05,3.3729396398932083,99.4,8.289858963963908,99.0,2.15746670367743,99.45,8.662203122547414,98.95,1.769433934732135,99.5,4.182608805894428,98.9,8.952973419088673,99.55,1.5756406876363127,98.85000000000001,2.6010613053946816,99.6,2.382240420965728,98.8,0.7533295771212513,99.65,3.0379610635651813,98.75,0.29626066561766673,99.7,11.946183113202023
1710000039.4999623,100789,FI2010_LSE,99.25,3.7645972105261247,99.3,19.447629365829524,99.2,3.7047068697386214,99.35,4.753961872245887,99.15,11.322007499128441,99.39999999999999,9.257198564220976,99.1,7.420516359332623,99.45,2.806345229288973,99.05,2.9501560400577906,99.5,7.6428055820974805,99.0,2.269970770026716,99.55,9.78814070454645,98.95,6.259154551419516,99.6,2.0999510161259183,98.9,13.763480260779028,99.64999999999999,2.3358661840686628,98.85,4.00070411142172,99.7,7.7076014461255005,98.8,10.75378298702318,99.75,4.933367653377561
1710000039.5499623,100790,FI2010_LSE,99.15,8.342992809868345,99.30000000000001,6.158087641344299,99.10000000000001,3.499665734272653,99.35000000000001,6.2590637130836635,99.05000000000001,12.468566425054405,99.4,3.2313176703794655,99.0,3.0397000736523854,99.45000000000002,2.5318998000053505,98.95,11.728830568109936,99.50000000000001,9.132235015930245,98.9,6.414792949618148,99.55000000000001,3.5594049217868333,98.85000000000001,5.571405225433485,99.60000000000001,6.521270910330974,98.80000000000001,0.8851979762730194,99.65,4.5454507393723995,98.75,0.5424685384635539,99.70000000000002,2.018936738030947,98.7,4.8413671819257775,99.75000000000001,4.461131180860479
1710000039.5999622,100791,FI2010_LSE,99.25,5.043297564737179,99.3,5.623576045120215,99.2,8.717286745982378,99.35,4.470259866096926,99.15,13.401173123441689,99.39999999999999,8.427911436389307,99.1,6.303573370244981,99.45,4.473645347239493,99.05,3.4651659324698665,99.5,2.004649955144139,99.0,7.243808580207386,99.55,5.075083275726578,98.95,2.635572714304972,99.6,3.0510565876837097,98.9,10.39907574172733,99.64999999999999,2.6412571662522564,98.85,3.752978586162492,99.7,4.538694635247627,98.8,2.029585596041449,99.75,4.087544780988
1710000039.6499622,100792,FI2010_LSE,99.30000000000001,9.363239618821423,99.35000000000001,3.638949496316507,99.25000000000001,4.334260845044794,99.4,9.427233118428552,99.20000000000002,3.727518074102525,99.45,3.7505439737398434,99.15,3.496294928370977,99.50000000000001,3.438985745548389,99.10000000000001,4.887064215809126,99.55000000000001,4.325855754077251,99.05000000000001,14.36723046241396,99.60000000000001,18.56043614887143,99.00000000000001,4.244533974814098,99.65,4.892337131971402,98.95000000000002,1.6139191514165376,99.7,8.147802908193116,98.9,2.7466568877271613,99.75000000000001,0.9738019219407325,98.85000000000001,0.5454180209575997,99.80000000000001,0.1380820979813719
1710000039.6999621,100793,FI2010_LSE,99.25,4.891607919688345,99.3,6.240523685464498,99.2,4.420180065892074,99.35,3.545775594530084,99.15,6.7713640245971884,99.39999999999999,3.2657034778361185,99.1,2.416397944379846,99.45,7.1505065555662295,99.05,2.3538061939527775,99.5,26.753896234089847,99.0,2.5192866468130486,99.55,1.972176874083182,98.95,4.891026672434137,99.6,13.635138184398318,98.9,5.597244853693112,99.64999999999999,14.086993014944834,98.85,8.134102222403213,99.7,3.525914073255542,98.8,10.014016460267099,99.75,3.867779642764678
1710000039.749962,100794,FI2010_LSE,99.30000000000001,4.139276725967254,99.35000000000001,5.023419814669721,99.25000000000001,6.366530646689618,99.4,6.337091030458944,99.20000000000002,11.693263360332205,99.45,3.5018211847053444,99.15,3.830246655235417,99.50000000000001,2.573978543972875,99.10000000000001,5.337713769803834,99.55000000000001,3.6926315837754706,99.05000000000001,4.459466603628109,99.60000000000001,13.734709006734874,99.00000000000001,1.4238278755128408,99.65,15.148937223692336,98.95000000000002,3.3443967404443766,99.7,1.254312442166231,98.9,7.71052282711511,99.75000000000001,18.940669757387084,98.85000000000001,2.06125652980018,99.80000000000001,5.561008745793157
1710000039.799962,100795,FI2010_LSE,99.25,6.28655259348127,99.35,3.954510797655004,99.2,12.49847754282241,99.39999999999999,14.377088259360008,99.15,7.494788484986003,99.44999999999999,4.869291223675589,99.1,7.702764547336432,99.5,3.7375455796633483,99.05,10.447957900297988,99.55,8.715899666575197,99.0,8.50833464869621,99.6,2.3865369988934435,98.95,1.210716289169856,99.64999999999999,4.111720565603084,98.9,1.8305104175594062,99.69999999999999,2.005448390240578,98.85,5.9581897735264,99.75,2.034861571035252,98.8,3.7403410623817543,99.8,1.7321969727119264
1710000039.849962,100796,FI2010_LSE,99.25,15.819085981846994,99.3,13.798438086254667,99.2,9.515330264765668,99.35,5.965862923997328,99.15,6.061959357360369,99.39999999999999,3.2987539333854317,99.1,10.067979418089884,99.45,5.045878959236917,99.05,3.2178082124566627,99.5,2.5265094417077574,99.0,6.9558058252511135,99.55,1.62745231361998,98.95,4.058177839911125,99.6,1.7872020329895077,98.9,2.4994481715235795,99.64999999999999,5.274525206221838,98.85,3.385003235287234,99.7,4.658641829054517,98.8,0.36541441006775766,99.75,1.976620345556134
1710000039.899962,100797,FI2010_LSE,99.25,5.419068613187026,99.3,7.360824891196639,99.2,7.068649878278487,99.35,5.4600851126356496,99.15,2.855618600428014,99.39999999999999,11.865466071864402,99.1,4.970135279267113,99.45,4.758768445037514,99.05,2.0238349498829704,99.5,2.669334439406626,99.0,2.732117128280616,99.55,3.016860987943197,98.95,2.6842130828758264,99.6,2.5007184358022414,98.9,6.064333828318014,99.64999999999999,2.150456420445895,98.85,2.9902013430201992,99.7,3.4909814343985657,98.8,5.004844589747549,99.75,1.7391041285996536
1710000039.949962,100798,FI2010_LSE,99.25,6.809996970132382,99.3,4.715029997242668,99.2,3.513576624960229,99.35,7.118113192726136,99.15,5.6223508401387186,99.39999999999999,10.148160709472181,99.1,7.7990686077856815,99.45,3.4935165758851565,99.05,2.12331901058733,99.5,4.690103794726305,99.0,4.640864875967394,99.55,10.975425335423173,98.95,1.4721786311288614,99.6,13.080274065582717,98.9,1.9833739284949292,99.64999999999999,16.2733780087895,98.85,6.1972228931812605,99.7,0.847049764457191,98.8,1.363028502607703,99.75,3.5410272968004852
1710000039.9999619,100799,FI2010_LSE,99.25,11.672018398933254,99.3,8.179098149079374,99.2,6.391653626588948,99.35,10.920125215400438,99.15,3.479299923079128,99.39999999999999,4.078536828409913,99.1,6.130567195574647,99.45,9.302757918231046,99.05,9.562627551275412,99.5,3.3900602443009564,99.0,1.7088643683509186,99.55,4.647673448895603,98.95,5.328569644515721,99.6,2.305148520875797,98.9,7.896107150810007,99.64999999999999,6.847521826365506,98.85,5.330336320727748,99.7,6.027446123431746,98.8,1.0978620163492514,99.75,10.175835141103285
1710000040.0499618,100800,FI2010_LSE,99.30000000000001,3.87556035892468,99.35000000000001,6.942980800408227,99.25000000000001,4.571453699454242,99.4,7.453912194945825,99.20000000000002,6.664662594826433,99.45,4.361562998460312,99.15,9.021284136299446,99.50000000000001,3.3373571592249602,99.10000000000001,17.203437848773863,99.55000000000001,10.794264428660217,99.05000000000001,7.6952168042173525,99.60000000000001,4.040023217681027,99.00000000000001,4.7147882013581,99.65,1.809442772470149,98.95000000000002,26.98403897491036,99.7,2.5510909020725396,98.9,0.4164949221085053,99.75000000000001,7.6721141512224875,98.85000000000001,0.2807442839869376,99.80000000000001,11.276088234520435
1710000040.0999618,100801,FI2010_LSE,99.35000000000001,7.4054689778719505,99.4,4.583462345540849,99.30000000000001,25.87703357880129,99.45,4.24925210971018,99.25000000000001,4.930893321650644,99.5,3.3112283066366404,99.2,6.55568176491761,99.55000000000001,2.7705528237963915,99.15,5.094804514016948,99.60000000000001,7.694593010554307,99.10000000000001,5.019961297253972,99.65,6.279194372642976,99.05000000000001,7.3062307632327865,99.7,10.402960332336907,99.00000000000001,5.666836786658413,99.75,4.3850498966617355,98.95,11.150917943233106,99.80000000000001,5.259647918675638,98.9,5.2138084186243585,99.85000000000001,13.090689953823777
1710000040.1499617,100802,FI2010_LSE,99.30000000000001,4.114435101204486,99.4,5.1631900233640895,99.25000000000001,3.774662741683116,99.45,4.266272353781159,99.20000000000002,20.414724353053025,99.5,6.321209441471449,99.15,13.618162641117152,99.55000000000001,2.9411833347157685,99.10000000000001,2.642473698466523,99.60000000000001,9.194120756341388,99.05000000000001,2.6732595390356817,99.65,11.560492301965757,99.00000000000001,14.405536774674673,99.7,9.728358201631565,98.95000000000002,1.1453257809093011,99.75,0.8180292485303208,98.9,0.6223476750741519,99.80000000000001,2.10547067962179,98.85000000000001,1.1777393058245356,99.85000000000001,5.167281293891123
1710000040.1999617,100803,FI2010_LSE,99.25,6.329773529063914,99.35,6.536340975327709,99.2,10.227340951819972,99.39999999999999,3.3398624131899504,99.15,6.071723497985555,99.44999999999999,5.680629636546064,99.1,4.529325004265296,99.5,3.609726292891052,99.05,6.6481233745145065,99.55,2.660103596464859,99.0,6.242209256635611,99.6,6.012827667629747,98.95,1.7566891627658334,99.64999999999999,6.837470809987452,98.9,2.227376476644592,99.69999999999999,1.011942225308836,98.85,6.701389045729436,99.75,0.5394421511217357,98.8,2.0041223850923022,99.8,2.7079855833514634
1710000040.2499616,100804,FI2010_LSE,99.25,8.894328406798358,99.3,4.5410259899705645,99.2,4.097929647537156,99.35,8.361470497086582,99.15,11.642215806746577,99.39999999999999,8.515808251242893,99.1,3.102150730592151,99.45,6.909070784466603,99.05,10.108393153527924,99.5,5.927322653622581,99.0,2.8733313913359724,99.55,10.619839580542207,98.95,2.5828441392746253,99.6,4.88600783095173,98.9,5.264241866303686,99.64999999999999,2.2613864114517,98.85,6.882516292870319,99.7,4.210585632071605,98.8,11.38720655945713,99.75,20.23836975228483
1710000040.2999616,100805,FI2010_LSE,99.25,4.921782073800092,99.3,10.516067343717856,99.2,5.471611162892133,99.35,9.912000823222044,99.15,9.60479309561321,99.39999999999999,3.5961538207056156,99.1,13.845757615234163,99.45,2.412179581343239,99.05,3.5820871486035673,99.5,7.8151784666291375,99.0,8.26874876718943,99.55,10.716416245913335,98.95,1.7507126432155826,99.6,7.7274219409231355,98.9,15.745543476206498,99.64999999999999,1.8783881724200495,98.85,4.9185936468009155,99.7,6.4023191433433855,98.8,4.493567301106124,99.75,0.9491503626090856
1710000040.3499615,100806,FI2010_LSE,99.2,11.816735295951293,99.3,6.0248137919683575,99.15,7.927972004824844,99.35,7.128645781765382,99.10000000000001,3.511783004411449,99.39999999999999,4.5194072886833405,99.05,2.430627807019124,99.45,8.54361854582239,99.0,14.423701576434732,99.5,4.2655361218896335,98.95,41.07347928545201,99.55,4.7549040987408135,98.9,3.6421587924624474,99.6,5.743039006492077,98.85000000000001,5.247591297225059,99.64999999999999,2.322005689237831,98.8,7.034475753751987,99.7,8.696215824326002,98.75,4.571342721716866,99.75,2.9516134949509647
1710000040.3999615,100807,FI2010_LSE,99.2,5.377974107599171,99.3,4.351907683558476,99.15,8.450858943768706,99.35,3.4193167268471694,99.10000000000001,2.9300270196315195,99.39999999999999,4.8626418386434,99.05,11.004924566778035,99.45,13.817461674601187,99.0,4.424553896603852,99.5,2.9857379489926643,98.95,5.670801434915026,99.55,10.90294590754989,98.9,16.621680177984466,99.6,3.8944867763910365,98.85000000000001,1.760155262416073,99.64999999999999,6.391790707373131,98.8,5.904164969551047,99.7,15.430079057156659,98.75,23.948083764134388,99.75,0.1
1710000040.4499614,100808,FI2010_LSE,99.2,6.913615223823841,99.3,3.847198704139647,99.15,9.12952665131722,99.35,4.008422850592249,99.10000000000001,3.5626492618474734,99.39999999999999,8.147555496362047,99.05,4.439314029120522,99.45,4.5466922655057616,99.0,4.012776086515741,99.5,4.2031129552806465,98.95,4.036057701628716,99.55,1.7386152247924047,98.9,5.0584982500772435,99.6,3.286106106657815,98.85000000000001,8.692083817737458,99.64999999999999,1.7761950548079213,98.8,6.068474409960683,99.7,1.725074722435163,98.75,0.26300283700553906,99.75,0.1
1710000040.4999614,100809,FI2010_LSE,99.15,8.595570138570528,99.2,4.8606330231097585,99.10000000000001,3.7921868737075566,99.25,3.5926936435130634,99.05000000000001,2.9557302478191856,99.3,8.385476836638661,99.0,10.939924454739801,99.35000000000001,4.029197680966644,98.95,2.6887111478088,99.4,4.194424573100097,98.9,4.265834530078763,99.45,2.364892677782322,98.85000000000001,3.6384504150522736,99.5,2.1377291076886134,98.80000000000001,4.361259278541946,99.55,2.5752103604833305,98.75,10.081453373599711,99.60000000000001,11.083628940051918,98.7,0.5266089426817984,99.65,0.7448171074591582
1710000040.5499613,100810,FI2010_LSE,99.2,5.248131717259009,99.25,10.3473714774615,99.15,4.183137008234629,99.3,3.3306091759333127,99.10000000000001,4.265199495796166,99.35,4.7945737647467865,99.05,4.452878568876226,99.4,15.096660805350803,99.0,11.713606632296523,99.45,3.484229376887531,98.95,1.9437261035771995,99.5,6.053162316969521,98.9,5.7950065457085405,99.55,10.34233469043561,98.85000000000001,4.915709484074433,99.6,12.620947947179767,98.8,0.9245200920623737,99.65,0.40688603819729907,98.75,6.876548994160008,99.7,0.3615475017717466
1710000040.5999613,100811,FI2010_LSE,99.10000000000001,13.571239196316236,99.2,6.070543492235942,99.05000000000001,8.171597781494036,99.25,18.193006915203185,99.00000000000001,8.010403598557367,99.3,3.4982164565794074,98.95,4.876961464415558,99.35000000000001,6.667596281719472,98.9,4.104075126044776,99.4,3.7105791370216616,98.85000000000001,3.40016626080146,99.45,2.7591214364766605,98.80000000000001,7.93401457749433,99.5,1.4461931638689598,98.75000000000001,2.0107219615210106,99.55,3.3011381592710727,98.7,4.23257423157667,99.60000000000001,8.491081857499696,98.65,3.7116584116291733,99.65,6.921592370304443
1710000040.6499612,100812,FI2010_LSE,99.15,3.9920405373782,99.2,3.900273189079561,99.10000000000001,5.4997448212537225,99.25,3.706692587762068,99.05000000000001,3.8486321823951606,99.3,3.7033657529911688,99.0,2.908869201293549,99.35000000000001,8.894388548973831,98.95,3.746025632323323,99.4,5.482816672797104,98.9,5.243090023589593,99.45,2.030419708014042,98.85000000000001,3.7323501341080307,99.5,2.505473714761669,98.80000000000001,7.878407948890227,99.55,5.009714150790756,98.75,3.931726036245724,99.60000000000001,3.951823439607465,98.7,4.009782435895783,99.65,11.007816825092709
1710000040.6999612,100813,FI2010_LSE,99.05000000000001,5.963628810280526,99.20000000000002,5.240767102288384,99.00000000000001,5.727421975904885,99.25000000000001,4.006556882839728,98.95000000000002,7.85291873155837,99.30000000000001,8.07867936175868,98.9,14.377486151761586,99.35000000000002,4.233947400204831,98.85000000000001,9.160210389495738,99.40000000000002,13.374065032175075,98.80000000000001,5.5343607075976955,99.45000000000002,2.0156073079383976,98.75000000000001,1.8545093517358953,99.50000000000001,7.153769620053659,98.70000000000002,2.1061319232115867,99.55000000000001,8.54826022354095,98.65,6.167458451098977,99.60000000000002,4.431785478923137,98.60000000000001,4.625273207708864,99.65000000000002,4.516057071310862
1710000040.7499611,100814,FI2010_LSE,99.10000000000001,5.178552668575338,99.15,5.466290567779607,99.05000000000001,5.859951892831717,99.2,9.549929541279294,99.00000000000001,5.597074953960126,99.25,4.511085577942129,98.95,3.7049223351171316,99.30000000000001,4.689143106663044,98.9,9.445470191145464,99.35000000000001,4.291464914810332,98.85000000000001,9.34805148559983,99.4,5.176814947529246,98.80000000000001,5.429157886864908,99.45,3.6050940230940682,98.75000000000001,10.091749360010098,99.5,6.999311675307505,98.7,1.8266517020337116,99.55000000000001,2.603844706332667,98.65,0.1,99.60000000000001,1.956810701213924
1710000040.799961,100815,FI2010_LSE,99.10000000000001,5.54524829750001,99.15,7.709442943695217,99.05000000000001,4.838711960687338,99.2,3.6292542294644767,99.00000000000001,4.843790143613953,99.25,6.682796573212502,98.95,3.7822577071065875,99.30000000000001,12.417387242566107,98.9,4.783565236882547,99.35000000000001,5.187948037458649,98.85000000000001,6.870259195484643,99.4,15.661599063605475,98.80000000000001,4.351980246243122,99.45,1.4399586687552977,98.75000000000001,13.43364001576384,99.5,17.343277816031915,98.7,1.4966799126601829,99.55000000000001,2.18540602556654,98.65,3.5919588630960058,99.60000000000001,2.1775624658936716
1710000040.849961,100816,FI2010_LSE,99.15,10.931924321341075,99.2,4.345355131099944,99.10000000000001,5.473818566472966,99.25,4.581194192575142,99.05000000000001,7.666068117998094,99.3,8.106922462242194,99.0,4.577174912084928,99.35000000000001,8.703606488652007,98.95,5.45321839483181,99.4,2.1973907740931575,98.9,4.843954975582889,99.45,4.787432774824936,98.85000000000001,11.453740653311591,99.5,2.4340285630463843,98.80000000000001,2.2362707255867322,99.55,2.503980407293838,98.75,4.979540079480333,99.60000000000001,0.5165438188358753,98.7,3.4772890884064074,99.65,2.0895677401348545
1710000040.899961,100817,FI2010_LSE,99.10000000000001,4.921156062595761,99.25000000000001,4.547507783839084,99.05000000000001,6.589294969905103,99.30000000000001,10.911982900203473,99.00000000000001,7.06862698110378,99.35000000000001,4.437486668055363,98.95,5.468081229609382,99.40000000000002,4.969947192331429,98.9,2.6616866288941847,99.45000000000002,7.948988358608087,98.85000000000001,7.546681359524678,99.50000000000001,5.586938964290766,98.80000000000001,5.032852132662709,99.55000000000001,7.639663010927364,98.75000000000001,5.401621181041265,99.60000000000001,3.0405718946140556,98.7,0.8600690228051229,99.65000000000002,13.075395428161338,98.65,0.16012059535446757,99.70000000000002,2.564961670234341
1710000040.949961,100818,FI2010_LSE,99.10000000000001,4.7457681460877765,99.2,19.69438499077786,99.05000000000001,5.549483780817644,99.25,13.396297458284554,99.00000000000001,7.823831428512484,99.3,10.994312160711623,98.95,4.251971147596225,99.35000000000001,2.8557695245043333,98.9,3.7389965798679494,99.4,5.382155034272596,98.85000000000001,4.809111487070501,99.45,2.9904978538080496,98.80000000000001,1.4285925503405186,99.5,1.7564497384557178,98.75000000000001,1.9914793568989315,99.55,8.8793925177902,98.7,8.625300917502347,99.60000000000001,5.293131344811713,98.65,8.21198274740975,99.65,0.317158186509981
1710000040.999961,100819,FI2010_LSE,99.15,6.399116617592387,99.2,3.902130835787228,99.10000000000001,4.582965557163884,99.25,17.102858652627358,99.05000000000001,8.749210920146597,99.3,4.401041884688486,99.0,7.322691460443633,99.35000000000001,3.5579456078422407,98.95,3.1389101551787744,99.4,2.0885246959232497,98.9,1.627733683753776,99.45,2.1553314767687684,98.85000000000001,7.830644378572658,99.5,7.55424967712219,98.80000000000001,1.8306430822655977,99.55,0.8045294446503086,98.75,1.9455968646459914,99.60000000000001,5.572494213222434,98.7,3.5822698488003284,99.65,0.6735701149121581
1710000041.0499609,100820,FI2010_LSE,99.2,3.798663649707529,99.25,4.682443028942553,99.15,3.590092856903321,99.3,6.478125570756269,99.10000000000001,3.609002147813664,99.35,4.019560186681338,99.05,3.0053885517599355,99.4,11.440511437448015,99.0,2.2817446367081695,99.45,5.226012200220387,98.95,9.04538874350715,99.5,1.9813529761012894,98.9,4.417258690457398,99.55,5.707959131821919,98.85000000000001,1.8592427384270558,99.6,2.0886653042543393,98.8,9.171882381706181,99.65,1.353961302204598,98.75,1.0176257556895874,99.7,5.761705085380021
1710000041.0999608,100821,FI2010_LSE,99.25,10.684262082855124,99.3,3.62024509189148,99.2,4.364800019229708,99.35,4.341896379960234,99.15,3.237162620290475,99.39999999999999,8.8744193850456,99.1,9.208755740166687,99.45,8.099531379376625,99.05,16.80651262321015,99.5,4.295446298719832,99.0,12.095611574425158,99.55,2.2170749961002123,98.95,4.369545139783023,99.6,5.100968955149897,98.9,1.9521742770510726,99.64999999999999,7.392444846636148,98.85,1.6179431191416085,99.7,11.510167833373695,98.8,5.134154277304804,99.75,1.9864468233218593
1710000041.1499608,100822,FI2010_LSE,99.30000000000001,6.206012058135748,99.35000000000001,8.162390247488325,99.25000000000001,4.2732877668752165,99.4,3.3972569308964173,99.20000000000002,15.137978859526946,99.45,17.409883131714338,99.15,3.327374524698716,99.50000000000001,2.425257030535144,99.10000000000001,9.263546891968664,99.55000000000001,4.944056636285115,99.05000000000001,3.338971801545419,99.60000000000001,3.4554213038923622,99.00000000000001,2.0947021680685354,99.65,19.084395112425632,98.95000000000002,4.160661272217857,99.7,16.697824565426814,98.9,6.590743531207674,99.75000000000001,0.48757248756637395,98.85000000000001,0.1,99.80000000000001,0.6942774908716028
1710000041.1999607,100823,FI2010_LSE,99.25,8.889045090850715,99.3,6.233636777542667,99.2,13.26416048074513,99.35,7.342929263034934,99.15,3.689644283307043,99.39999999999999,6.276278066938868,99.1,4.1152137717049,99.45,3.9615004243307457,99.05,3.011716025531139,99.5,3.160759705384245,99.0,3.1894539244054325,99.55,4.147681858590261,98.95,13.298123883179777,99.6,8.516711729841337,98.9,1.7400525834604155,99.64999999999999,2.1232689109643967,98.85,2.3884220168093755,99.7,0.8327723692137599,98.8,1.0965847797903676,99.75,1.579477947479313
1710000041.2499607,100824,FI2010_LSE,99.30000000000001,7.239562586393209,99.35000000000001,4.991381230003975,99.25000000000001,10.9213762683179,99.4,7.774572734513724,99.20000000000002,6.836126051664172,99.45,7.873259324690803,99.15,3.0748348107105423,99.50000000000001,2.503202533993562,99.10000000000001,2.06864872192444,99.55000000000001,3.464088189665344,99.05000000000001,6.381025730088183,99.60000000000001,3.4169968053021242,99.00000000000001,3.5729204636391216,99.65,4.81755031925209,98.95000000000002,7.528915698748541,99.7,10.876716677782527,98.9,12.244877641735226,99.75000000000001,12.333187773338356,98.85000000000001,3.163567104296576,99.80000000000001,4.763234449735474
1710000041.2999606,100825,FI2010_LSE,99.30000000000001,9.74534835185332,99.35000000000001,3.6366544314237763,99.25000000000001,3.811333365455741,99.4,6.315275496431721,99.20000000000002,4.235865343958027,99.45,14.13248510989286,99.15,4.1029003454500375,99.50000000000001,4.070239466949001,99.10000000000001,4.673904705904132,99.55000000000001,2.556599508302178,99.05000000000001,21.003380857563833,99.60000000000001,6.504172778314841,99.00000000000001,2.448477876629622,99.65,2.8813115806192453,98.95000000000002,2.9524175904008327,99.7,10.88190913467565,98.9,5.855806449467761,99.75000000000001,4.577492127233025,98.85000000000001,2.5420150036619518,99.80000000000001,3.779607174479141
1710000041.3499606,100826,FI2010_LSE,99.30000000000001,4.2636048945790135,99.35000000000001,13.68355526845177,99.25000000000001,3.832790691765429,99.4,6.00794598062193,99.20000000000002,20.716843900675975,99.45,3.7844741870929095,99.15,6.848493190270879,99.50000000000001,2.5776221673376787,99.10000000000001,4.200237727791644,99.55000000000001,2.5207279507092366,99.05000000000001,6.206420999986662,99.60000000000001,2.86163944671896,99.00000000000001,5.003000902344088,99.65,2.962885726063755,98.95000000000002,5.414563951233588,99.7,1.0329134764696244,98.9,2.383656014028209,99.75000000000001,0.9826334287638097,98.85000000000001,3.1412110492563614,99.80000000000001,4.229387343114451
1710000041.3999605,100827,FI2010_LSE,99.30000000000001,10.180427253033713,99.35000000000001,4.000931810588077,99.25000000000001,14.003076806413436,99.4,11.410431219341888,99.20000000000002,3.256987287887805,99.45,3.1150052500545926,99.15,9.147179178403853,99.50000000000001,45.397812634083465,99.10000000000001,2.4780111100981967,99.55000000000001,11.193559506089636,99.05000000000001,1.9534403429783183,99.60000000000001,2.253617903843858,99.00000000000001,1.4077911226097475,99.65,1.6869248235827636,98.95000000000002,4.287266668122115,99.7,4.378693953779223,98.9,4.960895482209649,99.75000000000001,3.554409966380141,98.85000000000001,5.45443644525819,99.80000000000001,4.239701792196981
1710000041.4499605,100828,FI2010_LSE,99.25,6.766343155670647,99.3,8.374985249847482,99.2,3.236775818549984,99.35,4.121549961708466,99.15,5.863464738918497,99.39999999999999,7.1531992149677635,99.1,6.396083506053763,99.45,8.583234409130158,99.05,7.16736148404605,99.5,2.3464067010688505,99.0,3.027010095714428,99.55,4.945357781011433,98.95,4.4273266841479995,99.6,3.096351691640665,98.9,8.11573232406106,99.64999999999999,1.0001391289245123,98.85,1.7821911004923319,99.7,21.27077060613774,98.8,2.528214258888298,99.75,5.121229759690521
1710000041.4999604,100829,FI2010_LSE,99.25,9.052596694361892,99.35,4.679731318736801,99.2,8.759519309911559,99.39999999999999,5.656540835973496,99.15,8.016316193482053,99.44999999999999,3.7802771339153303,99.1,5.609816318629091,99.5,7.1825941943127525,99.05,4.02004635350745,99.55,3.014524030745707,99.0,2.623628249775523,99.6,1.9300235708024878,98.95,1.2216639986569997,99.64999999999999,5.464153203769791,98.9,1.3305926352557973,99.69999999999999,1.0076173570662288,98.85,2.6046825045296464,99.75,5.336081985143439,98.8,2.9625166211605696,99.8,5.595057537015745
1710000041.5499604,100830,FI2010_LSE,99.25,10.942097774952472,99.3,6.5759728382230564,99.2,8.05413852590415,99.35,6.477354698070743,99.15,5.629776057743264,99.39999999999999,6.632130723875617,99.1,2.4870320961660455,99.45,6.98319756963345,99.05,2.4882560551039385,99.5,2.887225220464041,99.0,5.804792388058464,99.55,2.9196718378896778,98.95,7.851450306480705,99.6,9.709224044922127,98.9,2.4726877725935936,99.64999999999999,3.5289464318888175,98.85,5.965306408315001,99.7,2.135652563478063,98.8,2.7023450121862553,99.75,9.194690379614789
1710000041.5999603,100831,FI2010_LSE,99.30000000000001,5.53558249986644,99.35000000000001,5.783351182857464,99.25000000000001,4.69541560723999,99.4,6.685786919423304,99.20000000000002,4.322549727416545,99.45,5.913016477979454,99.15,13.13483453427113,99.50000000000001,7.57103839554081,99.10000000000001,2.588477667483948,99.55000000000001,3.6902431011025874,99.05000000000001,8.543046020643555,99.60000000000001,4.881821386455048,99.00000000000001,3.1180387406108023,99.65,2.192240264365905,98.95000000000002,16.685035907418694,99.7,4.809997760451402,98.9,1.5404328733322101,99.75000000000001,12.142770458410242,98.85000000000001,8.493786872907977,99.80000000000001,9.161553488088307
1710000041.6499603,100832,FI2010_LSE,99.30000000000001,11.609355342574133,99.4,6.325011232908819,99.25000000000001,7.330204126746284,99.45,11.47173608856718,99.20000000000002,6.806724626949219,99.5,6.2823344796014915,99.15,5.0049866308593165,99.55000000000001,6.635945474617779,99.10000000000001,10.002472372575179,99.60000000000001,9.096492116269157,99.05000000000001,12.52276939102764,99.65,3.5021482355590177,99.00000000000001,1.8346612455924163,99.7,4.806016904675452,98.95000000000002,3.7330885489986665,99.75,2.191348084253633,98.9,3.0427493893016644,99.80000000000001,1.5148558378004573,98.85000000000001,1.3688542748428096,99.85000000000001,4.166856206928061
1710000041.6999602,100833,FI2010_LSE,99.4,9.880749649747282,99.45,10.825776559960293,99.35000000000001,5.055094244387417,99.5,4.298184779056394,99.30000000000001,3.161541127893377,99.55,9.718700612451206,99.25,3.282448842496526,99.60000000000001,4.980467665391086,99.2,4.2215214965203565,99.65,2.715111522196171,99.15,11.537924285179939,99.7,3.0601887216621737,99.10000000000001,3.287361437500796,99.75,7.896587590737085,99.05000000000001,3.573457178527348,99.8,6.356353816330502,99.0,4.409434978137951,99.85000000000001,2.8455478182113048,98.95,5.565004810149929,99.9,4.918991304996406
1710000041.7499602,100834,FI2010_LSE,99.45,6.369456123747817,99.55,9.11889614922577,99.4,5.549456265775675,99.6,7.095853916245907,99.35000000000001,4.195620096334331,99.64999999999999,8.471146760988415,99.3,5.862568724854722,99.7,5.73162989524164,99.25,4.995422336918397,99.75,2.656256862512395,99.2,7.032372710867694,99.8,5.426193199639856,99.15,1.38930216824541,99.85,1.8208771736145561,99.10000000000001,1.5698258023672373,99.89999999999999,4.012512550077584,99.05,10.63611985915837,99.95,4.846596814857957,99.0,1.5551463638254572,100.0,1.1339980453656398
1710000041.7999601,100835,FI2010_LSE,99.5,3.7907888002974457,99.55,4.373891928915503,99.45,11.082032311151913,99.6,10.488647383504338,99.4,5.887361436256091,99.64999999999999,4.136626590891512,99.35,5.201252386163875,99.7,7.959774356512467,99.3,6.827118685549811,99.75,13.243406005220589,99.25,9.832213645897138,99.8,2.1226757212160603,99.2,4.85834582373271,99.85,1.4290290770951422,99.15,6.623350421134742,99.89999999999999,6.64066130353201,99.1,3.0642634578629444,99.95,2.834275381857459,99.05,2.528934964001726,100.0,16.148080421773077
1710000041.84996,100836,FI2010_LSE,99.45,6.510195032461027,99.5,4.621517680949043,99.4,8.348727488821414,99.55,3.2087110602730933,99.35000000000001,11.292535195927446,99.6,5.742244202465986,99.3,3.114414039549328,99.65,4.858215411504784,99.25,2.8124318875964462,99.7,3.9736227401414927,99.2,3.3363897255600223,99.75,3.7287328781850735,99.15,4.406995453197123,99.8,16.976453466839278,99.10000000000001,12.315234684028702,99.85,3.3478055776932685,99.05,6.521601910818715,99.9,1.4699046077827091,99.0,4.396514803020573,99.95,0.40336058526663715
1710000041.89996,100837,FI2010_LSE,99.45,4.784641881985857,99.5,13.173068531694534,99.4,4.210705274964022,99.55,5.2842245343675796,99.35000000000001,4.161429867927057,99.6,4.728876885450336,99.3,6.558928250351425,99.65,8.567080066320681,99.25,11.388211308864875,99.7,6.985511072878271,99.2,6.258379163726669,99.75,12.553097131991695,99.15,4.147014943000022,99.8,10.857366379350175,99.10000000000001,6.6211312169577115,99.85,3.054740457967168,99.05,4.430898240960887,99.9,7.886486633621545,99.0,1.3320257918072782,99.95,5.501971613042014
1710000041.94996,100838,FI2010_LSE,99.45,9.75318438547101,99.5,14.546784260277665,99.4,4.503964712350832,99.55,6.648790369485441,99.35000000000001,4.617020850459423,99.6,18.858071945636105,99.3,2.9402739820098382,99.65,6.971714399724997,99.25,4.036448220589735,99.7,4.191506638029448,99.2,4.140958238360105,99.75,1.8607635638096984,99.15,14.892217477162927,99.8,3.9810846826020154,99.10000000000001,2.664208751439962,99.85,5.328750085207535,99.05,1.5553206197165599,99.9,22.690506053033772,99.0,2.393993255907967,99.95,1.7062704777093396
1710000041.99996,100839,FI2010_LSE,99.4,10.655403286093954,99.55000000000001,3.939876483596402,99.35000000000001,3.8486226741791487,99.60000000000001,3.201249531597582,99.30000000000001,2.932063690510014,99.65,7.050511843733446,99.25,3.9336786067598473,99.70000000000002,9.150530492346004,99.2,2.903047349900021,99.75000000000001,2.745965358083463,99.15,2.8137537401556996,99.80000000000001,3.517638645902104,99.10000000000001,1.95107971335744,99.85000000000001,5.898241505776183,99.05000000000001,1.4646715006720619,99.9,3.5612944770766584,99.0,3.3748129994818994,99.95000000000002,9.202084957327633,98.95,1.2909932763923586,100.00000000000001,4.512868744027701
1710000042.04996,100840,FI2010_LSE,99.45,3.900414640343427,99.5,12.886054836156454,99.4,4.064813643653851,99.55,12.55630507540491,99.35000000000001,4.443371950473262,99.6,4.36392751668332,99.3,8.929303570416634,99.65,2.9139711709922533,99.25,6.894612584950192,99.7,2.1635893265750235,99.2,5.051083617260938,99.75,4.489171203544499,99.15,5.415905108416112,99.8,2.791491499318812,99.10000000000001,1.4645327294488066,99.85,7.3713526631883575,99.05,0.5282995138548573,99.9,1.1512400197756083,99.0,4.422461853399975,99.95,3.3047239322435993
1710000042.0999599,100841,FI2010_LSE,99.4,5.410901879667817,99.45,3.8600782692514,99.35000000000001,3.7001527469243585,99.5,4.909527576015682,99.30000000000001,5.222108359644048,99.55,6.921798241051224,99.25,8.667792478559251,99.60000000000001,4.121535313099797,99.2,11.675236277883412,99.65,5.39366316496055,99.15,5.405677639182139,99.7,3.509791748287104,99.10000000000001,1.7701470566551738,99.75,1.5960121078156053,99.05000000000001,3.815489395420184,99.8,2.4145346529137477,99.0,2.6394766632572964,99.85000000000001,7.202874013859839,98.95,1.5555213398692034,99.9,0.6451790206316657
1710000042.1499598,100842,FI2010_LSE,99.5,8.023329793358837,99.55,4.8774694674109975,99.45,8.296025551596564,99.6,7.15751363401355,99.4,6.388240417054225,99.64999999999999,2.9744630857093384,99.35,2.9746829419655536,99.7,3.337675150626741,99.3,2.203695202391992,99.75,9.476148799899153,99.25,5.402637950586984,99.8,2.3109397293472993,99.2,3.1224591873880536,99.85,5.494063224085684,99.15,7.391970860544153,99.89999999999999,1.9636547293758366,99.1,8.302147010584411,99.95,2.2115198437492904,99.05,0.6303480347410401,100.0,4.620913346380703
1710000042.1999598,100843,FI2010_LSE,99.45,10.120117448991495,99.5,4.542775325207898,99.4,4.927708008552623,99.55,7.304816700258868,99.35000000000001,16.497233144659138,99.6,8.347951860688067,99.3,6.901018353660493,99.65,3.324313162888757,99.25,2.7910101674638153,99.7,9.142690739153123,99.2,4.081493350067994,99.75,3.6717445876061583,99.15,1.9172924847459791,99.8,11.336353835340628,99.10000000000001,6.779026775393544,99.85,1.8729567123857072,99.05,4.066059008715461,99.9,5.3771072258110255,99.0,0.3767654315791812,99.95,0.4802210481717375
1710000042.2499597,100844,FI2010_LSE,99.4,7.458827603084504,99.45,5.3503999018978305,99.35000000000001,3.9693453312103766,99.5,4.49031450621437,99.30000000000001,3.4372266814757184,99.55,4.663916492966776,99.25,4.546268926780281,99.60000000000001,4.490221354544723,99.2,4.087291546159087,99.65,6.984298377286079,99.15,5.756083491398996,99.7,5.488866531852175,99.10000000000001,1.4637948934546046,99.75,8.819763483122038,99.05000000000001,3.9852878772687594,99.8,26.76346253003858,99.0,0.6094420718661905,99.85000000000001,3.895971371836355,98.95,3.02142055730032,99.9,2.6325474833077993
1710000042.2999597,100845,FI2010_LSE,99.4,4.687255491417963,99.45,11.004498180147477,99.35000000000001,15.270111090116028,99.5,3.3945100756204636,99.30000000000001,6.25022520719703,99.55,2.9941744262775116,99.25,3.0716824998350343,99.60000000000001,2.9810375702771794,99.2,4.504792356305099,99.65,5.179546311990615,99.15,4.657716148014413,99.7,6.920387624980728,99.10000000000001,2.8023234707914364,99.75,2.3091153234855284,99.05000000000001,6.082833226117659,99.8,2.3288833427040263,99.0,2.5232264869166348,99.85000000000001,12.308219786594124,98.95,4.253328831445137,99.9,3.676422301690731
1710000042.3499596,100846,FI2010_LSE,99.4,3.929464363768631,99.45,8.552493392754304,99.35000000000001,8.5151044982617,99.5,16.30422177763081,99.30000000000001,7.355337410392581,99.55,4.925677507625101,99.25,2.509733639149723,99.60000000000001,6.052454565575371,99.2,3.314049886967984,99.65,3.6117997386062957,99.15,13.13184021744973,99.7,1.941702109752029,99.10000000000001,1.7622189758326139,99.75,1.3211062270768834,99.05000000000001,3.77662437676444,99.8,4.348683196239383,99.0,0.6297455558911964,99.85000000000001,3.8779394432038043,98.95,1.5276299523450982,99.9,10.461556321551559
1710000042.3999596,100847,FI2010_LSE,99.4,5.672809372543669,99.45,3.675080887467925,99.35000000000001,7.8787048556979995,99.5,12.349140867657205,99.30000000000001,7.193951453603905,99.55,3.008661840827319,99.25,12.677344802978682,99.60000000000001,5.812396950893582,99.2,4.508586871531596,99.65,3.551302718747566,99.15,14.972410483841903,99.7,4.839861474202554,99.10000000000001,5.504016204101273,99.75,2.0832697067010097,99.05000000000001,3.580793470731513,99.8,1.7296661893695275,99.0,0.7257990730399724,99.85000000000001,2.9640024780656375,98.95,8.378557184559158,99.9,7.381722716116442
1710000042.4499595,100848,FI2010_LSE,99.4,3.7254341526864128,99.45,5.900441148314882,99.35000000000001,4.87913482742943,99.5,4.4633102745024384,99.30000000000001,4.69687102928297,99.55,12.29703057198782,99.25,2.5799958219087737,99.60000000000001,4.8438571476065615,99.2,2.366059451555124,99.65,4.478792787127998,99.15,3.114188483643873,99.7,1.6309140285889367,99.10000000000001,4.710088408735633,99.75,3.4764557955126385,99.05000000000001,1.6130670025118548,99.8,1.4760798688834027,99.0,1.8093341779250092,99.85000000000001,4.298496987472532,98.95,5.708566450766271,99.9,17.373113837660956
1710000042.4999595,100849,FI2010_LSE,99.45,6.316896073577526,99.5,5.86426211360417,99.4,3.331461440690345,99.55,11.445527761139072,99.35000000000001,5.666467567458323,99.6,2.816032717236786,99.3,11.16616838999713,99.65,5.614793954146294,99.25,4.878453714646152,99.7,3.4563276919636046,99.2,2.744567770643265,99.75,2.3790388376121356,99.15,12.542583381420638,99.8,4.56976904638274,99.10000000000001,3.648618990839311,99.85,6.3292124963548915,99.05,1.433838333662722,99.9,1.2549973775214367,99.0,6.80588754278089,99.95,0.34012513120807725
1710000042.5499594,100850,FI2010_LSE,99.45,12.154525741595279,99.5,6.523763001082237,99.4,7.573550549943914,99.55,12.800739608667172,99.35000000000001,4.235722744196201,99.6,3.394778500861955,99.3,5.579039426071093,99.65,6.284605257028913,99.25,2.6958569884301253,99.7,2.6818550819387403,99.2,3.246463149934316,99.75,7.378189639606134,99.15,2.197641175444322,99.8,4.186636249536177,99.10000000000001,2.251630573817534,99.85,6.7239192128134215,99.05,3.659603257707336,99.9,10.186887454925804,99.0,10.92757100634651,99.95,18.4905302875553
1710000042.5999594,100851,FI2010_LSE,99.5,5.375796738747844,99.55,4.218765173980658,99.45,4.702575093512644,99.6,4.9028831081198225,99.4,5.970573405551619,99.64999999999999,2.9638841982457818,99.35,7.764747678560879,99.7,8.61246214234063,99.3,3.2229326032930685,99.75,9.178044379137457,99.25,8.346752388198768,99.8,22.771321722274124,99.2,5.941016504392977,99.85,13.127707510305424,99.15,1.0160653854642965,99.89999999999999,3.7974981621430057,99.1,2.5218385999185933,99.95,2.6374105213423986,99.05,10.097328237769585,100.0,0.2754833276398472
1710000042.6499593,100852,FI2010_LSE,99.5,10.033403082412917,99.55,8.508462210849455,99.45,8.668546416657286,99.6,14.027578077513692,99.4,10.047634666561418,99.64999999999999,5.633519689015161,99.35,5.419620909009279,99.7,4.9270467307646655,99.3,3.233919954934671,99.75,2.357765300718331,99.25,3.43171829988615,99.8,3.89893933776608,99.2,3.699230305571738,99.85,5.394394517508784,99.15,5.331556085123433,99.89999999999999,1.270727421096105,99.1,2.9185235340961184,99.95,2.374349833882443,99.05,14.449824954079572,100.0,0.1
1710000042.6999593,100853,FI2010_LSE,99.5,5.881050303697755,99.6,9.533053680870308,99.45,5.834822854569314,99.64999999999999,7.641463776741878,99.4,3.7163241549421713,99.69999999999999,3.778910856906575,99.35,3.1011685358210768,99.75,3.6243609090336344,99.3,6.884951008860955,99.8,4.8809505137746045,99.25,1.7668127040511452,99.85,8.799959089979216,99.2,2.586339299430814,99.89999999999999,5.3633580458695365,99.15,15.428174179424069,99.94999999999999,15.162029536482358,99.1,5.801899082744433,100.0,9.02633764706434,99.05,0.5599976900127437,100.05,7.153674747138653
1710000042.7499592,100854,FI2010_LSE,99.60000000000001,6.826674070274894,99.65,5.407579200971432,99.55000000000001,7.328673540579105,99.7,4.76768226361451,99.50000000000001,3.105198001260928,99.75,4.316651670228333,99.45,4.296286385918198,99.80000000000001,3.188293169953286,99.4,2.6692802986286894,99.85000000000001,3.8660068133161305,99.35000000000001,14.76901641335397,99.9,12.435001419263262,99.30000000000001,7.704491010798396,99.95,4.794394582759175,99.25000000000001,5.183285773737783,100.0,4.627071595888193,99.2,2.2851403652029694,100.05000000000001,1.4852346418047517,99.15,2.6795527828305903,100.10000000000001,0.3910609449331433
1710000042.7999592,100855,FI2010_LSE,99.60000000000001,4.128916646593375,99.7,13.734251337976163,99.55000000000001,6.93109827716544,99.75,20.265117370339077,99.50000000000001,6.529408981292431,99.8,5.7966083854142045,99.45,5.54271650951119,99.85000000000001,11.154543065273762,99.4,13.263955367365595,99.9,4.548822271353199,99.35000000000001,3.5996179990529193,99.95,5.942855364923664,99.30000000000001,6.099722688781225,100.0,1.401595655438932,99.25000000000001,1.4172560877550107,100.05,14.017921141026688,99.2,1.723589566798958,100.10000000000001,7.066601471803021,99.15,0.9220570430671987,100.15,0.6731546360899296
1710000042.8499591,100856,FI2010_LSE,99.60000000000001,5.014705589105727,99.65,12.211491675188222,99.55000000000001,3.500289743050163,99.7,7.136312546824359,99.50000000000001,3.005140381166076,99.75,4.615108076849306,99.45,3.85684061094608,99.80000000000001,6.407582876881979,99.4,10.403930840833606,99.85000000000001,5.640666131547253,99.35000000000001,13.977491591228384,99.9,6.868830645235011,99.30000000000001,2.9196430985542126,99.95,8.031770542911023,99.25000000000001,1.3388728706132254,100.0,2.313692612869806,99.2,3.2244587190525937,100.05000000000001,4.675483971738088,99.15,13.752634393814198,100.10000000000001,6.278946486319669
1710000042.899959,100857,FI2010_LSE,99.60000000000001,3.7046131241972504,99.65,4.8391453242313,99.55000000000001,6.341513184217179,99.7,3.700844536749393,99.50000000000001,5.552314641725964,99.75,6.23472150588736,99.45,11.701600559352883,99.80000000000001,21.44192818860146,99.4,4.9660973910584705,99.85000000000001,3.558477560498095,99.35000000000001,4.522721813786027,99.9,7.973778458515348,99.30000000000001,3.0185482843834865,99.95,8.071647710228557,99.25000000000001,1.7388526094448866,100.0,6.802643133579076,99.2,6.935744536769249,100.05000000000001,7.12705047461976,99.15,1.742267584312432,100.10000000000001,17.567124707531512
1710000042.949959,100858,FI2010_LSE,99.60000000000001,13.746666879358573,99.65,8.6488433060224,99.55000000000001,6.544258259289344,99.7,3.669367554611468,99.50000000000001,4.519926021864038,99.75,6.793956454402838,99.45,4.437300899266148,99.80000000000001,3.097940827695671,99.4,2.249517065509813,99.85000000000001,2.079064216686492,99.35000000000001,4.1880211849917295,99.9,5.517480357867891,99.30000000000001,4.904290752763482,99.95,4.733606035414219,99.25000000000001,2.6579929658589903,100.0,3.8260054109625816,99.2,0.6598075094825238,100.05000000000001,1.098605974043794,99.15,3.8750439902916383,100.10000000000001,1.0971267734377366
1710000042.999959,100859,FI2010_LSE,99.60000000000001,8.817960105134452,99.65,9.39601658096911,99.55000000000001,4.04463568115551,99.7,6.561491737825982,99.50000000000001,12.683386556476451,99.75,6.044578560710524,99.45,3.402394812378251,99.80000000000001,6.826066562680852,99.4,5.399925701980157,99.85000000000001,5.024156599828437,99.35000000000001,5.946048380552533,99.9,4.052191807581361,99.30000000000001,19.465450663488323,99.95,2.805375799285045,99.25000000000001,7.6082942743493165,100.0,2.8485239075962756,99.2,1.7241495372034854,100.05000000000001,11.69288700079149,99.15,5.197464884904374,100.10000000000001,2.788459895089358
1710000043.049959,100860,FI2010_LSE,99.60000000000001,9.32659561210077,99.65,8.964019239172245,99.55000000000001,4.26594800372168,99.7,3.3192754714897403,99.50000000000001,2.936478345058883,99.75,3.469087171916416,99.45,4.1912721312259205,99.80000000000001,10.153637011707154,99.4,5.699207690405762,99.85000000000001,3.5003899387437007,99.35000000000001,6.784283602168658,99.9,4.5680582549856465,99.30000000000001,3.144529841403237,99.95,2.0446566129405914,99.25000000000001,6.259906883497931,100.0,8.199754974684934,99.2,9.28682940905875,100.05000000000001,0.6890655438840877,99.15,0.9727078207973598,100.10000000000001,6.183091897670115
1710000043.099959,100861,FI2010_LSE,99.60000000000001,5.440315362361405,99.65,4.538209095269901,99.55000000000001,5.346355564624557,99.7,4.234158666124761,99.50000000000001,5.453204367959533,99.75,3.163147374857205,99.45,6.863198223066928,99.80000000000001,3.2927276602964075,99.4,2.8788700457051255,99.85000000000001,3.2008636317211483,99.35000000000001,6.741378780714358,99.9,3.038486580856217,99.30000000000001,8.792667241758942,99.95,7.884660739432142,99.25000000000001,2.4395114126516786,100.0,6.359962306666152,99.2,0.778455408042741,100.05000000000001,7.108938951971694,99.15,1.2111801215237692,100.10000000000001,13.112514566372617
1710000043.1499588,100862,FI2010_LSE,99.60000000000001,9.608399329411814,99.65,6.962764802259075,99.55000000000001,5.456512266511554,99.7,3.755354297157883,99.50000000000001,3.521788044767863,99.75,6.019151322874241,99.45,4.442154654472157,99.80000000000001,6.340947957305662,99.4,11.419237051864192,99.85000000000001,2.9625022731612223,99.35000000000001,4.599481753535526,99.9,12.285785249450685,99.30000000000001,7.8182272754909965,99.95,5.5908682324319114,99.25000000000001,5.845307160415689,100.0,1.4000909818500014,99.2,9.228042881482583,100.05000000000001,1.3911365832719589,99.15,1.5023983020032372,100.10000000000001,1.0824750187234013
1710000043.1999588,100863,FI2010_LSE,99.60000000000001,8.534563529397886,99.65,7.285154456044845,99.55000000000001,7.353415118376302,99.7,3.7582543945366425,99.50000000000001,10.057165235393743,99.75,4.4999885796486545,99.45,3.181372117081012,99.80000000000001,3.860326714201709,99.4,2.7416161554305445,99.85000000000001,3.578156328603231,99.35000000000001,3.200297229688786,99.9,9.614664190865476,99.30000000000001,10.575696547097703,99.95,4.408164046480123,99.25000000000001,5.640170696863717,100.0,0.8763056401020569,99.2,1.6539473019046773,100.05000000000001,2.1107248134799104,99.15,1.8530804011904618,100.10000000000001,10.123712260720719
1710000043.2499588,100864,FI2010_LSE,99.60000000000001,4.685114310611471,99.65,6.360047793363391,99.55000000000001,3.4562273184352708,99.7,10.771322025561577,99.50000000000001,7.114449187634721,99.75,3.2548114590742347,99.45,4.276701152469744,99.80000000000001,2.925681663581376,99.4,8.247009852496202,99.85000000000001,2.609009535853146,99.35000000000001,8.025690794280047,99.9,4.752721723125584,99.30000000000001,5.670276680864017,99.95,3.0439201710832418,99.25000000000001,5.389909946297659,100.0,1.3017252812578395,99.2,1.0196059261922497,100.05000000000001,1.7916898698019992,99.15,1.7444782724253216,100.10000000000001,2.5633524481642223
1710000043.2999587,100865,FI2010_LSE,99.55000000000001,11.58393714015818,99.60000000000001,4.562920650979405,99.50000000000001,3.6451648438232382,99.65,18.60799711670211,99.45000000000002,4.4750705753925875,99.7,5.560646373631046,99.4,4.34998910675017,99.75000000000001,14.722823665471186,99.35000000000001,2.7632353348554144,99.80000000000001,8.345879767192194,99.30000000000001,3.2092818053653493,99.85000000000001,1.7672007051568313,99.25000000000001,2.6892448054494853,99.9,12.699334346350373,99.20000000000002,7.151562472706678,99.95,4.16014196690387,99.15,5.017536630965222,100.00000000000001,4.943537360854975,99.10000000000001,3.4910038550470186,100.05000000000001,0.684081851642602
1710000043.3499587,100866,FI2010_LSE,99.5,3.7102628474828525,99.55,5.171728169659256,99.45,4.7901753052140705,99.6,6.459247985452391,99.4,10.008384891302285,99.64999999999999,10.310590767347444,99.35,7.1152084695062,99.7,3.3574253120806765,99.3,2.579362907978567,99.75,2.3637327274787703,99.25,9.738235035668106,99.8,5.752351433925311,99.2,1.7398346579004969,99.85,8.34075453272564,99.15,13.516007906188989,99.89999999999999,0.8451625825521558,99.1,4.5848445661235235,99.95,1.0582378977433025,99.05,13.226455196857893,100.0,3.3295712267090165
1710000043.3999586,100867,FI2010_LSE,99.45,7.239994672303162,99.5,3.9509123899571406,99.4,8.511737055384412,99.55,3.754798347910994,99.35000000000001,11.05095293778259,99.6,3.9617509194928013,99.3,6.000383563944977,99.65,3.4719741007345455,99.25,2.0712777606651698,99.7,2.194786717779727,99.2,2.586574188937766,99.75,6.607578581483931,99.15,2.902683829628851,99.8,1.6913002737914167,99.10000000000001,5.278549126601507,99.85,3.4533808686540644,99.05,10.150520663164155,99.9,0.922892838774589,99.0,6.068865876531637,99.95,0.668907705995179
1710000043.4499586,100868,FI2010_LSE,99.45,11.197819533124832,99.5,4.883819352489864,99.4,17.27617122655305,99.55,5.980803309097577,99.35000000000001,4.144698396168179,99.6,3.6488409411774314,99.3,2.764297666121549,99.65,7.188701371040979,99.25,2.309054048099622,99.7,3.2481554603136544,99.2,1.6122125074454972,99.75,5.507874555876308,99.15,6.241824922871629,99.8,7.731281628420058,99.10000000000001,3.511987282256732,99.85,4.206148719835164,99.05,1.3964565047633957,99.9,1.4744585251833429,99.0,2.5883867332429196,99.95,4.3331208688899405
1710000043.4999585,100869,FI2010_LSE,99.45,9.122740572631141,99.55,7.8110166524564075,99.4,10.536403954225399,99.6,7.112949892052285,99.35000000000001,5.836810734439362,99.64999999999999,4.356243127233165,99.3,5.635134904128858,99.7,4.2707330812305795,99.25,3.6459020878515838,99.75,2.9742967962251106,99.2,7.179790799886355,99.8,3.2318635801006605,99.15,2.8144481795561322,99.85,3.23090819765149,99.10000000000001,1.2603543538581388,99.89999999999999,6.076989107964572,99.05,2.3947073262999052,99.95,12.31281172265517,99.0,1.7603288370926076,100.0,17.347759977987693
1710000043.5499585,100870,FI2010_LSE,99.45,5.680382874351968,99.5,15.893982466011366,99.4,16.5870399714245,99.55,4.345556903315087,99.35000000000001,11.211758868613721,99.6,3.0423502017207014,99.3,3.232036579932772,99.65,6.0977377746071255,99.25,2.9376986378287557,99.7,5.872024632091184,99.2,6.744287318835932,99.75,17.14578785948146,99.15,8.322917783638474,99.8,6.780917981380313,99.10000000000001,0.8298452975927124,99.85,6.98986446121118,99.05,2.418363347332685,99.9,2.978841379970377,99.0,1.592558208694874,99.95,2.3120963216769677
1710000043.5999584,100871,FI2010_LSE,99.5,9.674620837162994,99.55,4.1907390674219265,99.45,10.997772915102459,99.6,17.186912291581454,99.4,10.917158357043597,99.64999999999999,6.3621106414560025,99.35,6.5739234891986715,99.7,2.994710411518733,99.3,4.9691689794560325,99.75,8.045857266849701,99.25,3.566675178979012,99.8,2.3215946229227606,99.2,2.2481405220141957,99.85,10.612059542051213,99.15,9.604485103014548,99.89999999999999,4.203746164719526,99.1,4.1616121284647045,99.95,4.605356284435626,99.05,4.532172687416285,100.0,2.7433149774415293
1710000043.6499584,100872,FI2010_LSE,99.45,3.8391981157964112,99.5,5.565651955764671,99.4,5.266001752851691,99.55,3.6121823392223558,99.35000000000001,2.9180843440991144,99.6,3.637659164279943,99.3,4.153574439457564,99.65,5.242432532690145,99.25,14.91716159631299,99.7,6.440622774179704,99.2,8.259191787553528,99.75,4.832741095840891,99.15,1.6794210151513196,99.8,8.515094472344302,99.10000000000001,2.0679841303131763,99.85,0.8350386187520883,99.05,1.9497784104078484,99.9,3.161509397368448,99.0,2.7830695287888454,99.95,0.6235101441452597
1710000043.6999583,100873,FI2010_LSE,99.5,4.332176645346715,99.55,5.498712830840555,99.45,9.070967197843984,99.6,5.6576258024288,99.4,6.845813747880733,99.64999999999999,3.6073284784843054,99.35,2.84058688496713,99.7,4.356208148064656,99.3,4.163619533637835,99.75,3.3530611670411226,99.25,2.974216506586366,99.8,3.4225543673436896,99.2,8.695702857115638,99.85,2.7749524581068803,99.15,1.5090500293966422,99.89999999999999,3.9542995553562674,99.1,4.625637302443937,99.95,0.7806546502707221,99.05,12.724336454778959,100.0,0.37636414027780335
1710000043.7499583,100874,FI2010_LSE,99.55000000000001,9.263314485565687,99.60000000000001,11.066181465685753,99.50000000000001,10.415129861428422,99.65,3.7250181658609938,99.45000000000002,8.578766869625477,99.7,9.371401109768563,99.4,6.725552509138362,99.75000000000001,6.696793974018753,99.35000000000001,6.624122387200465,99.80000000000001,3.848420039371123,99.30000000000001,4.995437005775558,99.85000000000001,2.2237473457836052,99.25000000000001,3.9735040217364994,99.9,3.2512251303084967,99.20000000000002,1.9658229522557888,99.95,1.8688150467948663,99.15,2.537038740577217,100.00000000000001,2.3023881700278848,99.10000000000001,2.4581653959399876,100.05000000000001,0.5315746147769242
1710000043.7999582,100875,FI2010_LSE,99.55000000000001,4.9771955586509495,99.60000000000001,8.635282749883098,99.50000000000001,6.3952978965514315,99.65,7.254661502972342,99.45000000000002,5.648427246418477,99.7,9.547273722133886,99.4,13.036011865506385,99.75000000000001,2.677501085715314,99.35000000000001,11.57504225168743,99.80000000000001,3.2788887459353004,99.30000000000001,2.3707990738095215,99.85000000000001,2.2710143973698633,99.25000000000001,1.5016844738899726,99.9,2.4311062307859346,99.20000000000002,4.633715044952479,99.95,3.826861887017607,99.15,9.105253251628818,100.00000000000001,7.716236866909079,99.10000000000001,6.040975955003371,100.05000000000001,0.33547358972068186
1710000043.8499582,100876,FI2010_LSE,99.55000000000001,14.985558152523291,99.60000000000001,11.404920246053535,99.50000000000001,5.1405267617675765,99.65,12.47899721150291,99.45000000000002,3.4086754617380985,99.7,7.051905459540945,99.4,6.076962448257891,99.75000000000001,3.1858495527776336,99.35000000000001,11.980417139634495,99.80000000000001,4.883666077156313,99.30000000000001,2.8284510136111765,99.85000000000001,6.279232598665841,99.25000000000001,2.8682230875422654,99.9,4.104455930776216,99.20000000000002,1.963973417437742,99.95,0.8312452110321823,99.15,2.581010232818952,100.00000000000001,1.5253435018755468,99.10000000000001,6.303856772402775,100.05000000000001,10.135830436274116
1710000043.8999581,100877,FI2010_LSE,99.60000000000001,8.02794817771878,99.7,3.905512324147791,99.55000000000001,8.082535198536863,99.75,4.960149626711443,99.50000000000001,3.253001233400206,99.8,5.680570823304492,99.45,8.60586011692971,99.85000000000001,5.361870677940805,99.4,2.437998635337043,99.9,2.920033326593285,99.35000000000001,14.149892632713968,99.95,2.952774218153766,99.30000000000001,6.538515358459,100.0,15.39804723142512,99.25000000000001,2.2494473276238254,100.05,1.272875316879652,99.2,3.9521134853240674,100.10000000000001,2.9703464753946647,99.15,0.4548783747562564,100.15,2.4695984529719985
1710000043.949958,100878,FI2010_LSE,99.60000000000001,8.509629391941944,99.65,4.72525986270839,99.55000000000001,4.423343895438509,99.7,5.038962866209676,99.50000000000001,8.429304870485556,99.75,10.587510266360615,99.45,2.4182968388643156,99.80000000000001,4.236302088122873,99.4,3.6274874561706723,99.85000000000001,6.292776591578236,99.35000000000001,8.595039118424303,99.9,4.885443068979919,99.30000000000001,1.447621043422115,99.95,1.693832116419808,99.25000000000001,3.281131228861188,100.0,2.1503968547342325,99.2,9.383159212245488,100.05000000000001,5.787324154073661,99.15,0.6466124966931422,100.10000000000001,7.843609464571377
1710000043.999958,100879,FI2010_LSE,99.55000000000001,3.8127555332537866,99.60000000000001,7.406555745262418,99.50000000000001,3.891096158250666,99.65,3.847718390423126,99.45000000000002,4.465641639876942,99.7,3.2976506244377797,99.4,2.5259200231964845,99.75000000000001,5.815097430296367,99.35000000000001,6.02792444316498,99.80000000000001,5.145400843686291,99.30000000000001,2.9567122750894406,99.85000000000001,5.4577691039307865,99.25000000000001,3.9178408226442896,99.9,1.6706945494374124,99.20000000000002,6.5500752628232215,99.95,1.688606232495835,99.15,2.691973166368377,100.00000000000001,7.016097286264939,99.10000000000001,4.491260493976818,100.05000000000001,0.30270804408763985
1710000044.049958,100880,FI2010_LSE,99.55000000000001,9.16879632514999,99.60000000000001,4.4104747444456684,99.50000000000001,9.017385156442138,99.65,4.755195699682122,99.45000000000002,2.8347623026554554,99.7,4.536003607565949,99.4,10.6126979456299,99.75000000000001,7.254991971208904,99.35000000000001,3.0802979329493847,99.80000000000001,4.442264741300123,99.30000000000001,1.6895766518643107,99.85000000000001,4.869197351261828,99.25000000000001,2.594523423307055,99.9,8.259209776468644,99.20000000000002,4.298283239126498,99.95,5.110831499336417,99.15,0.9790383396382866,100.00000000000001,2.645238617921731,99.10000000000001,0.17525357996734103,100.05000000000001,0.17456179905349453
1710000044.099958,100881,FI2010_LSE,99.60000000000001,4.592316454456353,99.65,10.297103597951752,99.55000000000001,10.530002798919863,99.7,5.629654048587858,99.50000000000001,12.755108485266474,99.75,3.7911292749947605,99.45,3.1423772711076476,99.80000000000001,2.767194463446886,99.4,4.007599938722544,99.85000000000001,2.0444026971171763,99.35000000000001,5.2639303433452485,99.9,6.00322929090372,99.30000000000001,8.335427785281102,99.95,16.26173796702524,99.25000000000001,0.8178456845386511,100.0,4.780599870126717,99.2,8.434775784274326,100.05000000000001,5.505314138976077,99.15,0.1,100.10000000000001,22.474100910388785
1710000044.149958,100882,FI2010_LSE,99.55000000000001,4.052031283590257,99.65,5.779762555411678,99.50000000000001,10.549674668784975,99.7,5.998637426567825,99.45000000000002,4.31811422792493,99.75,8.610579421669124,99.4,8.667342448881769,99.80000000000001,6.68681137802557,99.35000000000001,11.875827567028049,99.85000000000001,10.229669299402426,99.30000000000001,12.454622913433882,99.9,7.074785453260775,99.25000000000001,1.8192348422197524,99.95,3.1036715467557543,99.20000000000002,1.5802741436160028,100.0,5.909577010862096,99.15,0.8137101976617569,100.05000000000001,8.10929631117968,99.10000000000001,5.5019736424657735,100.10000000000001,0.6040896298028191
1710000044.1999578,100883,FI2010_LSE,99.60000000000001,4.9522784827776025,99.7,5.7382364976370575,99.55000000000001,7.597823612279757,99.75,7.3317268412235475,99.50000000000001,7.550402946568202,99.8,4.754821133209835,99.45,2.5710884375172336,99.85000000000001,2.491436208119273,99.4,6.451780573576843,99.9,7.815158917307897,99.35000000000001,6.940361450897104,99.95,12.13930190922019,99.30000000000001,3.6111650068714627,100.0,2.0350163349549524,99.25000000000001,3.49168951930682,100.05,5.006556799700701,99.2,6.089730637239636,100.10000000000001,14.84934032672129,99.15,1.620682127146639,100.15,3.646135702175439
1710000044.2499578,100884,FI2010_LSE,99.55000000000001,4.42066908596501,99.60000000000001,14.36214445146311,99.50000000000001,6.5670516499564275,99.65,3.3843717305192054,99.45000000000002,4.13873456940204,99.7,7.799519626991566,99.4,3.6160912168390706,99.75000000000001,5.554821210505792,99.35000000000001,7.655716166841545,99.80000000000001,2.0167402017699074,99.30000000000001,4.382610498865381,99.85000000000001,1.6779927669943406,99.25000000000001,3.636534378357187,99.9,5.584519296723143,99.20000000000002,1.516622720933284,99.95,3.4090469063268802,99.15,6.108144353961707,100.00000000000001,1.1557352064404065,99.10000000000001,2.1050763090333926,100.05000000000001,3.8458154148427566
1710000044.2999578,100885,FI2010_LSE,99.5,5.730627340613274,99.55,8.971278719131394,99.45,10.74281230798437,99.6,9.973471622428391,99.4,6.879841592512713,99.64999999999999,6.696281505663163,99.35,3.469448166692148,99.7,3.486493553317772,99.3,9.418586456279325,99.75,8.219488663247843,99.25,4.332740512770396,99.8,3.0729605609781023,99.2,12.21105164240096,99.85,14.958904040477666,99.15,3.6485716587062553,99.89999999999999,2.3866586427607315,99.1,11.490092253360793,99.95,2.7953044703483023,99.05,5.845671750062837,100.0,5.719563091314325
1710000044.3499577,100886,FI2010_LSE,99.45,14.709657291617651,99.5,7.244008061445982,99.4,18.575501295789614,99.55,5.672651598154264,99.35000000000001,13.41473250725208,99.6,19.350877833227813,99.3,3.6202116548767247,99.65,3.5371284754257664,99.25,2.726583926973122,99.7,7.637809364851612,99.2,3.800325915649048,99.75,5.333156193946719,99.15,3.2862329400168035,99.8,7.091377578794363,99.10000000000001,2.505978879739572,99.85,2.922871319434198,99.05,1.4399753510320958,99.9,1.822968910677048,99.0,6.045762321697304,99.95,4.632338287429531
1710000044.3999577,100887,FI2010_LSE,99.45,9.464655584463966,99.5,15.809199284731912,99.4,6.990046523778217,99.55,4.932200873594338,99.35000000000001,3.6729568724096326,99.6,5.921060515052198,99.3,9.32024513122182,99.65,5.148148826698016,99.25,3.46204943186129,99.7,3.722696127890088,99.2,3.10540958486209,99.75,4.3422471692682745,99.15,4.995105697907133,99.8,3.0216737699849703,99.10000000000001,9.37045217227725,99.85,9.023518455294665,99.05,1.2974092252249014,99.9,1.3582782494282124,99.0,3.0398365188218976,99.95,0.1
1710000044.4499576,100888,FI2010_LSE,99.4,10.924786798225451,99.55000000000001,13.94290541620579,99.35000000000001,8.980828799913839,99.60000000000001,3.7931099350356074,99.30000000000001,5.4282464720262436,99.65,5.686123910143243,99.25,3.0748108963469307,99.70000000000002,3.5352524052187997,99.2,6.99328500280337,99.75000000000001,5.617757238584848,99.15,10.403954674040653,99.80000000000001,7.616952963885426,99.10000000000001,9.833783956684243,99.85000000000001,3.763374228096486,99.05000000000001,2.3968306216028927,99.9,4.066418205383348,99.0,12.851088440405494,99.95000000000002,7.714350724934722,98.95,2.796031232714411,100.00000000000001,0.1
1710000044.4999576,100889,FI2010_LSE,99.4,8.115073346525449,99.5,4.538350229804484,99.35000000000001,4.852495881744606,99.55,7.676841032786659,99.30000000000001,4.635401942943166,99.6,12.340235207264234,99.25,9.755297527747718,99.65,2.6879518140237257,99.2,2.5765187117764974,99.7,5.791264196447733,99.15,16.720255847763028,99.75,7.914115019584477,99.10000000000001,1.3665971747961683,99.8,5.907904499186015,99.05000000000001,5.481912937380687,99.85,19.79184112109693,99.0,6.250114909355936,99.9,1.9690019153573708,98.95,0.9571144193787167,99.95,6.3240412132349775
1710000044.5499575,100890,FI2010_LSE,99.45,27.53382390871901,99.5,9.669655784167258,99.4,3.763467946576246,99.55,3.958100941130919,99.35000000000001,5.351852172095805,99.6,2.8842920269201193,99.3,4.073823896626495,99.65,8.750792949274338,99.25,4.297302835872001,99.7,7.594253259456444,99.2,8.556110069534041,99.75,3.8759565161512937,99.15,4.700901227118688,99.8,1.6245349061237155,99.10000000000001,9.21873753333663,99.85,2.931060882148966,99.05,8.442259749751765,99.9,3.714144469522636,99.0,9.159105710573305,99.95,5.004983336628572
1710000044.5999575,100891,FI2010_LSE,99.4,8.674896219090774,99.45,12.762871942477574,99.35000000000001,3.236367893977939,99.5,4.139956495293338,99.30000000000001,6.863642285568995,99.55,3.7064608853512344,99.25,4.092158555618974,99.60000000000001,9.313529567360007,99.2,6.665317875637955,99.65,2.5991282860913953,99.15,5.246418760927471,99.7,1.6249507410788238,99.10000000000001,7.33374964356919,99.75,1.907381236259807,99.05000000000001,10.803392263356809,99.8,1.2372990014641134,99.0,2.516516087701118,99.85000000000001,0.8197158924679889,98.95,1.702702632533348,99.9,3.029340190887506
1710000044.6499574,100892,FI2010_LSE,99.45,18.122543026366326,99.5,9.272076919173905,99.4,4.234720202561411,99.55,4.957063406671772,99.35000000000001,6.722722904116059,99.6,16.210760230614277,99.3,4.539132600482702,99.65,5.379838535525521,99.25,6.283486939194808,99.7,2.7269098544694135,99.2,3.6674590616633926,99.75,3.491453104237882,99.15,3.1975058942035286,99.8,1.6647824932419544,99.10000000000001,1.499361271951858,99.85,8.51573657485399,99.05,14.267221219293903,99.9,1.0200152727604777,99.0,13.132580595106115,99.95,13.027492356533049
1710000044.6999574,100893,FI2010_LSE,99.45,5.492925423711878,99.5,3.6316121962365813,99.4,4.5273877150436395,99.55,3.8428447150604046,99.35000000000001,12.033233917730229,99.6,3.4783753352235283,99.3,3.3216126456585435,99.65,6.227710282876066,99.25,2.5868352272448147,99.7,6.5502303382570775,99.2,3.7281355058971175,99.75,5.068992015371933,99.15,10.086250406230441,99.8,1.7364248935352475,99.10000000000001,2.4789978630988334,99.85,6.302237355543187,99.05,4.378389393809133,99.9,0.5906485953327031,99.0,0.987784772271615,99.95,0.14119277506905717
1710000044.7499573,100894,FI2010_LSE,99.5,7.2805339874013395,99.6,4.57524785221005,99.45,4.320828000445125,99.64999999999999,7.879422550395237,99.4,5.577693743664918,99.69999999999999,2.9080481403348744,99.35,11.631070293513055,99.75,5.955837783856829,99.3,12.877460600647517,99.8,20.934580671225536,99.25,2.1052770672128833,99.85,6.575221278769742,99.2,9.625589106073722,99.89999999999999,1.2459787586434674,99.15,4.1100459983485615,99.94999999999999,3.9800991988890635,99.1,2.669847030673828,100.0,1.4931956883107307,99.05,4.7278868679137,100.05,2.5903105550644785
1710000044.7999573,100895,FI2010_LSE,99.5,4.64602485733573,99.55,4.769094658304645,99.45,3.213562417522394,99.6,7.994268833590298,99.4,2.8899329032693526,99.64999999999999,5.995176743953936,99.35,4.969891729127376,99.7,15.41854570895042,99.3,3.783105286564691,99.75,10.71110296194395,99.25,4.9062138886223865,99.8,2.8140166809114566,99.2,10.980753289433384,99.85,2.1464494290881886,99.15,10.837370431080295,99.89999999999999,5.448207129368139,99.1,6.470502723581199,99.95,1.396642777451873,99.05,5.933909345727444,100.0,1.820426892138612
1710000044.8499572,100896,FI2010_LSE,99.45,5.311423214744412,99.5,7.185110045235803,99.4,15.039969070796989,99.55,10.732021802574444,99.35000000000001,7.1328570084683065,99.6,5.2980451179252785,99.3,3.6211993898790276,99.65,7.7468565350412355,99.25,3.352102790221673,99.7,15.09853540607242,99.2,2.5519419596382296,99.75,7.145454243525554,99.15,14.899917405031502,99.8,12.938465682823974,99.10000000000001,2.3679637589428175,99.85,7.053322904950051,99.05,0.9559892404233468,99.9,14.903565463847405,99.0,1.2227120922641637,99.95,2.050324239129002
1710000044.8999572,100897,FI2010_LSE,99.5,6.861199815381953,99.55,6.039723582561331,99.45,4.172382105643872,99.6,12.18050043346987,99.4,6.379735357793852,99.64999999999999,7.271747553839408,99.35,3.7828972133874372,99.7,3.0093328908517636,99.3,3.200852635981515,99.75,7.722072560367386,99.25,2.9617222311795373,99.8,13.508126383306305,99.2,12.410208313129257,99.85,1.223186919169949,99.15,4.684326972991149,99.89999999999999,11.908010948478646,99.1,5.1359531554945805,99.95,0.546365848527189,99.05,2.6634514391299855,100.0,5.32882752376248
1710000044.9499571,100898,FI2010_LSE,99.5,6.596623593469152,99.55,7.25348749202035,99.45,9.119962352137598,99.6,11.37668986598607,99.4,9.742990670840236,99.64999999999999,5.954439331363375,99.35,5.151332006929213,99.7,6.419172631563403,99.3,11.160199731587435,99.75,7.2238593294652365,99.25,8.803709144926833,99.8,4.29398037594881,99.2,6.11633331469678,99.85,3.924858486342894,99.15,2.228389324627627,99.89999999999999,2.2403765637338493,99.1,1.717677585403385,99.95,2.9224578387124365,99.05,1.5653951902240062,100.0,3.789287167257102
1710000044.999957,100899,FI2010_LSE,99.45,10.95680030912551,99.5,5.838015273504382,99.4,7.080758190480221,99.55,4.886279033004836,99.35000000000001,19.103612152612744,99.6,6.0571763441331194,99.3,4.669540290898452,99.65,18.11913534226923,99.25,4.2684428323575005,99.7,6.569965060435648,99.2,3.9728889473798668,99.75,7.759361698021873,99.15,6.055048163440719,99.8,3.359612775039648,99.10000000000001,5.802572082812397,99.85,1.3259257790605,99.05,3.061712024971296,99.9,1.5592569977585073,99.0,0.6057028468415467,99.95,0.5261730321662093
1710000045.049957,100900,FI2010_LSE,99.45,7.669724370042527,99.55,4.252648756465918,99.4,5.527093305903787,99.6,4.50420680113537,99.35000000000001,8.921108447385038,99.64999999999999,3.6383256960619796,99.3,15.51313580965636,99.7,4.8297893104516145,99.25,25.037115560944027,99.75,2.9748560323484203,99.2,2.337218874381076,99.8,2.457192704894535,99.15,1.6718514266609081,99.85,5.787728098870372,99.10000000000001,2.841213320984016,99.89999999999999,11.367826272473796,99.05,3.202581351762158,99.95,1.0498469360192524,99.0,0.7721713639953863,100.0,3.88689887387227
1710000045.099957,100901,FI2010_LSE,99.45,4.994342823891744,99.55,3.68120347643895,99.4,4.147847855116415,99.6,5.359898132051636,99.35000000000001,7.2759516503597705,99.64999999999999,7.0208537165297145,99.3,5.444605321546355,99.7,7.813855108286273,99.25,4.108234949676006,99.75,5.3772933625302155,99.2,10.115580391089189,99.8,9.299923584115518,99.15,1.5907988050561417,99.85,10.290797289210651,99.10000000000001,6.36526134336814,99.89999999999999,7.4490866639106965,99.05,2.6372068990565025,99.95,4.073784857797293,99.0,8.508892237064059,100.0,3.0940906594063953
1710000045.149957,100902,FI2010_LSE,99.45,7.61936298510785,99.5,8.28360675056501,99.4,9.531275898266019,99.55,12.598410362132142,99.35000000000001,3.548987971208244,99.6,3.460640798589717,99.3,10.539755235233093,99.65,4.442658970199604,99.25,15.92701550133453,99.7,4.836484170290059,99.2,8.51665708481366,99.75,4.727448625916775,99.15,3.0549366159764513,99.8,5.4611927182274,99.10000000000001,1.4092028119110864,99.85,2.5961248100077103,99.05,0.820631663797647,99.9,3.095286646000207,99.0,1.5303551665068555,99.95,0.8278234149270756
1710000045.199957,100903,FI2010_LSE,99.45,10.821089524031784,99.5,5.990333245800253,99.4,3.3673187165276026,99.55,5.4858585778492,99.35000000000001,5.296715369738148,99.6,5.5519457190363175,99.3,4.122884332290296,99.65,4.86605076740959,99.25,2.3784538101749986,99.7,5.899010551124589,99.2,12.372115920186829,99.75,2.4622700427789592,99.15,1.7067861539328422,99.8,5.016495407408595,99.10000000000001,2.631577885149624,99.85,3.503961592713389,99.05,0.7648953394166761,99.9,4.161093982688841,99.0,1.765922055246119,99.95,2.6056436196243515
1710000045.2499568,100904,FI2010_LSE,99.5,5.026676365778487,99.6,4.041864926230464,99.45,3.848365722334177,99.64999999999999,4.422957475068566,99.4,26.75824811766983,99.69999999999999,2.9800226854085605,99.35,3.220595705341476,99.75,5.235889978595584,99.3,14.859730611212717,99.8,5.661392930254908,99.25,2.4867507865710676,99.85,2.1593366219033756,99.2,2.383593225902316,99.89999999999999,3.781367871237163,99.15,3.269833727225733,99.94999999999999,1.5763749035556995,99.1,3.0514442467648353,100.0,7.164680848183387,99.05,6.5725138703268895,100.05,0.1
1710000045.2999568,100905,FI2010_LSE,99.55000000000001,5.1747863394802565,99.60000000000001,9.810192403019512,99.50000000000001,6.235582459047691,99.65,4.97514895293124,99.45000000000002,3.3313863981859138,99.7,4.680805591668304,99.4,5.7976976960605615,99.75000000000001,4.501647181000235,99.35000000000001,9.406451322947564,99.80000000000001,2.2703000314686843,99.30000000000001,10.149200195638677,99.85000000000001,13.122858977669067,99.25000000000001,3.481087551659858,99.9,5.497275396537495,99.20000000000002,2.441329150668315,99.95,6.575232814295289,99.15,2.3957189893589983,100.00000000000001,3.7060080125565062,99.10000000000001,2.7483887713387545,100.05000000000001,0.5850780210512043
1710000045.3499568,100906,FI2010_LSE,99.60000000000001,6.330453086140052,99.65,3.644580611483047,99.55000000000001,8.170803928359023,99.7,3.5322668188197737,99.50000000000001,16.270566026699672,99.75,3.67806079859586,99.45,3.5855845146719316,99.80000000000001,10.36194774164994,99.4,4.235362378540844,99.85000000000001,11.563010304594352,99.35000000000001,4.166339294740673,99.9,3.005551725494484,99.30000000000001,3.765559826780605,99.95,2.988222022056667,99.25000000000001,4.190676310597385,100.0,5.588971885586077,99.2,3.5386477067635136,100.05000000000001,1.2053208613989739,99.15,0.37016235246384677,100.10000000000001,4.063471572193817
1710000045.3999567,100907,FI2010_LSE,99.55000000000001,5.367618837861773,99.60000000000001,9.927703144745223,99.50000000000001,4.04014744121777,99.65,11.647707533351696,99.45000000000002,5.122073894815166,99.7,8.252143619533372,99.4,14.816700046096889,99.75000000000001,8.855550870487976,99.35000000000001,8.221974242871743,99.80000000000001,2.2905370558581737,99.30000000000001,15.474601712821835,99.85000000000001,2.5139418766118085,99.25000000000001,2.2713269154272577,99.9,8.238845220836708,99.20000000000002,2.3135292631786353,99.95,7.21598177097831,99.15,5.962384045848342,100.00000000000001,3.5976645743945044,99.10000000000001,2.740572622372458,100.05000000000001,5.989119078503526
1710000045.4499567,100908,FI2010_LSE,99.60000000000001,9.78778394657425,99.7,5.390993370238564,99.55000000000001,11.95184242863471,99.75,4.251821415420463,99.50000000000001,16.47715474186084,99.8,10.976449455172256,99.45,3.4643294886964036,99.85000000000001,13.038016478626599,99.4,2.4540840883090413,99.9,8.349191950988544,99.35000000000001,2.501173624150129,99.95,10.777677095187117,99.30000000000001,1.695899911280105,100.0,3.296617633737508,99.25000000000001,10.010005603062144,100.05,4.916232723425305,99.2,2.587516420414824,100.10000000000001,2.5872668830522647,99.15,12.695124632487142,100.15,0.9975359395348277
1710000045.4999566,100909,FI2010_LSE,99.60000000000001,8.027227402123456,99.65,5.4728411062137035,99.55000000000001,5.650233444176663,99.7,9.660614464572696,99.50000000000001,10.971491673918925,99.75,3.7884717269638704,99.45,3.5291329915245804,99.80000000000001,6.819396112557248,99.4,2.3452173281446367,99.85000000000001,4.543153820715034,99.35000000000001,4.798798440485879,99.9,2.5351000838926234,99.30000000000001,4.249849852075304,99.95,4.135227137410437,99.25000000000001,2.099740298405912,100.0,2.706778228917434,99.2,1.334821776462219,100.05000000000001,1.740400712254973,99.15,6.899436637916746,100.10000000000001,7.023741286127782
1710000045.5499566,100910,FI2010_LSE,99.60000000000001,11.369873264741463,99.7,7.921128669121586,99.55000000000001,4.143753191293328,99.75,7.726176101099742,99.50000000000001,4.297139586705322,99.8,5.519576728641601,99.45,6.806602854448623,99.85000000000001,3.0795285260878087,99.4,6.311699787079007,99.9,17.462209604235795,99.35000000000001,16.00609955403501,99.95,4.566384228335643,99.30000000000001,9.082660467916424,100.0,8.298331963728444,99.25000000000001,11.703003747237434,100.05,1.6045277803137414,99.2,6.974681639449186,100.10000000000001,5.524666363503796,99.15,2.1007845003518137,100.15,4.683689872506191
1710000045.5999565,100911,FI2010_LSE,99.60000000000001,3.918990893185211,99.65,5.205392965613779,99.55000000000001,10.365672128199154,99.7,6.875933934844178,99.50000000000001,6.514115976822854,99.75,4.013098317534326,99.45,8.498939529541174,99.80000000000001,7.938237988402801,99.4,6.913982648299156,99.85000000000001,8.661950039456507,99.35000000000001,2.594926549184124,99.9,3.5031616454938703,99.30000000000001,1.6558905142912625,99.95,23.038332352464327,99.25000000000001,19.366191688797496,100.0,2.357764894106649,99.2,1.29317908801904,100.05000000000001,2.212005760135503,99.15,0.6626948961746854,100.10000000000001,3.0334493591926313
1710000045.6499565,100912,FI2010_LSE,99.55000000000001,7.594568600100788,99.65,8.687844108317105,99.50000000000001,3.736645429190342,99.7,5.127084473042052,99.45000000000002,10.069828686118582,99.75,3.233117374190563,99.4,4.117259448448944,99.80000000000001,2.9421587625770047,99.35000000000001,2.9660472215800113,99.85000000000001,9.296661081433498,99.30000000000001,4.889235811891726,99.9,6.227770245784059,99.25000000000001,2.800971963616532,99.95,1.6156046322927702,99.20000000000002,11.216820770600352,100.0,3.299805797427923,99.15,0.5836964164976113,100.05000000000001,3.4644689427481095,99.10000000000001,18.021005571567546,100.10000000000001,6.171146380563088
1710000045.6999564,100913,FI2010_LSE,99.60000000000001,4.871331384286642,99.65,6.803422414139028,99.55000000000001,4.296366003255998,99.7,6.619565031199951,99.50000000000001,7.708239730636933,99.75,3.5788243355196765,99.45,13.11433122781646,99.80000000000001,5.23706000158031,99.4,8.21308791308907,99.85000000000001,4.919758867355775,99.35000000000001,3.479887533949585,99.9,6.37017214962583,99.30000000000001,3.7724406045597982,99.95,1.9945083131919308,99.25000000000001,1.043539707500079,100.0,1.7558389502279983,99.2,0.8836650846974097,100.05000000000001,3.2646457489119998,99.15,5.028101166896843,100.10000000000001,4.689026592316994
1710000045.7499564,100914,FI2010_LSE,99.60000000000001,7.147213542021371,99.65,8.076807292002306,99.55000000000001,5.061945440707552,99.7,7.837942616466096,99.50000000000001,5.426277230882077,99.75,9.256140588576091,99.45,3.0228016684490138,99.80000000000001,5.128745364414483,99.4,6.319457622250772,99.85000000000001,3.1609550169661214,99.35000000000001,5.6563086216405996,99.9,2.6867312218553305,99.30000000000001,1.446652667186367,99.95,3.465149893558298,99.25000000000001,4.20497796114403,100.0,2.1529778677329423,99.2,1.1067932779674006,100.05000000000001,3.148477595134687,99.15,1.535324559477355,100.10000000000001,2.763374527225659
1710000045.7999563,100915,FI2010_LSE,99.65,3.737716026464678,99.7,5.633432375416784,99.60000000000001,3.378948103005124,99.75,11.600687327933326,99.55000000000001,16.28709478603125,99.8,10.80031175712487,99.5,3.7033364192037252,99.85000000000001,3.9820654147150503,99.45,4.053074353826087,99.9,10.816960158231394,99.4,2.188987581439551,99.95,3.7339121855279704,99.35000000000001,1.9987370874061756,100.0,4.847676449779739,99.30000000000001,3.1539743247079386,100.05,1.780159773453326,99.25,0.9912126475271119,100.10000000000001,1.2810600206370633,99.2,1.482797191481906,100.15,4.79576949837702
1710000045.8499563,100916,FI2010_LSE,99.60000000000001,10.363744645229028,99.75000000000001,4.246136618731873,99.55000000000001,5.195545980347536,99.80000000000001,4.000677705254527,99.50000000000001,17.82774528074104,99.85000000000001,4.85337596211146,99.45,10.833543687274648,99.90000000000002,3.9010886797056075,99.4,5.824695270901076,99.95000000000002,2.6592598231967792,99.35000000000001,18.114699147725993,100.00000000000001,1.8705620751180885,99.30000000000001,1.886680220777048,100.05000000000001,3.9092899530831167,99.25000000000001,11.309217003098157,100.10000000000001,17.74727030387311,99.2,4.803157042576757,100.15000000000002,1.617513356067442,99.15,6.848545429956245,100.20000000000002,4.669661946993719
1710000045.8999562,100917,FI2010_LSE,99.65,7.725722123116672,99.7,16.695636447529285,99.60000000000001,4.977774729878211,99.75,7.4242654498641,99.55000000000001,4.720998110311473,99.8,4.141742909966306,99.5,3.9603139778206873,99.85000000000001,8.815804458735872,99.45,7.073209466544215,99.9,17.22312425024393,99.4,5.114079709288752,99.95,1.8630241895890542,99.35000000000001,9.567441910115669,100.0,3.8818656593675605,99.30000000000001,4.411991532861802,100.05,5.513885085000051,99.25,0.4392151654474533,100.10000000000001,9.089151503214115,99.2,0.296151112359234,100.15,4.408180016349029
1710000045.9499562,100918,FI2010_LSE,99.60000000000001,5.665287262223323,99.75000000000001,4.772469634338575,99.55000000000001,4.556925672115613,99.80000000000001,6.393401546351809,99.50000000000001,3.663258849467794,99.85000000000001,3.950721102933169,99.45,6.668539175031526,99.90000000000002,2.661408083562608,99.4,17.62055764474397,99.95000000000002,2.3993766079906518,99.35000000000001,7.478229182441396,100.00000000000001,5.169928009318804,99.30000000000001,3.5140592468117515,100.05000000000001,11.53186674128909,99.25000000000001,7.7555450771215835,100.10000000000001,12.064075202705434,99.2,10.25210299570918,100.15000000000002,5.66745471251314,99.15,3.5231548954873055,100.20000000000002,2.474807218029488
1710000045.9999561,100919,FI2010_LSE,99.65,11.171216234598132,99.7,6.53024813469723,99.60000000000001,8.709046585263291,99.75,3.3439617798877195,99.55000000000001,3.8917345636058007,99.8,9.508810267156,99.5,2.8609842435145683,99.85000000000001,6.719775597764565,99.45,2.1050104198142616,99.9,2.9178265816478604,99.4,13.196220468993507,99.95,4.243343835961692,99.35000000000001,6.058838866481486,100.0,11.252207214079323,99.30000000000001,5.716612669380474,100.05,4.297972061466413,99.25,5.831539046193854,100.10000000000001,5.789492915031951,99.2,0.7182212503642532,100.15,1.238988286732641
1710000046.049956,100920,FI2010_LSE,99.7,11.175847380066726,99.75,17.57972659191748,99.65,10.941480316946613,99.8,11.597327750811253,99.60000000000001,3.5357012127492746,99.85,4.64761052047835,99.55,11.002426840065379,99.9,8.618910184323454,99.5,2.7790736946761116,99.95,2.486469135931629,99.45,11.026184473879676,100.0,6.201206077485832,99.4,10.409751854352365,100.05,1.7153910092824813,99.35000000000001,8.214417613556874,100.1,1.2157258028996722,99.3,3.8418698541246346,100.15,13.63607073773922,99.25,0.745328912757791,100.2,15.289047105259836
1710000046.099956,100921,FI2010_LSE,99.7,14.56033375597954,99.75,4.872428035874868,99.65,4.467655173268357,99.8,11.212453153220906,99.60000000000001,9.531074748017843,99.85,16.08922836371071,99.55,5.638263653953659,99.9,6.6746574554750016,99.5,5.921356029312597,99.95,8.373512352051396,99.45,4.513451800218748,100.0,14.573757133447634,99.4,6.594900302175429,100.05,1.5697917261313192,99.35000000000001,2.272687458510579,100.1,3.9906952793983512,99.3,2.651855448033416,100.15,3.98833729304693,99.25,9.301770589373382,100.2,7.8830044302371105
1710000046.149956,100922,FI2010_LSE,99.65,4.203337482200223,99.75,6.9199008608931045,99.60000000000001,5.334980349040035,99.8,4.690727074517788,99.55000000000001,4.29872181854318,99.85,9.083366309706536,99.5,5.213980522622178,99.9,3.7200883898106296,99.45,15.990565695876919,99.95,3.6210475181244712,99.4,4.644939108884641,100.0,13.863050538281579,99.35000000000001,2.753680663850602,100.05,4.769622251733055,99.30000000000001,5.242964610640518,100.1,1.4816240780225565,99.25,2.1019403044937044,100.15,0.720537238069827,99.2,3.7108231253410033,100.2,0.5167266832158945
1710000046.199956,100923,FI2010_LSE,99.7,16.677648642905876,99.75,3.66374694751459,99.65,8.00213169346974,99.8,4.3739045149081255,99.60000000000001,5.583939179307159,99.85,4.85753378388819,99.55,5.766489600003789,99.9,12.679276766735533,99.5,6.105113933293124,99.95,2.4305473274704776,99.45,6.467551050165239,100.0,1.7354395178643116,99.4,5.6166944941453725,100.05,1.307066456593346,99.35000000000001,9.922995867905154,100.1,5.23865071585464,99.3,3.8870967981106093,100.15,8.883614247084617,99.25,2.3375463226890134,100.2,7.254684898897915
1710000046.249956,100924,FI2010_LSE,99.7,4.2743227996630395,99.75,9.11531287278827,99.65,4.209499141653267,99.8,8.203193020342733,99.60000000000001,4.050100379204923,99.85,8.338624356048848,99.55,6.009655346128847,99.9,4.31253536665512,99.5,3.2131506820268285,99.95,2.5732286034043965,99.45,4.7711238403439555,100.0,2.4463980579726425,99.4,2.0980805112732037,100.05,2.100129053991993,99.35000000000001,5.563247053147426,100.1,17.210079643969067,99.3,5.728112304479804,100.15,7.060227347427781,99.25,4.774181021595686,100.2,6.030060533103637
1710000046.2999558,100925,FI2010_LSE,99.65,10.185277641055608,99.80000000000001,9.53272799344643,99.60000000000001,7.289928258596687,99.85000000000001,8.269441077534983,99.55000000000001,6.163488132385783,99.9,10.65287797811079,99.5,2.773342955661089,99.95000000000002,3.5304300240052453,99.45,3.303222044855617,100.00000000000001,2.388984037062796,99.4,3.2981175743546394,100.05000000000001,2.0442352627309663,99.35000000000001,2.03896967631036,100.10000000000001,3.3389690467330406,99.30000000000001,3.665849736451995,100.15,2.053084453228342,99.25,0.4046341226997481,100.20000000000002,2.6533093626533826,99.2,5.025253830125685,100.25000000000001,9.386567440460349
1710000046.3499558,100926,FI2010_LSE,99.7,6.376474285809006,99.75,17.074436743552518,99.65,5.381766136459658,99.8,6.463190061812174,99.60000000000001,4.3814949681185436,99.85,16.431462092296652,99.55,6.234631739225053,99.9,5.650890753432803,99.5,6.483026248085217,99.95,7.92211608802751,99.45,8.784031617830108,100.0,3.2747607551212794,99.4,3.4984622387876003,100.05,12.219372478294645,99.35000000000001,4.45190834899485,100.1,5.919535229728865,99.3,2.7794583911607815,100.15,7.249418435444361,99.25,2.6433897641961965,100.2,1.7398105190466455
1710000046.3999557,100927,FI2010_LSE,99.75,8.265693420821648,99.8,4.172504653663775,99.7,9.99023494365418,99.85,11.109049229335566,99.65,12.755733169260292,99.89999999999999,5.105099630358437,99.6,5.364421578444665,99.95,13.011428642795988,99.55,2.417782842770619,100.0,4.9512142756994635,99.5,3.860286585449916,100.05,2.3645650510669913,99.45,4.105366609235568,100.1,15.191031829102101,99.4,0.9219723929829013,100.14999999999999,5.459286941186636,99.35,3.251542649124984,100.2,0.7973279234710786,99.3,11.273361014373581,100.25,11.98668541107518
1710000046.4499557,100928,FI2010_LSE,99.7,3.800168698746622,99.75,3.6479723813892155,99.65,7.895429793978168,99.8,3.677589796418042,99.60000000000001,4.631318612761905,99.85,3.401807583595015,99.55,7.071385847944435,99.9,12.648523686975926,99.5,3.2267827654794967,99.95,2.0514419947467872,99.45,2.355581699474058,100.0,3.67175946207988,99.4,2.8337675915972795,100.05,1.6688763513894964,99.35000000000001,2.2772321280285963,100.1,3.276235788904235,99.3,1.0457789709925094,100.15,5.347679655026228,99.25,2.578198064535823,100.2,2.6339553289871964
1710000046.4999557,100929,FI2010_LSE,99.7,4.763000793209207,99.75,6.488515758239611,99.65,5.085382226413898,99.8,4.344922237703596,99.60000000000001,23.966645955622774,99.85,9.837239370244683,99.55,5.3795727708950105,99.9,7.410926490868108,99.5,6.812249933738652,99.95,6.777693351389632,99.45,5.177219852637217,100.0,16.200989790370954,99.4,2.2217391681061205,100.05,1.7145556537029731,99.35000000000001,1.865968416028495,100.1,6.768435269251663,99.3,11.758961891090884,100.15,11.821689992398236,99.25,0.3771853907511803,100.2,0.9615375475631183
1710000046.5499556,100930,FI2010_LSE,99.7,4.60373592095472,99.75,10.61049839360324,99.65,16.060582331907078,99.8,3.7071550649404346,99.60000000000001,12.406998288066978,99.85,7.2675316154973615,99.55,3.2720661020375688,99.9,6.010376811914336,99.5,12.40404590397653,99.95,3.369145882232569,99.45,3.3253324143164984,100.0,1.7495566394890538,99.4,1.7056393187491945,100.05,8.115871486623396,99.35000000000001,2.9014557554529574,100.1,5.029798398733949,99.3,3.504526519203506,100.15,1.8785850336676906,99.25,2.7783353792070584,100.2,2.0023458680256105
1710000046.5999556,100931,FI2010_LSE,99.65,4.959646243864537,99.7,17.93858191357997,99.60000000000001,15.046803100534756,99.75,9.244185122350132,99.55000000000001,4.207192788791891,99.8,3.7506130391937798,99.5,3.9586092279262126,99.85000000000001,3.2571813323224292,99.45,10.680604176441406,99.9,2.429510539543366,99.4,1.9841889258395713,99.95,2.111317564150466,99.35000000000001,6.8817627005453454,100.0,6.4127918320836725,99.30000000000001,10.31732396009854,100.05,19.566727611350313,99.25,2.863615068990431,100.10000000000001,5.514362453660714,99.2,2.1997036360609385,100.15,1.7543042875801946
1710000046.6499555,100932,FI2010_LSE,99.7,4.508413443545191,99.75,11.971624096421706,99.65,4.156362151057174,99.8,6.519105931729227,99.60000000000001,3.88301409740431,99.85,4.932448196477675,99.55,10.247556224085843,99.9,7.480929185242595,99.5,2.692593648282562,99.95,4.890934825840059,99.45,4.921387449657411,100.0,4.493917152126441,99.4,2.5337305517173494,100.05,2.427900941600102,99.35000000000001,0.8685619100019479,100.1,4.866095812742621,99.3,0.7492126881272312,100.15,7.347312147354797,99.25,3.232265157105163,100.2,10.907067485626445
1710000046.6999555,100933,FI2010_LSE,99.65,3.913370043446824,99.75,7.7441085550746305,99.60000000000001,9.276298564260124,99.8,4.157410953419689,99.55000000000001,5.572152319659299,99.85,4.301546032730857,99.5,8.399060109548433,99.9,3.2048667791608123,99.45,7.540451560556767,99.95,10.508688534325508,99.4,2.894640422095895,100.0,3.126140266626614,99.35000000000001,4.5464315817190615,100.05,1.7361009118764439,99.30000000000001,8.583522565415294,100.1,5.749432774055319,99.25,0.5760795906327751,100.15,11.050194283753969,99.2,0.36258884418323595,100.2,6.947254751738582
1710000046.7499554,100934,FI2010_LSE,99.65,3.6084630185218587,99.7,13.031398061485465,99.60000000000001,13.117812712241442,99.75,12.283059349264185,99.55000000000001,4.8027780226776855,99.8,4.495421340488402,99.5,8.380319338621987,99.85000000000001,4.217487351183788,99.45,3.7085158644807583,99.9,3.768224109772758,99.4,5.628261016924792,99.95,2.8402838843071163,99.35000000000001,3.207767611656814,100.0,3.844739768281209,99.30000000000001,1.8366120371796208,100.05,4.18055663963132,99.25,18.27514855258867,100.10000000000001,2.7032963759656554,99.2,4.553642621176958,100.15,1.3494413320457324
1710000046.7999554,100935,FI2010_LSE,99.65,6.370905399925129,99.7,4.745507866794475,99.60000000000001,4.412612537761651,99.75,18.044263456709547,99.55000000000001,4.580089850248532,99.8,9.618884125854354,99.5,25.37843601899442,99.85000000000001,2.948658065961602,99.45,9.71396296507545,99.9,7.947103810620762,99.4,1.7587491955935677,99.95,2.70519127826826,99.35000000000001,1.9856542462664055,100.0,1.6349166835382258,99.30000000000001,6.0198274400008245,100.05,2.1170610506270147,99.25,0.7674937693347837,100.10000000000001,10.895226092424933,99.2,5.769685311112798,100.15,0.8332898744958601
1710000046.8499553,100936,FI2010_LSE,99.60000000000001,11.352331356283,99.65,4.330471945639508,99.55000000000001,4.664872809061783,99.7,5.465494682972797,99.50000000000001,3.3612793321234538,99.75,3.120314085650156,99.45,3.437388971660938,99.80000000000001,8.059381620019124,99.4,5.062906446348611,99.85000000000001,3.1646590737175306,99.35000000000001,4.025044037564221,99.9,2.163205145657735,99.30000000000001,5.7211271209168455,99.95,6.270661279410188,99.25000000000001,3.688152333690889,100.0,2.457879559116467,99.2,1.8485334177229213,100.05000000000001,1.2120020318393272,99.15,0.2604032901042222,100.10000000000001,3.0672013397071285
1710000046.8999553,100937,FI2010_LSE,99.65,13.257755930551543,99.7,4.778626459017703,99.60000000000001,3.364871163226031,99.75,4.245509416011232,99.55000000000001,10.732269692523012,99.8,6.499447279552756,99.5,9.417625200711589,99.85000000000001,4.302455633562764,99.45,3.23183029113859,99.9,4.876477350035204,99.4,2.4384361696992425,99.95,3.984127878386971,99.35000000000001,6.645967555263269,100.0,1.7208590509749344,99.30000000000001,5.93718600825649,100.05,1.0114921471136482,99.25,1.4713683748955777,100.10000000000001,2.6131390814076356,99.2,3.639949592703681,100.15,15.048330823027577
1710000046.9499552,100938,FI2010_LSE,99.65,4.942302980487175,99.7,7.6178506652794,99.60000000000001,3.4757844999917964,99.75,8.369248525818481,99.55000000000001,2.9920333538617494,99.8,2.923271849509093,99.5,7.7157117012606555,99.85000000000001,3.9472900419779435,99.45,3.0940238144978505,99.9,2.521435558543061,99.4,5.723204491931792,99.95,16.512215208421615,99.35000000000001,9.476865853925482,100.0,2.3905000114234936,99.30000000000001,2.1390403598661174,100.05,4.052815796040142,99.25,3.876148081537027,100.10000000000001,10.031301066365112,99.2,0.9791039236093346,100.15,3.0806238504674353
1710000046.9999552,100939,FI2010_LSE,99.65,4.135696839763241,99.7,22.117641993580722,99.60000000000001,7.791380183902603,99.75,8.546015121055305,99.55000000000001,3.1508994395284597,99.8,2.8791764819527463,99.5,9.206648446146971,99.85000000000001,5.313724678227685,99.45,2.643050620158435,99.9,3.2098294513147243,99.4,8.591972788642897,99.95,2.8379401499496106,99.35000000000001,4.220956361410389,100.0,2.4788449394091607,99.30000000000001,1.62182798520737,100.05,1.9715590419217444,99.25,1.899187956326124,100.10000000000001,2.0572501845391,99.2,4.347908827209423,100.15,0.37199652673802946
1710000047.0499551,100940,FI2010_LSE,99.60000000000001,4.2127792552579395,99.7,6.879004579821573,99.55000000000001,7.5558884665688195,99.75,3.2307351043538435,99.50000000000001,4.136143618284291,99.8,5.966538221450431,99.45,10.436095293373944,99.85000000000001,2.4156028478388576,99.4,6.330967964259002,99.9,4.485151915854083,99.35000000000001,3.158990983189139,99.95,8.151570754943986,99.30000000000001,5.576226297533687,100.0,3.3596985853116883,99.25000000000001,2.152363314387707,100.05,2.2594114323125756,99.2,6.72181498697447,100.10000000000001,2.1051061128580364,99.15,26.47339055527605,100.15,0.7027785428698962
1710000047.099955,100941,FI2010_LSE,99.65,7.974906263050411,99.7,5.980839238654514,99.60000000000001,3.374130665892713,99.75,7.284377218307224,99.55000000000001,11.473327549333398,99.8,4.002086585171819,99.5,2.935641997757455,99.85000000000001,5.041524387581635,99.45,3.2879226106210337,99.9,2.8239194730367077,99.4,14.499036505363533,99.95,19.313909247918044,99.35000000000001,14.141391131984573,100.0,7.914742891043462,99.30000000000001,12.427487530566422,100.05,10.450651499589682,99.25,8.568763313745672,100.10000000000001,0.6711311683128203,99.2,8.022219057116889,100.15,3.397124435648032
1710000047.149955,100942,FI2010_LSE,99.65,11.823215918631096,99.7,4.412873383754725,99.60000000000001,3.8155059303376526,99.75,5.936198484195538,99.55000000000001,9.646630948965175,99.8,24.890555695484757,99.5,4.379759650466843,99.85000000000001,4.306218973770272,99.45,2.9637954587545825,99.9,18.18953204759886,99.4,7.756157923389621,99.95,5.979574054171826,99.35000000000001,5.256791369766978,100.0,2.6828082207153594,99.30000000000001,1.8048166299452804,100.05,3.588418512838115,99.25,4.016959321392564,100.10000000000001,4.1191237910618534,99.2,3.2785795382174983,100.15,1.1088154180747984
1710000047.199955,100943,FI2010_LSE,99.65,6.799319619019953,99.7,6.261793310930551,99.60000000000001,9.617959622892293,99.75,5.920879161293606,99.55000000000001,3.5162258098544874,99.8,2.987318058935829,99.5,4.376680758174011,99.85000000000001,4.321936206937449,99.45,6.192125307626011,99.9,6.538980875170416,99.4,1.81332000860675,99.95,3.4393003300388596,99.35000000000001,13.839881034160936,100.0,9.129581241198522,99.30000000000001,19.06322846369117,100.05,3.2881843555064263,99.25,4.135607352105012,100.10000000000001,3.7620592611744113,99.2,0.4457520193590881,100.15,0.1
1710000047.249955,100944,FI2010_LSE,99.60000000000001,6.814315371208593,99.65,12.86901348461605,99.55000000000001,3.864989593595898,99.7,10.0036709279155,99.50000000000001,9.204331818189058,99.75,4.203082241183756,99.45,4.169170723020618,99.80000000000001,3.654910109830545,99.4,9.036470996177608,99.85000000000001,3.9655213435372074,99.35000000000001,8.375817723492096,99.9,2.7289236571844198,99.30000000000001,1.2836445298903427,99.95,5.456155076835928,99.25000000000001,2.9519264775921554,100.0,3.4682756130816355,99.2,9.420629958759001,100.05000000000001,3.8835358672706346,99.15,5.083667430976975,100.10000000000001,2.2266015753835324
1710000047.299955,100945,FI2010_LSE,99.65,4.890709877760024,99.7,3.676151963222141,99.60000000000001,6.709908357495504,99.75,16.787640845290294,99.55000000000001,3.335477770751404,99.8,7.224784235414431,99.5,21.81455541023101,99.85000000000001,4.589686156373869,99.45,7.032330096968214,99.9,4.8140503383636934,99.4,3.8472692716714016,99.95,5.801814875173724,99.35000000000001,8.961682127968754,100.0,1.3288455648285733,99.30000000000001,9.968101432273098,100.05,2.092086834042725,99.25,8.732923449857937,100.10000000000001,10.015203137759434,99.2,0.33509101798774427,100.15,5.633510137339592
1710000047.3499548,100946,FI2010_LSE,99.60000000000001,11.9487272769508,99.7,8.29354572473936,99.55000000000001,3.9749433618653374,99.75,9.36854624824954,99.50000000000001,2.8893207671297043,99.8,17.550571414756046,99.45,12.639307573442036,99.85000000000001,5.039420334970837,99.4,2.718234401483344,99.9,3.3518352860575136,99.35000000000001,7.145762562112015,99.95,5.027835201619198,99.30000000000001,1.5752907051479788,100.0,15.476177594873928,99.25000000000001,2.110638786777672,100.05,2.0807222331694586,99.2,8.905713780859791,100.10000000000001,8.305000971157755,99.15,5.001005352597603,100.15,1.4523130171853977
1710000047.3999548,100947,FI2010_LSE,99.60000000000001,10.362076217746608,99.65,4.583453930773914,99.55000000000001,3.7432220447091327,99.7,7.718148591826244,99.50000000000001,5.791393764578289,99.75,10.627561410273175,99.45,5.425277451081881,99.80000000000001,15.063950192589013,99.4,7.230643940411833,99.85000000000001,3.150563705777307,99.35000000000001,9.344080234771196,99.9,5.583896499118105,99.30000000000001,1.3261086474192771,99.95,2.5734355707503616,99.25000000000001,1.259901099473479,100.0,1.1909292143848977,99.2,3.1100542239035325,100.05000000000001,11.531127486238075,99.15,4.228027450964682,100.10000000000001,1.185838641307462
1710000047.4499547,100948,FI2010_LSE,99.65,6.485729243390601,99.7,7.209186803941023,99.60000000000001,6.35696379844398,99.75,12.474535888722006,99.55000000000001,4.028483682788106,99.8,6.038846316487039,99.5,4.517030216797792,99.85000000000001,4.541488811222136,99.45,10.92244484816088,99.9,6.103684911024335,99.4,2.5678225662623113,99.95,4.923144387274689,99.35000000000001,3.9746308831370545,100.0,11.412602629127225,99.30000000000001,2.469761929858225,100.05,2.407653773209587,99.25,4.841762823321946,100.10000000000001,1.1982480247692182,99.2,1.9570701238944972,100.15,12.009843040697358
1710000047.4999547,100949,FI2010_LSE,99.65,6.528102642153483,99.7,10.103556669130398,99.60000000000001,18.209260825566563,99.75,4.831229305541909,99.55000000000001,3.450885086352553,99.8,3.9620138999388965,99.5,3.0242346206806774,99.85000000000001,2.8598191343684882,99.45,16.740113012113092,99.9,2.3433900940800036,99.4,9.276421062549556,99.95,4.952391311680785,99.35000000000001,2.800746791350666,100.0,1.6452936992703493,99.30000000000001,2.9588750591407793,100.05,3.3928649179127675,99.25,3.6030501671692914,100.10000000000001,0.9347656144093206,99.2,10.815038177433326,100.15,5.247424784788478
1710000047.5499547,100950,FI2010_LSE,99.7,10.26914816452362,99.75,8.654266001453804,99.65,3.210745760606683,99.8,7.503998153908872,99.60000000000001,21.944882792495275,99.85,5.408771407797397,99.55,3.3277078260017974,99.9,2.8742841584467236,99.5,9.779806855775599,99.95,2.6764455272394816,99.45,16.98855719996503,100.0,10.808399544280858,99.4,5.092393448452165,100.05,4.565477187147794,99.35000000000001,2.058406929864004,100.1,2.2262854691505067,99.3,7.024583660828793,100.15,3.7633674688533647,99.25,3.242880081554849,100.2,0.9423212317740417
1710000047.5999546,100951,FI2010_LSE,99.65,7.253443874356853,99.75,11.33226126915021,99.60000000000001,6.531201377263486,99.8,3.8055936804677337,99.55000000000001,4.303589875389822,99.85,2.987201674842862,99.5,13.522537126507562,99.9,4.233930342196206,99.45,3.628845135023056,99.95,10.721645570785101,99.4,18.258777145500588,100.0,2.3165053400498268,99.35000000000001,4.716809545537981,100.05,4.430287404021733,99.30000000000001,10.502613481270156,100.1,2.5571581551959177,99.25,0.7125022934200536,100.15,15.251743828791547,99.2,5.60610340307746,100.2,1.0161510487348455
1710000047.6499546,100952,FI2010_LSE,99.65,9.694716932625438,99.7,5.03195344667553,99.60000000000001,9.512696472057069,99.75,3.8361707457895866,99.55000000000001,10.861127914386358,99.8,12.606367779287565,99.5,8.119333316800365,99.85000000000001,4.93869095060418,99.45,2.1949358950690874,99.9,5.521844488896631,99.4,12.318880564385553,99.95,12.84342343845053,99.35000000000001,5.964008942678543,100.0,3.341792349725232,99.30000000000001,2.4347068344206946,100.05,2.88672464058011,99.25,1.3314023313445003,100.10000000000001,3.02471470819079,99.2,5.032648560609591,100.15,4.688794271964303
1710000047.6999545,100953,FI2010_LSE,99.65,7.151700060512013,99.7,7.542643681422843,99.60000000000001,12.038932314719222,99.75,3.356239362638897,99.55000000000001,5.601329840278131,99.8,8.914823875333523,99.5,8.044502922230706,99.85000000000001,16.184376643146486,99.45,2.7255957677347955,99.9,4.818354473698748,99.4,1.7647336120366721,99.95,3.5891394935800536,99.35000000000001,1.3777726541708366,100.0,9.811026810665606,99.30000000000001,5.678620771426091,100.05,1.2038474988961352,99.25,1.2986436852787346,100.10000000000001,4.815532900088934,99.2,7.565736200082524,100.15,2.0064162558914687
1710000047.7499545,100954,FI2010_LSE,99.7,8.578842066164746,99.75,9.8816087384056,99.65,6.319888247827877,99.8,4.316344603253457,99.60000000000001,3.669803612721756,99.85,5.605460736218766,99.55,5.941996566786575,99.9,9.03182095634888,99.5,25.206851631081435,99.95,2.6571590375283565,99.45,1.605523968591584,100.0,1.9446663790542154,99.4,3.6137550372421345,100.05,6.658376439482732,99.35000000000001,9.00664413596487,100.1,2.5977023352659003,99.3,0.7722043118417914,100.15,1.6324075394831365,99.25,1.1560641323564333,100.2,1.5305501652036821
1710000047.7999544,100955,FI2010_LSE,99.75,17.486134513505462,99.85,4.137952364197743,99.7,3.935880079076906,99.89999999999999,4.714819748958814,99.65,4.2866382531542095,99.94999999999999,6.728118073011373,99.6,3.8653279758370633,100.0,4.672107494839334,99.55,2.5914080936388775,100.05,7.71836057345374,99.5,1.7286644074655424,100.1,11.643170039294855,99.45,4.328166422205952,100.14999999999999,2.1018722428467607,99.4,2.6474898531549953,100.19999999999999,0.8856153263846455,99.35,0.5398961994357093,100.25,1.1188167060891687,99.3,2.726084342292813,100.3,0.8105325119111546
1710000047.8499544,100956,FI2010_LSE,99.80000000000001,13.270091096554207,99.85000000000001,20.32465561402513,99.75000000000001,4.130116924371679,99.9,3.667872466488595,99.70000000000002,3.747299280289429,99.95,6.731105168675082,99.65,4.931546785098845,100.00000000000001,5.745978389923538,99.60000000000001,14.652011694068355,100.05000000000001,9.24565644647247,99.55000000000001,8.61768022199032,100.10000000000001,2.6122051785070513,99.50000000000001,12.160468900568564,100.15,2.3789075648365903,99.45000000000002,4.570916562353676,100.2,3.478148492647364,99.4,5.798983359653702,100.25000000000001,1.300417338916386,99.35000000000001,9.650643621070436,100.30000000000001,19.397234388579065
1710000047.8999543,100957,FI2010_LSE,99.7,4.684206933083429,99.8,8.630598182200963,99.65,8.317290169352294,99.85,5.210098150748088,99.60000000000001,7.242547565548795,99.89999999999999,7.774532263770958,99.55,7.811002282644411,99.95,4.290989211076869,99.5,9.683585364957462,100.0,16.06810014167204,99.45,11.137990751789802,100.05,3.982862878117542,99.4,5.681873532479602,100.1,3.0726621949745803,99.35000000000001,3.7985476275609873,100.14999999999999,10.346929721202974,99.3,2.6198484557802524,100.2,0.5916350050499349,99.25,11.627787184544346,100.25,1.090635026532141
1710000047.9499543,100958,FI2010_LSE,99.75,7.360882287845463,99.8,7.135721752759109,99.7,7.249256530789622,99.85,4.245161957755991,99.65,5.571969155310388,99.89999999999999,5.722918174856382,99.6,6.457135574466749,99.95,6.202604981796242,99.55,7.0639755537858635,100.0,3.2066897494765345,99.5,5.6762873516112204,100.05,6.393840875220521,99.45,5.266053543801792,100.1,5.979197680629223,99.4,13.34329825818175,100.14999999999999,6.112409301122258,99.35,0.6011800960324408,100.2,1.3361533555140812,99.3,4.8261367858541435,100.25,5.568059654330785
1710000047.9999542,100959,FI2010_LSE,99.7,8.262793870373171,99.75,10.80822135446018,99.65,9.53407610207398,99.8,8.57705840676319,99.60000000000001,5.063490815974156,99.85,3.969329926768131,99.55,14.206488514895108,99.9,14.456847882436309,99.5,12.534401274522464,99.95,6.190432326400599,99.45,2.735496055222928,100.0,4.931489931936971,99.4,2.7578875031430563,100.05,4.599232664598299,99.35000000000001,3.4916357039434436,100.1,9.750127058020148,99.3,12.369380886281462,100.15,4.450467830230231,99.25,2.4447621933432333,100.2,5.599411702024454
1710000048.0499542,100960,FI2010_LSE,99.65,3.7742595674686816,99.75,15.720516137387579,99.60000000000001,4.942306245819845,99.8,8.800922002338076,99.55000000000001,3.000697585717142,99.85,8.906566778590191,99.5,17.52801123644076,99.9,3.378765200695032,99.45,2.0574790777658563,99.95,13.00574705608519,99.4,10.171366051870601,100.0,7.648346047575739,99.35000000000001,2.120442930605003,100.05,2.1028798099884916,99.30000000000001,2.3533391137489312,100.1,4.341080568326145,99.25,6.188524118719063,100.15,2.7382691091414344,99.2,0.2296649808118838,100.2,7.168528301965772
1710000048.0999541,100961,FI2010_LSE,99.75,4.493140054175997,99.8,4.572842743314435,99.7,3.257898371010755,99.85,7.224415943702641,99.65,7.58191565806133,99.89999999999999,3.019800532016801,99.6,5.14233852597385,99.95,5.193231892849464,99.55,11.49454649923092,100.0,3.14455533217878,99.5,3.7675731557886145,100.05,3.205165360215529,99.45,20.48493915371341,100.1,1.6309020465380348,99.4,6.888965901860159,100.14999999999999,4.328177675637237,99.35,0.46835323328283524,100.2,6.1782362333977625,99.3,0.1,100.25,1.9117255374745885
1710000048.149954,100962,FI2010_LSE,99.85000000000001,5.121263321051217,99.9,8.254310228371565,99.80000000000001,6.925029763370375,99.95,3.8650618326331925,99.75000000000001,3.169334156051839,100.0,14.607812660902377,99.7,3.226171402219478,100.05000000000001,4.4309163661589475,99.65,9.915487235667465,100.10000000000001,19.89183737137873,99.60000000000001,8.735654797154254,100.15,4.606452747026173,99.55000000000001,2.579806398858082,100.2,4.880097785086531,99.50000000000001,5.936472072968793,100.25,1.8227548192335317,99.45,6.634439164638621,100.30000000000001,4.481552736043215,99.4,2.69903449554885,100.35000000000001,4.611159262118179
1710000048.199954,100963,FI2010_LSE,99.80000000000001,7.34099344934528,99.85000000000001,5.192416483806953,99.75000000000001,5.807572936029427,99.9,5.863679343953297,99.70000000000002,2.8152860355116167,99.95,4.782601017509109,99.65,2.6291583992941328,100.00000000000001,9.754028811652962,99.60000000000001,5.135794899224495,100.05000000000001,4.256678461933788,99.55000000000001,3.043884802710613,100.10000000000001,10.436816857728912,99.50000000000001,1.8867608856012823,100.15,11.784746210051882,99.45000000000002,6.532705333333982,100.2,13.182674765708066,99.4,3.1421042436519304,100.25000000000001,1.8595610865403458,99.35000000000001,3.2555460711734967,100.30000000000001,0.9259456760261318
1710000048.249954,100964,FI2010_LSE,99.85000000000001,10.445728854894085,99.9,17.19079663892324,99.80000000000001,6.60422110454105,99.95,6.619307467899304,99.75000000000001,4.860378758891045,100.0,4.314974950252071,99.7,2.593651166369524,100.05000000000001,8.676505677100208,99.65,4.1891852031883055,100.10000000000001,7.426200660730589,99.60000000000001,20.514630924577855,100.15,10.194947945521555,99.55000000000001,2.6799075347485455,100.2,1.9845068199175793,99.50000000000001,1.9542311232082779,100.25,4.917311393915541,99.45,0.6212088309883327,100.30000000000001,3.897551969066265,99.4,0.1,100.35000000000001,3.3101090066304373
1710000048.299954,100965,FI2010_LSE,99.85000000000001,4.203561612766814,99.9,15.410625725428734,99.80000000000001,5.521065928293046,99.95,8.658660497156625,99.75000000000001,8.84864663199691,100.0,2.841308242856161,99.7,13.928730623437165,100.05000000000001,7.962814089558628,99.65,5.525311250179898,100.10000000000001,3.8824755699074895,99.60000000000001,5.691432437416076,100.15,7.952073408949094,99.55000000000001,1.7281160071487807,100.2,1.2693935638627927,99.50000000000001,1.0728649662976075,100.25,0.8968129990111273,99.45,10.22135021303174,100.30000000000001,1.5806394375943085,99.4,0.17898510362524409,100.35000000000001,4.849343628418557
1710000048.349954,100966,FI2010_LSE,99.80000000000001,9.976799684466913,99.85000000000001,4.185629498211171,99.75000000000001,9.968665146729837,99.9,4.761725164907339,99.70000000000002,3.9638513518250296,99.95,6.225775401561947,99.65,2.958391177418311,100.00000000000001,6.348080206638723,99.60000000000001,3.8494045721417276,100.05000000000001,2.2565295328229316,99.55000000000001,8.680015301670117,100.10000000000001,6.382882314741876,99.50000000000001,2.2904120775781447,100.15,2.969642280145288,99.45000000000002,1.921494582253848,100.2,2.783964519897492,99.4,7.697941660941913,100.25000000000001,5.165321815063656,99.35000000000001,0.1714553362560424,100.30000000000001,0.38340553756559326
1710000048.3999538,100967,FI2010_LSE,99.85000000000001,8.75095230349956,99.9,3.880487088675195,99.80000000000001,6.005852416535088,99.95,4.3794705384137895,99.75000000000001,11.287606144634347,100.0,2.9168007846010364,99.7,13.344752262992014,100.05000000000001,7.845975803680125,99.65,2.6987129305992927,100.10000000000001,2.801013974493261,99.60000000000001,2.8728831105110375,100.15,7.542305385173577,99.55000000000001,4.547006349834289,100.2,5.734686069307265,99.50000000000001,3.920793241536126,100.25,1.634836522103813,99.45,0.9168927859690988,100.30000000000001,4.681127196076086,99.4,0.9245270485976154,100.35000000000001,3.5764332117214392
1710000048.4499538,100968,FI2010_LSE,99.80000000000001,9.372501510681618,99.9,4.372126972355844,99.75000000000001,5.305375815015172,99.95,4.766449142969853,99.70000000000002,4.164896897164461,100.0,10.341098181309698,99.65,4.040221560576228,100.05000000000001,7.422047529307932,99.60000000000001,7.044028975885596,100.10000000000001,4.365687511859546,99.55000000000001,2.5349548937481705,100.15,1.9972117724169693,99.50000000000001,5.551860999808782,100.2,2.5113966616099943,99.45000000000002,2.7641634083237308,100.25,3.4457069474283077,99.4,13.118295616238314,100.30000000000001,0.4594843589994091,99.35000000000001,3.559357873459725,100.35000000000001,3.23091373036716
1710000048.4999537,100969,FI2010_LSE,99.85000000000001,6.224694588126226,99.9,14.834554624247511,99.80000000000001,7.32403559798881,99.95,3.446603354640974,99.75000000000001,3.0099080497011204,100.0,3.040809965076482,99.7,10.600517663732093,100.05000000000001,4.506165168079042,99.65,5.258457721850817,100.10000000000001,3.185595847479634,99.60000000000001,4.31165319666065,100.15,4.189762998763614,99.55000000000001,1.7270022333638413,100.2,1.4821620975394527,99.50000000000001,3.053463340406811,100.25,15.483910817385649,99.45,1.8561182808422987,100.30000000000001,0.741716403541627,99.4,4.493762758226337,100.35000000000001,4.952238069035045
1710000048.5499537,100970,FI2010_LSE,99.85000000000001,5.463077161683974,99.9,10.710801197707504,99.80000000000001,13.94289613632429,99.95,6.679817570627906,99.75000000000001,4.084420322266718,100.0,9.04010881316051,99.7,4.169520035876043,100.05000000000001,4.970903872470258,99.65,2.0968415874523254,100.10000000000001,8.601832115734418,99.60000000000001,4.291562863343781,100.15,2.5189547874262486,99.55000000000001,5.103787572182003,100.2,2.2291777695188135,99.50000000000001,1.7978384132967853,100.25,3.5153660899044388,99.45,14.989879254770687,100.30000000000001,1.5964777433096167,99.4,0.12209669665156292,100.35000000000001,0.9246559862804962
1710000048.5999537,100971,FI2010_LSE,99.80000000000001,4.444709666468716,99.85000000000001,4.9476970784754,99.75000000000001,12.949735795628566,99.9,6.934304851232747,99.70000000000002,6.513195740874972,99.95,9.493857805635216,99.65,3.278196065825515,100.00000000000001,2.417801435948538,99.60000000000001,10.781468578497021,100.05000000000001,2.519484512781695,99.55000000000001,10.34841484128042,100.10000000000001,2.7313917710015136,99.50000000000001,6.374857432110271,100.15,10.263556125241582,99.45000000000002,1.5250279058910552,100.2,5.71096215007093,99.4,7.105631466733881,100.25000000000001,4.236122256282534,99.35000000000001,2.7697292187562583,100.30000000000001,4.8288017112957915
1710000048.6499536,100972,FI2010_LSE,99.80000000000001,9.098406518028257,99.85000000000001,6.064798672228127,99.75000000000001,3.2967793056740415,99.9,8.98772265376205,99.70000000000002,8.073685960848334,99.95,29.44088791271431,99.65,5.494098192499711,100.00000000000001,4.765386221915007,99.60000000000001,9.736668134393026,100.05000000000001,5.222925857079893,99.55000000000001,6.411022491249545,100.10000000000001,4.6381795029865245,99.50000000000001,15.897173630704177,100.15,4.977429745508738,99.45000000000002,3.5477963577458693,100.2,12.052097162036,99.4,3.7676987083503284,100.25000000000001,7.104376119640534,99.35000000000001,0.5931827076880696,100.30000000000001,2.504716641426283
1710000048.6999536,100973,FI2010_LSE,99.85000000000001,5.76128101757212,99.9,13.747237546028714,99.80000000000001,7.1382121090343835,99.95,3.381337280985532,99.75000000000001,5.407918149199645,100.0,14.926604415561938,99.7,7.323399313437519,100.05000000000001,4.222610213521711,99.65,5.290716700452586,100.10000000000001,3.557908196950713,99.60000000000001,7.170064645312486,100.15,3.475959564984404,99.55000000000001,3.2769404776777717,100.2,1.6119188017892834,99.50000000000001,9.348239890750508,100.25,0.8777237178153993,99.45,3.749213450380436,100.30000000000001,6.879866761132627,99.4,6.841058342315863,100.35000000000001,0.5313049507127205
1710000048.7499535,100974,FI2010_LSE,99.85000000000001,4.092158099262912,99.95,9.505404280751021,99.80000000000001,3.8351848659155383,100.0,5.4647964268007385,99.75000000000001,4.067165196256053,100.05,6.125364992313718,99.7,5.07484608050723,100.10000000000001,5.396380385626161,99.65,2.7022798973092246,100.15,8.211881153472321,99.60000000000001,3.0464883976778947,100.2,4.588466859309755,99.55000000000001,1.4124461765927494,100.25,10.07572919893979,99.50000000000001,3.5015705542274205,100.3,3.6999979970526624,99.45,0.7709535528318678,100.35000000000001,1.5426001650195507,99.4,0.9100015536345346,100.4,0.5721801475084258
1710000048.7999535,100975,FI2010_LSE,99.9,7.7801245627013405,99.95,5.999075083140521,99.85000000000001,7.364367503150915,100.0,6.095925906315683,99.80000000000001,5.112961025879098,100.05,4.533321249340393,99.75,2.411573555323681,100.10000000000001,8.636302907339378,99.7,8.838953906145736,100.15,2.596491989575105,99.65,9.772862580491285,100.2,5.589086119168526,99.60000000000001,3.6103033861289213,100.25,7.450524414793525,99.55000000000001,7.093926805698118,100.3,4.213944459137544,99.5,1.1495232504445263,100.35000000000001,7.3382095855374665,99.45,5.985659406940534,100.4,0.11778086035822287
1710000048.8499534,100976,FI2010_LSE,99.85000000000001,12.318401724787973,99.9,3.797719341816776,99.80000000000001,4.825422140773239,99.95,4.066426456329458,99.75000000000001,10.174115766671786,100.0,2.9712146693526647,99.7,3.57612126143039,100.05000000000001,2.4186884768373162,99.65,4.523366347605602,100.10000000000001,2.2779058312582876,99.60000000000001,3.0723486773062474,100.15,9.045276039502081,99.55000000000001,7.021730024630735,100.2,2.3454425015311693,99.50000000000001,1.9571864385782354,100.25,2.8289541190339476,99.45,1.1549408843594438,100.30000000000001,4.3457411920541125,99.4,0.534544488513689,100.35000000000001,8.401020686482038
1710000048.8999534,100977,FI2010_LSE,99.85000000000001,4.70179095337406,99.9,12.848036301019212,99.80000000000001,3.3009570650684372,99.95,14.142443564290069,99.75000000000001,3.610524391979598,100.0,2.9348762215996396,99.7,5.2263363838942,100.05000000000001,6.583123305343038,99.65,3.700999133093405,100.10000000000001,2.9896193607061856,99.60000000000001,3.047057013383662,100.15,8.886125355974672,99.55000000000001,5.204097625808738,100.2,11.73296969852252,99.50000000000001,2.8186883186559255,100.25,2.129954679699701,99.45,2.3136409929208646,100.30000000000001,0.7718819743330155,99.4,0.22009479116541897,100.35000000000001,5.021590587811996
1710000048.9499533,100978,FI2010_LSE,99.85000000000001,4.9590066131401915,99.9,13.017715629579419,99.80000000000001,6.928791812325057,99.95,6.601776635113681,99.75000000000001,3.313085358305272,100.0,9.679432979110256,99.7,10.554183265389891,100.05000000000001,15.293381611878614,99.65,2.504635058727739,100.10000000000001,6.930254240848841,99.60000000000001,1.986447274084493,100.15,7.949448697643049,99.55000000000001,5.662204420096774,100.2,3.934499383868749,99.50000000000001,3.7617895145098315,100.25,4.843819693472732,99.45,4.357611968752652,100.30000000000001,1.038549172522597,99.4,13.704391736091726,100.35000000000001,3.9639582847439265
1710000048.9999533,100979,FI2010_LSE,99.80000000000001,7.939798164546003,99.85000000000001,9.211583647459705,99.75000000000001,3.6769547723921483,99.9,3.509603126708753,99.70000000000002,4.626736162041767,99.95,16.63491623216503,99.65,4.032911047616238,100.00000000000001,5.595546571960052,99.60000000000001,7.115665294782861,100.05000000000001,4.5443270221559775,99.55000000000001,3.0753160596521987,100.10000000000001,1.667812849112528,99.50000000000001,4.6152379095190765,100.15,7.298138684129316,99.45000000000002,2.8607117928140866,100.2,12.114683001092192,99.4,0.6472341373699836,100.25000000000001,7.33876098351382,99.35000000000001,0.4025846370745036,100.30000000000001,5.665983197032148
1710000049.0499532,100980,FI2010_LSE,99.80000000000001,10.235429381664705,99.9,5.747444025548162,99.75000000000001,4.608220349103811,99.95,6.62262358508522,99.70000000000002,5.801943677182978,100.0,4.940662081343078,99.65,4.631504439631797,100.05000000000001,4.569506103875746,99.60000000000001,6.569284552138953,100.10000000000001,3.842148273379418,99.55000000000001,9.072241918930445,100.15,4.564879345201269,99.50000000000001,4.903503144179609,100.2,4.059777761205519,99.45000000000002,4.155127639980449,100.25,2.4540655905095816,99.4,6.780027476477438,100.30000000000001,2.7688606860050364,99.35000000000001,4.2088921049831045,100.35000000000001,10.504359557907694
1710000049.0999532,100981,FI2010_LSE,99.85000000000001,5.083070371226495,99.9,4.1952353959953275,99.80000000000001,5.313984769413784,99.95,10.746653457799301,99.75000000000001,4.600313981843835,100.0,3.2746819584425175,99.7,2.9589662050788452,100.05000000000001,6.013200056433608,99.65,4.718478320459374,100.10000000000001,3.599410271496947,99.60000000000001,4.147445082557427,100.15,4.091785240152808,99.55000000000001,1.851145585299607,100.2,2.2194770019669834,99.50000000000001,4.444566463965142,100.25,3.1142649157532345,99.45,5.971821154725181,100.30000000000001,1.6702287229443717,99.4,0.1836199266056121,100.35000000000001,1.2817464590028382
1710000049.1499531,100982,FI2010_LSE,99.85000000000001,7.20533021557482,99.9,10.243664308329961,99.80000000000001,5.547823137265575,99.95,3.304018605027238,99.75000000000001,12.433757512081986,100.0,8.021884983310496,99.7,8.397991151928922,100.05000000000001,5.508713075918248,99.65,2.362265329293978,100.10000000000001,2.564693021191883,99.60000000000001,4.343339289738443,100.15,3.7547903714789523,99.55000000000001,5.0632050147954715,100.2,1.7476451320577067,99.50000000000001,4.155480242538495,100.25,2.7974013228046304,99.45,0.4861011122260559,100.30000000000001,2.1449789732035778,99.4,4.956806927728833,100.35000000000001,0.6553357852642225
1710000049.199953,100983,FI2010_LSE,99.85000000000001,3.601391171694947,99.9,8.520790598434461,99.80000000000001,23.942420296117458,99.95,5.447524255833223,99.75000000000001,10.092285353931148,100.0,7.246157784631226,99.7,7.747025763748461,100.05000000000001,3.337672672800394,99.65,5.409309674270263,100.10000000000001,3.330501452127251,99.60000000000001,10.053534086515933,100.15,3.824346959919387,99.55000000000001,10.232857604964284,100.2,3.854945702222654,99.50000000000001,3.179621820959073,100.25,6.368938870438681,99.45,2.301782705904079,100.30000000000001,8.413111872619794,99.4,2.534654469199845,100.35000000000001,2.3720945284557433
1710000049.249953,100984,FI2010_LSE,99.75,4.150439016355821,99.9,4.576453705995725,99.7,4.913905942023556,99.95,4.253160529634444,99.65,8.806567685850593,100.0,3.038659146969125,99.6,5.6076740871316035,100.05000000000001,9.814845895079266,99.55,23.82897615668922,100.10000000000001,6.232615762089078,99.5,7.378059643216233,100.15,10.767107392705254,99.45,1.616516434385344,100.2,7.791532242739105,99.4,1.8781327854420509,100.25,7.346625104956126,99.35,3.228678415588758,100.30000000000001,2.317036047687037,99.3,2.2554401115205516,100.35000000000001,1.6781555084339659
1710000049.299953,100985,FI2010_LSE,99.9,3.9931473937503768,99.95,6.117820741853654,99.85000000000001,7.25503296380241,100.0,4.099735343826641,99.80000000000001,4.371213847170234,100.05,7.927644192665493,99.75,7.676869767624931,100.10000000000001,3.402151512417853,99.7,2.0517234965313333,100.15,5.21817242350633,99.65,6.5034553368583605,100.2,10.550061352634332,99.60000000000001,3.39817075663425,100.25,1.887796240244234,99.55000000000001,8.163645661628928,100.3,10.000985535034712,99.5,14.400412062388867,100.35000000000001,1.1635048317045573,99.45,4.486112951303458,100.4,0.24884661432088317
1710000049.349953,100986,FI2010_LSE,99.9,7.020666652648295,99.95,17.256747379405812,99.85000000000001,6.967939993274319,100.0,4.103892824099389,99.80000000000001,9.979519616586073,100.05,10.592897491233842,99.75,15.511401877112462,100.10000000000001,3.4734666734880872,99.7,3.6065288222289817,100.15,2.7684700640637825,99.65,2.5151500588884956,100.2,2.3802246421431588,99.60000000000001,3.537738181699941,100.25,6.53809790249743,99.55000000000001,1.9902786615742827,100.3,9.253456953857748,99.5,5.717776222290234,100.35000000000001,3.230885569044358,99.45,2.90738050353191,100.4,4.853126539117543
1710000049.399953,100987,FI2010_LSE,99.9,5.52979425274608,99.95,3.8639861520812273,99.85000000000001,6.990857090301578,100.0,7.883336133205939,99.80000000000001,5.218365405786241,100.05,13.226882527141395,99.75,6.3387451383446685,100.10000000000001,3.577317567268631,99.7,2.392238486488891,100.15,5.094573570588422,99.65,10.064198793449666,100.2,6.107997224441236,99.60000000000001,21.784265542707224,100.25,16.35280102840596,99.55000000000001,5.95079774673487,100.3,6.002979106106495,99.5,2.9019365297195696,100.35000000000001,1.9641759113734367,99.45,2.410920633236625,100.4,0.1
1710000049.4499528,100988,FI2010_LSE,99.9,10.37248210723273,99.95,4.145743391886126,99.85000000000001,14.140087951928312,100.0,3.5132121750954477,99.80000000000001,21.723462011179308,100.05,3.4319250031291637,99.75,7.059816216446949,100.10000000000001,3.5136740271604814,99.7,3.0389564124256823,100.15,4.727192121187346,99.65,6.442018922498363,100.2,7.868896556955887,99.60000000000001,7.00795969772584,100.25,7.244955458254981,99.55000000000001,2.241943163039836,100.3,3.092236771256654,99.5,2.666606431254716,100.35000000000001,2.911725486673889,99.45,3.012038695173715,100.4,3.758638819458615
1710000049.4999528,100989,FI2010_LSE,99.9,6.301432450684064,99.95,18.078961139589914,99.85000000000001,6.7247657862175,100.0,4.664871861789979,99.80000000000001,3.159270802645216,100.05,3.7763173955836575,99.75,4.412739627252277,100.10000000000001,2.953692041365305,99.7,9.789018956131965,100.15,2.5640461956709513,99.65,1.8954415928354207,100.2,2.0443812569324176,99.60000000000001,17.043528272949672,100.25,1.3128654797514119,99.55000000000001,4.866606163204052,100.3,2.4419402814942393,99.5,20.275356238438313,100.35000000000001,4.05048363261934,99.45,15.633121549229466,100.4,8.255958614460893
1710000049.5499527,100990,FI2010_LSE,99.9,4.056730075503885,99.95,5.550782688376426,99.85000000000001,5.503650104131713,100.0,4.37247359191017,99.80000000000001,3.009307155329713,100.05,21.22960295610446,99.75,2.7072469560127868,100.10000000000001,2.8502167206164737,99.7,2.89242815252838,100.15,3.0787393804378542,99.65,4.076687272428698,100.2,8.67139309647911,99.60000000000001,4.599918142972031,100.25,2.314210172544418,99.55000000000001,2.0903496025779593,100.3,16.828769397212962,99.5,1.092557412031752,100.35000000000001,7.800067212236688,99.45,2.7989176566342975,100.4,2.305019430219299
1710000049.5999527,100991,FI2010_LSE,99.95,3.8896734318520823,100.0,5.929796492162188,99.9,8.819650404000031,100.05,10.973496714414331,99.85000000000001,4.41876327405239,100.1,4.2153832992161675,99.8,2.8963704276302704,100.15,7.74927778595551,99.75,7.573002013060133,100.2,3.114287891810031,99.7,3.814113287205807,100.25,8.235100380126147,99.65,4.516806540209824,100.3,2.036034901405128,99.60000000000001,2.426278802882422,100.35,2.7849025347694933,99.55,12.366240504593453,100.4,1.2767929421688922,99.5,2.2382739504881113,100.45,6.589239943522962
1710000049.6499527,100992,FI2010_LSE,99.9,4.768792641614313,99.95,6.6284123029758595,99.85000000000001,3.4913854642158926,100.0,4.6040741843633,99.80000000000001,7.564854303496405,100.05,4.218615185101217,99.75,6.212273087035337,100.10000000000001,7.289376977782272,99.7,6.036646276825889,100.15,3.6805907948235115,99.65,15.27775800216326,100.2,3.289440325431834,99.60000000000001,8.337508629492397,100.25,4.970022734289763,99.55000000000001,2.5217989454639276,100.3,3.2175962683188173,99.5,2.006002591743486,100.35000000000001,7.454377989941122,99.45,5.676605928505605,100.4,6.701844954744517
1710000049.6999526,100993,FI2010_LSE,99.85000000000001,10.3143648069747,99.9,3.70352667462491,99.80000000000001,5.606219056141193,99.95,3.3640223814214805,99.75000000000001,4.115228584170954,100.0,3.120663122107136,99.7,4.245991687734533,100.05000000000001,7.836062045903632,99.65,2.0809113145076497,100.10000000000001,20.24376964981464,99.60000000000001,8.460949303480572,100.15,3.6227836507683557,99.55000000000001,2.4371121417007977,100.2,2.8760464934833765,99.50000000000001,5.6213064761869225,100.25,1.2953825044092508,99.45,0.5774590238353423,100.30000000000001,15.87286683108565,99.4,2.357613699222849,100.35000000000001,5.394520925547437
1710000049.7499526,100994,FI2010_LSE,99.95,4.127759743134535,100.0,5.4955963725629395,99.9,9.234297437517476,100.05,7.539398143521171,99.85000000000001,6.088250353441098,100.1,15.603966892607854,99.8,3.7309041729460155,100.15,8.237685973567253,99.75,17.864071306004035,100.2,2.2487916140432844,99.7,3.4181821713502747,100.25,6.3818806992400745,99.65,3.3095937160253763,100.3,3.9331121092184476,99.60000000000001,8.659448970944306,100.35,1.1465767765899821,99.55,3.07658403958818,100.4,8.272751610133847,99.5,4.058800023130214,100.45,2.7691894015676555
1710000049.7999525,100995,FI2010_LSE,99.95,5.922592026238861,100.05,6.11667505401884,99.9,11.781720939144869,100.1,5.419432114403005,99.85000000000001,10.636816808478072,100.14999999999999,3.8655203871432264,99.8,6.385190739912675,100.2,4.67850823288911,99.75,13.72679198091661,100.25,3.4692381374813595,99.7,9.222005461253604,100.3,4.243246466429019,99.65,3.094135877174164,100.35,2.9077148830766983,99.60000000000001,5.095020798626844,100.39999999999999,2.089069644312241,99.55,0.6079765476654218,100.45,2.1218637871435693,99.5,5.539390438641854,100.5,3.0202095878141164
1710000049.8499525,100996,FI2010_LSE,99.95,3.6735064884771775,100.05,5.71665133011733,99.9,6.112401747869327,100.1,4.8883816153494255,99.85000000000001,6.061233849681663,100.14999999999999,4.5406859170141765,99.8,3.149697980569412,100.2,7.3415514099824,99.75,3.2026328649867803,100.25,10.209200110844618,99.7,3.615042812349217,100.3,1.9465248635938703,99.65,2.853243416933997,100.35,4.784483638450437,99.60000000000001,1.2889180092716714,100.39999999999999,3.848036610490336,99.55,5.3185529897704145,100.45,10.744663944265914,99.5,17.884385830777855,100.5,0.1777617414910239
1710000049.8999524,100997,FI2010_LSE,100.0,6.833169583813098,100.05,5.987587267493082,99.95,5.697084743436254,100.1,3.8515130072438057,99.9,11.860605535777962,100.14999999999999,13.94679536381893,99.85,4.851034752295622,100.2,5.492459236106678,99.8,2.903065177191284,100.25,2.1432144843145577,99.75,5.126137214517652,100.3,4.504846530105276,99.7,6.238115474685906,100.35,1.6027897806016362,99.65,1.3117354650570667,100.39999999999999,2.4394789769226364,99.6,2.1536502130989703,100.45,3.125832481121464,99.55,2.8702680031468075,100.5,7.034185999208435
1710000049.9499524,100998,FI2010_LSE,100.0,8.063863769479422,100.1,14.190486545450614,99.95,7.494247000307572,100.14999999999999,4.947804231601393,99.9,4.383142403959355,100.19999999999999,3.723152554815069,99.85,12.964728879167868,100.25,9.046763914191729,99.8,4.147643958271634,100.3,2.4461444490326056,99.75,2.01652946878669,100.35,2.1221002924129797,99.7,7.846624388508291,100.39999999999999,9.22505537738228,99.65,5.606658616609064,100.44999999999999,2.5623747098162317,99.6,3.3855184476083773,100.5,7.264461772113272,99.55,10.003303650636067,100.55,2.1915783557789035
1710000049.9999523,100999,FI2010_LSE,100.0,10.133789362405018,100.05,3.802440663358581,99.95,6.8249678190538035,100.1,8.398279517626548,99.9,3.3640879326103854,100.14999999999999,8.217433324835447,99.85,9.63491356531358,100.2,7.171127649261878,99.8,2.28445042178208,100.25,4.742607927450582,99.75,2.7208514765735963,100.3,4.851816937890176,99.7,2.365954442173983,100.35,4.954423959821963,99.65,9.473635749095925,100.39999999999999,2.117460827153788,99.6,7.500316374690926,100.45,0.9705765040194881,99.55,4.833447959290225,100.5,1.843070813593294
