dataset,model,fold,event_idx,actual_label,pred_label,prob_down,prob_stat,prob_up,signal,net_pnl,regime
FI2010_Benchmark,Logistic_Regression,4,0,1,2,0.012052491795297385,0.18874660211193137,0.7992009060927713,1,-0.09486504966248152,HV-T
FI2010_Benchmark,Logistic_Regression,4,1,1,2,0.0485584726574363,0.2534932405810243,0.6979482867615393,1,-0.09486000883659867,HV-T
FI2010_Benchmark,Logistic_Regression,4,2,1,2,0.09352497250176849,0.21786503156398,0.6886099959342515,1,-0.06985500721415785,HV-T
FI2010_Benchmark,Logistic_Regression,4,3,1,2,0.03890680590736228,0.05086202750639922,0.9102311665862386,1,-0.0698550072141578,HV-T
FI2010_Benchmark,Logistic_Regression,4,4,1,2,0.03449646960826275,0.046992847846510345,0.9185106825452269,1,-0.06985500684395121,HV-T
FI2010_Benchmark,Logistic_Regression,4,5,1,2,0.010137443994251894,0.19755792494120533,0.7923046310645429,1,-0.14485500645252794,HV-T
FI2010_Benchmark,Logistic_Regression,4,6,0,2,0.006949824915602158,0.008035455667025985,0.9850147194173718,1,-0.14486501250471462,HV-T
FI2010_Benchmark,Logistic_Regression,4,7,0,2,0.01824878780446432,0.012916790963912437,0.9688344212316232,1,-0.26987501457257634,HV-M
FI2010_Benchmark,Logistic_Regression,4,8,0,1,0.09732727232986424,0.7382884041945701,0.16438432347556575,0,0.0,LV-M
FI2010_Benchmark,Logistic_Regression,4,9,0,2,0.2452338000526333,0.12227161038860695,0.6324945895587598,1,-0.2448600160805027,LV-M
FI2010_Benchmark,Logistic_Regression,4,10,0,1,0.03814210128266989,0.6998744881879674,0.2619834105293627,0,0.0,LV-M
FI2010_Benchmark,Logistic_Regression,4,11,0,2,0.09577932712037805,0.3023706509443357,0.6018500219352863,1,-0.1948550149113982,LV-M
FI2010_Benchmark,Logistic_Regression,4,12,0,0,0.6309822082682133,0.000496618893693209,0.3685211728380936,-1,0.005149985437554447,LV-T
FI2010_Benchmark,Logistic_Regression,4,13,0,1,0.30313003941275424,0.6095001581164605,0.08736980247078514,0,0.0,HV-T
FI2010_Benchmark,Logistic_Regression,4,14,0,1,0.3070575731046186,0.46061252553395077,0.2323299013614306,0,0.0,HV-T
FI2010_Benchmark,Logistic_Regression,4,15,0,2,0.1081569385059071,0.3271932732624212,0.5646497882316717,1,-0.04483501571025281,HV-T
FI2010_Benchmark,Logistic_Regression,4,16,0,1,0.015093234198323943,0.8405982329691637,0.14430853283251233,0,0.0,HV-T
FI2010_Benchmark,Logistic_Regression,4,17,1,1,0.008425419505664142,0.9587052952406712,0.03286928525366469,0,0.0,HV-M
FI2010_Benchmark,Logistic_Regression,4,18,1,1,0.0378014978280239,0.7245499045775766,0.2376485975943995,0,0.0,HV-M
FI2010_Benchmark,Logistic_Regression,4,19,2,1,0.12054554374120624,0.5453167411010567,0.3341377151577371,0,0.0,HV-M
FI2010_Benchmark,Logistic_Regression,4,20,2,2,0.04509224690781171,0.16584475453728464,0.7890629985549036,1,0.15517498213591396,HV-M
FI2010_Benchmark,Logistic_Regression,4,21,2,1,0.09367815584840579,0.5087026648402115,0.39761917931138274,0,0.0,HV-M
FI2010_Benchmark,Logistic_Regression,4,22,2,1,0.04842247939718025,0.7203910019027512,0.2311865187000685,0,0.0,HV-T
FI2010_Benchmark,Logistic_Regression,4,23,2,2,0.08290416279108272,0.27967130532838536,0.6374245318805318,1,0.055164982238191426,HV-T
FI2010_Benchmark,Logistic_Regression,4,24,2,2,0.002041587934377617,0.01976803647705003,0.9781903755885724,1,0.055169982515661145,HV-T
FI2010_Benchmark,Logistic_Regression,4,25,2,2,0.0010766797862794767,0.014053661841589037,0.9848696583721316,1,0.0801649825797284,HV-T
FI2010_Benchmark,Logistic_Regression,4,26,2,2,0.0016486553373949173,0.028766177887938428,0.9695851667746668,1,0.005154982086206322,HV-T
FI2010_Benchmark,Logistic_Regression,4,27,2,2,0.0008259219609997086,0.0016307585433991106,0.9975433194956012,1,0.00514498169426042,HV-T
FI2010_Benchmark,Logistic_Regression,4,28,2,2,0.0013242891260668366,0.00797341703121502,0.9907022938427182,1,-0.019865018616999734,HV-T
FI2010_Benchmark,Logistic_Regression,4,29,2,2,0.0036389090265250713,0.029569725433553275,0.9667913655399216,1,0.10514498115531007,HV-T
FI2010_Benchmark,Logistic_Regression,4,30,2,2,0.0030194934089330066,0.010177642975665526,0.9868028636154016,1,0.1301349805637934,HV-T
FI2010_Benchmark,Logistic_Regression,4,31,2,2,0.01563645559372792,0.010038127996139363,0.9743254164101328,1,0.1551349807076385,HV-T
FI2010_Benchmark,Logistic_Regression,4,32,2,2,0.01151150274950514,0.0681902778155116,0.9202982194349831,1,0.1051349808620047,HV-T
FI2010_Benchmark,Logistic_Regression,4,33,2,1,0.01626162866271945,0.7722601951269645,0.21147817621031612,0,0.0,HV-T
FI2010_Benchmark,Logistic_Regression,4,34,2,2,0.11955579048030411,0.36559910136359247,0.5148451081561033,1,0.15514498029850052,HV-T
FI2010_Benchmark,Logistic_Regression,4,35,2,1,0.1284491645829401,0.776655906574006,0.09489492884305407,0,0.0,HV-T
FI2010_Benchmark,Logistic_Regression,4,36,2,1,0.13364796767396941,0.7569523734053142,0.1093996589207165,0,0.0,HV-T
FI2010_Benchmark,Logistic_Regression,4,37,2,1,0.061465204212075304,0.8070325559158377,0.13150223987208698,0,0.0,HV-T
FI2010_Benchmark,Logistic_Regression,4,38,2,0,0.546836187676423,0.2998482951935394,0.15331551713003777,-1,-0.24487001944140624,HV-T
FI2010_Benchmark,Logistic_Regression,4,39,2,2,0.04162670192102112,0.11413018804925044,0.8442431100297285,1,0.005114979974842955,HV-T
FI2010_Benchmark,Logistic_Regression,4,40,2,2,0.011115722185739701,0.1396035236038896,0.8492807542103707,1,-0.14490002084876366,HV-T
FI2010_Benchmark,Logistic_Regression,4,41,1,2,0.0005485308639983579,0.07950536843113083,0.9199461007048707,1,-0.14490502090116833,HV-T
FI2010_Benchmark,Logistic_Regression,4,42,1,2,0.01758743036830856,0.4446440118928248,0.5377685577388666,1,-0.09489502135296274,HV-M
FI2010_Benchmark,Logistic_Regression,4,43,1,2,0.004251297501859355,0.4351052415959278,0.5606434609022128,1,-0.09489502135296274,HV-M
FI2010_Benchmark,Logistic_Regression,4,44,0,2,0.004388808709593121,0.1780107565046012,0.8176004347858057,1,-0.09489502135296274,HV-M
FI2010_Benchmark,Logistic_Regression,4,45,0,1,0.02078193681503078,0.68162335086314,0.2975947123218294,0,0.0,HV-M
FI2010_Benchmark,Logistic_Regression,4,46,1,2,0.0028472862887415845,0.22245233326468272,0.7747003804465757,1,-0.04489501954822988,HV-M
FI2010_Benchmark,Logistic_Regression,4,47,1,2,0.005822716089436944,0.15372097713247673,0.8404563067780862,1,0.05511498127069331,HV-M
FI2010_Benchmark,Logistic_Regression,4,48,1,2,0.0007859804403938576,0.0721483772084486,0.9270656423511574,1,-0.04490502046791506,HV-M
FI2010_Benchmark,Logistic_Regression,4,49,1,1,0.007829476570831122,0.8600031063461429,0.13216741708302607,0,0.0,HV-M
FI2010_Benchmark,Logistic_Regression,4,50,2,1,0.014724693364922565,0.8818486690306566,0.10342663760442077,0,0.0,HV-M
FI2010_Benchmark,Logistic_Regression,4,51,2,1,0.005399770245791618,0.868392773321754,0.12620745643245418,0,0.0,HV-M
FI2010_Benchmark,Logistic_Regression,4,52,2,1,0.0036231927671810395,0.5045429171160595,0.49183389011675943,0,0.0,HV-M
FI2010_Benchmark,Logistic_Regression,4,53,2,1,0.033242235281387915,0.821322276402748,0.14543548831586411,0,0.0,HV-M
FI2010_Benchmark,Logistic_Regression,4,54,2,1,0.007692392586134035,0.8396022831416603,0.15270532427220557,0,0.0,HV-M
FI2010_Benchmark,Logistic_Regression,4,55,2,1,0.003428923033880057,0.9396930448525654,0.05687803211355452,0,0.0,HV-M
FI2010_Benchmark,Logistic_Regression,4,56,2,1,0.0049144192420677996,0.9650293716405005,0.0300562091174315,0,0.0,HV-M
FI2010_Benchmark,Logistic_Regression,4,57,2,1,0.0051066799879590655,0.9920037905928544,0.0028895294191867895,0,0.0,HV-M
FI2010_Benchmark,Logistic_Regression,4,58,2,1,0.08480223170351325,0.8787602536009813,0.0364375146955054,0,0.0,HV-M
FI2010_Benchmark,Logistic_Regression,4,59,2,2,0.04070224386660817,0.1775919079786537,0.7817058481547381,1,0.005089980419397913,HV-M
FI2010_Benchmark,Logistic_Regression,4,60,2,2,0.013883551036789248,0.04420052885869852,0.9419159201045122,1,-0.044925020167225355,HV-M
FI2010_Benchmark,Logistic_Regression,4,61,1,2,0.0003865210089349148,0.008650525166350445,0.9909629538247147,1,-0.14493002019430792,HV-M
FI2010_Benchmark,Logistic_Regression,4,62,1,2,0.001120190268056955,0.007854392478631888,0.9910254172533112,1,-0.14492502043254327,HV-M
FI2010_Benchmark,Logistic_Regression,4,63,0,2,0.002046234235261563,0.23347041134149904,0.7644833544232394,1,-0.19492502043255464,HV-M
FI2010_Benchmark,Logistic_Regression,4,64,0,2,0.01218077403212948,0.3061204978063735,0.6816987281614971,1,-0.19492501965749762,HV-M
FI2010_Benchmark,Logistic_Regression,4,65,0,2,0.10428553657526156,0.3814740381673695,0.5142404252573689,1,-0.16992501964354914,HV-M
FI2010_Benchmark,Logistic_Regression,4,66,0,2,0.13124287112290337,0.12081931115849243,0.7479378177186041,1,-0.1949250193796087,HV-M
FI2010_Benchmark,Logistic_Regression,4,67,0,2,0.036905452134106745,0.28195381498279737,0.6811407328830958,1,-0.14492501905935384,HV-M
FI2010_Benchmark,Logistic_Regression,4,68,0,1,0.18012528783323903,0.5589521273970179,0.26092258476974306,0,0.0,HV-M
FI2010_Benchmark,Logistic_Regression,4,69,0,1,0.1790687844116895,0.7756822598593538,0.04524895572895674,0,0.0,HV-T
FI2010_Benchmark,Logistic_Regression,4,70,0,0,0.6447706177642166,0.30557313940178576,0.04965624283399766,-1,0.00507498321122065,HV-T
FI2010_Benchmark,Logistic_Regression,4,71,0,1,0.497412684323971,0.49787187202774885,0.004715443648280111,0,0.0,HV-T
FI2010_Benchmark,Logistic_Regression,4,72,0,0,0.8724270104226953,0.12649006015879016,0.001082929418514389,-1,-0.0949050173541929,HV-T
FI2010_Benchmark,Logistic_Regression,4,73,1,0,0.8647728078493532,0.13474416887132276,0.0004830232793241056,-1,-0.21989501797552877,HV-T
FI2010_Benchmark,Logistic_Regression,4,74,2,1,0.48752873635082844,0.5104859692064239,0.0019852944427475646,0,0.0,HV-T
FI2010_Benchmark,Logistic_Regression,4,75,2,1,0.0708375282988085,0.9074959279695295,0.02166654373166192,0,0.0,HV-T
FI2010_Benchmark,Logistic_Regression,4,76,2,1,0.41184573315610423,0.5710045659295201,0.017149700914375798,0,0.0,HV-T
FI2010_Benchmark,Logistic_Regression,4,77,2,1,0.10927158686277186,0.7489014542237005,0.14182695891352765,0,0.0,HV-T
FI2010_Benchmark,Logistic_Regression,4,78,2,1,0.31524420439864675,0.6618302271442632,0.02292556845709011,0,0.0,HV-T
FI2010_Benchmark,Logistic_Regression,4,79,2,1,0.031815733955853784,0.9271432654064868,0.04104100063765952,0,0.0,HV-T
FI2010_Benchmark,Logistic_Regression,4,80,2,1,0.06663159833251567,0.6227330071136792,0.31063539455380507,0,0.0,HV-T
FI2010_Benchmark,Logistic_Regression,4,81,2,2,0.016165330657963415,0.13284827042958505,0.8509863989124514,1,-0.09491501622284923,HV-T
FI2010_Benchmark,Logistic_Regression,4,82,1,2,0.0166923838345671,0.33471620504459976,0.6485914111208332,1,-0.1449150162228606,HV-T
FI2010_Benchmark,Logistic_Regression,4,83,1,2,0.008824099604458732,0.04188959954713868,0.9492863008484026,1,-0.24493001743666554,HV-T
FI2010_Benchmark,Logistic_Regression,4,84,0,2,0.007412699834317554,0.04948745598410003,0.9430998441815825,1,-0.19492501767279835,HV-M
FI2010_Benchmark,Logistic_Regression,4,85,0,2,0.03693810672991264,0.384266347915654,0.5787955453544333,1,-0.16991501790438235,HV-M
FI2010_Benchmark,Logistic_Regression,4,86,0,2,0.062208786559323104,0.40230635146939825,0.5354848619712786,1,-0.14491501790439087,HV-M
FI2010_Benchmark,Logistic_Regression,4,87,0,2,0.002038677981336455,0.4650213134629515,0.532940008555712,1,-0.2449250179122523,HV-M
FI2010_Benchmark,Logistic_Regression,4,88,0,2,0.006956290936316967,0.04021592456481174,0.9528277844988714,1,-0.19492001809235582,HV-M
FI2010_Benchmark,Logistic_Regression,4,89,0,2,0.0377576647684956,0.26902223448419904,0.6932201007473053,1,-0.2449300185087511,HV-M
FI2010_Benchmark,Logistic_Regression,4,90,0,2,0.057806184625955416,0.3007761997290649,0.6414176156449798,1,-0.06991501855078244,HV-M
FI2010_Benchmark,Logistic_Regression,4,91,0,2,0.0784611763709077,0.24020026518800366,0.6813385584410886,1,-0.04490501887277458,HV-M
FI2010_Benchmark,Logistic_Regression,4,92,0,1,0.20578327149826273,0.7307872597617961,0.0634294687399411,0,0.0,HV-M
FI2010_Benchmark,Logistic_Regression,4,93,1,1,0.3255095001932452,0.658827046330091,0.015663453476663803,0,0.0,HV-M
FI2010_Benchmark,Logistic_Regression,4,94,1,0,0.8783836375719903,0.08873415686048607,0.032882205567523415,-1,-0.14489501923572362,HV-M
FI2010_Benchmark,Logistic_Regression,4,95,1,2,0.31216315846266246,0.24459867034247076,0.44323817119486675,1,-0.04489001931019035,HV-M
FI2010_Benchmark,Logistic_Regression,4,96,1,1,0.06470066901492086,0.9020884913547633,0.03321083963031565,0,0.0,HV-M
FI2010_Benchmark,Logistic_Regression,4,97,1,0,0.5514742186704259,0.4203766671967288,0.028149114132845293,-1,-0.11988501992297151,HV-M
FI2010_Benchmark,Logistic_Regression,4,98,1,1,0.09297009109316243,0.7757506096353078,0.13127929927152968,0,0.0,HV-M
FI2010_Benchmark,Logistic_Regression,4,99,1,1,0.30170041380558715,0.6904923815775071,0.0078072046169055855,0,0.0,HV-M
FI2010_Benchmark,Logistic_Regression,4,100,1,1,0.05892454054372033,0.5342674935256218,0.406807965930658,0,0.0,HV-M
FI2010_Benchmark,Logistic_Regression,4,101,1,1,0.03731116983266617,0.7836363423705519,0.179052487796782,0,0.0,HV-M
FI2010_Benchmark,Logistic_Regression,4,102,1,2,0.040097836605576066,0.24312050909581273,0.7167816542986112,1,0.10510497850468167,HV-M
FI2010_Benchmark,Logistic_Regression,4,103,2,1,0.003470543871001442,0.5048741715501395,0.49165528457885904,0,0.0,HV-M
FI2010_Benchmark,Logistic_Regression,4,104,2,2,0.016649740038048286,0.10160777560872283,0.8817424843532289,1,0.08009497849372854,HV-M
FI2010_Benchmark,Logistic_Regression,4,105,2,1,0.17424152241123889,0.7993888782020231,0.026369599386737854,0,0.0,HV-M
FI2010_Benchmark,Logistic_Regression,4,106,2,1,0.08038207555004291,0.5543947092784147,0.36522321517154227,0,0.0,HV-M
FI2010_Benchmark,Logistic_Regression,4,107,2,1,0.05648169803377894,0.5793692880930135,0.3641490138732077,0,0.0,HV-M
FI2010_Benchmark,Logistic_Regression,4,108,2,2,0.10273805608697444,0.28093899280001583,0.6163229511130097,1,0.0801049789945445,HV-M
FI2010_Benchmark,Logistic_Regression,4,109,2,2,0.22801090935134125,0.34860157828964916,0.42338751235900945,1,0.10510497953133596,HV-T
FI2010_Benchmark,Logistic_Regression,4,110,2,1,0.2676884097258712,0.4762018749725597,0.2561097153015692,0,0.0,HV-T
FI2010_Benchmark,Logistic_Regression,4,111,2,2,0.10031201410547382,0.35892092422423705,0.5407670616702891,1,0.05508497871792179,HV-T
FI2010_Benchmark,Logistic_Regression,4,112,2,2,0.027176444296216157,0.17312277182133637,0.7997007838824475,1,0.005074978223179746,HV-T
FI2010_Benchmark,Logistic_Regression,4,113,2,2,0.053526197331279717,0.17372911480171016,0.7727446878670101,1,0.055084978883339006,HV-T
FI2010_Benchmark,Logistic_Regression,4,114,2,1,0.016836289215940083,0.5630588908312577,0.4201048199528021,0,0.0,HV-T
FI2010_Benchmark,Logistic_Regression,4,115,2,1,0.03131074873760556,0.745455787314753,0.22323346394764146,0,0.0,HV-T
FI2010_Benchmark,Logistic_Regression,4,116,2,2,0.04565182668870885,0.09454537751346792,0.8598027957978233,1,0.0050699781149299294,HV-T
FI2010_Benchmark,Logistic_Regression,4,117,2,2,0.04738367717719366,0.14939829032420468,0.8032180324986016,1,0.055074978455708315,HV-T
FI2010_Benchmark,Logistic_Regression,4,118,2,1,0.06363360950292243,0.7435542829683318,0.19281210752874578,0,0.0,HV-T
FI2010_Benchmark,Logistic_Regression,4,119,2,2,0.012443530854175195,0.25837324280923624,0.7291832263365885,1,0.05507497883850709,LV-T
FI2010_Benchmark,Logistic_Regression,4,120,2,2,0.057510491938456296,0.1913834010570768,0.751106107004467,1,0.05507498003022089,LV-T
FI2010_Benchmark,Logistic_Regression,4,121,2,2,0.011780552737130148,0.18934857540890235,0.7988708718539674,1,0.005064980165640963,LV-M
FI2010_Benchmark,Logistic_Regression,4,122,2,2,0.07778322457348831,0.13942537657339477,0.782791398853117,1,-0.044935019150386765,LV-M
FI2010_Benchmark,Logistic_Regression,4,123,2,2,0.0053296657517187245,0.06128911629733196,0.9333812179509492,1,0.05506498084961466,LV-M
FI2010_Benchmark,Logistic_Regression,4,124,2,2,0.03140852005702443,0.029556175881799162,0.9390353040611765,1,-0.044935019150386765,LV-M
FI2010_Benchmark,Logistic_Regression,4,125,2,2,0.20267566153491937,0.1605656891662504,0.6367586492988302,1,0.005064981072180619,LV-M
FI2010_Benchmark,Logistic_Regression,4,126,2,2,0.02901321844977613,0.29369139339239403,0.6772953881578299,1,-0.044945019270765225,LV-M
FI2010_Benchmark,Logistic_Regression,4,127,1,2,0.11869312635163787,0.3958116159547188,0.4854952576936434,1,-0.09494501848680725,LV-M
FI2010_Benchmark,Logistic_Regression,4,128,1,1,0.3457180758082371,0.4292570605027677,0.22502486368899507,0,0.0,LV-M
FI2010_Benchmark,Logistic_Regression,4,129,1,2,0.12884713216274382,0.41577990993223535,0.45537295790502075,1,-0.06994501840655334,LV-M
FI2010_Benchmark,Logistic_Regression,4,130,1,2,0.032272272695895304,0.0961876437024921,0.8715400836016126,1,-0.09494501729931995,LV-M
FI2010_Benchmark,Logistic_Regression,4,131,1,2,0.019207013020668334,0.1097233494908573,0.8710696374884744,1,-0.14494501706328464,LV-M
FI2010_Benchmark,Logistic_Regression,4,132,1,2,0.021217547431317353,0.021491132757284724,0.957291319811398,1,-0.1449450162181054,LV-M
FI2010_Benchmark,Logistic_Regression,4,133,0,2,0.007575186239503969,0.30694723163546495,0.6854775821250311,1,-0.14495501622344883,LV-T
FI2010_Benchmark,Logistic_Regression,4,134,0,1,0.12811947832022785,0.6964706078772283,0.175409913802544,0,0.0,LV-T
FI2010_Benchmark,Logistic_Regression,4,135,0,1,0.30545233381539644,0.6426054311417329,0.05194223504287072,0,0.0,LV-T
FI2010_Benchmark,Logistic_Regression,4,136,0,2,0.11654229583498221,0.301060486011482,0.5823972181535357,1,-0.11994501614999448,LV-T
FI2010_Benchmark,Logistic_Regression,4,137,0,2,0.04713938153200865,0.14062386880775318,0.8122367496602382,1,-0.04493501696598327,LV-T
FI2010_Benchmark,Logistic_Regression,4,138,1,1,0.018460697375319052,0.4939058567969859,0.48763344582769513,0,0.0,LV-T
FI2010_Benchmark,Logistic_Regression,4,139,1,2,0.05389789385919131,0.4497910371211502,0.49631106901965844,1,-0.09494001742871445,LV-T
FI2010_Benchmark,Logistic_Regression,4,140,1,1,0.17446139926984844,0.45100169049712835,0.3745369102330231,0,0.0,LV-T
FI2010_Benchmark,Logistic_Regression,4,141,1,1,0.11848974773518779,0.6502590485781312,0.23125120368668103,0,0.0,LV-T
FI2010_Benchmark,Logistic_Regression,4,142,1,1,0.40390135207026995,0.5910185741780347,0.005080073751695345,0,0.0,LV-T
FI2010_Benchmark,Logistic_Regression,4,143,1,1,0.03445559902863558,0.9635860232280016,0.0019583777433628143,0,0.0,LV-T
FI2010_Benchmark,Logistic_Regression,4,144,1,1,0.14071994224561205,0.8413735261458258,0.01790653160856194,0,0.0,LV-T
FI2010_Benchmark,Logistic_Regression,4,145,1,1,0.19569075234553873,0.4325564365873252,0.37175281106713615,0,0.0,LV-T
FI2010_Benchmark,Logistic_Regression,4,146,1,0,0.4938793977257175,0.40556798573411396,0.10055261654016867,-1,-0.14493001467534886,LV-T
FI2010_Benchmark,Logistic_Regression,4,147,1,1,0.33671803078572377,0.5806717340923212,0.082610235121955,0,0.0,LV-T
FI2010_Benchmark,Logistic_Regression,4,148,1,0,0.5960101255223518,0.37249984080827436,0.03149003366937383,-1,-0.044935014438071165,LV-T
FI2010_Benchmark,Logistic_Regression,4,149,1,0,0.37118738563208215,0.3270085950692339,0.301804019298684,-1,-0.04493501428154557,LV-T
FI2010_Benchmark,Logistic_Regression,4,150,1,0,0.6288310480413152,0.20437145992845274,0.16679749203023198,-1,-0.1449250150336145,LV-T
FI2010_Benchmark,Logistic_Regression,4,151,2,1,0.12613167881486653,0.6119654692928762,0.26190285189225737,0,0.0,LV-T
FI2010_Benchmark,Logistic_Regression,4,152,2,2,0.34166865089634046,0.24408031872606423,0.41425103037759525,1,0.1050699847904218,LV-M
FI2010_Benchmark,Logistic_Regression,4,153,2,0,0.49335975936426385,0.41431425981778447,0.0923259808179516,-1,-0.1699250153643556,LV-M
FI2010_Benchmark,Logistic_Regression,4,154,2,1,0.05296044897885247,0.7979369122373974,0.1491026387837501,0,0.0,LV-T
FI2010_Benchmark,Logistic_Regression,4,155,2,2,0.09857604519506635,0.11113438509809898,0.7902895697068346,1,0.005064983919300027,LV-T
FI2010_Benchmark,Logistic_Regression,4,156,2,0,0.8079754862860669,0.11258639823994784,0.07943811547398526,-1,-0.019945016088758004,LV-T
FI2010_Benchmark,Logistic_Regression,4,157,2,0,0.7857787205185202,0.04617061348547143,0.16805066599600837,-1,-0.14494001624580022,LV-T
FI2010_Benchmark,Logistic_Regression,4,158,2,0,0.6693495150457942,0.22645489431578048,0.10419559063842534,-1,-0.24493501624179412,LV-T
FI2010_Benchmark,Logistic_Regression,4,159,2,1,0.11355858715654536,0.7853846253832205,0.10105678746023417,0,0.0,LV-T
FI2010_Benchmark,Logistic_Regression,4,160,2,2,0.14134363814046164,0.352712059431534,0.5059443024280045,1,0.10505498325422388,LV-T
FI2010_Benchmark,Logistic_Regression,4,161,2,1,0.15534005059623826,0.8215070348601382,0.023152914543623646,0,0.0,LV-T
FI2010_Benchmark,Logistic_Regression,4,162,2,2,0.04304524467037951,0.28897602625478724,0.6679787290748334,1,-0.04496501822294013,LV-T
FI2010_Benchmark,Logistic_Regression,4,163,2,2,0.19042318898660118,0.076503102461582,0.7330737085518167,1,0.055049980996330294,LV-T
FI2010_Benchmark,Logistic_Regression,4,164,2,2,0.027478522011772418,0.3411561999821692,0.6313652780060584,1,0.030044981436272024,LV-T
FI2010_Benchmark,Logistic_Regression,4,165,2,1,0.05331419507227757,0.6848228275288475,0.2618629773988749,0,0.0,LV-T
FI2010_Benchmark,Logistic_Regression,4,166,2,1,0.04224722238388117,0.6312679068826889,0.32648487073343,0,0.0,LV-T
FI2010_Benchmark,Logistic_Regression,4,167,2,1,0.020762603398110632,0.6311745801544855,0.34806281644740406,0,0.0,LV-T
FI2010_Benchmark,Logistic_Regression,4,168,2,2,0.0021111995556315597,0.033409912613804604,0.9644788878305639,1,-0.09497502140833154,LV-M
FI2010_Benchmark,Logistic_Regression,4,169,2,1,0.005582520538997743,0.754901878884672,0.23951560057633015,0,0.0,LV-M
FI2010_Benchmark,Logistic_Regression,4,170,2,1,0.009722423391086518,0.7814797707400585,0.2087978058688549,0,0.0,LV-M
FI2010_Benchmark,Logistic_Regression,4,171,1,1,0.009549035614180084,0.5417944723250468,0.4486564920607731,0,0.0,LV-M
FI2010_Benchmark,Logistic_Regression,4,172,1,1,0.04386696347932527,0.7869470236023032,0.16918601291837154,0,0.0,LV-M
FI2010_Benchmark,Logistic_Regression,4,173,1,1,0.019966923121423355,0.9788566848558151,0.0011763920227616741,0,0.0,LV-M
FI2010_Benchmark,Logistic_Regression,4,174,1,1,0.031288822035858796,0.954066903058026,0.014644274906115107,0,0.0,LV-M
FI2010_Benchmark,Logistic_Regression,4,175,1,2,0.02092095488816339,0.4308467700859909,0.5482322750258457,1,-0.09497502227517199,LV-M
FI2010_Benchmark,Logistic_Regression,4,176,1,2,0.01634602249129368,0.10068867353163749,0.8829653039770688,1,-0.06997502208408196,LV-M
FI2010_Benchmark,Logistic_Regression,4,177,1,2,0.09246510387877205,0.24658165388798192,0.660953242233246,1,0.005034977384897679,LV-M
FI2010_Benchmark,Logistic_Regression,4,178,1,1,0.36415611349806604,0.6278238104358772,0.008020076066056606,0,0.0,LV-M
FI2010_Benchmark,Logistic_Regression,4,179,1,0,0.6929290414270248,0.1851911687480732,0.12187978982490195,-1,-0.04497502298877566,LV-M
FI2010_Benchmark,Logistic_Regression,4,180,1,0,0.47298559018214026,0.2953296588451782,0.23168475097268146,-1,0.005019977589969901,LV-M
FI2010_Benchmark,Logistic_Regression,4,181,1,1,0.3193569943484764,0.3818784043866783,0.29876460126484533,0,0.0,LV-M
FI2010_Benchmark,Logistic_Regression,4,182,1,1,0.2902578051398201,0.678835012130799,0.030907182729380926,0,0.0,LV-M
FI2010_Benchmark,Logistic_Regression,4,183,1,1,0.0591137651461863,0.8810525446070712,0.059833690246742524,0,0.0,LV-M
FI2010_Benchmark,Logistic_Regression,4,184,1,1,0.07841290969447999,0.8045379192589395,0.11704917104658055,0,0.0,LV-M
FI2010_Benchmark,Logistic_Regression,4,185,2,0,0.5400636835751347,0.36149453807280746,0.09844177835205777,-1,-0.14496502260736438,LV-M
FI2010_Benchmark,Logistic_Regression,4,186,2,1,0.29348997215765776,0.6829435004040333,0.023566527438308938,0,0.0,LV-M
FI2010_Benchmark,Logistic_Regression,4,187,2,1,0.3653050261099366,0.4687865181794442,0.1659084557106192,0,0.0,LV-M
FI2010_Benchmark,Logistic_Regression,4,188,2,0,0.4772830344442782,0.41207072068994566,0.11064624486577625,0,0.0,LV-M
FI2010_Benchmark,Logistic_Regression,4,189,2,0,0.7597800982799481,0.06962993781487811,0.17058996390517378,0,0.0,LV-M
FI2010_Benchmark,Logistic_Regression,4,190,2,0,0.6926189939372932,0.29337847419928487,0.01400253186342188,0,0.0,LV-M
FI2010_Benchmark,Logistic_Regression,4,191,2,1,0.1075112202856098,0.6133204958166095,0.27916828389778064,0,0.0,LV-M
FI2010_Benchmark,Logistic_Regression,4,192,2,2,0.0478371631794116,0.1500800069724675,0.8020828298481208,0,0.0,LV-M
FI2010_Benchmark,Logistic_Regression,4,193,2,2,0.17368338127864874,0.32678494785924833,0.49953167086210293,0,0.0,LV-M
FI2010_Benchmark,Logistic_Regression,4,194,2,0,0.5174723498198887,0.37414582382303146,0.10838182635707987,0,0.0,LV-M
FI2010_Benchmark,Logistic_Regression,4,195,2,2,0.027334926823698726,0.09123898989933657,0.8814260832769647,0,0.0,LV-M
FI2010_Benchmark,Random_Forest,4,0,1,2,0.09048737847324131,0.22432459575816413,0.6851880257685944,1,-0.09486504966248152,HV-T
FI2010_Benchmark,Random_Forest,4,1,1,2,0.18720356080026287,0.22086406580752116,0.5919323733922159,1,-0.09486000883659867,HV-T
FI2010_Benchmark,Random_Forest,4,2,1,2,0.1337899602917368,0.22341656399192686,0.6427934757163364,1,-0.06985500721415785,HV-T
FI2010_Benchmark,Random_Forest,4,3,1,2,0.1299226285262674,0.2220447129229867,0.6480326585507461,1,-0.0698550072141578,HV-T
FI2010_Benchmark,Random_Forest,4,4,1,2,0.12360010043804104,0.22058045160618753,0.6558194479557713,1,-0.06985500684395121,HV-T
FI2010_Benchmark,Random_Forest,4,5,1,2,0.10621351285260985,0.24855808499502655,0.6452284021523635,1,-0.14485500645252794,HV-T
FI2010_Benchmark,Random_Forest,4,6,0,2,0.12307099421290538,0.22250007518235468,0.6544289306047401,1,-0.14486501250471462,HV-T
FI2010_Benchmark,Random_Forest,4,7,0,2,0.06432184119306089,0.2562263721062548,0.6794517867006843,1,-0.26987501457257634,HV-M
FI2010_Benchmark,Random_Forest,4,8,0,2,0.23159391216583702,0.1620229474821562,0.6063831403520067,1,-0.24487001458916646,LV-M
FI2010_Benchmark,Random_Forest,4,9,0,2,0.15588125685649937,0.18592927942895707,0.6581894637145436,1,-0.2448600160805027,LV-M
FI2010_Benchmark,Random_Forest,4,10,0,2,0.257882440066125,0.2470903417925246,0.4950272181413504,1,-0.19485501562409918,LV-M
FI2010_Benchmark,Random_Forest,4,11,0,2,0.20949163063378318,0.20212781021979917,0.5883805591464176,1,-0.1948550149113982,LV-M
FI2010_Benchmark,Random_Forest,4,12,0,2,0.39528214938598916,0.17057584283355617,0.4341420077804547,1,-0.1448500145624228,LV-T
FI2010_Benchmark,Random_Forest,4,13,0,0,0.38670335316104504,0.24404728598593195,0.369249360853023,-1,0.005149985987690564,HV-T
FI2010_Benchmark,Random_Forest,4,14,0,2,0.257979918601837,0.2080502248038773,0.5339698565942858,1,-0.16985001352025803,HV-T
FI2010_Benchmark,Random_Forest,4,15,0,0,0.39342695292660407,0.308121982591421,0.2984510644819749,-1,-0.04483501571025281,HV-T
FI2010_Benchmark,Random_Forest,4,16,0,1,0.14141685912145255,0.4543406973593919,0.40424244351915556,0,0.0,HV-T
FI2010_Benchmark,Random_Forest,4,17,1,1,0.36681795504323816,0.39253819001268797,0.2406438549440739,0,0.0,HV-M
FI2010_Benchmark,Random_Forest,4,18,1,1,0.2595981920663344,0.41913753447209223,0.3212642734615734,0,0.0,HV-M
FI2010_Benchmark,Random_Forest,4,19,2,2,0.2826579649201544,0.3532867499761349,0.3640552851037107,1,0.055174981705949325,HV-M
FI2010_Benchmark,Random_Forest,4,20,2,1,0.19395805444387546,0.4198129956388398,0.38622894991728485,0,0.0,HV-M
FI2010_Benchmark,Random_Forest,4,21,2,1,0.26081745435209136,0.38893499177369245,0.3502475538742162,0,0.0,HV-M
FI2010_Benchmark,Random_Forest,4,22,2,2,0.12991978222175957,0.3814163451423999,0.48866387263584055,1,0.10516498185170205,HV-T
FI2010_Benchmark,Random_Forest,4,23,2,2,0.1542902308964787,0.2913761600956601,0.5543336090078612,1,0.055164982238191426,HV-T
FI2010_Benchmark,Random_Forest,4,24,2,2,0.14221970594959274,0.32572925102646944,0.5320510430239379,1,0.055169982515661145,HV-T
FI2010_Benchmark,Random_Forest,4,25,2,2,0.09206644786389605,0.2851696750066012,0.6227638771295027,1,0.0801649825797284,HV-T
FI2010_Benchmark,Random_Forest,4,26,2,2,0.0920694915087871,0.19420136329716345,0.7137291451940494,1,0.005154982086206322,HV-T
FI2010_Benchmark,Random_Forest,4,27,2,2,0.09038573474010907,0.2645884790378334,0.6450257862220576,1,0.00514498169426042,HV-T
FI2010_Benchmark,Random_Forest,4,28,2,2,0.0629863576551409,0.16544017031224015,0.771573472032619,1,-0.019865018616999734,HV-T
FI2010_Benchmark,Random_Forest,4,29,2,2,0.13393595718525048,0.1436083924649445,0.722455650349805,1,0.10514498115531007,HV-T
FI2010_Benchmark,Random_Forest,4,30,2,2,0.11129348521909951,0.16227089992867796,0.7264356148522224,1,0.1301349805637934,HV-T
FI2010_Benchmark,Random_Forest,4,31,2,2,0.2005611962647372,0.1511826290308309,0.6482561747044318,1,0.1551349807076385,HV-T
FI2010_Benchmark,Random_Forest,4,32,2,2,0.16494791977836165,0.16950941579181722,0.6655426644298211,1,0.1051349808620047,HV-T
FI2010_Benchmark,Random_Forest,4,33,2,2,0.17035633829945815,0.2524120592846845,0.5772316024158575,1,0.1051349808620047,HV-T
FI2010_Benchmark,Random_Forest,4,34,2,2,0.1624806119259875,0.21299081170150724,0.6245285763725053,1,0.15514498029850052,HV-T
FI2010_Benchmark,Random_Forest,4,35,2,2,0.15673977099788716,0.1664084099329186,0.6768518190691941,1,0.10513998016185737,HV-T
FI2010_Benchmark,Random_Forest,4,36,2,2,0.21756107321879747,0.1556472849408231,0.6267916418403794,1,0.1551449805923003,HV-T
FI2010_Benchmark,Random_Forest,4,37,2,2,0.1575626275157414,0.20491081194830174,0.6375265605359569,1,0.055134980581982025,HV-T
FI2010_Benchmark,Random_Forest,4,38,2,2,0.19836887815377427,0.16648429426591804,0.6351468275803076,1,0.1051299805586165,HV-T
FI2010_Benchmark,Random_Forest,4,39,2,2,0.08117736763057876,0.15301289025244066,0.7658097421169806,1,0.005114979974842955,HV-T
FI2010_Benchmark,Random_Forest,4,40,2,2,0.05703987206414573,0.07493199893207532,0.8680281290037791,1,-0.14490002084876366,HV-T
FI2010_Benchmark,Random_Forest,4,41,1,2,0.08163355329462656,0.1726594902185888,0.7457069564867846,1,-0.14490502090116833,HV-T
FI2010_Benchmark,Random_Forest,4,42,1,2,0.16393639005232288,0.18101011141399515,0.6550534985336819,1,-0.09489502135296274,HV-M
FI2010_Benchmark,Random_Forest,4,43,1,2,0.09150454682319252,0.17207089720574603,0.7364245559710614,1,-0.09489502135296274,HV-M
FI2010_Benchmark,Random_Forest,4,44,0,2,0.1136914697270705,0.20518924853354698,0.6811192817393825,1,-0.09489502135296274,HV-M
FI2010_Benchmark,Random_Forest,4,45,0,2,0.14507098783224795,0.21380286482566874,0.6411261473420834,1,-0.09489501989651497,HV-M
FI2010_Benchmark,Random_Forest,4,46,1,2,0.18689033088845164,0.2502902217650744,0.562819447346474,1,-0.04489501954822988,HV-M
FI2010_Benchmark,Random_Forest,4,47,1,2,0.23259988968344078,0.14485493831914456,0.6225451719974148,1,0.05511498127069331,HV-M
FI2010_Benchmark,Random_Forest,4,48,1,2,0.10136353568445353,0.26224389224240047,0.6363925720731458,1,-0.04490502046791506,HV-M
FI2010_Benchmark,Random_Forest,4,49,1,2,0.28090381388878305,0.23007862700738552,0.4890175591038314,1,0.030104979546960814,HV-M
FI2010_Benchmark,Random_Forest,4,50,2,0,0.4295914725855885,0.3929467608097251,0.17746176660468635,-1,-0.24488502118468983,HV-M
FI2010_Benchmark,Random_Forest,4,51,2,0,0.3553116670586264,0.34344228694138634,0.30124604599998733,-1,-0.26988502118469554,HV-M
FI2010_Benchmark,Random_Forest,4,52,2,2,0.31591134598576803,0.2632712098566442,0.4208174441575877,1,0.15511497914203382,HV-M
FI2010_Benchmark,Random_Forest,4,53,2,0,0.404439434217615,0.37375272461255393,0.2218078411698311,-1,-0.24488502085794345,HV-M
FI2010_Benchmark,Random_Forest,4,54,2,2,0.21888683819887692,0.3904622332244845,0.39065092857663863,1,0.1551149793638723,HV-M
FI2010_Benchmark,Random_Forest,4,55,2,2,0.07780223752256271,0.4331641894986333,0.48903357297880395,1,0.10510497906449365,HV-M
FI2010_Benchmark,Random_Forest,4,56,2,2,0.1946855992812102,0.39165990457878275,0.4136544961400071,1,0.10510497939519443,HV-M
FI2010_Benchmark,Random_Forest,4,57,2,2,0.12300672134365459,0.26001725449443636,0.616976024161909,1,0.05509497938702602,HV-M
FI2010_Benchmark,Random_Forest,4,58,2,2,0.1843603613814732,0.2912699306461737,0.5243697079723528,1,0.05509497975819258,HV-M
FI2010_Benchmark,Random_Forest,4,59,2,2,0.1556222876442205,0.3027822289550874,0.5415954834006917,1,0.005089980419397913,HV-M
FI2010_Benchmark,Random_Forest,4,60,2,2,0.16196281758027248,0.35501139937329534,0.4830257830464322,1,-0.044925020167225355,HV-M
FI2010_Benchmark,Random_Forest,4,61,1,2,0.11659677681013914,0.2697797329329493,0.6136234902569115,1,-0.14493002019430792,HV-M
FI2010_Benchmark,Random_Forest,4,62,1,2,0.17689950362741003,0.26308059360843106,0.5600199027641587,1,-0.14492502043254327,HV-M
FI2010_Benchmark,Random_Forest,4,63,0,2,0.12967751142978134,0.3611451547553667,0.509177333814852,1,-0.19492502043255464,HV-M
FI2010_Benchmark,Random_Forest,4,64,0,2,0.23251597936098312,0.371145802780731,0.3963382178582859,1,-0.19492501965749762,HV-M
FI2010_Benchmark,Random_Forest,4,65,0,1,0.23525152975976862,0.4309812188438725,0.3337672513963587,0,0.0,HV-M
FI2010_Benchmark,Random_Forest,4,66,0,2,0.263299662508679,0.36783681264078666,0.3688635248505342,1,-0.1949250193796087,HV-M
FI2010_Benchmark,Random_Forest,4,67,0,2,0.2639121182756752,0.2880425183072056,0.44804536341711915,1,-0.14492501905935384,HV-M
FI2010_Benchmark,Random_Forest,4,68,0,1,0.25380538554486787,0.37835229546440985,0.36784231899072223,0,0.0,HV-M
FI2010_Benchmark,Random_Forest,4,69,0,2,0.31339463009334617,0.31544700957485644,0.3711583603317973,1,-0.14492501798659832,HV-T
FI2010_Benchmark,Random_Forest,4,70,0,1,0.28193706405242613,0.3597476326031546,0.35831530334441913,0,0.0,HV-T
FI2010_Benchmark,Random_Forest,4,71,0,1,0.3309278995875121,0.46259058860560937,0.20648151180687857,0,0.0,HV-T
FI2010_Benchmark,Random_Forest,4,72,0,0,0.5534962987017278,0.3086032761645802,0.1379004251336919,-1,-0.0949050173541929,HV-T
FI2010_Benchmark,Random_Forest,4,73,1,0,0.5916468652717014,0.28128261993240283,0.12707051479589576,-1,-0.21989501797552877,HV-T
FI2010_Benchmark,Random_Forest,4,74,2,0,0.5837939124096977,0.2415947571249664,0.17461133046533583,-1,-0.19489501797552308,HV-T
FI2010_Benchmark,Random_Forest,4,75,2,0,0.5474373440382841,0.29855589749774497,0.15400675846397083,-1,-0.1449000181242776,HV-T
FI2010_Benchmark,Random_Forest,4,76,2,0,0.5590240173319276,0.3075579961845403,0.13341798648353206,-1,-0.14489501827271659,HV-T
FI2010_Benchmark,Random_Forest,4,77,2,1,0.2711184589923833,0.409386941421527,0.3194945995860898,0,0.0,HV-T
FI2010_Benchmark,Random_Forest,4,78,2,0,0.5461121616841743,0.2656083855806204,0.18827945273520527,-1,-0.16989501638338542,HV-T
FI2010_Benchmark,Random_Forest,4,79,2,1,0.27976271186748103,0.44823909459432115,0.27199819353819793,0,0.0,HV-T
FI2010_Benchmark,Random_Forest,4,80,2,1,0.25664473667022375,0.39074946406146344,0.352605799268313,0,0.0,HV-T
FI2010_Benchmark,Random_Forest,4,81,2,2,0.2627939111108562,0.3072112768949682,0.4299948119941755,1,-0.09491501622284923,HV-T
FI2010_Benchmark,Random_Forest,4,82,1,2,0.26509581463071563,0.27881742210721294,0.4560867632620713,1,-0.1449150162228606,HV-T
FI2010_Benchmark,Random_Forest,4,83,1,2,0.20567974469933892,0.24568907805202586,0.5486311772486352,1,-0.24493001743666554,HV-T
FI2010_Benchmark,Random_Forest,4,84,0,2,0.2265782206413196,0.3232816968107906,0.45014008254788984,1,-0.19492501767279835,HV-M
FI2010_Benchmark,Random_Forest,4,85,0,2,0.2868128870901354,0.3038960585099598,0.4092910543999047,1,-0.16991501790438235,HV-M
FI2010_Benchmark,Random_Forest,4,86,0,2,0.28231362894901735,0.31671964068384406,0.4009667303671385,1,-0.14491501790439087,HV-M
FI2010_Benchmark,Random_Forest,4,87,0,2,0.15845923538571655,0.3473020195265225,0.4942387450877607,1,-0.2449250179122523,HV-M
FI2010_Benchmark,Random_Forest,4,88,0,2,0.3028857201384952,0.3044329822527966,0.3926812976087079,1,-0.19492001809235582,HV-M
FI2010_Benchmark,Random_Forest,4,89,0,2,0.15771517436002686,0.1968798544153995,0.6454049712245734,1,-0.2449300185087511,HV-M
FI2010_Benchmark,Random_Forest,4,90,0,2,0.2960912485637637,0.2784897924656872,0.4254189589705489,1,-0.06991501855078244,HV-M
FI2010_Benchmark,Random_Forest,4,91,0,0,0.5004713469050132,0.20616117201045855,0.29336748108452826,-1,-0.04490501887277458,HV-M
FI2010_Benchmark,Random_Forest,4,92,0,0,0.6844311506527285,0.1988319345657248,0.1167369147815467,-1,-0.04489501923571509,HV-M
FI2010_Benchmark,Random_Forest,4,93,1,0,0.701517646383316,0.24613683879167556,0.05234551482500853,-1,-0.09489501923572646,HV-M
FI2010_Benchmark,Random_Forest,4,94,1,0,0.7339539157299838,0.19021054442789784,0.07583553984211847,-1,-0.14489501923572362,HV-M
FI2010_Benchmark,Random_Forest,4,95,1,0,0.7277036473874904,0.23737208721208072,0.034924265400429005,-1,-0.0948900193101733,HV-M
FI2010_Benchmark,Random_Forest,4,96,1,1,0.4065682636606368,0.4066542110371661,0.18677752530219713,0,0.0,HV-M
FI2010_Benchmark,Random_Forest,4,97,1,0,0.4748755474765796,0.300833924956918,0.22429052756650233,-1,-0.11988501992297151,HV-M
FI2010_Benchmark,Random_Forest,4,98,1,1,0.277345913959361,0.5210853673954834,0.20156871864515566,0,0.0,HV-M
FI2010_Benchmark,Random_Forest,4,99,1,0,0.45091562068709656,0.37241060125526687,0.1766737780576367,-1,-0.044895020589296626,HV-M
FI2010_Benchmark,Random_Forest,4,100,1,2,0.30460181954890336,0.3214146911062632,0.3739834893448334,1,-0.0699100218623836,HV-M
FI2010_Benchmark,Random_Forest,4,101,1,2,0.3076851575989391,0.25299404318887203,0.4393207992121887,1,0.005094978494340943,HV-M
FI2010_Benchmark,Random_Forest,4,102,1,2,0.24575871075336103,0.3223608041205937,0.43188048512604515,1,0.10510497850468167,HV-M
FI2010_Benchmark,Random_Forest,4,103,2,2,0.08290781100384004,0.26660290589555513,0.6504892831006049,1,0.005094978493711495,HV-M
FI2010_Benchmark,Random_Forest,4,104,2,2,0.1934391024745483,0.23822345179251736,0.5683374457329342,1,0.08009497849372854,HV-M
FI2010_Benchmark,Random_Forest,4,105,2,0,0.4638929024279224,0.27024982528996416,0.2658572722821135,-1,-0.19489502188030464,HV-M
FI2010_Benchmark,Random_Forest,4,106,2,2,0.2363226463310046,0.27510296341639334,0.48857439025260196,1,0.08009997811433071,HV-M
FI2010_Benchmark,Random_Forest,4,107,2,2,0.32262690466527216,0.1734121500385839,0.503960945296144,1,0.055099978612429976,HV-M
FI2010_Benchmark,Random_Forest,4,108,2,2,0.23149637990491229,0.18013454564712422,0.5883690744479635,1,0.0801049789945445,HV-M
FI2010_Benchmark,Random_Forest,4,109,2,0,0.4475579969313022,0.1362290851450866,0.41621291792361115,-1,-0.1948950204686754,HV-T
FI2010_Benchmark,Random_Forest,4,110,2,2,0.25668527914265765,0.2191232781662248,0.5241914426911175,1,0.005089978854397645,HV-T
FI2010_Benchmark,Random_Forest,4,111,2,2,0.1046181729942506,0.3015827271721556,0.5937990998335938,1,0.05508497871792179,HV-T
FI2010_Benchmark,Random_Forest,4,112,2,2,0.09190786578259541,0.38606341101790037,0.5220287231995041,1,0.005074978223179746,HV-T
FI2010_Benchmark,Random_Forest,4,113,2,2,0.25200948973439563,0.24285156499105415,0.50513894527455,1,0.055084978883339006,HV-T
FI2010_Benchmark,Random_Forest,4,114,2,2,0.14384065271492738,0.3256312211651413,0.5305281261199313,1,-0.04493002216271766,HV-T
FI2010_Benchmark,Random_Forest,4,115,2,2,0.09550192650293102,0.4338032322164767,0.47069484128059214,1,0.005074978223193957,HV-T
FI2010_Benchmark,Random_Forest,4,116,2,2,0.09469303926745655,0.3701870939954175,0.535119866737126,1,0.0050699781149299294,HV-T
FI2010_Benchmark,Random_Forest,4,117,2,2,0.15353109224577952,0.34857266121666636,0.497896246537554,1,0.055074978455708315,HV-T
FI2010_Benchmark,Random_Forest,4,118,2,2,0.22706311086268186,0.28865245495396336,0.4842844341833547,1,0.030079978461130294,HV-T
FI2010_Benchmark,Random_Forest,4,119,2,2,0.08308844174525137,0.3093647253375793,0.6075468329171695,1,0.05507497883850709,LV-T
FI2010_Benchmark,Random_Forest,4,120,2,2,0.13852249434386774,0.2691346075862335,0.5923428980698986,1,0.05507498003022089,LV-T
FI2010_Benchmark,Random_Forest,4,121,2,2,0.1546186820767736,0.21101708927758459,0.6343642286456416,1,0.005064980165640963,LV-M
FI2010_Benchmark,Random_Forest,4,122,2,2,0.17514442643498543,0.3397186907667158,0.4851368827982987,1,-0.044935019150386765,LV-M
FI2010_Benchmark,Random_Forest,4,123,2,2,0.11136933815475496,0.31561378314977456,0.5730168786954706,1,0.05506498084961466,LV-M
FI2010_Benchmark,Random_Forest,4,124,2,2,0.14936712061120183,0.2543357780307381,0.5962971013580599,1,-0.044935019150386765,LV-M
FI2010_Benchmark,Random_Forest,4,125,2,2,0.10092242210143036,0.31914865239983636,0.5799289254987332,1,0.005064981072180619,LV-M
FI2010_Benchmark,Random_Forest,4,126,2,2,0.11034821624740175,0.28547849336573894,0.6041732903868592,1,-0.044945019270765225,LV-M
FI2010_Benchmark,Random_Forest,4,127,1,2,0.09436314754533169,0.36294742962074017,0.5426894228339282,1,-0.09494501848680725,LV-M
FI2010_Benchmark,Random_Forest,4,128,1,2,0.1521719884350503,0.26252509237566807,0.5853029191892817,1,-0.04494001834837727,LV-M
FI2010_Benchmark,Random_Forest,4,129,1,2,0.16521555576325825,0.35101564313536743,0.48376880110137427,1,-0.06994501840655334,LV-M
FI2010_Benchmark,Random_Forest,4,130,1,2,0.10180158979134085,0.31355930611966654,0.5846391040889927,1,-0.09494501729931995,LV-M
FI2010_Benchmark,Random_Forest,4,131,1,2,0.14970912309451082,0.23397000344370436,0.6163208734617845,1,-0.14494501706328464,LV-M
FI2010_Benchmark,Random_Forest,4,132,1,2,0.11447823426171165,0.3456139618952871,0.5399078038430012,1,-0.1449450162181054,LV-M
FI2010_Benchmark,Random_Forest,4,133,0,2,0.07021946815485819,0.32995237938711613,0.5998281524580257,1,-0.14495501622344883,LV-T
FI2010_Benchmark,Random_Forest,4,134,0,2,0.22265934818396693,0.36766167967763896,0.40967897213839416,1,-0.09494501705693498,LV-T
FI2010_Benchmark,Random_Forest,4,135,0,2,0.24134562554661265,0.33482568245658817,0.42382869199679907,1,-0.09494501621141047,LV-T
FI2010_Benchmark,Random_Forest,4,136,0,2,0.24269466836539683,0.31348637028342163,0.4438189613511814,1,-0.11994501614999448,LV-T
FI2010_Benchmark,Random_Forest,4,137,0,1,0.2770218331636287,0.3830314025676795,0.33994676426869175,0,0.0,LV-T
FI2010_Benchmark,Random_Forest,4,138,1,2,0.20197409089555102,0.37385637672631494,0.4241695323781339,1,-0.09494501717861438,LV-T
FI2010_Benchmark,Random_Forest,4,139,1,2,0.299234190720585,0.32592166655790555,0.37484414272150957,1,-0.09494001742871445,LV-T
FI2010_Benchmark,Random_Forest,4,140,1,2,0.3359818207197035,0.28987233411580055,0.374145845164496,1,-0.09493501644375393,LV-T
FI2010_Benchmark,Random_Forest,4,141,1,2,0.29861659435187204,0.33888911450409515,0.3624942911440327,1,-0.044935016328405075,LV-T
FI2010_Benchmark,Random_Forest,4,142,1,0,0.46811287423296577,0.3848221035115201,0.14706502225551418,-1,-0.06992501640698379,LV-T
FI2010_Benchmark,Random_Forest,4,143,1,1,0.28946116022477086,0.5005038721850833,0.2100349675901459,0,0.0,LV-T
FI2010_Benchmark,Random_Forest,4,144,1,1,0.35488820575971325,0.3671971779593226,0.2779146162809641,0,0.0,LV-T
FI2010_Benchmark,Random_Forest,4,145,1,2,0.31345936718134276,0.3141548080021798,0.3723858248164773,1,-0.0449350146545952,LV-T
FI2010_Benchmark,Random_Forest,4,146,1,0,0.5211738776661281,0.31475229024201423,0.16407383209185775,-1,-0.14493001467534886,LV-T
FI2010_Benchmark,Random_Forest,4,147,1,1,0.24162184799790234,0.45022352419734424,0.30815462780475356,0,0.0,LV-T
FI2010_Benchmark,Random_Forest,4,148,1,0,0.37450692858093393,0.3110990609140033,0.3143940105050628,-1,-0.044935014438071165,LV-T
FI2010_Benchmark,Random_Forest,4,149,1,0,0.36412910100899526,0.27259553987909846,0.3632753591119063,-1,-0.04493501428154557,LV-T
FI2010_Benchmark,Random_Forest,4,150,1,0,0.5226246293400363,0.2587687211407044,0.21860664951925923,-1,-0.1449250150336145,LV-T
FI2010_Benchmark,Random_Forest,4,151,2,1,0.3003220929498235,0.35077575902770186,0.3489021480224747,0,0.0,LV-T
FI2010_Benchmark,Random_Forest,4,152,2,0,0.38830657432041144,0.31796551128308553,0.293727914396503,-1,-0.2449300152095441,LV-M
FI2010_Benchmark,Random_Forest,4,153,2,0,0.564971799151406,0.26779106967002236,0.16723713117857147,-1,-0.1699250153643556,LV-M
FI2010_Benchmark,Random_Forest,4,154,2,1,0.26068376877931493,0.3810343091773339,0.3582819220433512,0,0.0,LV-T
FI2010_Benchmark,Random_Forest,4,155,2,0,0.3537619558698091,0.30425745954009387,0.34198058459009706,-1,-0.09493501608066587,LV-T
FI2010_Benchmark,Random_Forest,4,156,2,2,0.31312546420167275,0.2967572748041689,0.3901172609941582,1,-0.06994501608874096,LV-T
FI2010_Benchmark,Random_Forest,4,157,2,0,0.41256915087168694,0.20353973572239262,0.38389111340592047,-1,-0.14494001624580022,LV-T
FI2010_Benchmark,Random_Forest,4,158,2,2,0.3705741120324712,0.2542099898798355,0.3752158980876932,1,0.15506498375818314,LV-T
FI2010_Benchmark,Random_Forest,4,159,2,0,0.40034332704822767,0.32816348030730347,0.27149319264446886,-1,-0.19493501605845337,LV-T
FI2010_Benchmark,Random_Forest,4,160,2,2,0.28159625766006746,0.3035403357348187,0.4148634066051139,1,0.10505498325422388,LV-T
FI2010_Benchmark,Random_Forest,4,161,2,2,0.15541374332394356,0.2912935743135147,0.5532926823625415,1,0.0050399818952632375,LV-T
FI2010_Benchmark,Random_Forest,4,162,2,2,0.1630795322143311,0.3485933542174379,0.488327113568231,1,-0.04496501822294013,LV-T
FI2010_Benchmark,Random_Forest,4,163,2,2,0.21062659873230058,0.3414876751983635,0.4478857260693359,1,0.055049980996330294,LV-T
FI2010_Benchmark,Random_Forest,4,164,2,2,0.0771646328433027,0.29504773733828527,0.627787629818412,1,0.030044981436272024,LV-T
FI2010_Benchmark,Random_Forest,4,165,2,2,0.20156048905300053,0.26598334704853954,0.5324561638984598,1,0.10505498085528858,LV-T
FI2010_Benchmark,Random_Forest,4,166,2,0,0.48481689726089827,0.331211953655119,0.18397114908398282,-1,-0.24494001927550438,LV-T
FI2010_Benchmark,Random_Forest,4,167,2,2,0.11509740788542619,0.2857719609643865,0.5991306311501873,1,0.005044980090628905,LV-T
FI2010_Benchmark,Random_Forest,4,168,2,2,0.06381630707658634,0.2558660150344074,0.6803176778890062,1,-0.09497502140833154,LV-M
FI2010_Benchmark,Random_Forest,4,169,2,1,0.14006688567583642,0.49707233284062396,0.3628607814835395,0,0.0,LV-M
FI2010_Benchmark,Random_Forest,4,170,2,2,0.07604567768441259,0.34635347311868053,0.577600849196907,1,-0.019975022035833463,LV-M
FI2010_Benchmark,Random_Forest,4,171,1,2,0.15064433526393964,0.4216802678614852,0.4276753968745753,1,0.005024977964172221,LV-M
FI2010_Benchmark,Random_Forest,4,172,1,1,0.25873626131598093,0.44547239731998417,0.29579134136403484,0,0.0,LV-M
FI2010_Benchmark,Random_Forest,4,173,1,1,0.10234077952873644,0.5539233088754221,0.3437359115958413,0,0.0,LV-M
FI2010_Benchmark,Random_Forest,4,174,1,1,0.22368259529338558,0.5372976897513603,0.23901971495525412,0,0.0,LV-M
FI2010_Benchmark,Random_Forest,4,175,1,1,0.09521447387948202,0.48952372331259475,0.415261802807923,0,0.0,LV-M
FI2010_Benchmark,Random_Forest,4,176,1,1,0.13233281380012266,0.5211969361417532,0.34647025005812404,0,0.0,LV-M
FI2010_Benchmark,Random_Forest,4,177,1,1,0.1697712089730237,0.43771606111618433,0.3925127299107918,0,0.0,LV-M
FI2010_Benchmark,Random_Forest,4,178,1,1,0.339863273944684,0.5107729832805104,0.14936374277480557,0,0.0,LV-M
FI2010_Benchmark,Random_Forest,4,179,1,1,0.11902448304957292,0.4832484227923404,0.39772709415808644,0,0.0,LV-M
FI2010_Benchmark,Random_Forest,4,180,1,1,0.1519656421790642,0.5359263397011659,0.31210801811976985,0,0.0,LV-M
FI2010_Benchmark,Random_Forest,4,181,1,1,0.10955370128440377,0.674589376171751,0.21585692254384528,0,0.0,LV-M
FI2010_Benchmark,Random_Forest,4,182,1,1,0.19982005915290052,0.5231856130161436,0.2769943278309557,0,0.0,LV-M
FI2010_Benchmark,Random_Forest,4,183,1,1,0.12174222852513662,0.605260013123313,0.27299775835155016,0,0.0,LV-M
FI2010_Benchmark,Random_Forest,4,184,1,1,0.14696562268806734,0.6038317853670062,0.24920259194492622,0,0.0,LV-M
FI2010_Benchmark,Random_Forest,4,185,2,1,0.28233947941649806,0.5368023301618118,0.1808581904216901,0,0.0,LV-M
FI2010_Benchmark,Random_Forest,4,186,2,1,0.33143628739020464,0.4548843035859615,0.21367940902383392,0,0.0,LV-M
FI2010_Benchmark,Random_Forest,4,187,2,1,0.14401536910406043,0.550818561456754,0.30516606943918534,0,0.0,LV-M
FI2010_Benchmark,Random_Forest,4,188,2,1,0.1543091223800769,0.5002130820163315,0.3454777956035916,0,0.0,LV-M
FI2010_Benchmark,Random_Forest,4,189,2,1,0.15981547405391794,0.4898190030496556,0.3503655228964264,0,0.0,LV-M
FI2010_Benchmark,Random_Forest,4,190,2,2,0.2620451254442664,0.34701316877995886,0.39094170577577464,0,0.0,LV-M
FI2010_Benchmark,Random_Forest,4,191,2,2,0.1052268573912963,0.38101582640127307,0.5137573162074307,0,0.0,LV-M
FI2010_Benchmark,Random_Forest,4,192,2,2,0.09707063115624641,0.4399840361314444,0.46294533271230925,0,0.0,LV-M
FI2010_Benchmark,Random_Forest,4,193,2,1,0.10748598104067476,0.5376663982784955,0.35484762068082987,0,0.0,LV-M
FI2010_Benchmark,Random_Forest,4,194,2,1,0.12371256803494847,0.5889462058115517,0.28734122615349983,0,0.0,LV-M
FI2010_Benchmark,Random_Forest,4,195,2,2,0.09522896466318401,0.34826740009184726,0.5565036352449687,0,0.0,LV-M
FI2010_Benchmark,XGBoost_GBDT,4,0,1,2,0.05426568165421486,0.15696653723716736,0.7887678146362305,1,-0.09486504966248152,HV-T
FI2010_Benchmark,XGBoost_GBDT,4,1,1,2,0.12513476610183716,0.11149156093597412,0.7633736729621887,1,-0.09486000883659867,HV-T
FI2010_Benchmark,XGBoost_GBDT,4,2,1,2,0.07853008806705475,0.11884556710720062,0.8026243448257446,1,-0.06985500721415785,HV-T
FI2010_Benchmark,XGBoost_GBDT,4,3,1,2,0.05538330227136612,0.1575644612312317,0.7870522141456604,1,-0.0698550072141578,HV-T
FI2010_Benchmark,XGBoost_GBDT,4,4,1,2,0.1140081062912941,0.1883322149515152,0.6976597309112549,1,-0.06985500684395121,HV-T
FI2010_Benchmark,XGBoost_GBDT,4,5,1,2,0.08095811307430267,0.3414381146430969,0.577603816986084,1,-0.14485500645252794,HV-T
FI2010_Benchmark,XGBoost_GBDT,4,6,0,2,0.1096869632601738,0.2561579942703247,0.6341550350189209,1,-0.14486501250471462,HV-T
FI2010_Benchmark,XGBoost_GBDT,4,7,0,2,0.05149300396442413,0.15215642750263214,0.7963505983352661,1,-0.26987501457257634,HV-M
FI2010_Benchmark,XGBoost_GBDT,4,8,0,2,0.3911496698856354,0.19003595411777496,0.41881436109542847,1,-0.24487001458916646,LV-M
FI2010_Benchmark,XGBoost_GBDT,4,9,0,0,0.5824765563011169,0.08545002341270447,0.3320734202861786,-1,0.10513998391949161,LV-M
FI2010_Benchmark,XGBoost_GBDT,4,10,0,2,0.35191816091537476,0.2533060610294342,0.3947758078575134,1,-0.19485501562409918,LV-M
FI2010_Benchmark,XGBoost_GBDT,4,11,0,2,0.2246333807706833,0.14424845576286316,0.6311181783676147,1,-0.1948550149113982,LV-M
FI2010_Benchmark,XGBoost_GBDT,4,12,0,0,0.6489691734313965,0.06498498469591141,0.2860458195209503,-1,0.005149985437554447,LV-T
FI2010_Benchmark,XGBoost_GBDT,4,13,0,0,0.5671878457069397,0.13697919249534607,0.2958329916000366,-1,0.005149985987690564,HV-T
FI2010_Benchmark,XGBoost_GBDT,4,14,0,0,0.6327775716781616,0.09704365581274033,0.27017873525619507,-1,0.030149986479730606,HV-T
FI2010_Benchmark,XGBoost_GBDT,4,15,0,0,0.6256532073020935,0.18037964403629303,0.19396713376045227,-1,-0.04483501571025281,HV-T
FI2010_Benchmark,XGBoost_GBDT,4,16,0,1,0.3383360803127289,0.4943864047527313,0.16727755963802338,0,0.0,HV-T
FI2010_Benchmark,XGBoost_GBDT,4,17,1,1,0.3788268566131592,0.5345550775527954,0.08661805838346481,0,0.0,HV-M
FI2010_Benchmark,XGBoost_GBDT,4,18,1,1,0.2815709114074707,0.45512527227401733,0.2633037865161896,0,0.0,HV-M
FI2010_Benchmark,XGBoost_GBDT,4,19,2,0,0.4378261864185333,0.4054572284221649,0.15671655535697937,-1,-0.24482501829406206,HV-M
FI2010_Benchmark,XGBoost_GBDT,4,20,2,1,0.15522342920303345,0.47886452078819275,0.3659120798110962,0,0.0,HV-M
FI2010_Benchmark,XGBoost_GBDT,4,21,2,0,0.45500949025154114,0.41241443157196045,0.13257604837417603,-1,-0.24482501746297658,HV-M
FI2010_Benchmark,XGBoost_GBDT,4,22,2,2,0.06266140192747116,0.3530678451061249,0.584270715713501,1,0.10516498185170205,HV-T
FI2010_Benchmark,XGBoost_GBDT,4,23,2,2,0.135664165019989,0.22338588535785675,0.6409499645233154,1,0.055164982238191426,HV-T
FI2010_Benchmark,XGBoost_GBDT,4,24,2,2,0.15387272834777832,0.25230467319488525,0.5938225984573364,1,0.055169982515661145,HV-T
FI2010_Benchmark,XGBoost_GBDT,4,25,2,2,0.1504317820072174,0.14502443373203278,0.7045438289642334,1,0.0801649825797284,HV-T
FI2010_Benchmark,XGBoost_GBDT,4,26,2,2,0.11729560047388077,0.03575791046023369,0.8469465374946594,1,0.005154982086206322,HV-T
FI2010_Benchmark,XGBoost_GBDT,4,27,2,2,0.2429937720298767,0.10611678659915924,0.6508894562721252,1,0.00514498169426042,HV-T
FI2010_Benchmark,XGBoost_GBDT,4,28,2,2,0.12809735536575317,0.06387773156166077,0.8080248832702637,1,-0.019865018616999734,HV-T
FI2010_Benchmark,XGBoost_GBDT,4,29,2,2,0.32348188757896423,0.10984298586845398,0.5666751265525818,1,0.10514498115531007,HV-T
FI2010_Benchmark,XGBoost_GBDT,4,30,2,2,0.0762137919664383,0.05254979059100151,0.8712363839149475,1,0.1301349805637934,HV-T
FI2010_Benchmark,XGBoost_GBDT,4,31,2,2,0.14125780761241913,0.07134909182786942,0.7873930931091309,1,0.1551349807076385,HV-T
FI2010_Benchmark,XGBoost_GBDT,4,32,2,2,0.22581933438777924,0.12055717408657074,0.6536234617233276,1,0.1051349808620047,HV-T
FI2010_Benchmark,XGBoost_GBDT,4,33,2,2,0.1441003531217575,0.10362324118614197,0.7522764205932617,1,0.1051349808620047,HV-T
FI2010_Benchmark,XGBoost_GBDT,4,34,2,2,0.17197135090827942,0.18875938653945923,0.639269232749939,1,0.15514498029850052,HV-T
FI2010_Benchmark,XGBoost_GBDT,4,35,2,2,0.25275859236717224,0.10371772199869156,0.6435236930847168,1,0.10513998016185737,HV-T
FI2010_Benchmark,XGBoost_GBDT,4,36,2,0,0.5570465922355652,0.09582160413265228,0.34713178873062134,-1,-0.24485501940767695,HV-T
FI2010_Benchmark,XGBoost_GBDT,4,37,2,2,0.16512884199619293,0.11811618506908417,0.7167549729347229,1,0.055134980581982025,HV-T
FI2010_Benchmark,XGBoost_GBDT,4,38,2,2,0.3588961958885193,0.06826764345169067,0.57283616065979,1,0.1051299805586165,HV-T
FI2010_Benchmark,XGBoost_GBDT,4,39,2,2,0.05243903771042824,0.05667611584067345,0.8908848166465759,1,0.005114979974842955,HV-T
FI2010_Benchmark,XGBoost_GBDT,4,40,2,2,0.02480633184313774,0.04239322245121002,0.9328004121780396,1,-0.14490002084876366,HV-T
FI2010_Benchmark,XGBoost_GBDT,4,41,1,2,0.051322195678949356,0.10657618194818497,0.8421016335487366,1,-0.14490502090116833,HV-T
FI2010_Benchmark,XGBoost_GBDT,4,42,1,2,0.062305767089128494,0.16195878386497498,0.7757354974746704,1,-0.09489502135296274,HV-M
FI2010_Benchmark,XGBoost_GBDT,4,43,1,2,0.03940420597791672,0.18739870190620422,0.7731971144676208,1,-0.09489502135296274,HV-M
FI2010_Benchmark,XGBoost_GBDT,4,44,0,1,0.05755697935819626,0.585089385509491,0.3573535978794098,0,0.0,HV-M
FI2010_Benchmark,XGBoost_GBDT,4,45,0,2,0.05548688769340515,0.19246172904968262,0.7520514130592346,1,-0.09489501989651497,HV-M
FI2010_Benchmark,XGBoost_GBDT,4,46,1,2,0.1914498656988144,0.2642636001110077,0.5442864894866943,1,-0.04489501954822988,HV-M
FI2010_Benchmark,XGBoost_GBDT,4,47,1,2,0.2681502401828766,0.1525076925754547,0.5793420672416687,1,0.05511498127069331,HV-M
FI2010_Benchmark,XGBoost_GBDT,4,48,1,2,0.13516028225421906,0.29281747341156006,0.5720222592353821,1,-0.04490502046791506,HV-M
FI2010_Benchmark,XGBoost_GBDT,4,49,1,1,0.1595063954591751,0.4902905225753784,0.35020309686660767,0,0.0,HV-M
FI2010_Benchmark,XGBoost_GBDT,4,50,2,1,0.2605356276035309,0.583568274974823,0.1558961421251297,0,0.0,HV-M
FI2010_Benchmark,XGBoost_GBDT,4,51,2,1,0.2152414321899414,0.6600790619850159,0.12467953562736511,0,0.0,HV-M
FI2010_Benchmark,XGBoost_GBDT,4,52,2,1,0.25729116797447205,0.4518296718597412,0.29087916016578674,0,0.0,HV-M
FI2010_Benchmark,XGBoost_GBDT,4,53,2,1,0.35377398133277893,0.49032554030418396,0.1559004932641983,0,0.0,HV-M
FI2010_Benchmark,XGBoost_GBDT,4,54,2,1,0.15887485444545746,0.6311763525009155,0.2099488079547882,0,0.0,HV-M
FI2010_Benchmark,XGBoost_GBDT,4,55,2,1,0.059731483459472656,0.7005048990249634,0.23976364731788635,0,0.0,HV-M
FI2010_Benchmark,XGBoost_GBDT,4,56,2,1,0.11338676512241364,0.6523822546005249,0.23423102498054504,0,0.0,HV-M
FI2010_Benchmark,XGBoost_GBDT,4,57,2,2,0.0831780731678009,0.3036709427833557,0.6131510138511658,1,0.05509497938702602,HV-M
FI2010_Benchmark,XGBoost_GBDT,4,58,2,2,0.23448117077350616,0.274616003036499,0.4909028708934784,1,0.05509497975819258,HV-M
FI2010_Benchmark,XGBoost_GBDT,4,59,2,2,0.3526870012283325,0.14779072999954224,0.49952229857444763,1,0.005089980419397913,HV-M
FI2010_Benchmark,XGBoost_GBDT,4,60,2,1,0.1716693639755249,0.4301263988018036,0.3982042372226715,0,0.0,HV-M
FI2010_Benchmark,XGBoost_GBDT,4,61,1,2,0.07701072096824646,0.30053773522377014,0.6224515438079834,1,-0.14493002019430792,HV-M
FI2010_Benchmark,XGBoost_GBDT,4,62,1,2,0.14122456312179565,0.41167521476745605,0.4471001923084259,1,-0.14492502043254327,HV-M
FI2010_Benchmark,XGBoost_GBDT,4,63,0,1,0.11184062063694,0.6230109930038452,0.265148401260376,0,0.0,HV-M
FI2010_Benchmark,XGBoost_GBDT,4,64,0,1,0.27610117197036743,0.5101800560951233,0.2137187421321869,0,0.0,HV-M
FI2010_Benchmark,XGBoost_GBDT,4,65,0,1,0.2705000340938568,0.600500762462616,0.12899915874004364,0,0.0,HV-M
FI2010_Benchmark,XGBoost_GBDT,4,66,0,0,0.5447450876235962,0.3279306888580322,0.1273241937160492,-1,0.10507498062040266,HV-M
FI2010_Benchmark,XGBoost_GBDT,4,67,0,0,0.6434329748153687,0.21305111050605774,0.1435159146785736,-1,0.05507498094063479,HV-M
FI2010_Benchmark,XGBoost_GBDT,4,68,0,0,0.5375280380249023,0.3800199031829834,0.08245208114385605,-1,0.10507498097394133,HV-M
FI2010_Benchmark,XGBoost_GBDT,4,69,0,0,0.5821889042854309,0.3292793929576874,0.08853170275688171,-1,0.05507498201339031,HV-T
FI2010_Benchmark,XGBoost_GBDT,4,70,0,0,0.6972681879997253,0.18906641006469727,0.11366542428731918,-1,0.00507498321122065,HV-T
FI2010_Benchmark,XGBoost_GBDT,4,71,0,0,0.6766167283058167,0.24688971042633057,0.07649356871843338,-1,-0.04491501736357308,HV-T
FI2010_Benchmark,XGBoost_GBDT,4,72,0,0,0.8182868361473083,0.14302372932434082,0.03868940472602844,-1,-0.0949050173541929,HV-T
FI2010_Benchmark,XGBoost_GBDT,4,73,1,0,0.8920950293540955,0.08332137763500214,0.02458357624709606,-1,-0.21989501797552877,HV-T
FI2010_Benchmark,XGBoost_GBDT,4,74,2,0,0.8425569534301758,0.13055607676506042,0.02688695676624775,-1,-0.19489501797552308,HV-T
FI2010_Benchmark,XGBoost_GBDT,4,75,2,0,0.8775328993797302,0.09847796708345413,0.023989133536815643,-1,-0.1449000181242776,HV-T
FI2010_Benchmark,XGBoost_GBDT,4,76,2,0,0.7618498206138611,0.20476272702217102,0.03338748589158058,-1,-0.14489501827271659,HV-T
FI2010_Benchmark,XGBoost_GBDT,4,77,2,0,0.5816139578819275,0.3373642861843109,0.0810217559337616,-1,-0.1449050182027542,HV-T
FI2010_Benchmark,XGBoost_GBDT,4,78,2,0,0.8072822093963623,0.14735683798789978,0.04536097124218941,-1,-0.16989501638338542,HV-T
FI2010_Benchmark,XGBoost_GBDT,4,79,2,1,0.33051401376724243,0.5469072461128235,0.12257873266935349,0,0.0,HV-T
FI2010_Benchmark,XGBoost_GBDT,4,80,2,1,0.2945737838745117,0.49749916791915894,0.20792712271213531,0,0.0,HV-T
FI2010_Benchmark,XGBoost_GBDT,4,81,2,0,0.3711981177330017,0.29782235622406006,0.3309795558452606,-1,0.005084983777116664,HV-T
FI2010_Benchmark,XGBoost_GBDT,4,82,1,1,0.4247584640979767,0.44174128770828247,0.13350027799606323,0,0.0,HV-T
FI2010_Benchmark,XGBoost_GBDT,4,83,1,2,0.214952751994133,0.15024614334106445,0.6348011493682861,1,-0.24493001743666554,HV-T
FI2010_Benchmark,XGBoost_GBDT,4,84,0,2,0.22256608307361603,0.35170483589172363,0.42572906613349915,1,-0.19492501767279835,HV-M
FI2010_Benchmark,XGBoost_GBDT,4,85,0,1,0.25206419825553894,0.5780044198036194,0.16993141174316406,0,0.0,HV-M
FI2010_Benchmark,XGBoost_GBDT,4,86,0,0,0.4585268795490265,0.43914204835891724,0.10233111679553986,-1,0.05508498209559774,HV-M
FI2010_Benchmark,XGBoost_GBDT,4,87,0,1,0.25926798582077026,0.43177929520606995,0.3089527487754822,0,0.0,HV-M
FI2010_Benchmark,XGBoost_GBDT,4,88,0,0,0.5148577094078064,0.2897149622440338,0.1954273134469986,-1,0.05507998190764418,HV-M
FI2010_Benchmark,XGBoost_GBDT,4,89,0,2,0.038200248032808304,0.08781686425209045,0.873982846736908,1,-0.2449300185087511,HV-M
FI2010_Benchmark,XGBoost_GBDT,4,90,0,2,0.09802229702472687,0.07690843194723129,0.8250692486763,1,-0.06991501855078244,HV-M
FI2010_Benchmark,XGBoost_GBDT,4,91,0,2,0.33389997482299805,0.08837758749723434,0.577722430229187,1,-0.04490501887277458,HV-M
FI2010_Benchmark,XGBoost_GBDT,4,92,0,0,0.7827348709106445,0.14983725547790527,0.06742791086435318,-1,-0.04489501923571509,HV-M
FI2010_Benchmark,XGBoost_GBDT,4,93,1,0,0.8081411719322205,0.17178797721862793,0.02007085084915161,-1,-0.09489501923572646,HV-M
FI2010_Benchmark,XGBoost_GBDT,4,94,1,0,0.9249324202537537,0.05660377815365791,0.018463758751749992,-1,-0.14489501923572362,HV-M
FI2010_Benchmark,XGBoost_GBDT,4,95,1,0,0.9218741059303284,0.05408075079321861,0.024045109748840332,-1,-0.0948900193101733,HV-M
FI2010_Benchmark,XGBoost_GBDT,4,96,1,0,0.7250750660896301,0.1956639140844345,0.07926100492477417,-1,-0.06989501951389424,HV-M
FI2010_Benchmark,XGBoost_GBDT,4,97,1,0,0.7562662363052368,0.18160443007946014,0.06212935969233513,-1,-0.11988501992297151,HV-M
FI2010_Benchmark,XGBoost_GBDT,4,98,1,1,0.38684505224227905,0.4784672260284424,0.13468776643276215,0,0.0,HV-M
FI2010_Benchmark,XGBoost_GBDT,4,99,1,0,0.634671688079834,0.27034541964530945,0.09498290717601776,-1,-0.044895020589296626,HV-M
FI2010_Benchmark,XGBoost_GBDT,4,100,1,2,0.18445254862308502,0.1872795820236206,0.6282678842544556,1,-0.0699100218623836,HV-M
FI2010_Benchmark,XGBoost_GBDT,4,101,1,2,0.08584335446357727,0.17303408682346344,0.7411225438117981,1,0.005094978494340943,HV-M
FI2010_Benchmark,XGBoost_GBDT,4,102,1,2,0.08420062810182571,0.19649586081504822,0.7193034887313843,1,0.10510497850468167,HV-M
FI2010_Benchmark,XGBoost_GBDT,4,103,2,2,0.02478640526533127,0.19790872931480408,0.7773048877716064,1,0.005094978493711495,HV-M
FI2010_Benchmark,XGBoost_GBDT,4,104,2,1,0.13679780066013336,0.4578333795070648,0.40536877512931824,0,0.0,HV-M
FI2010_Benchmark,XGBoost_GBDT,4,105,2,1,0.4194948971271515,0.42498552799224854,0.15551960468292236,0,0.0,HV-M
FI2010_Benchmark,XGBoost_GBDT,4,106,2,2,0.29041942954063416,0.3353968560695648,0.37418368458747864,1,0.08009997811433071,HV-M
FI2010_Benchmark,XGBoost_GBDT,4,107,2,2,0.13297931849956512,0.06261709332466125,0.8044036030769348,1,0.055099978612429976,HV-M
FI2010_Benchmark,XGBoost_GBDT,4,108,2,2,0.07666169852018356,0.04081607237458229,0.8825222849845886,1,0.0801049789945445,HV-M
FI2010_Benchmark,XGBoost_GBDT,4,109,2,2,0.33760011196136475,0.07429008185863495,0.5881097912788391,1,0.10510497953133596,HV-T
FI2010_Benchmark,XGBoost_GBDT,4,110,2,2,0.07964649796485901,0.06049938499927521,0.8598541617393494,1,0.005089978854397645,HV-T
FI2010_Benchmark,XGBoost_GBDT,4,111,2,2,0.037356067448854446,0.04819878935813904,0.914445161819458,1,0.05508497871792179,HV-T
FI2010_Benchmark,XGBoost_GBDT,4,112,2,2,0.07321019470691681,0.23305176198482513,0.6937380433082581,1,0.005074978223179746,HV-T
FI2010_Benchmark,XGBoost_GBDT,4,113,2,2,0.07913587242364883,0.07333448529243469,0.8475296497344971,1,0.055084978883339006,HV-T
FI2010_Benchmark,XGBoost_GBDT,4,114,2,2,0.048000581562519073,0.23580406606197357,0.716195285320282,1,-0.04493002216271766,HV-T
FI2010_Benchmark,XGBoost_GBDT,4,115,2,2,0.04397799074649811,0.33792316913604736,0.6180988550186157,1,0.005074978223193957,HV-T
FI2010_Benchmark,XGBoost_GBDT,4,116,2,2,0.04133332893252373,0.24617499113082886,0.7124916911125183,1,0.0050699781149299294,HV-T
FI2010_Benchmark,XGBoost_GBDT,4,117,2,2,0.07401186972856522,0.1789933145046234,0.7469947934150696,1,0.055074978455708315,HV-T
FI2010_Benchmark,XGBoost_GBDT,4,118,2,2,0.044059861451387405,0.07199262827634811,0.883947491645813,1,0.030079978461130294,HV-T
FI2010_Benchmark,XGBoost_GBDT,4,119,2,2,0.03095678985118866,0.09676694124937057,0.8722763061523438,1,0.05507497883850709,LV-T
FI2010_Benchmark,XGBoost_GBDT,4,120,2,2,0.10535778850317001,0.10086500644683838,0.7937771677970886,1,0.05507498003022089,LV-T
FI2010_Benchmark,XGBoost_GBDT,4,121,2,2,0.09990344196557999,0.12137613445520401,0.7787203788757324,1,0.005064980165640963,LV-M
FI2010_Benchmark,XGBoost_GBDT,4,122,2,2,0.30811306834220886,0.23701398074626923,0.4548729658126831,1,-0.044935019150386765,LV-M
FI2010_Benchmark,XGBoost_GBDT,4,123,2,2,0.17077022790908813,0.18608024716377258,0.6431495547294617,1,0.05506498084961466,LV-M
FI2010_Benchmark,XGBoost_GBDT,4,124,2,2,0.2064109593629837,0.0881243646144867,0.7054647207260132,1,-0.044935019150386765,LV-M
FI2010_Benchmark,XGBoost_GBDT,4,125,2,2,0.30892643332481384,0.17014040052890778,0.5209331512451172,1,0.005064981072180619,LV-M
FI2010_Benchmark,XGBoost_GBDT,4,126,2,2,0.28569796681404114,0.09782860428094864,0.6164734363555908,1,-0.044945019270765225,LV-M
FI2010_Benchmark,XGBoost_GBDT,4,127,1,2,0.28403735160827637,0.1764574497938156,0.5395052433013916,1,-0.09494501848680725,LV-M
FI2010_Benchmark,XGBoost_GBDT,4,128,1,2,0.2835291624069214,0.1052943766117096,0.6111764311790466,1,-0.04494001834837727,LV-M
FI2010_Benchmark,XGBoost_GBDT,4,129,1,0,0.5573843121528625,0.13725636899471283,0.3053593039512634,-1,-0.019945018406570404,LV-M
FI2010_Benchmark,XGBoost_GBDT,4,130,1,2,0.2551344931125641,0.0885978490114212,0.6562676429748535,1,-0.09494501729931995,LV-M
FI2010_Benchmark,XGBoost_GBDT,4,131,1,2,0.1432727873325348,0.05332768335938454,0.8033995628356934,1,-0.14494501706328464,LV-M
FI2010_Benchmark,XGBoost_GBDT,4,132,1,2,0.22056587040424347,0.10038616508245468,0.6790479421615601,1,-0.1449450162181054,LV-M
FI2010_Benchmark,XGBoost_GBDT,4,133,0,2,0.2635853886604309,0.10605832934379578,0.6303563117980957,1,-0.14495501622344883,LV-T
FI2010_Benchmark,XGBoost_GBDT,4,134,0,0,0.7232077121734619,0.18618179857730865,0.09061044454574585,-1,0.005054982943030917,LV-T
FI2010_Benchmark,XGBoost_GBDT,4,135,0,0,0.48658841848373413,0.3882313072681427,0.12518031895160675,-1,0.005054983788555428,LV-T
FI2010_Benchmark,XGBoost_GBDT,4,136,0,0,0.6627663373947144,0.18667754530906677,0.1505560725927353,-1,0.030054983849982793,LV-T
FI2010_Benchmark,XGBoost_GBDT,4,137,0,0,0.5616987347602844,0.26224949955940247,0.1760517805814743,-1,-0.04493501696598327,LV-T
FI2010_Benchmark,XGBoost_GBDT,4,138,1,1,0.3709055185317993,0.4942922592163086,0.13480226695537567,0,0.0,LV-T
FI2010_Benchmark,XGBoost_GBDT,4,139,1,0,0.4710582494735718,0.34334465861320496,0.18559712171554565,-1,-0.04494001742873151,LV-T
FI2010_Benchmark,XGBoost_GBDT,4,140,1,0,0.580762505531311,0.2091660350561142,0.2100714147090912,-1,0.005064983556268797,LV-T
FI2010_Benchmark,XGBoost_GBDT,4,141,1,0,0.43879181146621704,0.43072766065597534,0.1304805725812912,-1,-0.044935016328405075,LV-T
FI2010_Benchmark,XGBoost_GBDT,4,142,1,0,0.5057711005210876,0.4537815451622009,0.04044736176729202,-1,-0.06992501640698379,LV-T
FI2010_Benchmark,XGBoost_GBDT,4,143,1,1,0.30887359380722046,0.6243669390678406,0.06675951182842255,0,0.0,LV-T
FI2010_Benchmark,XGBoost_GBDT,4,144,1,1,0.373900443315506,0.5579273104667664,0.06817220896482468,0,0.0,LV-T
FI2010_Benchmark,XGBoost_GBDT,4,145,1,0,0.47646287083625793,0.397703617811203,0.12583352625370026,-1,-0.0449350146545952,LV-T
FI2010_Benchmark,XGBoost_GBDT,4,146,1,0,0.7967684268951416,0.1711583435535431,0.032073285430669785,-1,-0.14493001467534886,LV-T
FI2010_Benchmark,XGBoost_GBDT,4,147,1,0,0.4859861135482788,0.3900764286518097,0.12393751740455627,-1,-0.0699350146544021,LV-T
FI2010_Benchmark,XGBoost_GBDT,4,148,1,0,0.8050347566604614,0.1234661117196083,0.07149908691644669,-1,-0.044935014438071165,LV-T
FI2010_Benchmark,XGBoost_GBDT,4,149,1,0,0.8253755569458008,0.09888379275798798,0.07574060559272766,-1,-0.04493501428154557,LV-T
FI2010_Benchmark,XGBoost_GBDT,4,150,1,0,0.8942793011665344,0.06311572343111038,0.0426049530506134,-1,-0.1449250150336145,LV-T
FI2010_Benchmark,XGBoost_GBDT,4,151,2,0,0.6157997250556946,0.2264081984758377,0.1577920913696289,-1,-0.16993501504114397,LV-T
FI2010_Benchmark,XGBoost_GBDT,4,152,2,0,0.7609667181968689,0.15960809588432312,0.0794251412153244,-1,-0.2449300152095441,LV-M
FI2010_Benchmark,XGBoost_GBDT,4,153,2,0,0.8392682671546936,0.10195519030094147,0.05877657234668732,-1,-0.1699250153643556,LV-M
FI2010_Benchmark,XGBoost_GBDT,4,154,2,0,0.5793176889419556,0.2621036767959595,0.15857861936092377,-1,-0.14493501608067724,LV-T
FI2010_Benchmark,XGBoost_GBDT,4,155,2,0,0.6925868988037109,0.14349403977394104,0.16391900181770325,-1,-0.09493501608066587,LV-T
FI2010_Benchmark,XGBoost_GBDT,4,156,2,0,0.5234366059303284,0.3542826771736145,0.12228072434663773,-1,-0.019945016088758004,LV-T
FI2010_Benchmark,XGBoost_GBDT,4,157,2,0,0.7602646350860596,0.13548152148723602,0.10425379127264023,-1,-0.14494001624580022,LV-T
FI2010_Benchmark,XGBoost_GBDT,4,158,2,0,0.6782044172286987,0.2351352423429489,0.08666034042835236,-1,-0.24493501624179412,LV-T
FI2010_Benchmark,XGBoost_GBDT,4,159,2,0,0.6443660855293274,0.23672571778297424,0.11890821158885956,-1,-0.19493501605845337,LV-T
FI2010_Benchmark,XGBoost_GBDT,4,160,2,0,0.5603518486022949,0.3104424774646759,0.12920567393302917,-1,-0.19494501674578749,LV-T
FI2010_Benchmark,XGBoost_GBDT,4,161,2,2,0.12041401863098145,0.2611232101917267,0.6184627413749695,1,0.0050399818952632375,LV-T
FI2010_Benchmark,XGBoost_GBDT,4,162,2,2,0.2468421906232834,0.24846212565898895,0.5046956539154053,1,-0.04496501822294013,LV-T
FI2010_Benchmark,XGBoost_GBDT,4,163,2,2,0.109807088971138,0.05627642944455147,0.8339164853096008,1,0.055049980996330294,LV-T
FI2010_Benchmark,XGBoost_GBDT,4,164,2,2,0.09593528509140015,0.21835513412952423,0.685709536075592,1,0.030044981436272024,LV-T
FI2010_Benchmark,XGBoost_GBDT,4,165,2,2,0.12263183295726776,0.14138008654117584,0.7359880805015564,1,0.10505498085528858,LV-T
FI2010_Benchmark,XGBoost_GBDT,4,166,2,0,0.6796098947525024,0.11254741996526718,0.20784269273281097,-1,-0.24494001927550438,LV-T
FI2010_Benchmark,XGBoost_GBDT,4,167,2,2,0.0965191051363945,0.23678845167160034,0.6666924357414246,1,0.005044980090628905,LV-T
FI2010_Benchmark,XGBoost_GBDT,4,168,2,2,0.013929338194429874,0.06485651433467865,0.9212141036987305,1,-0.09497502140833154,LV-M
FI2010_Benchmark,XGBoost_GBDT,4,169,2,2,0.04353689029812813,0.4291904866695404,0.527272641658783,1,0.005034978183391943,LV-M
FI2010_Benchmark,XGBoost_GBDT,4,170,2,2,0.024061141535639763,0.2720818817615509,0.7038570046424866,1,-0.019975022035833463,LV-M
FI2010_Benchmark,XGBoost_GBDT,4,171,1,1,0.12148874998092651,0.6312508583068848,0.24726040661334991,0,0.0,LV-M
FI2010_Benchmark,XGBoost_GBDT,4,172,1,1,0.17479786276817322,0.7361629605293274,0.0890391394495964,0,0.0,LV-M
FI2010_Benchmark,XGBoost_GBDT,4,173,1,1,0.05775424838066101,0.892966628074646,0.04927908629179001,0,0.0,LV-M
FI2010_Benchmark,XGBoost_GBDT,4,174,1,1,0.08304695785045624,0.8735097646713257,0.04344325140118599,0,0.0,LV-M
FI2010_Benchmark,XGBoost_GBDT,4,175,1,1,0.08259648829698563,0.7535344958305359,0.16386906802654266,0,0.0,LV-M
FI2010_Benchmark,XGBoost_GBDT,4,176,1,1,0.10665249824523926,0.7149128913879395,0.17843462526798248,0,0.0,LV-M
FI2010_Benchmark,XGBoost_GBDT,4,177,1,1,0.17433308064937592,0.6350289583206177,0.19063793122768402,0,0.0,LV-M
FI2010_Benchmark,XGBoost_GBDT,4,178,1,1,0.16552411019802094,0.775872528553009,0.058603402227163315,0,0.0,LV-M
FI2010_Benchmark,XGBoost_GBDT,4,179,1,1,0.08811402320861816,0.798489511013031,0.11339651793241501,0,0.0,LV-M
FI2010_Benchmark,XGBoost_GBDT,4,180,1,1,0.07415064424276352,0.835797905921936,0.09005141258239746,0,0.0,LV-M
FI2010_Benchmark,XGBoost_GBDT,4,181,1,1,0.07914981245994568,0.8733199238777161,0.04753030464053154,0,0.0,LV-M
FI2010_Benchmark,XGBoost_GBDT,4,182,1,1,0.20184491574764252,0.74129718542099,0.056857939809560776,0,0.0,LV-M
FI2010_Benchmark,XGBoost_GBDT,4,183,1,1,0.04819076135754585,0.8897701501846313,0.062039103358983994,0,0.0,LV-M
FI2010_Benchmark,XGBoost_GBDT,4,184,1,1,0.06446240842342377,0.8568044304847717,0.07873313874006271,0,0.0,LV-M
FI2010_Benchmark,XGBoost_GBDT,4,185,2,1,0.23615948855876923,0.7059133648872375,0.05792710557579994,0,0.0,LV-M
FI2010_Benchmark,XGBoost_GBDT,4,186,2,1,0.28007474541664124,0.6778661012649536,0.04205910861492157,0,0.0,LV-M
FI2010_Benchmark,XGBoost_GBDT,4,187,2,1,0.1950080394744873,0.74721360206604,0.05777829512953758,0,0.0,LV-M
FI2010_Benchmark,XGBoost_GBDT,4,188,2,1,0.2156887948513031,0.6520825028419495,0.13222867250442505,0,0.0,LV-M
FI2010_Benchmark,XGBoost_GBDT,4,189,2,1,0.20944319665431976,0.5804696679115295,0.2100871205329895,0,0.0,LV-M
FI2010_Benchmark,XGBoost_GBDT,4,190,2,1,0.26944699883461,0.40254852175712585,0.3280044496059418,0,0.0,LV-M
FI2010_Benchmark,XGBoost_GBDT,4,191,2,2,0.02366950735449791,0.14134815335273743,0.8349823355674744,0,0.0,LV-M
FI2010_Benchmark,XGBoost_GBDT,4,192,2,2,0.031139541417360306,0.3153175115585327,0.6535429358482361,0,0.0,LV-M
FI2010_Benchmark,XGBoost_GBDT,4,193,2,1,0.044148366898298264,0.6344281435012817,0.3214234709739685,0,0.0,LV-M
FI2010_Benchmark,XGBoost_GBDT,4,194,2,1,0.09646765142679214,0.6436328291893005,0.2598995566368103,0,0.0,LV-M
FI2010_Benchmark,XGBoost_GBDT,4,195,2,2,0.03499869629740715,0.259225457906723,0.7057758569717407,0,0.0,LV-M
FI2010_Benchmark,Kernel_SVM,4,0,1,2,0.060826666725908446,0.28020801602284373,0.6589653172512479,1,-0.09486504966248152,HV-T
FI2010_Benchmark,Kernel_SVM,4,1,1,2,0.1195972748552721,0.2708904091875364,0.6095123159571912,1,-0.09486000883659867,HV-T
FI2010_Benchmark,Kernel_SVM,4,2,1,2,0.06832252880498327,0.3805120579331984,0.5511654132618183,1,-0.06985500721415785,HV-T
FI2010_Benchmark,Kernel_SVM,4,3,1,2,0.07088546106843306,0.2791748281174537,0.6499397108141132,1,-0.0698550072141578,HV-T
FI2010_Benchmark,Kernel_SVM,4,4,1,2,0.06854216335368714,0.2679084577771922,0.6635493788691204,1,-0.06985500684395121,HV-T
FI2010_Benchmark,Kernel_SVM,4,5,1,2,0.050333064702780705,0.35230816611236343,0.597358769184856,1,-0.14485500645252794,HV-T
FI2010_Benchmark,Kernel_SVM,4,6,0,2,0.1387309675683427,0.22682252009459788,0.6344465123370596,1,-0.14486501250471462,HV-T
FI2010_Benchmark,Kernel_SVM,4,7,0,2,0.1571647085374709,0.2677124364437609,0.5751228550187681,1,-0.26987501457257634,HV-M
FI2010_Benchmark,Kernel_SVM,4,8,0,2,0.13130761556687634,0.26539266933692174,0.6032997150962018,1,-0.24487001458916646,LV-M
FI2010_Benchmark,Kernel_SVM,4,9,0,2,0.11421674836931753,0.2269336938918488,0.6588495577388335,1,-0.2448600160805027,LV-M
FI2010_Benchmark,Kernel_SVM,4,10,0,2,0.12510918529579287,0.38275911762422526,0.4921316970799819,1,-0.19485501562409918,LV-M
FI2010_Benchmark,Kernel_SVM,4,11,0,2,0.08390150634787176,0.24982685867599316,0.6662716349761353,1,-0.1948550149113982,LV-M
FI2010_Benchmark,Kernel_SVM,4,12,0,0,0.5305349189749515,0.20876129219004408,0.26070378883500456,-1,0.005149985437554447,LV-T
FI2010_Benchmark,Kernel_SVM,4,13,0,2,0.25177277532957526,0.31454090861134715,0.43368631605907737,1,-0.14485001401231512,HV-T
FI2010_Benchmark,Kernel_SVM,4,14,0,2,0.11511605240421548,0.3357722744418312,0.5491116731539535,1,-0.16985001352025803,HV-T
FI2010_Benchmark,Kernel_SVM,4,15,0,2,0.14560858052013154,0.3648475022003421,0.4895439172795261,1,-0.04483501571025281,HV-T
FI2010_Benchmark,Kernel_SVM,4,16,0,2,0.04439402090357028,0.28101046969158616,0.6745955094048439,1,-0.04484501683729827,HV-T
FI2010_Benchmark,Kernel_SVM,4,17,1,2,0.19008964268742634,0.39912714464643245,0.410783212666141,1,0.055169981760422176,HV-M
FI2010_Benchmark,Kernel_SVM,4,18,1,2,0.07090125786409086,0.41786496717429694,0.5112337749616125,1,0.1051649818281405,HV-M
FI2010_Benchmark,Kernel_SVM,4,19,2,2,0.16670428094170958,0.3308943235633107,0.5024013954949799,1,0.055174981705949325,HV-M
FI2010_Benchmark,Kernel_SVM,4,20,2,2,0.08261936295062565,0.37408164281661843,0.5432989942327558,1,0.15517498213591396,HV-M
FI2010_Benchmark,Kernel_SVM,4,21,2,2,0.09566194529113486,0.2869146084406305,0.6174234462682346,1,0.15517498253700068,HV-M
FI2010_Benchmark,Kernel_SVM,4,22,2,2,0.04630167368520627,0.4653184476266397,0.488379878688154,1,0.10516498185170205,HV-T
FI2010_Benchmark,Kernel_SVM,4,23,2,2,0.09224165005195711,0.2616257206490237,0.6461326292990192,1,0.055164982238191426,HV-T
FI2010_Benchmark,Kernel_SVM,4,24,2,2,0.07836696079365661,0.20719454306892604,0.7144384961374174,1,0.055169982515661145,HV-T
FI2010_Benchmark,Kernel_SVM,4,25,2,2,0.057653895579888106,0.338852126094524,0.603493978325588,1,0.0801649825797284,HV-T
FI2010_Benchmark,Kernel_SVM,4,26,2,2,0.028543132992052443,0.1903335339904674,0.7811233330174802,1,0.005154982086206322,HV-T
FI2010_Benchmark,Kernel_SVM,4,27,2,2,0.07516446501240288,0.2502307552671037,0.6746047797204936,1,0.00514498169426042,HV-T
FI2010_Benchmark,Kernel_SVM,4,28,2,2,0.057170650769631244,0.14382986801359585,0.798999481216773,1,-0.019865018616999734,HV-T
FI2010_Benchmark,Kernel_SVM,4,29,2,2,0.08819521378202394,0.1858781997657947,0.7259265864521813,1,0.10514498115531007,HV-T
FI2010_Benchmark,Kernel_SVM,4,30,2,2,0.052372126216631856,0.15517036115331112,0.7924575126300569,1,0.1301349805637934,HV-T
FI2010_Benchmark,Kernel_SVM,4,31,2,2,0.1280691152728342,0.16607413651215824,0.7058567482150078,1,0.1551349807076385,HV-T
FI2010_Benchmark,Kernel_SVM,4,32,2,2,0.05543062723800617,0.15884786938912582,0.785721503372868,1,0.1051349808620047,HV-T
FI2010_Benchmark,Kernel_SVM,4,33,2,2,0.2204072760128191,0.2747957632609793,0.5047969607262014,1,0.1051349808620047,HV-T
FI2010_Benchmark,Kernel_SVM,4,34,2,2,0.14221327661647234,0.18056133840225275,0.6772253849812749,1,0.15514498029850052,HV-T
FI2010_Benchmark,Kernel_SVM,4,35,2,2,0.10159456005748921,0.2689993921206513,0.6294060478218593,1,0.10513998016185737,HV-T
FI2010_Benchmark,Kernel_SVM,4,36,2,2,0.17477465260619207,0.3223365102286058,0.5028888371652017,1,0.1551449805923003,HV-T
FI2010_Benchmark,Kernel_SVM,4,37,2,2,0.15164399847593452,0.29718294508218684,0.5511730564418788,1,0.055134980581982025,HV-T
FI2010_Benchmark,Kernel_SVM,4,38,2,2,0.14772245836821282,0.24796209278377346,0.6043154488480137,1,0.1051299805586165,HV-T
FI2010_Benchmark,Kernel_SVM,4,39,2,2,0.042427766643685395,0.12045539602975726,0.8371168373265572,1,0.005114979974842955,HV-T
FI2010_Benchmark,Kernel_SVM,4,40,2,2,0.025362163009899352,0.09133606029309052,0.8833017766970099,1,-0.14490002084876366,HV-T
FI2010_Benchmark,Kernel_SVM,4,41,1,2,0.03705223967064974,0.10189038346623935,0.8610573768631115,1,-0.14490502090116833,HV-T
FI2010_Benchmark,Kernel_SVM,4,42,1,2,0.07048399464936451,0.16604263256141702,0.7634733727892183,1,-0.09489502135296274,HV-M
FI2010_Benchmark,Kernel_SVM,4,43,1,2,0.02398233112267043,0.1015942924997376,0.8744233763775919,1,-0.09489502135296274,HV-M
FI2010_Benchmark,Kernel_SVM,4,44,0,2,0.0651250299684928,0.19879540254887645,0.7360795674826308,1,-0.09489502135296274,HV-M
FI2010_Benchmark,Kernel_SVM,4,45,0,2,0.126127111059175,0.25254693477646756,0.6213259541643575,1,-0.09489501989651497,HV-M
FI2010_Benchmark,Kernel_SVM,4,46,1,2,0.04633250020811185,0.13504827459268934,0.8186192251991988,1,-0.04489501954822988,HV-M
FI2010_Benchmark,Kernel_SVM,4,47,1,2,0.1196163814580296,0.19209625325856963,0.6882873652834008,1,0.05511498127069331,HV-M
FI2010_Benchmark,Kernel_SVM,4,48,1,2,0.03633836830444458,0.14962956243774408,0.8140320692578116,1,-0.04490502046791506,HV-M
FI2010_Benchmark,Kernel_SVM,4,49,1,2,0.15631576984419066,0.27295960295340177,0.5707246272024076,1,0.030104979546960814,HV-M
FI2010_Benchmark,Kernel_SVM,4,50,2,2,0.21735749791971368,0.3318759521212612,0.4507665499590247,1,0.15511497881528744,HV-M
FI2010_Benchmark,Kernel_SVM,4,51,2,2,0.11113881042822005,0.2546597035611984,0.6342014860105816,1,0.18011497881529312,HV-M
FI2010_Benchmark,Kernel_SVM,4,52,2,2,0.12206723872632422,0.2317346636048946,0.6461980976687812,1,0.15511497914203382,HV-M
FI2010_Benchmark,Kernel_SVM,4,53,2,1,0.3555544733674284,0.39323908748743913,0.2512064391451324,0,0.0,HV-M
FI2010_Benchmark,Kernel_SVM,4,54,2,2,0.13777244486711301,0.3224614409096568,0.53976611422323,1,0.1551149793638723,HV-M
FI2010_Benchmark,Kernel_SVM,4,55,2,2,0.0868560868639436,0.4000413837885205,0.5131025293475362,1,0.10510497906449365,HV-M
FI2010_Benchmark,Kernel_SVM,4,56,2,2,0.11790681262145293,0.4337683349125109,0.448324852466036,1,0.10510497939519443,HV-M
FI2010_Benchmark,Kernel_SVM,4,57,2,2,0.16737152249790288,0.28207117407374993,0.5505573034283471,1,0.05509497938702602,HV-M
FI2010_Benchmark,Kernel_SVM,4,58,2,2,0.16851322546817743,0.3325438155174702,0.4989429590143525,1,0.05509497975819258,HV-M
FI2010_Benchmark,Kernel_SVM,4,59,2,2,0.03219203569191165,0.129318833063523,0.8384891312445655,1,0.005089980419397913,HV-M
FI2010_Benchmark,Kernel_SVM,4,60,2,2,0.07105461607706505,0.15717283117717923,0.7717725527457558,1,-0.044925020167225355,HV-M
FI2010_Benchmark,Kernel_SVM,4,61,1,2,0.027646786759115933,0.14518158413023896,0.827171629110645,1,-0.14493002019430792,HV-M
FI2010_Benchmark,Kernel_SVM,4,62,1,2,0.028514042433860992,0.10880410106738796,0.862681856498751,1,-0.14492502043254327,HV-M
FI2010_Benchmark,Kernel_SVM,4,63,0,2,0.05299558756651868,0.31268584834277946,0.634318564090702,1,-0.19492502043255464,HV-M
FI2010_Benchmark,Kernel_SVM,4,64,0,2,0.06794145764479528,0.27760081498621125,0.6544577273689935,1,-0.19492501965749762,HV-M
FI2010_Benchmark,Kernel_SVM,4,65,0,2,0.12379222951178352,0.4008706734716326,0.4753370970165834,1,-0.16992501964354914,HV-M
FI2010_Benchmark,Kernel_SVM,4,66,0,2,0.07202094035764375,0.25097862855507225,0.6770004310872839,1,-0.1949250193796087,HV-M
FI2010_Benchmark,Kernel_SVM,4,67,0,2,0.08566561259129302,0.2813335626354725,0.6330008247732346,1,-0.14492501905935384,HV-M
FI2010_Benchmark,Kernel_SVM,4,68,0,2,0.10503551716490386,0.4335114115949601,0.46145307124013596,1,-0.19492501902607004,HV-M
FI2010_Benchmark,Kernel_SVM,4,69,0,2,0.19452657902078696,0.3935604995460054,0.41191292143320757,1,-0.14492501798659832,HV-T
FI2010_Benchmark,Kernel_SVM,4,70,0,2,0.2722039481874247,0.3111725385359671,0.41662351327660807,1,-0.09492501678880208,HV-T
FI2010_Benchmark,Kernel_SVM,4,71,0,1,0.30808088438145387,0.5249505570443547,0.1669685585741912,0,0.0,HV-T
FI2010_Benchmark,Kernel_SVM,4,72,0,0,0.5899884109387648,0.2987536628630157,0.11125792619821974,-1,-0.0949050173541929,HV-T
FI2010_Benchmark,Kernel_SVM,4,73,1,0,0.6902523701290959,0.24071280426263178,0.06903482560827211,-1,-0.21989501797552877,HV-T
FI2010_Benchmark,Kernel_SVM,4,74,2,0,0.5594735473569771,0.36947352977290554,0.07105292287011739,-1,-0.19489501797552308,HV-T
FI2010_Benchmark,Kernel_SVM,4,75,2,1,0.41250916732939685,0.43477712138515545,0.15271371128544745,0,0.0,HV-T
FI2010_Benchmark,Kernel_SVM,4,76,2,0,0.38752281230534563,0.3321225980736425,0.28035458962101206,-1,-0.14489501827271659,HV-T
FI2010_Benchmark,Kernel_SVM,4,77,2,1,0.30095021842062725,0.41827565134111794,0.2807741302382549,0,0.0,HV-T
FI2010_Benchmark,Kernel_SVM,4,78,2,0,0.5861835933484748,0.23773201259534515,0.17608439405617995,-1,-0.16989501638338542,HV-T
FI2010_Benchmark,Kernel_SVM,4,79,2,1,0.3019772429558559,0.36070619389851144,0.3373165631456327,0,0.0,HV-T
FI2010_Benchmark,Kernel_SVM,4,80,2,2,0.2017865474421325,0.2787176697152689,0.5194957828425986,1,-0.04491501622286628,HV-T
FI2010_Benchmark,Kernel_SVM,4,81,2,2,0.13292795389138504,0.21494671789742475,0.6521253282111901,1,-0.09491501622284923,HV-T
FI2010_Benchmark,Kernel_SVM,4,82,1,2,0.13058718806152933,0.3547927550327428,0.5146200569057277,1,-0.1449150162228606,HV-T
FI2010_Benchmark,Kernel_SVM,4,83,1,2,0.12797023076072653,0.1774558805307066,0.6945738887085667,1,-0.24493001743666554,HV-T
FI2010_Benchmark,Kernel_SVM,4,84,0,2,0.12045486663938022,0.208838573815061,0.6707065595455591,1,-0.19492501767279835,HV-M
FI2010_Benchmark,Kernel_SVM,4,85,0,2,0.23725142738730529,0.22184429199660435,0.5409042806160901,1,-0.16991501790438235,HV-M
FI2010_Benchmark,Kernel_SVM,4,86,0,2,0.27868918159482287,0.3338468191865793,0.3874639992185977,1,-0.14491501790439087,HV-M
FI2010_Benchmark,Kernel_SVM,4,87,0,2,0.14703613577507102,0.2782668806969481,0.5746969835279806,1,-0.2449250179122523,HV-M
FI2010_Benchmark,Kernel_SVM,4,88,0,2,0.2516928192323136,0.21611681093565877,0.532190369832027,1,-0.19492001809235582,HV-M
FI2010_Benchmark,Kernel_SVM,4,89,0,2,0.08656541495605528,0.20281825982155002,0.7106163252223948,1,-0.2449300185087511,HV-M
FI2010_Benchmark,Kernel_SVM,4,90,0,2,0.26100912649770686,0.2271415748040433,0.5118492986982496,1,-0.06991501855078244,HV-M
FI2010_Benchmark,Kernel_SVM,4,91,0,0,0.4850657453706525,0.2907534172493627,0.2241808373799848,-1,-0.04490501887277458,HV-M
FI2010_Benchmark,Kernel_SVM,4,92,0,0,0.6889639352283813,0.22220931295290844,0.08882675181871007,-1,-0.04489501923571509,HV-M
FI2010_Benchmark,Kernel_SVM,4,93,1,0,0.4559365016557704,0.3573612779780578,0.18670222036617148,-1,-0.09489501923572646,HV-M
FI2010_Benchmark,Kernel_SVM,4,94,1,0,0.6726963252155648,0.2175353185782371,0.10976835620619818,-1,-0.14489501923572362,HV-M
FI2010_Benchmark,Kernel_SVM,4,95,1,0,0.6822095588852356,0.23818219183513487,0.07960824927962948,-1,-0.0948900193101733,HV-M
FI2010_Benchmark,Kernel_SVM,4,96,1,1,0.25199798243296434,0.5767676394474907,0.17123437811954514,0,0.0,HV-M
FI2010_Benchmark,Kernel_SVM,4,97,1,0,0.5174872000318705,0.28236609326547246,0.2001467067026567,-1,-0.11988501992297151,HV-M
FI2010_Benchmark,Kernel_SVM,4,98,1,1,0.20712599830528908,0.6224441174321976,0.17042988426251313,0,0.0,HV-M
FI2010_Benchmark,Kernel_SVM,4,99,1,0,0.64510560270079,0.2560497575992604,0.09884463969994965,-1,-0.044895020589296626,HV-M
FI2010_Benchmark,Kernel_SVM,4,100,1,2,0.17288960856995564,0.3002862398154402,0.5268241516146042,1,-0.0699100218623836,HV-M
FI2010_Benchmark,Kernel_SVM,4,101,1,2,0.30373312085683707,0.30523445661700577,0.39103242252615705,1,0.005094978494340943,HV-M
FI2010_Benchmark,Kernel_SVM,4,102,1,2,0.2747634679635874,0.29050046308706784,0.43473606894934486,1,0.10510497850468167,HV-M
FI2010_Benchmark,Kernel_SVM,4,103,2,2,0.10043662637153734,0.3668437087291565,0.532719664899306,1,0.005094978493711495,HV-M
FI2010_Benchmark,Kernel_SVM,4,104,2,2,0.23689598869404963,0.1834893578124929,0.5796146534934575,1,0.08009497849372854,HV-M
FI2010_Benchmark,Kernel_SVM,4,105,2,0,0.552809708071883,0.2811499213084961,0.16604037061962076,-1,-0.19489502188030464,HV-M
FI2010_Benchmark,Kernel_SVM,4,106,2,0,0.3570477934038024,0.3010702006016953,0.3418820059945023,-1,-0.21990002188568064,HV-M
FI2010_Benchmark,Kernel_SVM,4,107,2,2,0.34632573152668017,0.2292950593378021,0.42437920913551774,1,0.055099978612429976,HV-M
FI2010_Benchmark,Kernel_SVM,4,108,2,0,0.3888209236436828,0.26184520094199765,0.34933387541431943,-1,-0.1698950210054555,HV-M
FI2010_Benchmark,Kernel_SVM,4,109,2,0,0.5244754539858658,0.2456453877434951,0.2298791582706392,-1,-0.1948950204686754,HV-T
FI2010_Benchmark,Kernel_SVM,4,110,2,2,0.3103750331682749,0.24161218410132682,0.4480127827303983,1,0.005089978854397645,HV-T
FI2010_Benchmark,Kernel_SVM,4,111,2,2,0.1130234114967209,0.19324982055813839,0.6937267679451405,1,0.05508497871792179,HV-T
FI2010_Benchmark,Kernel_SVM,4,112,2,2,0.1302408320912352,0.18935452594910396,0.6804046419596604,1,0.005074978223179746,HV-T
FI2010_Benchmark,Kernel_SVM,4,113,2,2,0.18252745064187353,0.2570719816133115,0.560400567744815,1,0.055084978883339006,HV-T
FI2010_Benchmark,Kernel_SVM,4,114,2,2,0.17707019251100997,0.3298568570696253,0.4930729504193646,1,-0.04493002216271766,HV-T
FI2010_Benchmark,Kernel_SVM,4,115,2,2,0.1532732040035737,0.3081123605166802,0.5386144354797461,1,0.005074978223193957,HV-T
FI2010_Benchmark,Kernel_SVM,4,116,2,2,0.08547795447068769,0.2335229866113317,0.6809990589179805,1,0.0050699781149299294,HV-T
FI2010_Benchmark,Kernel_SVM,4,117,2,2,0.12502725973287582,0.2804288172833522,0.5945439229837721,1,0.055074978455708315,HV-T
FI2010_Benchmark,Kernel_SVM,4,118,2,2,0.1764838546288851,0.2735591776141357,0.549956967756979,1,0.030079978461130294,HV-T
FI2010_Benchmark,Kernel_SVM,4,119,2,2,0.12478508174003247,0.28296440883911994,0.5922505094208476,1,0.05507497883850709,LV-T
FI2010_Benchmark,Kernel_SVM,4,120,2,2,0.17564812367312324,0.2600675762158817,0.5642843001109952,1,0.05507498003022089,LV-T
FI2010_Benchmark,Kernel_SVM,4,121,2,2,0.0789593327648355,0.21960269845829136,0.7014379687768733,1,0.005064980165640963,LV-M
FI2010_Benchmark,Kernel_SVM,4,122,2,2,0.18394941217410987,0.37672445065728744,0.4393261371686026,1,-0.044935019150386765,LV-M
FI2010_Benchmark,Kernel_SVM,4,123,2,2,0.04432385011759441,0.18452194529501853,0.7711542045873873,1,0.05506498084961466,LV-M
FI2010_Benchmark,Kernel_SVM,4,124,2,2,0.0745625886627642,0.2661556820530949,0.6592817292841409,1,-0.044935019150386765,LV-M
FI2010_Benchmark,Kernel_SVM,4,125,2,2,0.08465567134933687,0.3338983369353083,0.5814459917153546,1,0.005064981072180619,LV-M
FI2010_Benchmark,Kernel_SVM,4,126,2,2,0.07362910262763664,0.3413661947436143,0.5850047026287493,1,-0.044945019270765225,LV-M
FI2010_Benchmark,Kernel_SVM,4,127,1,1,0.08854725374846444,0.5583461614780993,0.35310658477343626,0,0.0,LV-M
FI2010_Benchmark,Kernel_SVM,4,128,1,2,0.07418570566722896,0.2895661179913634,0.6362481763414076,1,-0.04494001834837727,LV-M
FI2010_Benchmark,Kernel_SVM,4,129,1,1,0.10666890846098157,0.5141364473388135,0.3791946442002047,0,0.0,LV-M
FI2010_Benchmark,Kernel_SVM,4,130,1,2,0.054718686849412855,0.2326295862859143,0.712651726864673,1,-0.09494501729931995,LV-M
FI2010_Benchmark,Kernel_SVM,4,131,1,2,0.062455386021991785,0.3306439766669808,0.6069006373110271,1,-0.14494501706328464,LV-M
FI2010_Benchmark,Kernel_SVM,4,132,1,2,0.07187081396437041,0.2553829932630642,0.6727461927725653,1,-0.1449450162181054,LV-M
FI2010_Benchmark,Kernel_SVM,4,133,0,2,0.09170109131604483,0.42312375273734437,0.48517515594661076,1,-0.14495501622344883,LV-T
FI2010_Benchmark,Kernel_SVM,4,134,0,1,0.1893603476978514,0.45876854646099113,0.3518711058411575,0,0.0,LV-T
FI2010_Benchmark,Kernel_SVM,4,135,0,1,0.1671844053482721,0.4329470585059763,0.3998685361457515,0,0.0,LV-T
FI2010_Benchmark,Kernel_SVM,4,136,0,2,0.16412591441267252,0.25597320812827595,0.5799008774590516,1,-0.11994501614999448,LV-T
FI2010_Benchmark,Kernel_SVM,4,137,0,2,0.13109137983160016,0.3176908657639101,0.55121775440449,1,-0.04493501696598327,LV-T
FI2010_Benchmark,Kernel_SVM,4,138,1,2,0.07803352011516908,0.32232748097879016,0.599638998906041,1,-0.09494501717861438,LV-T
FI2010_Benchmark,Kernel_SVM,4,139,1,2,0.10124241660089618,0.3419227829326814,0.5568348004664229,1,-0.09494001742871445,LV-T
FI2010_Benchmark,Kernel_SVM,4,140,1,2,0.24412975125825295,0.3183760311926099,0.43749421754913714,1,-0.09493501644375393,LV-T
FI2010_Benchmark,Kernel_SVM,4,141,1,1,0.2627683732783652,0.4634447745021923,0.2737868522194425,0,0.0,LV-T
FI2010_Benchmark,Kernel_SVM,4,142,1,0,0.6060277214079891,0.33032867991096737,0.06364359868104363,-1,-0.06992501640698379,LV-T
FI2010_Benchmark,Kernel_SVM,4,143,1,1,0.29628486757587186,0.6015997145204383,0.10211541790369011,0,0.0,LV-T
FI2010_Benchmark,Kernel_SVM,4,144,1,1,0.338973844904316,0.5190167896284812,0.1420093654672024,0,0.0,LV-T
FI2010_Benchmark,Kernel_SVM,4,145,1,2,0.3475913883143253,0.2772008474272345,0.37520776425843994,1,-0.0449350146545952,LV-T
FI2010_Benchmark,Kernel_SVM,4,146,1,0,0.4472039807365535,0.31155368896512353,0.24124233029832284,-1,-0.14493001467534886,LV-T
FI2010_Benchmark,Kernel_SVM,4,147,1,1,0.27510185577271723,0.4865032218815352,0.23839492234574713,0,0.0,LV-T
FI2010_Benchmark,Kernel_SVM,4,148,1,0,0.49662253316876653,0.34824177895561165,0.15513568787562196,-1,-0.044935014438071165,LV-T
FI2010_Benchmark,Kernel_SVM,4,149,1,1,0.367611753348289,0.3917255040904331,0.24066274256127787,0,0.0,LV-T
FI2010_Benchmark,Kernel_SVM,4,150,1,0,0.5408445321982184,0.2705984089721449,0.1885570588296368,-1,-0.1449250150336145,LV-T
FI2010_Benchmark,Kernel_SVM,4,151,2,1,0.25980798176652775,0.5017243312668922,0.23846768696658022,0,0.0,LV-T
FI2010_Benchmark,Kernel_SVM,4,152,2,1,0.36112163497529814,0.4394803740768833,0.19939799094781843,0,0.0,LV-M
FI2010_Benchmark,Kernel_SVM,4,153,2,0,0.5606821665771591,0.3629280514117083,0.0763897820111327,-1,-0.1699250153643556,LV-M
FI2010_Benchmark,Kernel_SVM,4,154,2,1,0.1970445527766732,0.4285660744100541,0.3743893728132728,0,0.0,LV-T
FI2010_Benchmark,Kernel_SVM,4,155,2,2,0.28708358072319995,0.21981037152234204,0.4931060477544583,1,0.005064983919300027,LV-T
FI2010_Benchmark,Kernel_SVM,4,156,2,2,0.3379179255005866,0.28082268450017545,0.3812593899992378,1,-0.06994501608874096,LV-T
FI2010_Benchmark,Kernel_SVM,4,157,2,2,0.28810673556032584,0.2650957243566738,0.44679754008300016,1,0.005059983754205466,LV-T
FI2010_Benchmark,Kernel_SVM,4,158,2,0,0.46468549041623775,0.3770619748868559,0.15825253469690623,-1,-0.24493501624179412,LV-T
FI2010_Benchmark,Kernel_SVM,4,159,2,1,0.33777555266196163,0.4849838206633953,0.17724062667464321,0,0.0,LV-T
FI2010_Benchmark,Kernel_SVM,4,160,2,2,0.14374884345448863,0.32028300864408765,0.5359681479014234,1,0.10505498325422388,LV-T
FI2010_Benchmark,Kernel_SVM,4,161,2,1,0.13240672413099755,0.5205071756198921,0.34708610024911,0,0.0,LV-T
FI2010_Benchmark,Kernel_SVM,4,162,2,2,0.12551840583494586,0.2951437143511911,0.5793378798138631,1,-0.04496501822294013,LV-T
FI2010_Benchmark,Kernel_SVM,4,163,2,2,0.18237204458100795,0.24003090565237328,0.577597049766619,1,0.055049980996330294,LV-T
FI2010_Benchmark,Kernel_SVM,4,164,2,2,0.06318074684458189,0.3300062310618618,0.6068130220935561,1,0.030044981436272024,LV-T
FI2010_Benchmark,Kernel_SVM,4,165,2,2,0.15589858718114774,0.41989372704203437,0.4242076857768176,1,0.10505498085528858,LV-T
FI2010_Benchmark,Kernel_SVM,4,166,2,1,0.29725021079184893,0.44249987789029116,0.26024991131785985,0,0.0,LV-T
FI2010_Benchmark,Kernel_SVM,4,167,2,1,0.1471446688832241,0.5299552676018792,0.32290006351489664,0,0.0,LV-T
FI2010_Benchmark,Kernel_SVM,4,168,2,2,0.0316330624658979,0.2115939753287138,0.7567729622053884,1,-0.09497502140833154,LV-M
FI2010_Benchmark,Kernel_SVM,4,169,2,1,0.05837806354131177,0.529655081235628,0.4119668552230604,0,0.0,LV-M
FI2010_Benchmark,Kernel_SVM,4,170,2,2,0.0639009289522994,0.2607255258164247,0.6753735452312755,1,-0.019975022035833463,LV-M
FI2010_Benchmark,Kernel_SVM,4,171,1,2,0.05944676350493796,0.39295870644737996,0.547594530047682,1,0.005024977964172221,LV-M
FI2010_Benchmark,Kernel_SVM,4,172,1,1,0.2354314383434898,0.4818015178617754,0.2827670437947348,0,0.0,LV-M
FI2010_Benchmark,Kernel_SVM,4,173,1,1,0.08662993600253711,0.7147392964940359,0.19863076750342704,0,0.0,LV-M
FI2010_Benchmark,Kernel_SVM,4,174,1,1,0.15247804896795059,0.602869509745141,0.24465244128690827,0,0.0,LV-M
FI2010_Benchmark,Kernel_SVM,4,175,1,2,0.0698535641415489,0.3809745392219245,0.549171896636527,1,-0.09497502227517199,LV-M
FI2010_Benchmark,Kernel_SVM,4,176,1,2,0.085840489217452,0.3633399226139023,0.5508195881686456,1,-0.06997502208408196,LV-M
FI2010_Benchmark,Kernel_SVM,4,177,1,2,0.17610252869857385,0.40776329895926966,0.41613417234215644,1,0.005034977384897679,LV-M
FI2010_Benchmark,Kernel_SVM,4,178,1,1,0.28558816954091465,0.5780307872392554,0.1363810432198295,0,0.0,LV-M
FI2010_Benchmark,Kernel_SVM,4,179,1,2,0.1745470170068543,0.39784338110972994,0.4276096018834155,1,-0.04497502298877566,LV-M
FI2010_Benchmark,Kernel_SVM,4,180,1,1,0.0859329278120219,0.4907947710396572,0.42327230114832093,0,0.0,LV-M
FI2010_Benchmark,Kernel_SVM,4,181,1,1,0.06877475118872467,0.6077449378051979,0.3234803110060775,0,0.0,LV-M
FI2010_Benchmark,Kernel_SVM,4,182,1,1,0.23113534146398093,0.5713668494618376,0.19749780907418157,0,0.0,LV-M
FI2010_Benchmark,Kernel_SVM,4,183,1,1,0.10765463995316306,0.6368849359410833,0.2554604241057537,0,0.0,LV-M
FI2010_Benchmark,Kernel_SVM,4,184,1,1,0.11196304482393594,0.6958044092768156,0.19223254589924849,0,0.0,LV-M
FI2010_Benchmark,Kernel_SVM,4,185,2,1,0.2275178624234613,0.6083305782811406,0.16415155929539815,0,0.0,LV-M
FI2010_Benchmark,Kernel_SVM,4,186,2,1,0.1774641409163623,0.6254109168056073,0.19712494227803046,0,0.0,LV-M
FI2010_Benchmark,Kernel_SVM,4,187,2,1,0.13428054828743188,0.5206117781663597,0.34510767354620825,0,0.0,LV-M
FI2010_Benchmark,Kernel_SVM,4,188,2,1,0.2224884139722276,0.5546240801562861,0.22288750587148645,0,0.0,LV-M
FI2010_Benchmark,Kernel_SVM,4,189,2,1,0.2604470597494022,0.3915336652952898,0.34801927495530816,0,0.0,LV-M
FI2010_Benchmark,Kernel_SVM,4,190,2,1,0.2561241560433607,0.4744418349004994,0.2694340090561398,0,0.0,LV-M
FI2010_Benchmark,Kernel_SVM,4,191,2,1,0.10263219560306014,0.4776824349803584,0.4196853694165816,0,0.0,LV-M
FI2010_Benchmark,Kernel_SVM,4,192,2,1,0.12465178782779354,0.4507503520155635,0.42459786015664314,0,0.0,LV-M
FI2010_Benchmark,Kernel_SVM,4,193,2,1,0.10662444450436973,0.6718939095546288,0.22148164594100148,0,0.0,LV-M
FI2010_Benchmark,Kernel_SVM,4,194,2,1,0.25622910209091354,0.5195500774418251,0.22422082046726127,0,0.0,LV-M
FI2010_Benchmark,Kernel_SVM,4,195,2,2,0.16475148268190454,0.37094400404553785,0.46430451327255734,0,0.0,LV-M
FI2010_Benchmark,DeepLOB_Spatial_CNN,4,0,1,2,0.06932291388511658,0.05600104480981827,0.874675989151001,1,-0.09486504966248152,HV-T
FI2010_Benchmark,DeepLOB_Spatial_CNN,4,1,1,2,0.08648403733968735,0.057957302778959274,0.8555586338043213,1,-0.09486000883659867,HV-T
FI2010_Benchmark,DeepLOB_Spatial_CNN,4,2,1,2,0.12954318523406982,0.06802289932966232,0.8024339079856873,1,-0.06985500721415785,HV-T
FI2010_Benchmark,DeepLOB_Spatial_CNN,4,3,1,2,0.14437192678451538,0.07362541556358337,0.7820026278495789,1,-0.0698550072141578,HV-T
FI2010_Benchmark,DeepLOB_Spatial_CNN,4,4,1,2,0.15206320583820343,0.07976057380437851,0.7681761980056763,1,-0.06985500684395121,HV-T
FI2010_Benchmark,DeepLOB_Spatial_CNN,4,5,1,2,0.15257340669631958,0.08119253069162369,0.7662340402603149,1,-0.14485500645252794,HV-T
FI2010_Benchmark,DeepLOB_Spatial_CNN,4,6,0,2,0.11233171820640564,0.07209071516990662,0.815577507019043,1,-0.14486501250471462,HV-T
FI2010_Benchmark,DeepLOB_Spatial_CNN,4,7,0,2,0.08352676779031754,0.0718703493475914,0.8446029424667358,1,-0.26987501457257634,HV-M
FI2010_Benchmark,DeepLOB_Spatial_CNN,4,8,0,2,0.09409721940755844,0.0684368833899498,0.8374659419059753,1,-0.24487001458916646,LV-M
FI2010_Benchmark,DeepLOB_Spatial_CNN,4,9,0,2,0.12275015562772751,0.07944581657648087,0.797804057598114,1,-0.2448600160805027,LV-M
FI2010_Benchmark,DeepLOB_Spatial_CNN,4,10,0,2,0.15991191565990448,0.09486866742372513,0.7452194094657898,1,-0.19485501562409918,LV-M
FI2010_Benchmark,DeepLOB_Spatial_CNN,4,11,0,2,0.2110184282064438,0.09272882342338562,0.6962527632713318,1,-0.1948550149113982,LV-M
FI2010_Benchmark,DeepLOB_Spatial_CNN,4,12,0,2,0.27726268768310547,0.10109613835811615,0.621641218662262,1,-0.1448500145624228,LV-T
FI2010_Benchmark,DeepLOB_Spatial_CNN,4,13,0,2,0.3424416780471802,0.09350201487541199,0.5640562772750854,1,-0.14485001401231512,HV-T
FI2010_Benchmark,DeepLOB_Spatial_CNN,4,14,0,2,0.32931092381477356,0.10171426087617874,0.5689747929573059,1,-0.16985001352025803,HV-T
FI2010_Benchmark,DeepLOB_Spatial_CNN,4,15,0,2,0.33420851826667786,0.11948753893375397,0.546303927898407,1,-0.04483501571025281,HV-T
FI2010_Benchmark,DeepLOB_Spatial_CNN,4,16,0,2,0.24804159998893738,0.1419273167848587,0.6100311279296875,1,-0.04484501683729827,HV-T
FI2010_Benchmark,DeepLOB_Spatial_CNN,4,17,1,2,0.23952512443065643,0.1734292060136795,0.5870456695556641,1,0.055169981760422176,HV-M
FI2010_Benchmark,DeepLOB_Spatial_CNN,4,18,1,2,0.226837158203125,0.18934760987758636,0.5838151574134827,1,0.1051649818281405,HV-M
FI2010_Benchmark,DeepLOB_Spatial_CNN,4,19,2,2,0.183328315615654,0.1829318106174469,0.6337398886680603,1,0.055174981705949325,HV-M
FI2010_Benchmark,DeepLOB_Spatial_CNN,4,20,2,2,0.17534182965755463,0.1554868519306183,0.6691713333129883,1,0.15517498213591396,HV-M
FI2010_Benchmark,DeepLOB_Spatial_CNN,4,21,2,2,0.13194066286087036,0.12409628927707672,0.7439630627632141,1,0.15517498253700068,HV-M
FI2010_Benchmark,DeepLOB_Spatial_CNN,4,22,2,2,0.08848625421524048,0.09010568261146545,0.8214080333709717,1,0.10516498185170205,HV-T
FI2010_Benchmark,DeepLOB_Spatial_CNN,4,23,2,2,0.058510035276412964,0.06354843825101852,0.8779414892196655,1,0.055164982238191426,HV-T
FI2010_Benchmark,DeepLOB_Spatial_CNN,4,24,2,2,0.04394735395908356,0.0474020354449749,0.9086506366729736,1,0.055169982515661145,HV-T
FI2010_Benchmark,DeepLOB_Spatial_CNN,4,25,2,2,0.03426429256796837,0.0361517034471035,0.9295840263366699,1,0.0801649825797284,HV-T
FI2010_Benchmark,DeepLOB_Spatial_CNN,4,26,2,2,0.026466770097613335,0.02715623751282692,0.9463769793510437,1,0.005154982086206322,HV-T
FI2010_Benchmark,DeepLOB_Spatial_CNN,4,27,2,2,0.020558780059218407,0.02377432957291603,0.9556668996810913,1,0.00514498169426042,HV-T
FI2010_Benchmark,DeepLOB_Spatial_CNN,4,28,2,2,0.015245800837874413,0.018334725871682167,0.9664194583892822,1,-0.019865018616999734,HV-T
FI2010_Benchmark,DeepLOB_Spatial_CNN,4,29,2,2,0.0207012090831995,0.01857549324631691,0.9607232809066772,1,0.10514498115531007,HV-T
FI2010_Benchmark,DeepLOB_Spatial_CNN,4,30,2,2,0.021734965965151787,0.019702181220054626,0.9585628509521484,1,0.1301349805637934,HV-T
FI2010_Benchmark,DeepLOB_Spatial_CNN,4,31,2,2,0.026791490614414215,0.022326737642288208,0.9508817791938782,1,0.1551349807076385,HV-T
FI2010_Benchmark,DeepLOB_Spatial_CNN,4,32,2,2,0.034667909145355225,0.02588537707924843,0.9394466876983643,1,0.1051349808620047,HV-T
FI2010_Benchmark,DeepLOB_Spatial_CNN,4,33,2,2,0.04578566923737526,0.03590666502714157,0.9183076620101929,1,0.1051349808620047,HV-T
FI2010_Benchmark,DeepLOB_Spatial_CNN,4,34,2,2,0.06957826018333435,0.05363985896110535,0.8767818808555603,1,0.15514498029850052,HV-T
FI2010_Benchmark,DeepLOB_Spatial_CNN,4,35,2,2,0.0799764022231102,0.07354032248258591,0.8464832901954651,1,0.10513998016185737,HV-T
FI2010_Benchmark,DeepLOB_Spatial_CNN,4,36,2,2,0.1062103882431984,0.11460990458726883,0.7791796922683716,1,0.1551449805923003,HV-T
FI2010_Benchmark,DeepLOB_Spatial_CNN,4,37,2,2,0.10529902577400208,0.13998214900493622,0.7547188401222229,1,0.055134980581982025,HV-T
FI2010_Benchmark,DeepLOB_Spatial_CNN,4,38,2,2,0.0967821329832077,0.16009818017482758,0.7431197166442871,1,0.1051299805586165,HV-T
FI2010_Benchmark,DeepLOB_Spatial_CNN,4,39,2,2,0.07687007635831833,0.15036723017692566,0.7727627158164978,1,0.005114979974842955,HV-T
FI2010_Benchmark,DeepLOB_Spatial_CNN,4,40,2,2,0.052927806973457336,0.12854161858558655,0.8185305595397949,1,-0.14490002084876366,HV-T
FI2010_Benchmark,DeepLOB_Spatial_CNN,4,41,1,2,0.04019351676106453,0.11017266660928726,0.8496338129043579,1,-0.14490502090116833,HV-T
FI2010_Benchmark,DeepLOB_Spatial_CNN,4,42,1,2,0.05477070435881615,0.1178884208202362,0.8273409008979797,1,-0.09489502135296274,HV-M
FI2010_Benchmark,DeepLOB_Spatial_CNN,4,43,1,2,0.06593684107065201,0.11774811148643494,0.8163149952888489,1,-0.09489502135296274,HV-M
FI2010_Benchmark,DeepLOB_Spatial_CNN,4,44,0,2,0.06373178213834763,0.11606110632419586,0.8202070593833923,1,-0.09489502135296274,HV-M
FI2010_Benchmark,DeepLOB_Spatial_CNN,4,45,0,2,0.06182460859417915,0.10881621390581131,0.8293591737747192,1,-0.09489501989651497,HV-M
FI2010_Benchmark,DeepLOB_Spatial_CNN,4,46,1,2,0.05603482201695442,0.1061892881989479,0.8377758860588074,1,-0.04489501954822988,HV-M
FI2010_Benchmark,DeepLOB_Spatial_CNN,4,47,1,2,0.0689491480588913,0.13783837854862213,0.7932124733924866,1,0.05511498127069331,HV-M
FI2010_Benchmark,DeepLOB_Spatial_CNN,4,48,1,2,0.06339369714260101,0.16901469230651855,0.7675915956497192,1,-0.04490502046791506,HV-M
FI2010_Benchmark,DeepLOB_Spatial_CNN,4,49,1,2,0.08073024451732635,0.26734742522239685,0.651922345161438,1,0.030104979546960814,HV-M
FI2010_Benchmark,DeepLOB_Spatial_CNN,4,50,2,2,0.12584629654884338,0.37295299768447876,0.5012006759643555,1,0.15511497881528744,HV-M
FI2010_Benchmark,DeepLOB_Spatial_CNN,4,51,2,1,0.1548534631729126,0.42628487944602966,0.4188615679740906,0,0.0,HV-M
FI2010_Benchmark,DeepLOB_Spatial_CNN,4,52,2,1,0.18082833290100098,0.4384188950061798,0.3807528018951416,0,0.0,HV-M
FI2010_Benchmark,DeepLOB_Spatial_CNN,4,53,2,1,0.19703687727451324,0.4476773142814636,0.3552858829498291,0,0.0,HV-M
FI2010_Benchmark,DeepLOB_Spatial_CNN,4,54,2,1,0.19937428832054138,0.4448094964027405,0.3558162748813629,0,0.0,HV-M
FI2010_Benchmark,DeepLOB_Spatial_CNN,4,55,2,1,0.17593611776828766,0.42196473479270935,0.4020991623401642,0,0.0,HV-M
FI2010_Benchmark,DeepLOB_Spatial_CNN,4,56,2,2,0.1400967389345169,0.3990473747253418,0.4608559012413025,1,0.10510497939519443,HV-M
FI2010_Benchmark,DeepLOB_Spatial_CNN,4,57,2,2,0.12269141525030136,0.35661715269088745,0.5206913948059082,1,0.05509497938702602,HV-M
FI2010_Benchmark,DeepLOB_Spatial_CNN,4,58,2,2,0.13610629737377167,0.28726640343666077,0.5766273140907288,1,0.05509497975819258,HV-M
FI2010_Benchmark,DeepLOB_Spatial_CNN,4,59,2,2,0.1359311193227768,0.20216673612594604,0.661902129650116,1,0.005089980419397913,HV-M
FI2010_Benchmark,DeepLOB_Spatial_CNN,4,60,2,2,0.11974473297595978,0.16974055767059326,0.7105147242546082,1,-0.044925020167225355,HV-M
FI2010_Benchmark,DeepLOB_Spatial_CNN,4,61,1,2,0.09390127658843994,0.11982068419456482,0.7862780690193176,1,-0.14493002019430792,HV-M
FI2010_Benchmark,DeepLOB_Spatial_CNN,4,62,1,2,0.09578189253807068,0.10752622038125992,0.79669189453125,1,-0.14492502043254327,HV-M
FI2010_Benchmark,DeepLOB_Spatial_CNN,4,63,0,2,0.09205149114131927,0.11538063734769821,0.7925678491592407,1,-0.19492502043255464,HV-M
FI2010_Benchmark,DeepLOB_Spatial_CNN,4,64,0,2,0.10555978864431381,0.1271820068359375,0.7672582864761353,1,-0.19492501965749762,HV-M
FI2010_Benchmark,DeepLOB_Spatial_CNN,4,65,0,2,0.12319022417068481,0.16570834815502167,0.7111014723777771,1,-0.16992501964354914,HV-M
FI2010_Benchmark,DeepLOB_Spatial_CNN,4,66,0,2,0.14536388218402863,0.22415195405483246,0.6304841637611389,1,-0.1949250193796087,HV-M
FI2010_Benchmark,DeepLOB_Spatial_CNN,4,67,0,2,0.15090760588645935,0.30727311968803406,0.5418193340301514,1,-0.14492501905935384,HV-M
FI2010_Benchmark,DeepLOB_Spatial_CNN,4,68,0,2,0.15982437133789062,0.40029799938201904,0.43987762928009033,1,-0.19492501902607004,HV-M
FI2010_Benchmark,DeepLOB_Spatial_CNN,4,69,0,1,0.1553843766450882,0.5045374631881714,0.3400782346725464,0,0.0,HV-T
FI2010_Benchmark,DeepLOB_Spatial_CNN,4,70,0,1,0.17978300154209137,0.5354172587394714,0.2847997844219208,0,0.0,HV-T
FI2010_Benchmark,DeepLOB_Spatial_CNN,4,71,0,1,0.24137277901172638,0.5580757260322571,0.20055146515369415,0,0.0,HV-T
FI2010_Benchmark,DeepLOB_Spatial_CNN,4,72,0,1,0.3301883339881897,0.5276275277137756,0.14218410849571228,0,0.0,HV-T
FI2010_Benchmark,DeepLOB_Spatial_CNN,4,73,1,1,0.433993399143219,0.4710482358932495,0.09495838731527328,0,0.0,HV-T
FI2010_Benchmark,DeepLOB_Spatial_CNN,4,74,2,0,0.5106654167175293,0.41515710949897766,0.07417748123407364,-1,-0.19489501797552308,HV-T
FI2010_Benchmark,DeepLOB_Spatial_CNN,4,75,2,0,0.4940088391304016,0.43200230598449707,0.07398883253335953,-1,-0.1449000181242776,HV-T
FI2010_Benchmark,DeepLOB_Spatial_CNN,4,76,2,0,0.4615670442581177,0.45464128255844116,0.08379171043634415,-1,-0.14489501827271659,HV-T
FI2010_Benchmark,DeepLOB_Spatial_CNN,4,77,2,1,0.42185527086257935,0.4697170853614807,0.10842766612768173,0,0.0,HV-T
FI2010_Benchmark,DeepLOB_Spatial_CNN,4,78,2,1,0.43497660756111145,0.4434985816478729,0.12152483314275742,0,0.0,HV-T
FI2010_Benchmark,DeepLOB_Spatial_CNN,4,79,2,0,0.42048943042755127,0.41683629155158997,0.16267427802085876,-1,-0.1699050163920061,HV-T
FI2010_Benchmark,DeepLOB_Spatial_CNN,4,80,2,0,0.3809646666049957,0.37491273880004883,0.24412263929843903,-1,-0.04491501622286628,HV-T
FI2010_Benchmark,DeepLOB_Spatial_CNN,4,81,2,0,0.37560418248176575,0.3014877438545227,0.32290807366371155,-1,0.005084983777116664,HV-T
FI2010_Benchmark,DeepLOB_Spatial_CNN,4,82,1,2,0.3452965319156647,0.24246655404567719,0.41223686933517456,1,-0.1449150162228606,HV-T
FI2010_Benchmark,DeepLOB_Spatial_CNN,4,83,1,2,0.2858155071735382,0.18931134045124054,0.5248730778694153,1,-0.24493001743666554,HV-T
FI2010_Benchmark,DeepLOB_Spatial_CNN,4,84,0,2,0.26813003420829773,0.15872874855995178,0.5731412172317505,1,-0.19492501767279835,HV-M
FI2010_Benchmark,DeepLOB_Spatial_CNN,4,85,0,2,0.3003266453742981,0.15028563141822815,0.5493877530097961,1,-0.16991501790438235,HV-M
FI2010_Benchmark,DeepLOB_Spatial_CNN,4,86,0,2,0.3352155387401581,0.16450135409832,0.5002831220626831,1,-0.14491501790439087,HV-M
FI2010_Benchmark,DeepLOB_Spatial_CNN,4,87,0,2,0.2629516124725342,0.17047816514968872,0.5665702223777771,1,-0.2449250179122523,HV-M
FI2010_Benchmark,DeepLOB_Spatial_CNN,4,88,0,2,0.23253317177295685,0.18617281317710876,0.5812940001487732,1,-0.19492001809235582,HV-M
FI2010_Benchmark,DeepLOB_Spatial_CNN,4,89,0,2,0.16539216041564941,0.19565990567207336,0.6389479041099548,1,-0.2449300185087511,HV-M
FI2010_Benchmark,DeepLOB_Spatial_CNN,4,90,0,2,0.1912468522787094,0.20307967066764832,0.6056734919548035,1,-0.06991501855078244,HV-M
FI2010_Benchmark,DeepLOB_Spatial_CNN,4,91,0,2,0.24569837749004364,0.26203346252441406,0.4922681748867035,1,-0.04490501887277458,HV-M
FI2010_Benchmark,DeepLOB_Spatial_CNN,4,92,0,2,0.3359449803829193,0.28998133540153503,0.37407365441322327,1,-0.04489501923571509,HV-M
FI2010_Benchmark,DeepLOB_Spatial_CNN,4,93,1,0,0.42680537700653076,0.2885687053203583,0.2846258580684662,-1,-0.09489501923572646,HV-M
FI2010_Benchmark,DeepLOB_Spatial_CNN,4,94,1,0,0.4505578577518463,0.292846143245697,0.25659602880477905,-1,-0.14489501923572362,HV-M
FI2010_Benchmark,DeepLOB_Spatial_CNN,4,95,1,0,0.4545805752277374,0.2940087616443634,0.25141072273254395,-1,-0.0948900193101733,HV-M
FI2010_Benchmark,DeepLOB_Spatial_CNN,4,96,1,0,0.4518442153930664,0.29839619994163513,0.24975955486297607,-1,-0.06989501951389424,HV-M
FI2010_Benchmark,DeepLOB_Spatial_CNN,4,97,1,0,0.5050527453422546,0.2762463092803955,0.21870094537734985,-1,-0.11988501992297151,HV-M
FI2010_Benchmark,DeepLOB_Spatial_CNN,4,98,1,0,0.4559781849384308,0.29285404086112976,0.25116777420043945,-1,-0.044895020589296626,HV-M
FI2010_Benchmark,DeepLOB_Spatial_CNN,4,99,1,0,0.4653414487838745,0.28003814816474915,0.25462037324905396,-1,-0.044895020589296626,HV-M
FI2010_Benchmark,DeepLOB_Spatial_CNN,4,100,1,0,0.43192434310913086,0.23024563491344452,0.3378300368785858,-1,-0.0699100218623836,HV-M
FI2010_Benchmark,DeepLOB_Spatial_CNN,4,101,1,2,0.3873114287853241,0.20667390525341034,0.406014621257782,1,0.005094978494340943,HV-M
FI2010_Benchmark,DeepLOB_Spatial_CNN,4,102,1,2,0.4101962447166443,0.16274632513523102,0.4270574450492859,1,0.10510497850468167,HV-M
FI2010_Benchmark,DeepLOB_Spatial_CNN,4,103,2,2,0.3405296504497528,0.14096498489379883,0.5185052752494812,1,0.005094978493711495,HV-M
FI2010_Benchmark,DeepLOB_Spatial_CNN,4,104,2,2,0.28166911005973816,0.11735597997903824,0.6009749174118042,1,0.08009497849372854,HV-M
FI2010_Benchmark,DeepLOB_Spatial_CNN,4,105,2,2,0.3418917953968048,0.12853680551052094,0.5295714139938354,1,0.10510497811970673,HV-M
FI2010_Benchmark,DeepLOB_Spatial_CNN,4,106,2,2,0.3571196496486664,0.12530972063541412,0.5175706744194031,1,0.08009997811433071,HV-M
FI2010_Benchmark,DeepLOB_Spatial_CNN,4,107,2,2,0.3706974387168884,0.13658256828784943,0.4927200376987457,1,0.055099978612429976,HV-M
FI2010_Benchmark,DeepLOB_Spatial_CNN,4,108,2,2,0.3839932680130005,0.1643548458814621,0.4516518712043762,1,0.0801049789945445,HV-M
FI2010_Benchmark,DeepLOB_Spatial_CNN,4,109,2,0,0.42435431480407715,0.17949369549751282,0.39615195989608765,-1,-0.1948950204686754,HV-T
FI2010_Benchmark,DeepLOB_Spatial_CNN,4,110,2,2,0.39809465408325195,0.20284688472747803,0.39905846118927,1,0.005089978854397645,HV-T
FI2010_Benchmark,DeepLOB_Spatial_CNN,4,111,2,2,0.31634896993637085,0.2039370983839035,0.47971394658088684,1,0.05508497871792179,HV-T
FI2010_Benchmark,DeepLOB_Spatial_CNN,4,112,2,2,0.2330559939146042,0.20539753139019012,0.5615464448928833,1,0.005074978223179746,HV-T
FI2010_Benchmark,DeepLOB_Spatial_CNN,4,113,2,2,0.23475022614002228,0.19245877861976624,0.5727910399436951,1,0.055084978883339006,HV-T
FI2010_Benchmark,DeepLOB_Spatial_CNN,4,114,2,2,0.21339017152786255,0.18437810242176056,0.6022317409515381,1,-0.04493002216271766,HV-T
FI2010_Benchmark,DeepLOB_Spatial_CNN,4,115,2,2,0.20505961775779724,0.18751415610313416,0.6074261665344238,1,0.005074978223193957,HV-T
FI2010_Benchmark,DeepLOB_Spatial_CNN,4,116,2,2,0.20306606590747833,0.16305188834667206,0.6338819861412048,1,0.0050699781149299294,HV-T
FI2010_Benchmark,DeepLOB_Spatial_CNN,4,117,2,2,0.2155543863773346,0.16108962893486023,0.62335604429245,1,0.055074978455708315,HV-T
FI2010_Benchmark,DeepLOB_Spatial_CNN,4,118,2,2,0.2328331023454666,0.16825537383556366,0.5989115834236145,1,0.030079978461130294,HV-T
FI2010_Benchmark,DeepLOB_Spatial_CNN,4,119,2,2,0.21180568635463715,0.17816442251205444,0.6100298762321472,1,0.05507497883850709,LV-T
FI2010_Benchmark,DeepLOB_Spatial_CNN,4,120,2,2,0.22310088574886322,0.20291849970817566,0.5739806890487671,1,0.05507498003022089,LV-T
FI2010_Benchmark,DeepLOB_Spatial_CNN,4,121,2,2,0.17497500777244568,0.2303900122642517,0.594635009765625,1,0.005064980165640963,LV-M
FI2010_Benchmark,DeepLOB_Spatial_CNN,4,122,2,2,0.1592773199081421,0.26027750968933105,0.5804452300071716,1,-0.044935019150386765,LV-M
FI2010_Benchmark,DeepLOB_Spatial_CNN,4,123,2,2,0.14853215217590332,0.2843548059463501,0.5671129822731018,1,0.05506498084961466,LV-M
FI2010_Benchmark,DeepLOB_Spatial_CNN,4,124,2,2,0.1307230442762375,0.2978992462158203,0.5713776350021362,1,-0.044935019150386765,LV-M
FI2010_Benchmark,DeepLOB_Spatial_CNN,4,125,2,2,0.1328674703836441,0.28836721181869507,0.5787653923034668,1,0.005064981072180619,LV-M
FI2010_Benchmark,DeepLOB_Spatial_CNN,4,126,2,2,0.09375346451997757,0.27345797419548035,0.6327885389328003,1,-0.044945019270765225,LV-M
FI2010_Benchmark,DeepLOB_Spatial_CNN,4,127,1,2,0.0830540582537651,0.2522200644016266,0.6647258996963501,1,-0.09494501848680725,LV-M
FI2010_Benchmark,DeepLOB_Spatial_CNN,4,128,1,2,0.0933508574962616,0.2440733015537262,0.6625758409500122,1,-0.04494001834837727,LV-M
FI2010_Benchmark,DeepLOB_Spatial_CNN,4,129,1,2,0.1077505499124527,0.2430630475282669,0.649186372756958,1,-0.06994501840655334,LV-M
FI2010_Benchmark,DeepLOB_Spatial_CNN,4,130,1,2,0.11158967763185501,0.2544182538986206,0.6339920163154602,1,-0.09494501729931995,LV-M
FI2010_Benchmark,DeepLOB_Spatial_CNN,4,131,1,2,0.10732194036245346,0.26455575227737427,0.6281222701072693,1,-0.14494501706328464,LV-M
FI2010_Benchmark,DeepLOB_Spatial_CNN,4,132,1,2,0.09941716492176056,0.2563648521900177,0.6442180275917053,1,-0.1449450162181054,LV-M
FI2010_Benchmark,DeepLOB_Spatial_CNN,4,133,0,2,0.07633437216281891,0.2637711465358734,0.6598945260047913,1,-0.14495501622344883,LV-T
FI2010_Benchmark,DeepLOB_Spatial_CNN,4,134,0,2,0.08882413059473038,0.3386802077293396,0.5724956393241882,1,-0.09494501705693498,LV-T
FI2010_Benchmark,DeepLOB_Spatial_CNN,4,135,0,2,0.09757832437753677,0.39415907859802246,0.5082626342773438,1,-0.09494501621141047,LV-T
FI2010_Benchmark,DeepLOB_Spatial_CNN,4,136,0,1,0.11968017369508743,0.4547451436519623,0.4255746901035309,0,0.0,LV-T
FI2010_Benchmark,DeepLOB_Spatial_CNN,4,137,0,1,0.15607993304729462,0.4759783446788788,0.3679417073726654,0,0.0,LV-T
FI2010_Benchmark,DeepLOB_Spatial_CNN,4,138,1,1,0.13457566499710083,0.49914243817329407,0.3662818670272827,0,0.0,LV-T
FI2010_Benchmark,DeepLOB_Spatial_CNN,4,139,1,1,0.1394631266593933,0.5100132822990417,0.35052359104156494,0,0.0,LV-T
FI2010_Benchmark,DeepLOB_Spatial_CNN,4,140,1,1,0.168121799826622,0.5159571766853333,0.31592103838920593,0,0.0,LV-T
FI2010_Benchmark,DeepLOB_Spatial_CNN,4,141,1,1,0.19354593753814697,0.5341009497642517,0.2723531424999237,0,0.0,LV-T
FI2010_Benchmark,DeepLOB_Spatial_CNN,4,142,1,1,0.2844040095806122,0.5362232327461243,0.17937268316745758,0,0.0,LV-T
FI2010_Benchmark,DeepLOB_Spatial_CNN,4,143,1,1,0.3009120225906372,0.5491058826446533,0.1499820500612259,0,0.0,LV-T
FI2010_Benchmark,DeepLOB_Spatial_CNN,4,144,1,1,0.33299994468688965,0.5213348269462585,0.14566519856452942,0,0.0,LV-T
FI2010_Benchmark,DeepLOB_Spatial_CNN,4,145,1,1,0.3463035821914673,0.4949050545692444,0.15879139304161072,0,0.0,LV-T
FI2010_Benchmark,DeepLOB_Spatial_CNN,4,146,1,1,0.4110037088394165,0.4214053452014923,0.1675909459590912,0,0.0,LV-T
FI2010_Benchmark,DeepLOB_Spatial_CNN,4,147,1,0,0.42128002643585205,0.395156592130661,0.18356333673000336,-1,-0.0699350146544021,LV-T
FI2010_Benchmark,DeepLOB_Spatial_CNN,4,148,1,0,0.44933897256851196,0.3556879460811615,0.19497308135032654,-1,-0.044935014438071165,LV-T
FI2010_Benchmark,DeepLOB_Spatial_CNN,4,149,1,0,0.49168768525123596,0.29950767755508423,0.20880462229251862,-1,-0.04493501428154557,LV-T
FI2010_Benchmark,DeepLOB_Spatial_CNN,4,150,1,0,0.5488367080688477,0.25577297806739807,0.19539031386375427,-1,-0.1449250150336145,LV-T
FI2010_Benchmark,DeepLOB_Spatial_CNN,4,151,2,0,0.5474688410758972,0.22100064158439636,0.2315305769443512,-1,-0.16993501504114397,LV-T
FI2010_Benchmark,DeepLOB_Spatial_CNN,4,152,2,0,0.5378624200820923,0.21028229594230652,0.2518552541732788,-1,-0.2449300152095441,LV-M
FI2010_Benchmark,DeepLOB_Spatial_CNN,4,153,2,0,0.5729031562805176,0.21032997965812683,0.21676692366600037,-1,-0.1699250153643556,LV-M
FI2010_Benchmark,DeepLOB_Spatial_CNN,4,154,2,0,0.5316540598869324,0.21312618255615234,0.2552197575569153,-1,-0.14493501608067724,LV-T
FI2010_Benchmark,DeepLOB_Spatial_CNN,4,155,2,0,0.49364492297172546,0.23355959355831146,0.2727954685688019,-1,-0.09493501608066587,LV-T
FI2010_Benchmark,DeepLOB_Spatial_CNN,4,156,2,0,0.4353616237640381,0.23504185676574707,0.32959651947021484,-1,-0.019945016088758004,LV-T
FI2010_Benchmark,DeepLOB_Spatial_CNN,4,157,2,0,0.4254738688468933,0.22506316006183624,0.34946298599243164,-1,-0.14494001624580022,LV-T
FI2010_Benchmark,DeepLOB_Spatial_CNN,4,158,2,0,0.4705028831958771,0.22135743498802185,0.3081396818161011,-1,-0.24493501624179412,LV-T
FI2010_Benchmark,DeepLOB_Spatial_CNN,4,159,2,0,0.46714845299720764,0.2330123335123062,0.29983922839164734,-1,-0.19493501605845337,LV-T
FI2010_Benchmark,DeepLOB_Spatial_CNN,4,160,2,0,0.41595685482025146,0.23569415509700775,0.3483489453792572,-1,-0.19494501674578749,LV-T
FI2010_Benchmark,DeepLOB_Spatial_CNN,4,161,2,2,0.33030635118484497,0.24380353093147278,0.42589011788368225,1,0.0050399818952632375,LV-T
FI2010_Benchmark,DeepLOB_Spatial_CNN,4,162,2,2,0.2652572989463806,0.2201939821243286,0.5145487785339355,1,-0.04496501822294013,LV-T
FI2010_Benchmark,DeepLOB_Spatial_CNN,4,163,2,2,0.24740907549858093,0.2348424345254898,0.5177484750747681,1,0.055049980996330294,LV-T
FI2010_Benchmark,DeepLOB_Spatial_CNN,4,164,2,2,0.23770658671855927,0.22474229335784912,0.5375511050224304,1,0.030044981436272024,LV-T
FI2010_Benchmark,DeepLOB_Spatial_CNN,4,165,2,2,0.261736124753952,0.2661231458187103,0.47214075922966003,1,0.10505498085528858,LV-T
FI2010_Benchmark,DeepLOB_Spatial_CNN,4,166,2,2,0.2938321530818939,0.29395535588264465,0.4122124910354614,1,0.10505998072448994,LV-T
FI2010_Benchmark,DeepLOB_Spatial_CNN,4,167,2,2,0.28119418025016785,0.3035948872566223,0.41521093249320984,1,0.005044980090628905,LV-T
FI2010_Benchmark,DeepLOB_Spatial_CNN,4,168,2,2,0.1990281641483307,0.31004899740219116,0.4909229278564453,1,-0.09497502140833154,LV-M
FI2010_Benchmark,DeepLOB_Spatial_CNN,4,169,2,2,0.15115906298160553,0.3460317850112915,0.5028091073036194,1,0.005034978183391943,LV-M
FI2010_Benchmark,DeepLOB_Spatial_CNN,4,170,2,2,0.09529907256364822,0.3701484203338623,0.5345525741577148,1,-0.019975022035833463,LV-M
FI2010_Benchmark,DeepLOB_Spatial_CNN,4,171,1,2,0.07455293834209442,0.40302392840385437,0.5224230885505676,1,0.005024977964172221,LV-M
FI2010_Benchmark,DeepLOB_Spatial_CNN,4,172,1,1,0.08760404586791992,0.48058587312698364,0.4318101108074188,0,0.0,LV-M
FI2010_Benchmark,DeepLOB_Spatial_CNN,4,173,1,1,0.09159022569656372,0.5281617045402527,0.3802480399608612,0,0.0,LV-M
FI2010_Benchmark,DeepLOB_Spatial_CNN,4,174,1,1,0.12403445690870285,0.5613909363746643,0.31457459926605225,0,0.0,LV-M
FI2010_Benchmark,DeepLOB_Spatial_CNN,4,175,1,1,0.12921859323978424,0.5184609293937683,0.35232049226760864,0,0.0,LV-M
FI2010_Benchmark,DeepLOB_Spatial_CNN,4,176,1,1,0.11731475591659546,0.500604510307312,0.3820807635784149,0,0.0,LV-M
FI2010_Benchmark,DeepLOB_Spatial_CNN,4,177,1,1,0.15005022287368774,0.49337857961654663,0.3565712869167328,0,0.0,LV-M
FI2010_Benchmark,DeepLOB_Spatial_CNN,4,178,1,1,0.172453835606575,0.5307844877243042,0.2967616617679596,0,0.0,LV-M
FI2010_Benchmark,DeepLOB_Spatial_CNN,4,179,1,1,0.1747448593378067,0.5365968346595764,0.2886582911014557,0,0.0,LV-M
FI2010_Benchmark,DeepLOB_Spatial_CNN,4,180,1,1,0.18353478610515594,0.5395240187644958,0.2769412100315094,0,0.0,LV-M
FI2010_Benchmark,DeepLOB_Spatial_CNN,4,181,1,1,0.1706751585006714,0.5533089637756348,0.27601584792137146,0,0.0,LV-M
FI2010_Benchmark,DeepLOB_Spatial_CNN,4,182,1,1,0.19535276293754578,0.575169563293457,0.2294776290655136,0,0.0,LV-M
FI2010_Benchmark,DeepLOB_Spatial_CNN,4,183,1,1,0.21821527183055878,0.5838830471038818,0.19790171086788177,0,0.0,LV-M
FI2010_Benchmark,DeepLOB_Spatial_CNN,4,184,1,1,0.22090892493724823,0.5897491574287415,0.1893419474363327,0,0.0,LV-M
FI2010_Benchmark,DeepLOB_Spatial_CNN,4,185,2,1,0.2762693166732788,0.5622261166572571,0.1615045666694641,0,0.0,LV-M
FI2010_Benchmark,DeepLOB_Spatial_CNN,4,186,2,1,0.3091674745082855,0.516219437122345,0.1746131032705307,0,0.0,LV-M
FI2010_Benchmark,DeepLOB_Spatial_CNN,4,187,2,1,0.2952811121940613,0.5149068236351013,0.18981201946735382,0,0.0,LV-M
FI2010_Benchmark,DeepLOB_Spatial_CNN,4,188,2,1,0.28677529096603394,0.5119079351425171,0.2013167291879654,0,0.0,LV-M
FI2010_Benchmark,DeepLOB_Spatial_CNN,4,189,2,1,0.2833709418773651,0.5131861567497253,0.20344293117523193,0,0.0,LV-M
FI2010_Benchmark,DeepLOB_Spatial_CNN,4,190,2,1,0.3054443895816803,0.5308883786201477,0.1636672168970108,0,0.0,LV-M
FI2010_Benchmark,DeepLOB_Spatial_CNN,4,191,2,1,0.2602306604385376,0.5479527711868286,0.1918165683746338,0,0.0,LV-M
FI2010_Benchmark,DeepLOB_Spatial_CNN,4,192,2,1,0.2607000172138214,0.4971259832382202,0.24217408895492554,0,0.0,LV-M
FI2010_Benchmark,DeepLOB_Spatial_CNN,4,193,2,1,0.2903468608856201,0.4450274407863617,0.2646257281303406,0,0.0,LV-M
FI2010_Benchmark,DeepLOB_Spatial_CNN,4,194,2,1,0.320543110370636,0.3882841169834137,0.2911728322505951,0,0.0,LV-M
FI2010_Benchmark,DeepLOB_Spatial_CNN,4,195,2,1,0.33505016565322876,0.36394715309143066,0.30100271105766296,0,0.0,LV-M
FI2010_Benchmark,DeepLOB_CNN_LSTM,4,0,1,2,0.010746263898909092,0.07018532603979111,0.919068455696106,1,-0.09486504966248152,HV-T
FI2010_Benchmark,DeepLOB_CNN_LSTM,4,1,1,2,0.011565429158508778,0.07317762076854706,0.915256917476654,1,-0.09486000883659867,HV-T
FI2010_Benchmark,DeepLOB_CNN_LSTM,4,2,1,2,0.011782784946262836,0.0744442343711853,0.9137730002403259,1,-0.06985500721415785,HV-T
FI2010_Benchmark,DeepLOB_CNN_LSTM,4,3,1,2,0.011589771136641502,0.08098790049552917,0.9074223637580872,1,-0.0698550072141578,HV-T
FI2010_Benchmark,DeepLOB_CNN_LSTM,4,4,1,2,0.010854948312044144,0.07764080166816711,0.9115042090415955,1,-0.06985500684395121,HV-T
FI2010_Benchmark,DeepLOB_CNN_LSTM,4,5,1,2,0.011284769512712955,0.07833089679479599,0.9103842973709106,1,-0.14485500645252794,HV-T
FI2010_Benchmark,DeepLOB_CNN_LSTM,4,6,0,2,0.011012074537575245,0.06981202214956284,0.919175922870636,1,-0.14486501250471462,HV-T
FI2010_Benchmark,DeepLOB_CNN_LSTM,4,7,0,2,0.011114699766039848,0.07241690903902054,0.9164684414863586,1,-0.26987501457257634,HV-M
FI2010_Benchmark,DeepLOB_CNN_LSTM,4,8,0,2,0.011959685944020748,0.0820457711815834,0.9059945344924927,1,-0.24487001458916646,LV-M
FI2010_Benchmark,DeepLOB_CNN_LSTM,4,9,0,2,0.013116283342242241,0.08878221362829208,0.8981014490127563,1,-0.2448600160805027,LV-M
FI2010_Benchmark,DeepLOB_CNN_LSTM,4,10,0,2,0.013712834566831589,0.09642171114683151,0.8898654580116272,1,-0.19485501562409918,LV-M
FI2010_Benchmark,DeepLOB_CNN_LSTM,4,11,0,2,0.01354697160422802,0.09179797023534775,0.8946550488471985,1,-0.1948550149113982,LV-M
FI2010_Benchmark,DeepLOB_CNN_LSTM,4,12,0,2,0.013796213082969189,0.09592582285404205,0.8902779221534729,1,-0.1448500145624228,LV-T
FI2010_Benchmark,DeepLOB_CNN_LSTM,4,13,0,2,0.016352549195289612,0.12948663532733917,0.8541607856750488,1,-0.14485001401231512,HV-T
FI2010_Benchmark,DeepLOB_CNN_LSTM,4,14,0,2,0.017710009589791298,0.1493847519159317,0.8329052925109863,1,-0.16985001352025803,HV-T
FI2010_Benchmark,DeepLOB_CNN_LSTM,4,15,0,2,0.020333655178546906,0.1678486466407776,0.8118177056312561,1,-0.04483501571025281,HV-T
FI2010_Benchmark,DeepLOB_CNN_LSTM,4,16,0,2,0.015363434329628944,0.1350928395986557,0.8495437502861023,1,-0.04484501683729827,HV-T
FI2010_Benchmark,DeepLOB_CNN_LSTM,4,17,1,2,0.01882193237543106,0.1627519279718399,0.8184260725975037,1,0.055169981760422176,HV-M
FI2010_Benchmark,DeepLOB_CNN_LSTM,4,18,1,2,0.017494969069957733,0.15952907502651215,0.8229759931564331,1,0.1051649818281405,HV-M
FI2010_Benchmark,DeepLOB_CNN_LSTM,4,19,2,2,0.016976818442344666,0.1555212289094925,0.8275020122528076,1,0.055174981705949325,HV-M
FI2010_Benchmark,DeepLOB_CNN_LSTM,4,20,2,2,0.01590818166732788,0.13974417746067047,0.8443475961685181,1,0.15517498213591396,HV-M
FI2010_Benchmark,DeepLOB_CNN_LSTM,4,21,2,2,0.015126485377550125,0.1343696415424347,0.8505038619041443,1,0.15517498253700068,HV-M
FI2010_Benchmark,DeepLOB_CNN_LSTM,4,22,2,2,0.013948769308626652,0.12434121966362,0.8617100119590759,1,0.10516498185170205,HV-T
FI2010_Benchmark,DeepLOB_CNN_LSTM,4,23,2,2,0.013303088024258614,0.11854749172925949,0.8681493997573853,1,0.055164982238191426,HV-T
FI2010_Benchmark,DeepLOB_CNN_LSTM,4,24,2,2,0.012819570489227772,0.1068793460726738,0.8803010582923889,1,0.055169982515661145,HV-T
FI2010_Benchmark,DeepLOB_CNN_LSTM,4,25,2,2,0.012643800117075443,0.10563192516565323,0.8817242383956909,1,0.0801649825797284,HV-T
FI2010_Benchmark,DeepLOB_CNN_LSTM,4,26,2,2,0.012546364217996597,0.1057843416929245,0.881669282913208,1,0.005154982086206322,HV-T
FI2010_Benchmark,DeepLOB_CNN_LSTM,4,27,2,2,0.012579220347106457,0.10083214193582535,0.8865886330604553,1,0.00514498169426042,HV-T
FI2010_Benchmark,DeepLOB_CNN_LSTM,4,28,2,2,0.011668713763356209,0.0890539139509201,0.89927738904953,1,-0.019865018616999734,HV-T
FI2010_Benchmark,DeepLOB_CNN_LSTM,4,29,2,2,0.012284825555980206,0.09218548238277435,0.8955297470092773,1,0.10514498115531007,HV-T
FI2010_Benchmark,DeepLOB_CNN_LSTM,4,30,2,2,0.012809074483811855,0.09362377226352692,0.8935671448707581,1,0.1301349805637934,HV-T
FI2010_Benchmark,DeepLOB_CNN_LSTM,4,31,2,2,0.012932797893881798,0.09347736835479736,0.8935898542404175,1,0.1551349807076385,HV-T
FI2010_Benchmark,DeepLOB_CNN_LSTM,4,32,2,2,0.0120779387652874,0.08744733780622482,0.9004747271537781,1,0.1051349808620047,HV-T
FI2010_Benchmark,DeepLOB_CNN_LSTM,4,33,2,2,0.012574517168104649,0.10051220655441284,0.8869132995605469,1,0.1051349808620047,HV-T
FI2010_Benchmark,DeepLOB_CNN_LSTM,4,34,2,2,0.012651674449443817,0.10849575698375702,0.8788525462150574,1,0.15514498029850052,HV-T
FI2010_Benchmark,DeepLOB_CNN_LSTM,4,35,2,2,0.012292244471609592,0.10864739120006561,0.8790603876113892,1,0.10513998016185737,HV-T
FI2010_Benchmark,DeepLOB_CNN_LSTM,4,36,2,2,0.013309110887348652,0.11252056807279587,0.8741703033447266,1,0.1551449805923003,HV-T
FI2010_Benchmark,DeepLOB_CNN_LSTM,4,37,2,2,0.012605050578713417,0.10282354056835175,0.884571373462677,1,0.055134980581982025,HV-T
FI2010_Benchmark,DeepLOB_CNN_LSTM,4,38,2,2,0.012771404348313808,0.0986483097076416,0.8885802626609802,1,0.1051299805586165,HV-T
FI2010_Benchmark,DeepLOB_CNN_LSTM,4,39,2,2,0.01240110956132412,0.0963255986571312,0.8912732601165771,1,0.005114979974842955,HV-T
FI2010_Benchmark,DeepLOB_CNN_LSTM,4,40,2,2,0.012622684240341187,0.1007566899061203,0.8866206407546997,1,-0.14490002084876366,HV-T
FI2010_Benchmark,DeepLOB_CNN_LSTM,4,41,1,2,0.013173215091228485,0.10765793919563293,0.8791688680648804,1,-0.14490502090116833,HV-T
FI2010_Benchmark,DeepLOB_CNN_LSTM,4,42,1,2,0.013598976656794548,0.11216701567173004,0.8742339611053467,1,-0.09489502135296274,HV-M
FI2010_Benchmark,DeepLOB_CNN_LSTM,4,43,1,2,0.013000626116991043,0.1099519282579422,0.8770474195480347,1,-0.09489502135296274,HV-M
FI2010_Benchmark,DeepLOB_CNN_LSTM,4,44,0,2,0.012421922758221626,0.10791293531656265,0.8796651363372803,1,-0.09489502135296274,HV-M
FI2010_Benchmark,DeepLOB_CNN_LSTM,4,45,0,2,0.012368910014629364,0.10986868292093277,0.8777624368667603,1,-0.09489501989651497,HV-M
FI2010_Benchmark,DeepLOB_CNN_LSTM,4,46,1,2,0.012064884416759014,0.10504301637411118,0.8828921318054199,1,-0.04489501954822988,HV-M
FI2010_Benchmark,DeepLOB_CNN_LSTM,4,47,1,2,0.012008555233478546,0.10625385493040085,0.8817375898361206,1,0.05511498127069331,HV-M
FI2010_Benchmark,DeepLOB_CNN_LSTM,4,48,1,2,0.013613964430987835,0.10970836132764816,0.8766776919364929,1,-0.04490502046791506,HV-M
FI2010_Benchmark,DeepLOB_CNN_LSTM,4,49,1,2,0.015635589137673378,0.1194617971777916,0.8649025559425354,1,0.030104979546960814,HV-M
FI2010_Benchmark,DeepLOB_CNN_LSTM,4,50,2,2,0.01643954962491989,0.13559679687023163,0.8479636907577515,1,0.15511497881528744,HV-M
FI2010_Benchmark,DeepLOB_CNN_LSTM,4,51,2,2,0.015024340711534023,0.13390319049358368,0.8510724902153015,1,0.18011497881529312,HV-M
FI2010_Benchmark,DeepLOB_CNN_LSTM,4,52,2,2,0.013915522955358028,0.12492099404335022,0.8611634969711304,1,0.15511497914203382,HV-M
FI2010_Benchmark,DeepLOB_CNN_LSTM,4,53,2,2,0.01486970391124487,0.13217708468437195,0.8529531955718994,1,0.15511497914203382,HV-M
FI2010_Benchmark,DeepLOB_CNN_LSTM,4,54,2,2,0.014206869527697563,0.1330239623785019,0.852769136428833,1,0.1551149793638723,HV-M
FI2010_Benchmark,DeepLOB_CNN_LSTM,4,55,2,2,0.01352926529943943,0.1205407977104187,0.8659299612045288,1,0.10510497906449365,HV-M
FI2010_Benchmark,DeepLOB_CNN_LSTM,4,56,2,2,0.014299198053777218,0.12275313585996628,0.8629476428031921,1,0.10510497939519443,HV-M
FI2010_Benchmark,DeepLOB_CNN_LSTM,4,57,2,2,0.014192129485309124,0.11895336955785751,0.8668544888496399,1,0.05509497938702602,HV-M
FI2010_Benchmark,DeepLOB_CNN_LSTM,4,58,2,2,0.016358844935894012,0.13354039192199707,0.8501007556915283,1,0.05509497975819258,HV-M
FI2010_Benchmark,DeepLOB_CNN_LSTM,4,59,2,2,0.016626475378870964,0.13078895211219788,0.8525846004486084,1,0.005089980419397913,HV-M
FI2010_Benchmark,DeepLOB_CNN_LSTM,4,60,2,2,0.016685687005519867,0.1363125592470169,0.8470017313957214,1,-0.044925020167225355,HV-M
FI2010_Benchmark,DeepLOB_CNN_LSTM,4,61,1,2,0.014458931051194668,0.11713186651468277,0.8684092164039612,1,-0.14493002019430792,HV-M
FI2010_Benchmark,DeepLOB_CNN_LSTM,4,62,1,2,0.014129819348454475,0.11522440612316132,0.8706458210945129,1,-0.14492502043254327,HV-M
FI2010_Benchmark,DeepLOB_CNN_LSTM,4,63,0,2,0.014757203869521618,0.12433910369873047,0.8609037399291992,1,-0.19492502043255464,HV-M
FI2010_Benchmark,DeepLOB_CNN_LSTM,4,64,0,2,0.015842273831367493,0.1376366913318634,0.8465210795402527,1,-0.19492501965749762,HV-M
FI2010_Benchmark,DeepLOB_CNN_LSTM,4,65,0,2,0.018195610493421555,0.15863148868083954,0.823172926902771,1,-0.16992501964354914,HV-M
FI2010_Benchmark,DeepLOB_CNN_LSTM,4,66,0,2,0.020633207634091377,0.17599882185459137,0.8033679723739624,1,-0.1949250193796087,HV-M
FI2010_Benchmark,DeepLOB_CNN_LSTM,4,67,0,2,0.020896408706903458,0.18223470449447632,0.7968689203262329,1,-0.14492501905935384,HV-M
FI2010_Benchmark,DeepLOB_CNN_LSTM,4,68,0,2,0.022145701572299004,0.1854965090751648,0.7923578023910522,1,-0.19492501902607004,HV-M
FI2010_Benchmark,DeepLOB_CNN_LSTM,4,69,0,2,0.024244263768196106,0.20812208950519562,0.7676336169242859,1,-0.14492501798659832,HV-T
FI2010_Benchmark,DeepLOB_CNN_LSTM,4,70,0,2,0.02827831730246544,0.2561871111392975,0.7155345678329468,1,-0.09492501678880208,HV-T
FI2010_Benchmark,DeepLOB_CNN_LSTM,4,71,0,2,0.041260384023189545,0.405722051858902,0.5530175566673279,1,-0.04491501736357308,HV-T
FI2010_Benchmark,DeepLOB_CNN_LSTM,4,72,0,1,0.07041312009096146,0.7083526849746704,0.22123412787914276,0,0.0,HV-T
FI2010_Benchmark,DeepLOB_CNN_LSTM,4,73,1,1,0.14584490656852722,0.7783970832824707,0.07575799524784088,0,0.0,HV-T
FI2010_Benchmark,DeepLOB_CNN_LSTM,4,74,2,1,0.20601902902126312,0.7422057390213013,0.051775287836790085,0,0.0,HV-T
FI2010_Benchmark,DeepLOB_CNN_LSTM,4,75,2,1,0.19741983711719513,0.7486714720726013,0.053908661007881165,0,0.0,HV-T
FI2010_Benchmark,DeepLOB_CNN_LSTM,4,76,2,1,0.18648499250411987,0.7541345357894897,0.059380434453487396,0,0.0,HV-T
FI2010_Benchmark,DeepLOB_CNN_LSTM,4,77,2,1,0.20905716717243195,0.7161344289779663,0.07480842620134354,0,0.0,HV-T
FI2010_Benchmark,DeepLOB_CNN_LSTM,4,78,2,1,0.2648995518684387,0.6676260232925415,0.06747446954250336,0,0.0,HV-T
FI2010_Benchmark,DeepLOB_CNN_LSTM,4,79,2,1,0.4397924244403839,0.5004976391792297,0.059709884226322174,0,0.0,HV-T
FI2010_Benchmark,DeepLOB_CNN_LSTM,4,80,2,0,0.5238708257675171,0.40181854367256165,0.07431067526340485,-1,-0.04491501622286628,HV-T
FI2010_Benchmark,DeepLOB_CNN_LSTM,4,81,2,0,0.6202297806739807,0.2774256765842438,0.1023445799946785,-1,0.005084983777116664,HV-T
FI2010_Benchmark,DeepLOB_CNN_LSTM,4,82,1,0,0.6489520072937012,0.22684918344020844,0.1241988018155098,-1,0.05508498377712803,HV-T
FI2010_Benchmark,DeepLOB_CNN_LSTM,4,83,1,0,0.5895152688026428,0.22840143740177155,0.18208327889442444,-1,0.1050699825633572,HV-T
FI2010_Benchmark,DeepLOB_CNN_LSTM,4,84,0,0,0.5443949103355408,0.23643136024475098,0.2191738337278366,-1,0.10507498232721302,HV-M
FI2010_Benchmark,DeepLOB_CNN_LSTM,4,85,0,0,0.4079286456108093,0.34519699215888977,0.2468743473291397,-1,0.08008498209558922,HV-M
FI2010_Benchmark,DeepLOB_CNN_LSTM,4,86,0,1,0.1848064810037613,0.497237890958786,0.31795555353164673,0,0.0,HV-M
FI2010_Benchmark,DeepLOB_CNN_LSTM,4,87,0,2,0.04647037759423256,0.3076181411743164,0.645911455154419,1,-0.2449250179122523,HV-M
FI2010_Benchmark,DeepLOB_CNN_LSTM,4,88,0,2,0.027890373021364212,0.19099938869476318,0.7811102271080017,1,-0.19492001809235582,HV-M
FI2010_Benchmark,DeepLOB_CNN_LSTM,4,89,0,2,0.02525247260928154,0.1630130261182785,0.8117344975471497,1,-0.2449300185087511,HV-M
FI2010_Benchmark,DeepLOB_CNN_LSTM,4,90,0,2,0.023246869444847107,0.1572093665599823,0.819543719291687,1,-0.06991501855078244,HV-M
FI2010_Benchmark,DeepLOB_CNN_LSTM,4,91,0,2,0.026644129306077957,0.1731662005186081,0.8001896142959595,1,-0.04490501887277458,HV-M
FI2010_Benchmark,DeepLOB_CNN_LSTM,4,92,0,2,0.07376641035079956,0.39394134283065796,0.5322921872138977,1,-0.04489501923571509,HV-M
FI2010_Benchmark,DeepLOB_CNN_LSTM,4,93,1,1,0.14199413359165192,0.5896549820899963,0.26835089921951294,0,0.0,HV-M
FI2010_Benchmark,DeepLOB_CNN_LSTM,4,94,1,1,0.20283322036266327,0.6740826368331909,0.12308410555124283,0,0.0,HV-M
FI2010_Benchmark,DeepLOB_CNN_LSTM,4,95,1,1,0.2983490526676178,0.6180476546287537,0.08360330015420914,0,0.0,HV-M
FI2010_Benchmark,DeepLOB_CNN_LSTM,4,96,1,1,0.44307512044906616,0.49522241950035095,0.06170249730348587,0,0.0,HV-M
FI2010_Benchmark,DeepLOB_CNN_LSTM,4,97,1,0,0.6036311388015747,0.3529292345046997,0.04343968629837036,-1,-0.11988501992297151,HV-M
FI2010_Benchmark,DeepLOB_CNN_LSTM,4,98,1,0,0.6743573546409607,0.28198370337486267,0.043658990412950516,-1,-0.044895020589296626,HV-M
FI2010_Benchmark,DeepLOB_CNN_LSTM,4,99,1,0,0.7681136727333069,0.19702188670635223,0.03486445173621178,-1,-0.044895020589296626,HV-M
FI2010_Benchmark,DeepLOB_CNN_LSTM,4,100,1,0,0.771699845790863,0.179398775100708,0.048901379108428955,-1,-0.0699100218623836,HV-M
FI2010_Benchmark,DeepLOB_CNN_LSTM,4,101,1,0,0.7639453411102295,0.1697862446308136,0.06626839190721512,-1,-0.09490502150562495,HV-M
FI2010_Benchmark,DeepLOB_CNN_LSTM,4,102,1,0,0.7175447344779968,0.18796521425247192,0.09449004381895065,-1,-0.1948950214953297,HV-M
FI2010_Benchmark,DeepLOB_CNN_LSTM,4,103,2,0,0.5653406977653503,0.24442461133003235,0.19023476541042328,-1,-0.0949050215062544,HV-M
FI2010_Benchmark,DeepLOB_CNN_LSTM,4,104,2,0,0.43431147933006287,0.25669997930526733,0.3089885413646698,-1,-0.16990502150627146,HV-M
FI2010_Benchmark,DeepLOB_CNN_LSTM,4,105,2,0,0.6593776941299438,0.20669007301330566,0.1339322179555893,-1,-0.19489502188030464,HV-M
FI2010_Benchmark,DeepLOB_CNN_LSTM,4,106,2,0,0.6541860699653625,0.18359236419200897,0.1622215360403061,-1,-0.21990002188568064,HV-M
FI2010_Benchmark,DeepLOB_CNN_LSTM,4,107,2,0,0.6289017796516418,0.19957491755485535,0.1715232878923416,-1,-0.19490002138757,HV-M
FI2010_Benchmark,DeepLOB_CNN_LSTM,4,108,2,0,0.5267458558082581,0.24991047382354736,0.22334368526935577,-1,-0.1698950210054555,HV-M
FI2010_Benchmark,DeepLOB_CNN_LSTM,4,109,2,0,0.43683168292045593,0.34938058257102966,0.21378780901432037,-1,-0.1948950204686754,HV-T
FI2010_Benchmark,DeepLOB_CNN_LSTM,4,110,2,1,0.28986111283302307,0.3978623151779175,0.3122765123844147,0,0.0,HV-T
FI2010_Benchmark,DeepLOB_CNN_LSTM,4,111,2,2,0.08217481523752213,0.3496810793876648,0.5681440830230713,1,0.05508497871792179,HV-T
FI2010_Benchmark,DeepLOB_CNN_LSTM,4,112,2,2,0.05002254620194435,0.272624135017395,0.6773532629013062,1,0.005074978223179746,HV-T
FI2010_Benchmark,DeepLOB_CNN_LSTM,4,113,2,2,0.046216242015361786,0.24221932888031006,0.7115644812583923,1,0.055084978883339006,HV-T
FI2010_Benchmark,DeepLOB_CNN_LSTM,4,114,2,2,0.04257851839065552,0.23585030436515808,0.7215712070465088,1,-0.04493002216271766,HV-T
FI2010_Benchmark,DeepLOB_CNN_LSTM,4,115,2,2,0.05171389877796173,0.31797561049461365,0.6303104758262634,1,0.005074978223193957,HV-T
FI2010_Benchmark,DeepLOB_CNN_LSTM,4,116,2,2,0.05539512634277344,0.3175934851169586,0.6270114183425903,1,0.0050699781149299294,HV-T
FI2010_Benchmark,DeepLOB_CNN_LSTM,4,117,2,2,0.05829542875289917,0.3505498766899109,0.5911546945571899,1,0.055074978455708315,HV-T
FI2010_Benchmark,DeepLOB_CNN_LSTM,4,118,2,1,0.07145680487155914,0.46714335680007935,0.4613998532295227,0,0.0,HV-T
FI2010_Benchmark,DeepLOB_CNN_LSTM,4,119,2,1,0.06860032677650452,0.48810115456581116,0.44329845905303955,0,0.0,LV-T
FI2010_Benchmark,DeepLOB_CNN_LSTM,4,120,2,1,0.062763512134552,0.49442312121391296,0.4428134262561798,0,0.0,LV-T
FI2010_Benchmark,DeepLOB_CNN_LSTM,4,121,2,2,0.04822243005037308,0.4395587742328644,0.5122188329696655,1,0.005064980165640963,LV-M
FI2010_Benchmark,DeepLOB_CNN_LSTM,4,122,2,1,0.059013381600379944,0.5410574078559875,0.3999291956424713,0,0.0,LV-M
FI2010_Benchmark,DeepLOB_CNN_LSTM,4,123,2,2,0.04703684523701668,0.46484461426734924,0.4881185293197632,1,0.05506498084961466,LV-M
FI2010_Benchmark,DeepLOB_CNN_LSTM,4,124,2,2,0.0441044457256794,0.4264571964740753,0.5294383764266968,1,-0.044935019150386765,LV-M
FI2010_Benchmark,DeepLOB_CNN_LSTM,4,125,2,2,0.04421548917889595,0.4234795570373535,0.5323050022125244,1,0.005064981072180619,LV-M
FI2010_Benchmark,DeepLOB_CNN_LSTM,4,126,2,2,0.03934187442064285,0.38120272755622864,0.5794554352760315,1,-0.044945019270765225,LV-M
FI2010_Benchmark,DeepLOB_CNN_LSTM,4,127,1,2,0.043809231370687485,0.4690650403499603,0.4871256649494171,1,-0.09494501848680725,LV-M
FI2010_Benchmark,DeepLOB_CNN_LSTM,4,128,1,1,0.044100306928157806,0.5052677392959595,0.4506319463253021,0,0.0,LV-M
FI2010_Benchmark,DeepLOB_CNN_LSTM,4,129,1,1,0.05025908350944519,0.5622444152832031,0.38749656081199646,0,0.0,LV-M
FI2010_Benchmark,DeepLOB_CNN_LSTM,4,130,1,1,0.04731583222746849,0.5439479947090149,0.4087361991405487,0,0.0,LV-M
FI2010_Benchmark,DeepLOB_CNN_LSTM,4,131,1,1,0.04498367756605148,0.5638799071311951,0.39113637804985046,0,0.0,LV-M
FI2010_Benchmark,DeepLOB_CNN_LSTM,4,132,1,1,0.04230767861008644,0.5190137624740601,0.4386785626411438,0,0.0,LV-M
FI2010_Benchmark,DeepLOB_CNN_LSTM,4,133,0,1,0.041503243148326874,0.5026193261146545,0.4558774530887604,0,0.0,LV-T
FI2010_Benchmark,DeepLOB_CNN_LSTM,4,134,0,1,0.0413789264857769,0.5962361097335815,0.36238494515419006,0,0.0,LV-T
FI2010_Benchmark,DeepLOB_CNN_LSTM,4,135,0,1,0.052014175802469254,0.6578574776649475,0.29012832045555115,0,0.0,LV-T
FI2010_Benchmark,DeepLOB_CNN_LSTM,4,136,0,1,0.06152189150452614,0.6759136319160461,0.262564480304718,0,0.0,LV-T
FI2010_Benchmark,DeepLOB_CNN_LSTM,4,137,0,1,0.0639486163854599,0.7155322432518005,0.22051912546157837,0,0.0,LV-T
FI2010_Benchmark,DeepLOB_CNN_LSTM,4,138,1,1,0.051239896565675735,0.6465902924537659,0.3021698594093323,0,0.0,LV-T
FI2010_Benchmark,DeepLOB_CNN_LSTM,4,139,1,1,0.04399900510907173,0.6186552047729492,0.33734577894210815,0,0.0,LV-T
FI2010_Benchmark,DeepLOB_CNN_LSTM,4,140,1,1,0.05006185173988342,0.623340368270874,0.3265977203845978,0,0.0,LV-T
FI2010_Benchmark,DeepLOB_CNN_LSTM,4,141,1,1,0.05933805927634239,0.6286264061927795,0.31203553080558777,0,0.0,LV-T
FI2010_Benchmark,DeepLOB_CNN_LSTM,4,142,1,1,0.0847383514046669,0.7447482347488403,0.17051340639591217,0,0.0,LV-T
FI2010_Benchmark,DeepLOB_CNN_LSTM,4,143,1,1,0.11796703189611435,0.7389804720878601,0.14305247366428375,0,0.0,LV-T
FI2010_Benchmark,DeepLOB_CNN_LSTM,4,144,1,1,0.1568649411201477,0.7092195153236389,0.1339154839515686,0,0.0,LV-T
FI2010_Benchmark,DeepLOB_CNN_LSTM,4,145,1,1,0.1453355997800827,0.6695897579193115,0.185074582695961,0,0.0,LV-T
FI2010_Benchmark,DeepLOB_CNN_LSTM,4,146,1,1,0.28242507576942444,0.576908528804779,0.14066633582115173,0,0.0,LV-T
FI2010_Benchmark,DeepLOB_CNN_LSTM,4,147,1,0,0.5330873131752014,0.35989663004875183,0.10701598227024078,-1,-0.0699350146544021,LV-T
FI2010_Benchmark,DeepLOB_CNN_LSTM,4,148,1,0,0.7115632891654968,0.21311107277870178,0.0753256231546402,-1,-0.044935014438071165,LV-T
FI2010_Benchmark,DeepLOB_CNN_LSTM,4,149,1,0,0.7876352667808533,0.1473134458065033,0.06505127996206284,-1,-0.04493501428154557,LV-T
FI2010_Benchmark,DeepLOB_CNN_LSTM,4,150,1,0,0.8522817492485046,0.1083436831831932,0.03937448933720589,-1,-0.1449250150336145,LV-T
FI2010_Benchmark,DeepLOB_CNN_LSTM,4,151,2,0,0.8416392207145691,0.10108251124620438,0.05727827921509743,-1,-0.16993501504114397,LV-T
FI2010_Benchmark,DeepLOB_CNN_LSTM,4,152,2,0,0.8491747975349426,0.09921599924564362,0.051609255373477936,-1,-0.2449300152095441,LV-M
FI2010_Benchmark,DeepLOB_CNN_LSTM,4,153,2,0,0.8672835826873779,0.09360166639089584,0.039114758372306824,-1,-0.1699250153643556,LV-M
FI2010_Benchmark,DeepLOB_CNN_LSTM,4,154,2,0,0.8276318907737732,0.11160307377576828,0.06076508015394211,-1,-0.14493501608067724,LV-T
FI2010_Benchmark,DeepLOB_CNN_LSTM,4,155,2,0,0.8020102977752686,0.11306113004684448,0.08492866158485413,-1,-0.09493501608066587,LV-T
FI2010_Benchmark,DeepLOB_CNN_LSTM,4,156,2,0,0.8040101528167725,0.10722526907920837,0.0887644961476326,-1,-0.019945016088758004,LV-T
FI2010_Benchmark,DeepLOB_CNN_LSTM,4,157,2,0,0.8164032697677612,0.09994909912347794,0.08364761620759964,-1,-0.14494001624580022,LV-T
FI2010_Benchmark,DeepLOB_CNN_LSTM,4,158,2,0,0.8321070075035095,0.09651625156402588,0.07137678563594818,-1,-0.24493501624179412,LV-T
FI2010_Benchmark,DeepLOB_CNN_LSTM,4,159,2,0,0.8201347589492798,0.10623560100793839,0.07362964749336243,-1,-0.19493501605845337,LV-T
FI2010_Benchmark,DeepLOB_CNN_LSTM,4,160,2,0,0.7519647479057312,0.12033916264772415,0.12769608199596405,-1,-0.19494501674578749,LV-T
FI2010_Benchmark,DeepLOB_CNN_LSTM,4,161,2,0,0.7355719208717346,0.13459278643131256,0.12983526289463043,-1,-0.14496001810474246,LV-T
FI2010_Benchmark,DeepLOB_CNN_LSTM,4,162,2,0,0.6706061959266663,0.1407211571931839,0.18867269158363342,-1,-0.04496501822294013,LV-T
FI2010_Benchmark,DeepLOB_CNN_LSTM,4,163,2,0,0.7104209065437317,0.13184693455696106,0.15773215889930725,-1,-0.1949500190036697,LV-T
FI2010_Benchmark,DeepLOB_CNN_LSTM,4,164,2,0,0.6493287682533264,0.1518634855747223,0.1988077312707901,-1,-0.11995501856370525,LV-T
FI2010_Benchmark,DeepLOB_CNN_LSTM,4,165,2,0,0.6889389753341675,0.15238173305988312,0.1586792767047882,-1,-0.1949450191447228,LV-T
FI2010_Benchmark,DeepLOB_CNN_LSTM,4,166,2,0,0.7087358832359314,0.17506521940231323,0.11619888991117477,-1,-0.24494001927550438,LV-T
FI2010_Benchmark,DeepLOB_CNN_LSTM,4,167,2,0,0.642775297164917,0.21257483959197998,0.14464980363845825,-1,-0.094955019909337,LV-T
FI2010_Benchmark,DeepLOB_CNN_LSTM,4,168,2,2,0.34549546241760254,0.27479156851768494,0.3797130286693573,1,-0.09497502140833154,LV-M
FI2010_Benchmark,DeepLOB_CNN_LSTM,4,169,2,2,0.1959686577320099,0.3454398512840271,0.4585915505886078,1,0.005034978183391943,LV-M
FI2010_Benchmark,DeepLOB_CNN_LSTM,4,170,2,2,0.06169319897890091,0.30509817600250244,0.6332085728645325,1,-0.019975022035833463,LV-M
FI2010_Benchmark,DeepLOB_CNN_LSTM,4,171,1,2,0.03977508842945099,0.28526490926742554,0.6749600768089294,1,0.005024977964172221,LV-M
FI2010_Benchmark,DeepLOB_CNN_LSTM,4,172,1,2,0.047612451016902924,0.4202691912651062,0.5321183800697327,1,0.005034977977436801,LV-M
FI2010_Benchmark,DeepLOB_CNN_LSTM,4,173,1,1,0.05455834046006203,0.5008028149604797,0.44463884830474854,0,0.0,LV-M
FI2010_Benchmark,DeepLOB_CNN_LSTM,4,174,1,1,0.07302530109882355,0.6403438448905945,0.2866308391094208,0,0.0,LV-M
FI2010_Benchmark,DeepLOB_CNN_LSTM,4,175,1,1,0.06095859408378601,0.5892003178596497,0.3498411178588867,0,0.0,LV-M
FI2010_Benchmark,DeepLOB_CNN_LSTM,4,176,1,1,0.056616734713315964,0.5956770181655884,0.34770622849464417,0,0.0,LV-M
FI2010_Benchmark,DeepLOB_CNN_LSTM,4,177,1,1,0.06499716639518738,0.6874352693557739,0.24756760895252228,0,0.0,LV-M
FI2010_Benchmark,DeepLOB_CNN_LSTM,4,178,1,1,0.08214572817087173,0.7292373180389404,0.18861688673496246,0,0.0,LV-M
FI2010_Benchmark,DeepLOB_CNN_LSTM,4,179,1,1,0.07799945026636124,0.6320258975028992,0.2899746894836426,0,0.0,LV-M
FI2010_Benchmark,DeepLOB_CNN_LSTM,4,180,1,1,0.04951819032430649,0.5511340498924255,0.3993477523326874,0,0.0,LV-M
FI2010_Benchmark,DeepLOB_CNN_LSTM,4,181,1,1,0.0467783585190773,0.5291575789451599,0.4240640699863434,0,0.0,LV-M
FI2010_Benchmark,DeepLOB_CNN_LSTM,4,182,1,1,0.05946839228272438,0.6680204272270203,0.2725111246109009,0,0.0,LV-M
FI2010_Benchmark,DeepLOB_CNN_LSTM,4,183,1,1,0.05037328600883484,0.638485848903656,0.31114089488983154,0,0.0,LV-M
FI2010_Benchmark,DeepLOB_CNN_LSTM,4,184,1,1,0.04690708965063095,0.6097886562347412,0.343304306268692,0,0.0,LV-M
FI2010_Benchmark,DeepLOB_CNN_LSTM,4,185,2,1,0.051570288836956024,0.6899702548980713,0.2584594488143921,0,0.0,LV-M
FI2010_Benchmark,DeepLOB_CNN_LSTM,4,186,2,1,0.05833646282553673,0.7009186744689941,0.24074485898017883,0,0.0,LV-M
FI2010_Benchmark,DeepLOB_CNN_LSTM,4,187,2,1,0.05861420929431915,0.71921306848526,0.22217276692390442,0,0.0,LV-M
FI2010_Benchmark,DeepLOB_CNN_LSTM,4,188,2,1,0.0628039762377739,0.7392604351043701,0.19793561100959778,0,0.0,LV-M
FI2010_Benchmark,DeepLOB_CNN_LSTM,4,189,2,1,0.06098008155822754,0.7487046122550964,0.19031527638435364,0,0.0,LV-M
FI2010_Benchmark,DeepLOB_CNN_LSTM,4,190,2,1,0.06559713184833527,0.7340480089187622,0.2003549039363861,0,0.0,LV-M
FI2010_Benchmark,DeepLOB_CNN_LSTM,4,191,2,1,0.07190343737602234,0.6607818007469177,0.2673147916793823,0,0.0,LV-M
FI2010_Benchmark,DeepLOB_CNN_LSTM,4,192,2,1,0.07894445955753326,0.6008911728858948,0.320164293050766,0,0.0,LV-M
FI2010_Benchmark,DeepLOB_CNN_LSTM,4,193,2,1,0.09062299132347107,0.6234042048454285,0.2859727442264557,0,0.0,LV-M
FI2010_Benchmark,DeepLOB_CNN_LSTM,4,194,2,1,0.1196298748254776,0.6373874545097351,0.2429826706647873,0,0.0,LV-M
FI2010_Benchmark,DeepLOB_CNN_LSTM,4,195,2,1,0.18908068537712097,0.5848551392555237,0.22606422007083893,0,0.0,LV-M
FI2010_Benchmark,LiT_Transformer,4,0,1,2,0.03065972402691841,0.08919446915388107,0.880145788192749,1,-0.09486504966248152,HV-T
FI2010_Benchmark,LiT_Transformer,4,1,1,2,0.035466548055410385,0.10344848781824112,0.8610849976539612,1,-0.09486000883659867,HV-T
FI2010_Benchmark,LiT_Transformer,4,2,1,2,0.04408198595046997,0.1160779595375061,0.8398400545120239,1,-0.06985500721415785,HV-T
FI2010_Benchmark,LiT_Transformer,4,3,1,2,0.04105254262685776,0.12406974285840988,0.8348777890205383,1,-0.0698550072141578,HV-T
FI2010_Benchmark,LiT_Transformer,4,4,1,2,0.031147342175245285,0.10912489145994186,0.8597277402877808,1,-0.06985500684395121,HV-T
FI2010_Benchmark,LiT_Transformer,4,5,1,2,0.027176599949598312,0.10630780458450317,0.8665156364440918,1,-0.14485500645252794,HV-T
FI2010_Benchmark,LiT_Transformer,4,6,0,2,0.027415260672569275,0.11580631136894226,0.8567784428596497,1,-0.14486501250471462,HV-T
FI2010_Benchmark,LiT_Transformer,4,7,0,2,0.01868053339421749,0.09790518879890442,0.8834143280982971,1,-0.26987501457257634,HV-M
FI2010_Benchmark,LiT_Transformer,4,8,0,2,0.018724782392382622,0.09906229376792908,0.8822129368782043,1,-0.24487001458916646,LV-M
FI2010_Benchmark,LiT_Transformer,4,9,0,2,0.017542464658617973,0.09586071968078613,0.8865967392921448,1,-0.2448600160805027,LV-M
FI2010_Benchmark,LiT_Transformer,4,10,0,2,0.01886438950896263,0.11652815341949463,0.8646074533462524,1,-0.19485501562409918,LV-M
FI2010_Benchmark,LiT_Transformer,4,11,0,2,0.017192469909787178,0.0943947434425354,0.8884128332138062,1,-0.1948550149113982,LV-M
FI2010_Benchmark,LiT_Transformer,4,12,0,2,0.01754891872406006,0.0955873429775238,0.8868637084960938,1,-0.1448500145624228,LV-T
FI2010_Benchmark,LiT_Transformer,4,13,0,2,0.01823512464761734,0.09937822818756104,0.8823866248130798,1,-0.14485001401231512,HV-T
FI2010_Benchmark,LiT_Transformer,4,14,0,2,0.01805887557566166,0.10214612632989883,0.8797950148582458,1,-0.16985001352025803,HV-T
FI2010_Benchmark,LiT_Transformer,4,15,0,2,0.02089734748005867,0.10393088310956955,0.8751717805862427,1,-0.04483501571025281,HV-T
FI2010_Benchmark,LiT_Transformer,4,16,0,2,0.017778975889086723,0.08677936345338821,0.8954415917396545,1,-0.04484501683729827,HV-T
FI2010_Benchmark,LiT_Transformer,4,17,1,2,0.01920061744749546,0.09322009980678558,0.8875793218612671,1,0.055169981760422176,HV-M
FI2010_Benchmark,LiT_Transformer,4,18,1,2,0.01852087490260601,0.09201875329017639,0.8894604444503784,1,0.1051649818281405,HV-M
FI2010_Benchmark,LiT_Transformer,4,19,2,2,0.018788376823067665,0.08859460055828094,0.8926170468330383,1,0.055174981705949325,HV-M
FI2010_Benchmark,LiT_Transformer,4,20,2,2,0.019036345183849335,0.08745718747377396,0.8935064673423767,1,0.15517498213591396,HV-M
FI2010_Benchmark,LiT_Transformer,4,21,2,2,0.01867695152759552,0.08763586729764938,0.8936871886253357,1,0.15517498253700068,HV-M
FI2010_Benchmark,LiT_Transformer,4,22,2,2,0.01968962699174881,0.0926097109913826,0.8877006769180298,1,0.10516498185170205,HV-T
FI2010_Benchmark,LiT_Transformer,4,23,2,2,0.018203455954790115,0.08526811003684998,0.8965284824371338,1,0.055164982238191426,HV-T
FI2010_Benchmark,LiT_Transformer,4,24,2,2,0.016250895336270332,0.06512203067541122,0.918627142906189,1,0.055169982515661145,HV-T
FI2010_Benchmark,LiT_Transformer,4,25,2,2,0.016051236540079117,0.06286804378032684,0.9210807085037231,1,0.0801649825797284,HV-T
FI2010_Benchmark,LiT_Transformer,4,26,2,2,0.016112424433231354,0.06486742943525314,0.9190201163291931,1,0.005154982086206322,HV-T
FI2010_Benchmark,LiT_Transformer,4,27,2,2,0.016739556565880775,0.06476975977420807,0.9184906482696533,1,0.00514498169426042,HV-T
FI2010_Benchmark,LiT_Transformer,4,28,2,2,0.016337944194674492,0.062214210629463196,0.9214478731155396,1,-0.019865018616999734,HV-T
FI2010_Benchmark,LiT_Transformer,4,29,2,2,0.016154775395989418,0.06373356282711029,0.9201115965843201,1,0.10514498115531007,HV-T
FI2010_Benchmark,LiT_Transformer,4,30,2,2,0.015097709372639656,0.06322164833545685,0.9216806292533875,1,0.1301349805637934,HV-T
FI2010_Benchmark,LiT_Transformer,4,31,2,2,0.015363753773272038,0.06572286039590836,0.9189134240150452,1,0.1551349807076385,HV-T
FI2010_Benchmark,LiT_Transformer,4,32,2,2,0.013646445237100124,0.06785223633050919,0.9185013175010681,1,0.1051349808620047,HV-T
FI2010_Benchmark,LiT_Transformer,4,33,2,2,0.013243244029581547,0.08457869291305542,0.9021781086921692,1,0.1051349808620047,HV-T
FI2010_Benchmark,LiT_Transformer,4,34,2,2,0.01298151072114706,0.10229609161615372,0.8847224116325378,1,0.15514498029850052,HV-T
FI2010_Benchmark,LiT_Transformer,4,35,2,2,0.013021182268857956,0.12265198677778244,0.8643268346786499,1,0.10513998016185737,HV-T
FI2010_Benchmark,LiT_Transformer,4,36,2,2,0.013487504795193672,0.15696412324905396,0.8295483589172363,1,0.1551449805923003,HV-T
FI2010_Benchmark,LiT_Transformer,4,37,2,2,0.013040890917181969,0.15581955015659332,0.8311396241188049,1,0.055134980581982025,HV-T
FI2010_Benchmark,LiT_Transformer,4,38,2,2,0.013050120323896408,0.15743017196655273,0.8295197486877441,1,0.1051299805586165,HV-T
FI2010_Benchmark,LiT_Transformer,4,39,2,2,0.013019661419093609,0.1564415991306305,0.8305386900901794,1,0.005114979974842955,HV-T
FI2010_Benchmark,LiT_Transformer,4,40,2,2,0.01290116086602211,0.15004578232765198,0.837053120136261,1,-0.14490002084876366,HV-T
FI2010_Benchmark,LiT_Transformer,4,41,1,2,0.01293205376714468,0.14988555014133453,0.8371824026107788,1,-0.14490502090116833,HV-T
FI2010_Benchmark,LiT_Transformer,4,42,1,2,0.013160636648535728,0.17244571447372437,0.8143936395645142,1,-0.09489502135296274,HV-M
FI2010_Benchmark,LiT_Transformer,4,43,1,2,0.01317195687443018,0.1787175089120865,0.8081104755401611,1,-0.09489502135296274,HV-M
FI2010_Benchmark,LiT_Transformer,4,44,0,2,0.013070856221020222,0.16632983088493347,0.8205993175506592,1,-0.09489502135296274,HV-M
FI2010_Benchmark,LiT_Transformer,4,45,0,2,0.013231052085757256,0.1922760158777237,0.7944929599761963,1,-0.09489501989651497,HV-M
FI2010_Benchmark,LiT_Transformer,4,46,1,2,0.013155009597539902,0.18868334591388702,0.7981615662574768,1,-0.04489501954822988,HV-M
FI2010_Benchmark,LiT_Transformer,4,47,1,2,0.01319772470742464,0.19682246446609497,0.7899797558784485,1,0.05511498127069331,HV-M
FI2010_Benchmark,LiT_Transformer,4,48,1,2,0.0125131132081151,0.17257143557071686,0.8149154186248779,1,-0.04490502046791506,HV-M
FI2010_Benchmark,LiT_Transformer,4,49,1,2,0.012614366598427296,0.1844649612903595,0.8029206395149231,1,0.030104979546960814,HV-M
FI2010_Benchmark,LiT_Transformer,4,50,2,2,0.012573570013046265,0.1778859794139862,0.8095404505729675,1,0.15511497881528744,HV-M
FI2010_Benchmark,LiT_Transformer,4,51,2,2,0.012547620572149754,0.1755892038345337,0.8118631839752197,1,0.18011497881529312,HV-M
FI2010_Benchmark,LiT_Transformer,4,52,2,2,0.012671859003603458,0.1906336098909378,0.7966944575309753,1,0.15511497914203382,HV-M
FI2010_Benchmark,LiT_Transformer,4,53,2,2,0.012786269187927246,0.18374307453632355,0.8034706711769104,1,0.15511497914203382,HV-M
FI2010_Benchmark,LiT_Transformer,4,54,2,2,0.012934322468936443,0.19459763169288635,0.7924680709838867,1,0.1551149793638723,HV-M
FI2010_Benchmark,LiT_Transformer,4,55,2,2,0.01303732581436634,0.19982635974884033,0.7871363162994385,1,0.10510497906449365,HV-M
FI2010_Benchmark,LiT_Transformer,4,56,2,2,0.013367047533392906,0.22877927124500275,0.7578536868095398,1,0.10510497939519443,HV-M
FI2010_Benchmark,LiT_Transformer,4,57,2,2,0.013221308588981628,0.20821012556552887,0.7785686254501343,1,0.05509497938702602,HV-M
FI2010_Benchmark,LiT_Transformer,4,58,2,2,0.014375172555446625,0.2794775366783142,0.7061472535133362,1,0.05509497975819258,HV-M
FI2010_Benchmark,LiT_Transformer,4,59,2,2,0.01380783598870039,0.2498750388622284,0.7363171577453613,1,0.005089980419397913,HV-M
FI2010_Benchmark,LiT_Transformer,4,60,2,2,0.013793863356113434,0.23806577920913696,0.7481403350830078,1,-0.044925020167225355,HV-M
FI2010_Benchmark,LiT_Transformer,4,61,1,2,0.013412709347903728,0.2084203064441681,0.7781670689582825,1,-0.14493002019430792,HV-M
FI2010_Benchmark,LiT_Transformer,4,62,1,2,0.013359284028410912,0.21101045608520508,0.7756302356719971,1,-0.14492502043254327,HV-M
FI2010_Benchmark,LiT_Transformer,4,63,0,2,0.013601569458842278,0.21070632338523865,0.7756921648979187,1,-0.19492502043255464,HV-M
FI2010_Benchmark,LiT_Transformer,4,64,0,2,0.013575267978012562,0.2280513048171997,0.7583734393119812,1,-0.19492501965749762,HV-M
FI2010_Benchmark,LiT_Transformer,4,65,0,2,0.013861188665032387,0.2720080614089966,0.714130699634552,1,-0.16992501964354914,HV-M
FI2010_Benchmark,LiT_Transformer,4,66,0,2,0.01439460925757885,0.3282095789909363,0.6573958396911621,1,-0.1949250193796087,HV-M
FI2010_Benchmark,LiT_Transformer,4,67,0,2,0.014576652087271214,0.3385734260082245,0.6468498706817627,1,-0.14492501905935384,HV-M
FI2010_Benchmark,LiT_Transformer,4,68,0,2,0.014605709351599216,0.3576793968677521,0.6277148723602295,1,-0.19492501902607004,HV-M
FI2010_Benchmark,LiT_Transformer,4,69,0,2,0.01488525327295065,0.37236112356185913,0.6127536296844482,1,-0.14492501798659832,HV-T
FI2010_Benchmark,LiT_Transformer,4,70,0,2,0.014877189882099628,0.36693012714385986,0.618192732334137,1,-0.09492501678880208,HV-T
FI2010_Benchmark,LiT_Transformer,4,71,0,2,0.015697041526436806,0.37540391087532043,0.6088990569114685,1,-0.04491501736357308,HV-T
FI2010_Benchmark,LiT_Transformer,4,72,0,2,0.016897864639759064,0.42825251817703247,0.5548496246337891,1,0.005094982645772982,HV-T
FI2010_Benchmark,LiT_Transformer,4,73,1,2,0.022153114899992943,0.46550318598747253,0.5123436450958252,1,0.13010498202449397,HV-T
FI2010_Benchmark,LiT_Transformer,4,74,2,1,0.0273057222366333,0.5923038125038147,0.3803904354572296,0,0.0,HV-T
FI2010_Benchmark,LiT_Transformer,4,75,2,1,0.025701483711600304,0.5428038239479065,0.43149471282958984,0,0.0,HV-T
FI2010_Benchmark,LiT_Transformer,4,76,2,1,0.029155345633625984,0.5512651205062866,0.41957950592041016,0,0.0,HV-T
FI2010_Benchmark,LiT_Transformer,4,77,2,1,0.03262631967663765,0.5273485779762268,0.44002509117126465,0,0.0,HV-T
FI2010_Benchmark,LiT_Transformer,4,78,2,1,0.03954142704606056,0.5460212230682373,0.41443735361099243,0,0.0,HV-T
FI2010_Benchmark,LiT_Transformer,4,79,2,1,0.04358140006661415,0.5420113801956177,0.41440728306770325,0,0.0,HV-T
FI2010_Benchmark,LiT_Transformer,4,80,2,1,0.04632223770022392,0.5039010643959045,0.44977667927742004,0,0.0,HV-T
FI2010_Benchmark,LiT_Transformer,4,81,2,1,0.07061789184808731,0.4892727732658386,0.4401092827320099,0,0.0,HV-T
FI2010_Benchmark,LiT_Transformer,4,82,1,1,0.13419756293296814,0.5562161803245544,0.30958619713783264,0,0.0,HV-T
FI2010_Benchmark,LiT_Transformer,4,83,1,1,0.1485844999551773,0.5180280804634094,0.33338743448257446,0,0.0,HV-T
FI2010_Benchmark,LiT_Transformer,4,84,0,1,0.18976786732673645,0.5189977288246155,0.2912343144416809,0,0.0,HV-M
FI2010_Benchmark,LiT_Transformer,4,85,0,1,0.18914245069026947,0.5414073467254639,0.26945021748542786,0,0.0,HV-M
FI2010_Benchmark,LiT_Transformer,4,86,0,1,0.17858318984508514,0.552856981754303,0.26855990290641785,0,0.0,HV-M
FI2010_Benchmark,LiT_Transformer,4,87,0,2,0.09287093579769135,0.4384712874889374,0.46865779161453247,1,-0.2449250179122523,HV-M
FI2010_Benchmark,LiT_Transformer,4,88,0,2,0.027130527421832085,0.3367862105369568,0.63608318567276,1,-0.19492001809235582,HV-M
FI2010_Benchmark,LiT_Transformer,4,89,0,2,0.021350597962737083,0.2736802101135254,0.7049691677093506,1,-0.2449300185087511,HV-M
FI2010_Benchmark,LiT_Transformer,4,90,0,2,0.022606628015637398,0.2995876967906952,0.6778057217597961,1,-0.06991501855078244,HV-M
FI2010_Benchmark,LiT_Transformer,4,91,0,2,0.03219061344861984,0.3671221137046814,0.6006872057914734,1,-0.04490501887277458,HV-M
FI2010_Benchmark,LiT_Transformer,4,92,0,1,0.0927838385105133,0.5740799307823181,0.3331362307071686,0,0.0,HV-M
FI2010_Benchmark,LiT_Transformer,4,93,1,1,0.06670940667390823,0.5051961541175842,0.4280944764614105,0,0.0,HV-M
FI2010_Benchmark,LiT_Transformer,4,94,1,2,0.05104738101363182,0.43669822812080383,0.5122544169425964,1,-0.044895019235700884,HV-M
FI2010_Benchmark,LiT_Transformer,4,95,1,2,0.04760057479143143,0.3412962555885315,0.6111031174659729,1,-0.04489001931019035,HV-M
FI2010_Benchmark,LiT_Transformer,4,96,1,2,0.14024169743061066,0.3915647864341736,0.4681936204433441,1,-0.01989501951388286,HV-M
FI2010_Benchmark,LiT_Transformer,4,97,1,2,0.11283296346664429,0.35973986983299255,0.5274271965026855,1,0.03011498007700575,HV-M
FI2010_Benchmark,LiT_Transformer,4,98,1,1,0.2737717032432556,0.367617130279541,0.35861125588417053,0,0.0,HV-M
FI2010_Benchmark,LiT_Transformer,4,99,1,2,0.2963472902774811,0.3511839210987091,0.35246872901916504,1,-0.044895020589296626,HV-M
FI2010_Benchmark,LiT_Transformer,4,100,1,0,0.36190858483314514,0.30643314123153687,0.3316582441329956,-1,-0.0699100218623836,HV-M
FI2010_Benchmark,LiT_Transformer,4,101,1,0,0.3941352665424347,0.29004260897636414,0.31582215428352356,-1,-0.09490502150562495,HV-M
FI2010_Benchmark,LiT_Transformer,4,102,1,0,0.4391944110393524,0.28575849533081055,0.2750471234321594,-1,-0.1948950214953297,HV-M
FI2010_Benchmark,LiT_Transformer,4,103,2,0,0.4178922176361084,0.2733019292354584,0.3088058531284332,-1,-0.0949050215062544,HV-M
FI2010_Benchmark,LiT_Transformer,4,104,2,0,0.43495628237724304,0.26634323596954346,0.2987004518508911,-1,-0.16990502150627146,HV-M
FI2010_Benchmark,LiT_Transformer,4,105,2,0,0.49315953254699707,0.26589393615722656,0.24094659090042114,-1,-0.19489502188030464,HV-M
FI2010_Benchmark,LiT_Transformer,4,106,2,0,0.47213587164878845,0.2698397636413574,0.2580244243144989,-1,-0.21990002188568064,HV-M
FI2010_Benchmark,LiT_Transformer,4,107,2,2,0.3295801281929016,0.2811737060546875,0.3892461955547333,1,0.055099978612429976,HV-M
FI2010_Benchmark,LiT_Transformer,4,108,2,0,0.3988622725009918,0.29078906774520874,0.31034862995147705,-1,-0.1698950210054555,HV-M
FI2010_Benchmark,LiT_Transformer,4,109,2,0,0.4648199677467346,0.2876396179199219,0.2475404143333435,-1,-0.1948950204686754,HV-T
FI2010_Benchmark,LiT_Transformer,4,110,2,0,0.5318222641944885,0.2757944166660309,0.19238337874412537,-1,-0.14491002114560803,HV-T
FI2010_Benchmark,LiT_Transformer,4,111,2,2,0.26302602887153625,0.3634600043296814,0.37351399660110474,1,0.05508497871792179,HV-T
FI2010_Benchmark,LiT_Transformer,4,112,2,1,0.25621259212493896,0.37944042682647705,0.36434701085090637,0,0.0,HV-T
FI2010_Benchmark,LiT_Transformer,4,113,2,2,0.03709288686513901,0.2771055996417999,0.6858015656471252,1,0.055084978883339006,HV-T
FI2010_Benchmark,LiT_Transformer,4,114,2,2,0.036680418998003006,0.3382418155670166,0.6250777840614319,1,-0.04493002216271766,HV-T
FI2010_Benchmark,LiT_Transformer,4,115,2,1,0.044526346027851105,0.5410923957824707,0.41438132524490356,0,0.0,HV-T
FI2010_Benchmark,LiT_Transformer,4,116,2,2,0.028901105746626854,0.37406814098358154,0.597030758857727,1,0.0050699781149299294,HV-T
FI2010_Benchmark,LiT_Transformer,4,117,2,2,0.028809059411287308,0.3641482889652252,0.6070426106452942,1,0.055074978455708315,HV-T
FI2010_Benchmark,LiT_Transformer,4,118,2,1,0.03838340938091278,0.5094513893127441,0.4521651864051819,0,0.0,HV-T
FI2010_Benchmark,LiT_Transformer,4,119,2,1,0.0407252199947834,0.507267951965332,0.45200687646865845,0,0.0,LV-T
FI2010_Benchmark,LiT_Transformer,4,120,2,2,0.02626958116889,0.41413596272468567,0.559594452381134,1,0.05507498003022089,LV-T
FI2010_Benchmark,LiT_Transformer,4,121,2,2,0.02284472994506359,0.4326060712337494,0.5445492267608643,1,0.005064980165640963,LV-M
FI2010_Benchmark,LiT_Transformer,4,122,2,2,0.02334444969892502,0.4372378885746002,0.5394176244735718,1,-0.044935019150386765,LV-M
FI2010_Benchmark,LiT_Transformer,4,123,2,2,0.017947794869542122,0.2873225808143616,0.6947296261787415,1,0.05506498084961466,LV-M
FI2010_Benchmark,LiT_Transformer,4,124,2,2,0.016727417707443237,0.26087918877601624,0.7223934531211853,1,-0.044935019150386765,LV-M
FI2010_Benchmark,LiT_Transformer,4,125,2,2,0.015714192762970924,0.22505348920822144,0.7592323422431946,1,0.005064981072180619,LV-M
FI2010_Benchmark,LiT_Transformer,4,126,2,2,0.014967072755098343,0.15867958962917328,0.8263533711433411,1,-0.044945019270765225,LV-M
FI2010_Benchmark,LiT_Transformer,4,127,1,2,0.015544342808425426,0.17636778950691223,0.8080878257751465,1,-0.09494501848680725,LV-M
FI2010_Benchmark,LiT_Transformer,4,128,1,2,0.01525619626045227,0.20542682707309723,0.7793169617652893,1,-0.04494001834837727,LV-M
FI2010_Benchmark,LiT_Transformer,4,129,1,2,0.01621561124920845,0.23844094574451447,0.7453434467315674,1,-0.06994501840655334,LV-M
FI2010_Benchmark,LiT_Transformer,4,130,1,2,0.015147252008318901,0.20183680951595306,0.7830159664154053,1,-0.09494501729931995,LV-M
FI2010_Benchmark,LiT_Transformer,4,131,1,2,0.015284745953977108,0.24337641894817352,0.741338849067688,1,-0.14494501706328464,LV-M
FI2010_Benchmark,LiT_Transformer,4,132,1,2,0.014852098189294338,0.18471699953079224,0.8004308938980103,1,-0.1449450162181054,LV-M
FI2010_Benchmark,LiT_Transformer,4,133,0,2,0.014379848726093769,0.1620027869939804,0.8236173987388611,1,-0.14495501622344883,LV-T
FI2010_Benchmark,LiT_Transformer,4,134,0,2,0.014607996679842472,0.17948384582996368,0.805908203125,1,-0.09494501705693498,LV-T
FI2010_Benchmark,LiT_Transformer,4,135,0,2,0.014935863204300404,0.17935088276863098,0.8057132959365845,1,-0.09494501621141047,LV-T
FI2010_Benchmark,LiT_Transformer,4,136,0,2,0.01511483732610941,0.18632248044013977,0.7985627055168152,1,-0.11994501614999448,LV-T
FI2010_Benchmark,LiT_Transformer,4,137,0,2,0.0152159184217453,0.19536305963993073,0.789421021938324,1,-0.04493501696598327,LV-T
FI2010_Benchmark,LiT_Transformer,4,138,1,2,0.015317917801439762,0.2108563929796219,0.7738257050514221,1,-0.09494501717861438,LV-T
FI2010_Benchmark,LiT_Transformer,4,139,1,2,0.01547201257199049,0.2265518307685852,0.7579761743545532,1,-0.09494001742871445,LV-T
FI2010_Benchmark,LiT_Transformer,4,140,1,2,0.015769412741065025,0.22116142511367798,0.7630691528320312,1,-0.09493501644375393,LV-T
FI2010_Benchmark,LiT_Transformer,4,141,1,2,0.017390960827469826,0.23124900460243225,0.7513600587844849,1,-0.044935016328405075,LV-T
FI2010_Benchmark,LiT_Transformer,4,142,1,2,0.01828470081090927,0.2325427532196045,0.749172568321228,1,-0.019925016406972425,LV-T
FI2010_Benchmark,LiT_Transformer,4,143,1,2,0.022000443190336227,0.2672749161720276,0.7107245922088623,1,-0.09493501632709024,LV-T
FI2010_Benchmark,LiT_Transformer,4,144,1,2,0.020773792639374733,0.22711901366710663,0.7521072030067444,1,-0.044935014855593564,LV-T
FI2010_Benchmark,LiT_Transformer,4,145,1,2,0.02182810567319393,0.22277019917964935,0.7554016709327698,1,-0.0449350146545952,LV-T
FI2010_Benchmark,LiT_Transformer,4,146,1,2,0.036259789019823074,0.2390245497226715,0.7247156500816345,1,0.0050699853246284066,LV-T
FI2010_Benchmark,LiT_Transformer,4,147,1,2,0.050154536962509155,0.3257191479206085,0.6241263151168823,1,-0.01993501465441916,LV-T
FI2010_Benchmark,LiT_Transformer,4,148,1,2,0.07892226427793503,0.35262519121170044,0.5684524774551392,1,-0.044935014438071165,LV-T
FI2010_Benchmark,LiT_Transformer,4,149,1,2,0.07825338840484619,0.2878630459308624,0.6338835954666138,1,-0.04493501428154557,LV-T
FI2010_Benchmark,LiT_Transformer,4,150,1,2,0.10340581089258194,0.2991306185722351,0.5974635481834412,1,0.05507498496637414,LV-T
FI2010_Benchmark,LiT_Transformer,4,151,2,2,0.2019900679588318,0.2903561294078827,0.5076538324356079,1,0.0800649849588276,LV-T
FI2010_Benchmark,LiT_Transformer,4,152,2,0,0.37353330850601196,0.27819713950157166,0.348269522190094,-1,-0.2449300152095441,LV-M
FI2010_Benchmark,LiT_Transformer,4,153,2,0,0.53487229347229,0.2487287074327469,0.21639896929264069,-1,-0.1699250153643556,LV-M
FI2010_Benchmark,LiT_Transformer,4,154,2,0,0.5396164059638977,0.23717722296714783,0.22320641577243805,-1,-0.14493501608067724,LV-T
FI2010_Benchmark,LiT_Transformer,4,155,2,0,0.5363581776618958,0.2395271211862564,0.22411471605300903,-1,-0.09493501608066587,LV-T
FI2010_Benchmark,LiT_Transformer,4,156,2,0,0.5217458009719849,0.2503933012485504,0.2278609424829483,-1,-0.019945016088758004,LV-T
FI2010_Benchmark,LiT_Transformer,4,157,2,0,0.4131808876991272,0.2610221803188324,0.3257969915866852,-1,-0.14494001624580022,LV-T
FI2010_Benchmark,LiT_Transformer,4,158,2,0,0.455247163772583,0.258419007062912,0.2863338589668274,-1,-0.24493501624179412,LV-T
FI2010_Benchmark,LiT_Transformer,4,159,2,0,0.5094304084777832,0.25181207060813904,0.23875747621059418,-1,-0.19493501605845337,LV-T
FI2010_Benchmark,LiT_Transformer,4,160,2,0,0.536523163318634,0.24569039046764374,0.21778655052185059,-1,-0.19494501674578749,LV-T
FI2010_Benchmark,LiT_Transformer,4,161,2,0,0.4308100640773773,0.3061674237251282,0.2630225419998169,-1,-0.14496001810474246,LV-T
FI2010_Benchmark,LiT_Transformer,4,162,2,2,0.29419535398483276,0.2869277596473694,0.41887688636779785,1,-0.04496501822294013,LV-T
FI2010_Benchmark,LiT_Transformer,4,163,2,2,0.21395795047283173,0.3163696527481079,0.4696725010871887,1,0.055049980996330294,LV-T
FI2010_Benchmark,LiT_Transformer,4,164,2,2,0.2035807967185974,0.34049367904663086,0.45592549443244934,1,0.030044981436272024,LV-T
FI2010_Benchmark,LiT_Transformer,4,165,2,2,0.20353929698467255,0.3690037131309509,0.42745691537857056,1,0.10505498085528858,LV-T
FI2010_Benchmark,LiT_Transformer,4,166,2,2,0.08621999621391296,0.33256107568740845,0.5812188982963562,1,0.10505998072448994,LV-T
FI2010_Benchmark,LiT_Transformer,4,167,2,2,0.06966053694486618,0.3878863453865051,0.5424531102180481,1,0.005044980090628905,LV-T
FI2010_Benchmark,LiT_Transformer,4,168,2,2,0.046612560749053955,0.27788347005844116,0.6755039691925049,1,-0.09497502140833154,LV-M
FI2010_Benchmark,LiT_Transformer,4,169,2,2,0.04824257642030716,0.3621179759502411,0.58963942527771,1,0.005034978183391943,LV-M
FI2010_Benchmark,LiT_Transformer,4,170,2,2,0.033665288239717484,0.2840736508369446,0.6822609901428223,1,-0.019975022035833463,LV-M
FI2010_Benchmark,LiT_Transformer,4,171,1,2,0.03194234147667885,0.28480541706085205,0.6832522749900818,1,0.005024977964172221,LV-M
FI2010_Benchmark,LiT_Transformer,4,172,1,2,0.03801462799310684,0.4455806612968445,0.5164047479629517,1,0.005034977977436801,LV-M
FI2010_Benchmark,LiT_Transformer,4,173,1,1,0.03400207683444023,0.511216938495636,0.4547809660434723,0,0.0,LV-M
FI2010_Benchmark,LiT_Transformer,4,174,1,1,0.042819783091545105,0.6346221566200256,0.3225579857826233,0,0.0,LV-M
FI2010_Benchmark,LiT_Transformer,4,175,1,1,0.03957356885075569,0.614543616771698,0.3458828330039978,0,0.0,LV-M
FI2010_Benchmark,LiT_Transformer,4,176,1,1,0.039444033056497574,0.6019505262374878,0.35860541462898254,0,0.0,LV-M
FI2010_Benchmark,LiT_Transformer,4,177,1,1,0.03980857506394386,0.6867244839668274,0.27346697449684143,0,0.0,LV-M
FI2010_Benchmark,LiT_Transformer,4,178,1,1,0.04583963379263878,0.685580313205719,0.26857998967170715,0,0.0,LV-M
FI2010_Benchmark,LiT_Transformer,4,179,1,1,0.04411410912871361,0.692033588886261,0.2638523280620575,0,0.0,LV-M
FI2010_Benchmark,LiT_Transformer,4,180,1,1,0.03361715376377106,0.6692643761634827,0.2971183955669403,0,0.0,LV-M
FI2010_Benchmark,LiT_Transformer,4,181,1,1,0.03518844023346901,0.7813095450401306,0.18350204825401306,0,0.0,LV-M
FI2010_Benchmark,LiT_Transformer,4,182,1,1,0.046693556010723114,0.8186202645301819,0.13468611240386963,0,0.0,LV-M
FI2010_Benchmark,LiT_Transformer,4,183,1,1,0.042489007115364075,0.8162394762039185,0.14127151668071747,0,0.0,LV-M
FI2010_Benchmark,LiT_Transformer,4,184,1,1,0.04554996266961098,0.8042393326759338,0.15021070837974548,0,0.0,LV-M
FI2010_Benchmark,LiT_Transformer,4,185,2,1,0.059676650911569595,0.8194544911384583,0.12086888402700424,0,0.0,LV-M
FI2010_Benchmark,LiT_Transformer,4,186,2,1,0.06334938853979111,0.8154739737510681,0.12117663770914078,0,0.0,LV-M
FI2010_Benchmark,LiT_Transformer,4,187,2,1,0.05411038175225258,0.818863034248352,0.12702660262584686,0,0.0,LV-M
FI2010_Benchmark,LiT_Transformer,4,188,2,1,0.06493614614009857,0.8102289438247681,0.12483491003513336,0,0.0,LV-M
FI2010_Benchmark,LiT_Transformer,4,189,2,1,0.0526144802570343,0.8128567934036255,0.1345287263393402,0,0.0,LV-M
FI2010_Benchmark,LiT_Transformer,4,190,2,1,0.056695979088544846,0.8239538073539734,0.11935022473335266,0,0.0,LV-M
FI2010_Benchmark,LiT_Transformer,4,191,2,1,0.05908028781414032,0.7950385212898254,0.14588114619255066,0,0.0,LV-M
FI2010_Benchmark,LiT_Transformer,4,192,2,1,0.06120848283171654,0.7647008895874023,0.17409062385559082,0,0.0,LV-M
FI2010_Benchmark,LiT_Transformer,4,193,2,1,0.06136578693985939,0.7626585960388184,0.17597562074661255,0,0.0,LV-M
FI2010_Benchmark,LiT_Transformer,4,194,2,1,0.10991109162569046,0.7387364506721497,0.15135249495506287,0,0.0,LV-M
FI2010_Benchmark,LiT_Transformer,4,195,2,1,0.26346349716186523,0.5645079016685486,0.1720285415649414,0,0.0,LV-M
Crypto_BTC_USDT,Logistic_Regression,4,0,1,2,0.028797623304285987,0.012275199360579867,0.9589271773351341,1,-15.493888609627911,HV-T
Crypto_BTC_USDT,Logistic_Regression,4,1,1,2,0.014103269456157794,0.23457184899334194,0.7513248815505003,1,-15.593860017664584,HV-T
Crypto_BTC_USDT,Logistic_Regression,4,2,1,1,0.003944546885850696,0.60271031508026,0.39334513803388943,0,0.0,HV-T
Crypto_BTC_USDT,Logistic_Regression,4,3,1,1,0.00583706222036395,0.9346494693874661,0.059513468392170095,0,0.0,HV-T
Crypto_BTC_USDT,Logistic_Regression,4,4,1,1,0.011409762289295512,0.871357388275542,0.11723284943516239,0,0.0,HV-T
Crypto_BTC_USDT,Logistic_Regression,4,5,1,1,0.007601647475952474,0.9909032270145273,0.0014951255095201272,0,0.0,HV-T
Crypto_BTC_USDT,Logistic_Regression,4,6,1,1,0.020224867111328107,0.9344506186729986,0.045324514215673496,0,0.0,HV-T
Crypto_BTC_USDT,Logistic_Regression,4,7,1,1,0.15973645087399857,0.8048909384716341,0.03537261065436745,0,0.0,LV-M
Crypto_BTC_USDT,Logistic_Regression,4,8,1,1,0.11806774571500674,0.872124756624863,0.0098074976601303,0,0.0,LV-M
Crypto_BTC_USDT,Logistic_Regression,4,9,1,1,0.0039481307252908285,0.9586875414933552,0.03736432778135406,0,0.0,LV-M
Crypto_BTC_USDT,Logistic_Regression,4,10,1,1,0.03124084995824137,0.6278550474357828,0.3409041026059758,0,0.0,LV-M
Crypto_BTC_USDT,Logistic_Regression,4,11,1,0,0.5307354619674114,0.37197937112112645,0.09728516691146202,-1,-15.493850031983037,LV-M
Crypto_BTC_USDT,Logistic_Regression,4,12,1,1,0.08822356806010685,0.8761519203498118,0.035624511590081294,0,0.0,LV-M
Crypto_BTC_USDT,Logistic_Regression,4,13,1,2,0.12509092014743606,0.34793668993299,0.526972389919574,1,-15.593830032319016,LV-M
Crypto_BTC_USDT,Logistic_Regression,4,14,1,1,0.024828293930055815,0.5504339756325644,0.42473773043737983,0,0.0,LV-M
Crypto_BTC_USDT,Logistic_Regression,4,15,1,1,0.00026665981157873893,0.9946795179084208,0.005053822280000427,0,0.0,LV-M
Crypto_BTC_USDT,Logistic_Regression,4,16,0,1,0.03406350076862028,0.9647921550384848,0.0011443441928948588,0,0.0,LV-M
Crypto_BTC_USDT,Logistic_Regression,4,17,0,1,0.01586153918863051,0.98201177695324,0.002126683858129368,0,0.0,LV-M
Crypto_BTC_USDT,Logistic_Regression,4,18,0,1,0.09943161905337611,0.8828722370469064,0.017696143899717357,0,0.0,LV-M
Crypto_BTC_USDT,Logistic_Regression,4,19,0,1,0.011147098118093833,0.9855545857080409,0.003298316173865307,0,0.0,LV-M
Crypto_BTC_USDT,Logistic_Regression,4,20,0,1,0.2774685725129907,0.7180302948124508,0.004501132674558522,0,0.0,LV-M
Crypto_BTC_USDT,Logistic_Regression,4,21,0,1,0.027482475251631958,0.9704323988323277,0.0020851259160404954,0,0.0,LV-T
Crypto_BTC_USDT,Logistic_Regression,4,22,0,1,0.005698770946562969,0.9916993863899192,0.0026018426635178414,0,0.0,LV-T
Crypto_BTC_USDT,Logistic_Regression,4,23,0,1,0.3836786422596844,0.4885879037896171,0.12773345395069857,0,0.0,HV-T
Crypto_BTC_USDT,Logistic_Regression,4,24,0,0,0.7267875862863472,0.0479050498498866,0.22530736386376612,-1,-15.093810036580502,HV-T
Crypto_BTC_USDT,Logistic_Regression,4,25,0,0,0.9635258719222632,0.006337777825983927,0.030136350251752896,-1,-15.293800036067292,HV-T
Crypto_BTC_USDT,Logistic_Regression,4,26,0,0,0.5417939366567969,0.4335553997294334,0.024650663613769802,-1,-15.09381003583926,HV-T
Crypto_BTC_USDT,Logistic_Regression,4,27,0,1,0.3850775330961272,0.5402377976444751,0.07468466925939765,0,0.0,HV-T
Crypto_BTC_USDT,Logistic_Regression,4,28,0,0,0.8980867334869841,0.003169187598165813,0.09874407891485011,-1,-15.493750039686653,HV-T
Crypto_BTC_USDT,Logistic_Regression,4,29,0,0,0.9322374452724752,0.016064405714180583,0.051698149013344206,-1,-15.493770040438616,HV-T
Crypto_BTC_USDT,Logistic_Regression,4,30,0,0,0.5688682649236666,0.16041534023747753,0.2707163948388559,-1,-15.493770040438616,HV-T
Crypto_BTC_USDT,Logistic_Regression,4,31,1,0,0.9081949590573515,0.029749112765372634,0.062055928177276086,-1,-15.593750040736477,HV-T
Crypto_BTC_USDT,Logistic_Regression,4,32,1,0,0.998062380659036,0.0005657435747179974,0.0013718757662460567,-1,-15.693730041314373,HV-M
Crypto_BTC_USDT,Logistic_Regression,4,33,1,0,0.9017135434446015,0.0551443776927491,0.04314207886264933,-1,-15.693730041314373,HV-T
Crypto_BTC_USDT,Logistic_Regression,4,34,2,0,0.7231847478926702,0.09364876090733233,0.1831664911999974,-1,-15.793730041320194,HV-T
Crypto_BTC_USDT,Logistic_Regression,4,35,2,0,0.8838262468744693,0.04978798885779308,0.06638576426773757,-1,-15.593750042725214,HV-T
Crypto_BTC_USDT,Logistic_Regression,4,36,2,0,0.9823694293698891,0.004569493168338787,0.013061077461772062,-1,-15.69373004335079,HV-T
Crypto_BTC_USDT,Logistic_Regression,4,37,2,0,0.9418093244596024,0.05755592866442823,0.0006347468759693418,-1,-15.593730042710618,HV-T
Crypto_BTC_USDT,Logistic_Regression,4,38,2,0,0.7557774969823319,0.21860390657110831,0.025618596446559883,-1,-15.643750042713599,HV-T
Crypto_BTC_USDT,Logistic_Regression,4,39,2,2,0.2563903205386011,0.1434377897259148,0.600171889735484,1,-15.443770043265943,HV-T
Crypto_BTC_USDT,Logistic_Regression,4,40,2,0,0.8887852731407143,0.06820270245898963,0.04301202440029612,-1,-15.593770042013038,HV-T
Crypto_BTC_USDT,Logistic_Regression,4,41,1,1,0.23244791543634832,0.6117319922978612,0.15582009226579052,0,0.0,HV-T
Crypto_BTC_USDT,Logistic_Regression,4,42,1,0,0.48450032613531446,0.45767541489438346,0.057824258970301974,-1,-15.593770041218809,HV-T
Crypto_BTC_USDT,Logistic_Regression,4,43,1,1,0.14971944445850816,0.61738037148519,0.23290018405630192,0,0.0,HV-T
Crypto_BTC_USDT,Logistic_Regression,4,44,2,1,0.09594554120039453,0.8181375948653141,0.08591686393429124,0,0.0,HV-T
Crypto_BTC_USDT,Logistic_Regression,4,45,1,1,0.007370868973538642,0.5624295207287746,0.4301996102976867,0,0.0,HV-T
Crypto_BTC_USDT,Logistic_Regression,4,46,1,1,0.011135617570575495,0.5476198024666967,0.44124457996272776,0,0.0,HV-T
Crypto_BTC_USDT,Logistic_Regression,4,47,1,0,0.49020671306800967,0.27804963561779894,0.23174365131419133,-1,-15.593750042124027,HV-T
Crypto_BTC_USDT,Logistic_Regression,4,48,1,1,0.022809291763267445,0.9295048101105323,0.047685898126200194,0,0.0,HV-T
Crypto_BTC_USDT,Logistic_Regression,4,49,1,1,0.2707685802045655,0.6878298770920345,0.04140154270340011,0,0.0,HV-T
Crypto_BTC_USDT,Logistic_Regression,4,50,1,2,0.26091830906490676,0.24227731662317833,0.4968043743119149,1,-15.593790041738613,HV-T
Crypto_BTC_USDT,Logistic_Regression,4,51,1,1,0.12222622688043712,0.46716577691905864,0.41060799620050425,0,0.0,HV-T
Crypto_BTC_USDT,Logistic_Regression,4,52,1,1,0.02203682579464256,0.8111341909306082,0.1668289832747493,0,0.0,HV-T
Crypto_BTC_USDT,Logistic_Regression,4,53,0,1,0.12996975246119563,0.645752362691762,0.22427788484704236,0,0.0,HV-T
Crypto_BTC_USDT,Logistic_Regression,4,54,0,0,0.5440249814993999,0.31732925074808743,0.13864576775251256,-1,-15.093810040480202,HV-M
Crypto_BTC_USDT,Logistic_Regression,4,55,0,0,0.8118998477202304,0.06809061917679055,0.12000953310297899,-1,-15.193770044212446,HV-M
Crypto_BTC_USDT,Logistic_Regression,4,56,0,1,0.11916897042841029,0.6331448944219054,0.24768613514968432,0,0.0,LV-M
Crypto_BTC_USDT,Logistic_Regression,4,57,0,2,0.37814821209077837,0.1790615632600461,0.44279022464917545,1,-15.743770043519318,LV-M
Crypto_BTC_USDT,Logistic_Regression,4,58,0,0,0.46852030598917954,0.3886834653707557,0.14279622864006492,-1,-15.293780039596077,LV-M
Crypto_BTC_USDT,Logistic_Regression,4,59,0,0,0.7087273922167227,0.23785283827563375,0.05341976950764365,-1,-15.243770038843877,LV-T
Crypto_BTC_USDT,Logistic_Regression,4,60,0,1,0.06937811709420214,0.8957596459700569,0.034862236935740955,0,0.0,LV-T
Crypto_BTC_USDT,Logistic_Regression,4,61,0,1,0.18843108661292232,0.7556340665538062,0.05593484683327157,0,0.0,HV-T
Crypto_BTC_USDT,Logistic_Regression,4,62,0,1,0.2746614296237614,0.552452937249205,0.17288563312703367,0,0.0,HV-T
Crypto_BTC_USDT,Logistic_Regression,4,63,0,0,0.7467004599076914,0.1333866432283387,0.11991289686396997,-1,-15.393710041499611,HV-T
Crypto_BTC_USDT,Logistic_Regression,4,64,0,2,0.3391144390300869,0.13817491942569796,0.5227106415442151,1,-15.593730042556784,HV-T
Crypto_BTC_USDT,Logistic_Regression,4,65,0,0,0.3742209805755784,0.34926377052585267,0.27651524889856893,-1,-15.39371004242435,LV-T
Crypto_BTC_USDT,Logistic_Regression,4,66,0,2,0.005189729194485807,0.03136789693079337,0.9634423738747208,1,-15.793730042553879,LV-T
Crypto_BTC_USDT,Logistic_Regression,4,67,0,1,0.3006972803529359,0.4878806322705259,0.21142208737653828,0,0.0,LV-T
Crypto_BTC_USDT,Logistic_Regression,4,68,0,0,0.8169144435383189,0.10960964335153134,0.07347591311014981,-1,-15.19373004200429,LV-T
Crypto_BTC_USDT,Logistic_Regression,4,69,0,0,0.39961774490682084,0.3286817366591047,0.27170051843407433,-1,-15.293720041042633,LV-T
Crypto_BTC_USDT,Logistic_Regression,4,70,0,0,0.6463811367558174,0.0776579951892659,0.2759608680549167,-1,-15.043730041389834,LV-T
Crypto_BTC_USDT,Logistic_Regression,4,71,0,0,0.5624093285881442,0.27154746218257425,0.16604320922928154,-1,-15.093720041567314,LV-T
Crypto_BTC_USDT,Logistic_Regression,4,72,0,0,0.6830696684563381,0.2485751056646353,0.06835522587902651,-1,-15.193710041729698,LV-T
Crypto_BTC_USDT,Logistic_Regression,4,73,0,2,0.1312044160609298,0.211767902718995,0.6570276812200753,1,-15.743690042517088,LV-T
Crypto_BTC_USDT,Logistic_Regression,4,74,0,2,0.16924702917166023,0.25391888592960804,0.5768340848987317,1,-15.893710042511332,LV-T
Crypto_BTC_USDT,Logistic_Regression,4,75,0,2,0.07550548038916824,0.34609335096230176,0.5784011686485301,1,-15.89369004252584,LV-T
Crypto_BTC_USDT,Logistic_Regression,4,76,0,0,0.6631050757484264,0.0883116578850122,0.24858326636656156,-1,-15.193670043218019,LV-M
Crypto_BTC_USDT,Logistic_Regression,4,77,0,2,0.20075720258353455,0.1349839085815582,0.6642588888349072,1,-15.693670042514151,LV-M
Crypto_BTC_USDT,Logistic_Regression,4,78,0,2,0.33639753317030624,0.23326783307581841,0.4303346337538753,1,-15.593670039664017,LV-M
Crypto_BTC_USDT,Logistic_Regression,4,79,0,0,0.563467095839292,0.03917214796567961,0.3973607561950284,-1,-15.343670039664017,LV-M
Crypto_BTC_USDT,Logistic_Regression,4,80,0,0,0.5706533652768584,0.12032855495951021,0.30901807976363144,-1,-15.59364004085544,LV-M
Crypto_BTC_USDT,Logistic_Regression,4,81,1,0,0.5282140880582922,0.10682109378933309,0.36496481815237475,-1,-15.5936300408539,LV-M
Crypto_BTC_USDT,Logistic_Regression,4,82,1,2,0.27656691917717136,0.055845092535197906,0.6675879882876307,1,-15.5436500424039,LV-M
Crypto_BTC_USDT,Logistic_Regression,4,83,1,0,0.8856116101777383,0.04957687400401387,0.06481151581824797,-1,-15.5936400408203,LV-M
Crypto_BTC_USDT,Logistic_Regression,4,84,1,2,0.2379789627305213,0.050372302283383186,0.7116487349860955,1,-15.393630040801007,LV-M
Crypto_BTC_USDT,Logistic_Regression,4,85,1,1,0.4042369747624642,0.5609347415949844,0.0348282836425515,0,0.0,LV-M
Crypto_BTC_USDT,Logistic_Regression,4,86,2,2,0.01223424246792149,0.036923578049589,0.9508421794824895,1,-15.143610038152477,LV-T
Crypto_BTC_USDT,Logistic_Regression,4,87,2,2,0.018110762641813796,0.25134165426532185,0.7305475830928644,1,-15.19363003924559,LV-T
Crypto_BTC_USDT,Logistic_Regression,4,88,2,1,0.4599039761613295,0.5154852267615638,0.024610797077106582,0,0.0,LV-T
Crypto_BTC_USDT,Logistic_Regression,4,89,2,0,0.6065509726155164,0.303383762003547,0.09006526538093661,-1,-15.79364004030079,HV-T
Crypto_BTC_USDT,Logistic_Regression,4,90,2,1,0.13444437257921327,0.7026385109033565,0.16291711651743024,0,0.0,HV-T
Crypto_BTC_USDT,Logistic_Regression,4,91,2,2,0.131426647867361,0.2540326940332971,0.6145406580993419,1,-15.293650040719092,HV-T
Crypto_BTC_USDT,Logistic_Regression,4,92,2,1,0.07147322239428869,0.7113852598298429,0.2171415177758683,0,0.0,HV-T
Crypto_BTC_USDT,Logistic_Regression,4,93,2,2,0.007703326312460339,0.2832726017965902,0.7090240718909495,1,-15.393650037360217,HV-T
Crypto_BTC_USDT,Logistic_Regression,4,94,2,1,0.022613246831340993,0.9519623489209663,0.025424404247692624,0,0.0,HV-T
Crypto_BTC_USDT,Logistic_Regression,4,95,2,1,0.005369665916752433,0.969255458005147,0.025374876078100496,0,0.0,HV-T
Crypto_BTC_USDT,Logistic_Regression,4,96,2,1,0.0012639336882400785,0.9669737513600151,0.031762314951744995,0,0.0,HV-T
Crypto_BTC_USDT,Logistic_Regression,4,97,2,1,0.0031682053578514047,0.9404116353049572,0.056420159337191494,0,0.0,HV-T
Crypto_BTC_USDT,Logistic_Regression,4,98,2,1,0.09004315901674115,0.7633043741385928,0.1466524668446662,0,0.0,HV-T
Crypto_BTC_USDT,Logistic_Regression,4,99,1,1,0.002617143458951409,0.8990357257236002,0.09834713081744834,0,0.0,HV-T
Crypto_BTC_USDT,Logistic_Regression,4,100,1,1,0.006839831883663977,0.6610497947232764,0.33211037339305965,0,0.0,HV-T
Crypto_BTC_USDT,Logistic_Regression,4,101,1,1,0.03551684708913239,0.8649636781007269,0.0995194748101408,0,0.0,HV-T
Crypto_BTC_USDT,Logistic_Regression,4,102,1,1,0.010043230892760702,0.9613860171423276,0.02857075196491155,0,0.0,HV-T
Crypto_BTC_USDT,Logistic_Regression,4,103,2,1,0.003721008260875884,0.9779958675238072,0.01828312421531679,0,0.0,HV-T
Crypto_BTC_USDT,Logistic_Regression,4,104,2,1,0.018514262086314702,0.9412330974236891,0.04025264048999619,0,0.0,HV-T
Crypto_BTC_USDT,Logistic_Regression,4,105,2,1,0.09397274519738012,0.6234442022244779,0.28258305257814204,0,0.0,LV-T
Crypto_BTC_USDT,Logistic_Regression,4,106,2,1,0.03283007988306904,0.864413595988944,0.10275632412798709,0,0.0,LV-T
Crypto_BTC_USDT,Logistic_Regression,4,107,2,1,0.032012797831495306,0.747277392332074,0.22070980983643076,0,0.0,LV-T
Crypto_BTC_USDT,Logistic_Regression,4,108,2,2,0.0016527164951298274,0.46604310526850146,0.5323041782363688,1,-15.393710035189624,LV-M
Crypto_BTC_USDT,Logistic_Regression,4,109,2,1,0.02175432925050999,0.8015263714375472,0.17671929931194286,0,0.0,LV-M
Crypto_BTC_USDT,Logistic_Regression,4,110,2,2,0.004584845745314403,0.46407113633968833,0.5313440179149972,1,-15.3437100345377,LV-M
Crypto_BTC_USDT,Logistic_Regression,4,111,2,1,0.0010633249067979317,0.9785431973059094,0.020393477787292728,0,0.0,LV-M
Crypto_BTC_USDT,Logistic_Regression,4,112,2,1,0.00280856661715799,0.9882440487520473,0.008947384630794737,0,0.0,LV-M
Crypto_BTC_USDT,Logistic_Regression,4,113,2,1,0.06031757061425517,0.5080082260631456,0.43167420332259915,0,0.0,LV-M
Crypto_BTC_USDT,Logistic_Regression,4,114,1,1,0.01117064927103294,0.6568916227511402,0.3319377279778269,0,0.0,LV-M
Crypto_BTC_USDT,Logistic_Regression,4,115,1,2,0.0031085777614143764,0.18895328216096935,0.8079381400776163,1,-15.593750036978323,LV-M
Crypto_BTC_USDT,Logistic_Regression,4,116,1,1,0.054796322992158246,0.699999711175424,0.24520396583241774,0,0.0,LV-M
Crypto_BTC_USDT,Logistic_Regression,4,117,0,1,0.027884665279663004,0.9146850437618764,0.05743029095846043,0,0.0,LV-M
Crypto_BTC_USDT,Logistic_Regression,4,118,0,0,0.5967833087754586,0.2930753826005171,0.11014130862402433,-1,-15.493730037103346,LV-M
Crypto_BTC_USDT,Logistic_Regression,4,119,1,1,0.23718516209724844,0.6535189951012823,0.10929584280146924,0,0.0,LV-M
Crypto_BTC_USDT,Logistic_Regression,4,120,1,2,0.15236467240234208,0.3338059882032358,0.5138293393944221,1,-15.493740036652774,LV-M
Crypto_BTC_USDT,Logistic_Regression,4,121,1,1,0.1521174634082194,0.5979947344045209,0.24988780218725964,0,0.0,LV-M
Crypto_BTC_USDT,Logistic_Regression,4,122,1,0,0.7457616978571413,0.10665935155371759,0.1475789505891411,-1,-15.593720039356922,LV-M
Crypto_BTC_USDT,Logistic_Regression,4,123,1,2,0.3802565171500674,0.055530856312995994,0.5642126265369366,1,-15.493750041178275,LV-M
Crypto_BTC_USDT,Logistic_Regression,4,124,1,2,0.3343464643077399,0.04145108944397374,0.6242024462482862,1,-15.393730042526053,LV-M
Crypto_BTC_USDT,Logistic_Regression,4,125,1,2,0.4710546154513557,0.03794064033719099,0.4910047442114533,1,-15.293730042520233,LV-M
Crypto_BTC_USDT,Logistic_Regression,4,126,2,0,0.9203804740063777,0.029092051765637218,0.05052747422798506,-1,-15.84371004169816,LV-M
Crypto_BTC_USDT,Logistic_Regression,4,127,2,2,0.03915833732169698,0.1576609615653403,0.8031807011129627,1,-15.043710041493917,LV-M
Crypto_BTC_USDT,Logistic_Regression,4,128,2,2,0.028662461228931926,0.1591950918249962,0.812142446946072,1,-15.193730041210165,LV-M
Crypto_BTC_USDT,Logistic_Regression,4,129,2,2,0.09369833734030007,0.21611637450871887,0.6901852881509811,1,-15.093730040337853,LV-M
Crypto_BTC_USDT,Logistic_Regression,4,130,2,2,0.09538158589315439,0.07649952507170289,0.8281188890351427,1,-15.09375004120439,LV-M
Crypto_BTC_USDT,Logistic_Regression,4,131,2,0,0.42016255389503604,0.37126076960028664,0.20857667650467734,-1,-15.993740041561647,LV-M
Crypto_BTC_USDT,Logistic_Regression,4,132,2,2,0.3187274163318,0.14999821889473752,0.5312743647734625,1,-15.093730041574714,LV-M
Crypto_BTC_USDT,Logistic_Regression,4,133,2,2,0.11074505182521283,0.12722875735300562,0.7620261908217815,1,-15.093750042237382,LV-T
Crypto_BTC_USDT,Logistic_Regression,4,134,2,1,0.00870234436458485,0.5601206768642648,0.4311769787711503,0,0.0,HV-T
Crypto_BTC_USDT,Logistic_Regression,4,135,2,0,0.5292852561577147,0.2406661524888799,0.23004859135340533,-1,-15.793770042513025,HV-T
Crypto_BTC_USDT,Logistic_Regression,4,136,2,2,0.01882290573801938,0.35387428659678904,0.6273028076651915,1,-15.49378004260528,HV-T
Crypto_BTC_USDT,Logistic_Regression,4,137,2,2,0.0316636875963201,0.21851577792114382,0.749820534482536,1,-15.54380004329171,HV-T
Crypto_BTC_USDT,Logistic_Regression,4,138,2,2,0.006451186174472149,0.18860118935039186,0.8049476244751359,1,-15.393790043030107,HV-M
Crypto_BTC_USDT,Logistic_Regression,4,139,1,2,0.016518381926856104,0.03161449313828401,0.9518671249348598,1,-15.49381004234816,LV-M
Crypto_BTC_USDT,Logistic_Regression,4,140,1,2,0.010434671683178704,0.05265103880085329,0.936914289515968,1,-15.693830042345294,HV-M
Crypto_BTC_USDT,Logistic_Regression,4,141,1,2,0.04678819601534405,0.3472001735055943,0.6060116304790617,1,-15.793830042351114,HV-M
Crypto_BTC_USDT,Logistic_Regression,4,142,1,2,0.010916641016557671,0.10875708332035133,0.880326275663091,1,-15.593810043708423,HV-M
Crypto_BTC_USDT,Logistic_Regression,4,143,0,1,0.26136676096122735,0.4574828089427398,0.2811504300960328,0,0.0,HV-T
Crypto_BTC_USDT,Logistic_Regression,4,144,0,1,0.0851545837072143,0.687959673293353,0.22688574299943287,0,0.0,HV-T
Crypto_BTC_USDT,Logistic_Regression,4,145,0,1,0.07522750052075973,0.8426344196609171,0.08213807981832312,0,0.0,HV-T
Crypto_BTC_USDT,Logistic_Regression,4,146,1,0,0.6710689245911855,0.10473966725867849,0.22419140815013602,0,0.0,HV-T
Crypto_BTC_USDT,Logistic_Regression,4,147,1,0,0.4008319425452247,0.3447557052447317,0.25441235221004366,0,0.0,HV-T
Crypto_BTC_USDT,Logistic_Regression,4,148,1,1,0.33174996114864674,0.4901075372067662,0.17814250164458706,0,0.0,HV-M
Crypto_BTC_USDT,Logistic_Regression,4,149,1,0,0.9275562032050075,0.028202205742794386,0.0442415910521981,0,0.0,HV-M
Crypto_BTC_USDT,Logistic_Regression,4,150,1,2,0.2683638078526208,0.05486090635757092,0.6767752857898083,0,0.0,HV-M
Crypto_BTC_USDT,Logistic_Regression,4,151,1,2,0.08120389574420976,0.3383630535792904,0.5804330506764998,0,0.0,HV-M
Crypto_BTC_USDT,Logistic_Regression,4,152,1,2,0.18734881425382535,0.09906838411389181,0.7135828016322828,0,0.0,HV-M
Crypto_BTC_USDT,Logistic_Regression,4,153,1,2,0.0955402234500554,0.4471796948258059,0.4572800817241388,0,0.0,HV-M
Crypto_BTC_USDT,Logistic_Regression,4,154,1,0,0.478037975625216,0.3421827009405544,0.1797793234342295,0,0.0,HV-M
Crypto_BTC_USDT,Logistic_Regression,4,155,0,1,0.07100335486059925,0.5544367265269878,0.37455991861241283,0,0.0,HV-T
Crypto_BTC_USDT,Random_Forest,4,0,1,2,0.23242655104737564,0.16111051274093183,0.6064629362116926,1,-15.493888609627911,HV-T
Crypto_BTC_USDT,Random_Forest,4,1,1,2,0.19341767132667279,0.3647884849616533,0.441793843711674,1,-15.593860017664584,HV-T
Crypto_BTC_USDT,Random_Forest,4,2,1,2,0.2941048309828303,0.2961343441367753,0.4097608248803944,1,-15.593850024994172,HV-T
Crypto_BTC_USDT,Random_Forest,4,3,1,1,0.22527619189658105,0.40170775651195706,0.3730160515914619,0,0.0,HV-T
Crypto_BTC_USDT,Random_Forest,4,4,1,1,0.2131216969079051,0.3952466206467281,0.3916316824453667,0,0.0,HV-T
Crypto_BTC_USDT,Random_Forest,4,5,1,1,0.22522926883713648,0.42882147256235664,0.34594925860050685,0,0.0,HV-T
Crypto_BTC_USDT,Random_Forest,4,6,1,2,0.27809621195193573,0.3357852641755374,0.3861185238725269,1,-15.493850014436664,HV-T
Crypto_BTC_USDT,Random_Forest,4,7,1,0,0.40674131548088516,0.2693473680488975,0.32391131647021737,-1,-15.543830022165924,LV-M
Crypto_BTC_USDT,Random_Forest,4,8,1,1,0.20487747972759748,0.44714328641974455,0.3479792338526579,0,0.0,LV-M
Crypto_BTC_USDT,Random_Forest,4,9,1,1,0.268648539921847,0.4704942939068559,0.2608571661712973,0,0.0,LV-M
Crypto_BTC_USDT,Random_Forest,4,10,1,1,0.24383939621989476,0.4805175088610166,0.27564309491908867,0,0.0,LV-M
Crypto_BTC_USDT,Random_Forest,4,11,1,0,0.4030881636937829,0.31603004061660867,0.2808817956896082,-1,-15.493850031983037,LV-M
Crypto_BTC_USDT,Random_Forest,4,12,1,0,0.42929607368424366,0.3609116652489104,0.209792261066846,-1,-15.543830033618407,LV-M
Crypto_BTC_USDT,Random_Forest,4,13,1,0,0.45046531671256823,0.2432512140718328,0.306283469215599,-1,-15.393830032307374,LV-M
Crypto_BTC_USDT,Random_Forest,4,14,1,1,0.24837730568201025,0.40344105819351583,0.348181636124474,0,0.0,LV-M
Crypto_BTC_USDT,Random_Forest,4,15,1,1,0.216805431508783,0.6016478907013432,0.1815466777898737,0,0.0,LV-M
Crypto_BTC_USDT,Random_Forest,4,16,0,1,0.20662646824294156,0.4437151051087615,0.34965842664829694,0,0.0,LV-M
Crypto_BTC_USDT,Random_Forest,4,17,0,1,0.2896618928139811,0.42533101925513866,0.28500708793088025,0,0.0,LV-M
Crypto_BTC_USDT,Random_Forest,4,18,0,2,0.22856064942112206,0.3506853699937591,0.42075398058511887,1,-16.093870036232197,LV-M
Crypto_BTC_USDT,Random_Forest,4,19,0,1,0.30948958369419555,0.39769133874264545,0.292819077563159,0,0.0,LV-M
Crypto_BTC_USDT,Random_Forest,4,20,0,1,0.41249048691316154,0.49177616994197365,0.09573334314486485,0,0.0,LV-M
Crypto_BTC_USDT,Random_Forest,4,21,0,1,0.2791056730542959,0.5279187115751836,0.1929756153705206,0,0.0,LV-T
Crypto_BTC_USDT,Random_Forest,4,22,0,1,0.3113451812935603,0.4497964121472166,0.23885840655922305,0,0.0,LV-T
Crypto_BTC_USDT,Random_Forest,4,23,0,0,0.37073558922592054,0.31765590534590593,0.3116085054281736,-1,-15.09381003735738,HV-T
Crypto_BTC_USDT,Random_Forest,4,24,0,2,0.35698600606135195,0.2706336799362667,0.3723803140023813,1,-15.89381003656886,HV-T
Crypto_BTC_USDT,Random_Forest,4,25,0,0,0.38410824378508246,0.31910382105801294,0.29678793515690455,-1,-15.293800036067292,HV-T
Crypto_BTC_USDT,Random_Forest,4,26,0,2,0.2798890790852694,0.2869467220658374,0.43316419884889323,1,-15.893810035827618,HV-T
Crypto_BTC_USDT,Random_Forest,4,27,0,1,0.2193865654282265,0.49740563021278433,0.2832078043589892,0,0.0,HV-T
Crypto_BTC_USDT,Random_Forest,4,28,0,2,0.18,0.38058495821727023,0.4394150417827298,1,-15.493750039686653,HV-T
Crypto_BTC_USDT,Random_Forest,4,29,0,2,0.1138165704663481,0.36655355472255424,0.5196298748110976,1,-15.493770040438616,HV-T
Crypto_BTC_USDT,Random_Forest,4,30,0,1,0.17436550001781995,0.5058219366221735,0.31981256336000674,0,0.0,HV-T
Crypto_BTC_USDT,Random_Forest,4,31,1,2,0.13103485846758786,0.37703307757771853,0.4919320639546937,1,-15.393750040724836,HV-T
Crypto_BTC_USDT,Random_Forest,4,32,1,2,0.17948400991220595,0.3958944738214263,0.4246215162663677,1,-15.293730041320194,HV-M
Crypto_BTC_USDT,Random_Forest,4,33,1,2,0.10505364153623574,0.4254382146557037,0.4695081438080606,1,-15.293730041320194,HV-T
Crypto_BTC_USDT,Random_Forest,4,34,2,2,0.11341941023159467,0.36691013902483355,0.5196704507435718,1,-15.193730041314373,HV-T
Crypto_BTC_USDT,Random_Forest,4,35,2,1,0.09324823662593296,0.5122473290229023,0.39450443435116467,0,0.0,HV-T
Crypto_BTC_USDT,Random_Forest,4,36,2,1,0.13097107338847075,0.4457737647283355,0.4232551618831937,0,0.0,HV-T
Crypto_BTC_USDT,Random_Forest,4,37,2,2,0.09130350641635036,0.4122233716303769,0.49647312195327264,1,-15.39373004272808,HV-T
Crypto_BTC_USDT,Random_Forest,4,38,2,1,0.17481498230349138,0.5077067947172378,0.31747822297927075,0,0.0,HV-T
Crypto_BTC_USDT,Random_Forest,4,39,2,2,0.08854928784192516,0.449078388295657,0.4623723238624178,1,-15.443770043265943,HV-T
Crypto_BTC_USDT,Random_Forest,4,40,2,1,0.14804071804686075,0.5286558209578412,0.32330346099529783,0,0.0,HV-T
Crypto_BTC_USDT,Random_Forest,4,41,1,1,0.1595900890059559,0.5095748125221847,0.3308350984718595,0,0.0,HV-T
Crypto_BTC_USDT,Random_Forest,4,42,1,1,0.11822002311724185,0.5040817590922265,0.3776982177905317,0,0.0,HV-T
Crypto_BTC_USDT,Random_Forest,4,43,1,1,0.19516742821456592,0.59472904458069,0.210103527204744,0,0.0,HV-T
Crypto_BTC_USDT,Random_Forest,4,44,2,1,0.17317388210313958,0.5463569197223399,0.28046919817452054,0,0.0,HV-T
Crypto_BTC_USDT,Random_Forest,4,45,1,1,0.21941633868242363,0.6087066548277464,0.1718770064898299,0,0.0,HV-T
Crypto_BTC_USDT,Random_Forest,4,46,1,1,0.12916636474894747,0.6796116554518992,0.19122197979915329,0,0.0,HV-T
Crypto_BTC_USDT,Random_Forest,4,47,1,1,0.273221603452105,0.5678817900514065,0.15889660649648862,0,0.0,HV-T
Crypto_BTC_USDT,Random_Forest,4,48,1,1,0.11989849911235587,0.6415345044958513,0.23856699639179277,0,0.0,HV-T
Crypto_BTC_USDT,Random_Forest,4,49,1,1,0.30222546519256915,0.486594418312565,0.21118011649486582,0,0.0,HV-T
Crypto_BTC_USDT,Random_Forest,4,50,1,1,0.13734766146156566,0.46087950171334363,0.4017728368250908,0,0.0,HV-T
Crypto_BTC_USDT,Random_Forest,4,51,1,1,0.20298411784489048,0.5199415722650604,0.2770743098900489,0,0.0,HV-T
Crypto_BTC_USDT,Random_Forest,4,52,1,1,0.12489510873783403,0.5281250869009828,0.34697980436118314,0,0.0,HV-T
Crypto_BTC_USDT,Random_Forest,4,53,0,2,0.19076747628559018,0.3897565058763611,0.4194760178380486,1,-15.993810040474381,HV-T
Crypto_BTC_USDT,Random_Forest,4,54,0,2,0.2789568505182589,0.3379259054833394,0.38311724399840175,1,-15.89381004046856,HV-M
Crypto_BTC_USDT,Random_Forest,4,55,0,0,0.4210689073125927,0.347864815940117,0.23106627674729033,-1,-15.193770044212446,HV-M
Crypto_BTC_USDT,Random_Forest,4,56,0,1,0.19537105560713697,0.5990989808685092,0.20552996352435385,0,0.0,LV-M
Crypto_BTC_USDT,Random_Forest,4,57,0,0,0.3884098897746195,0.278107132897962,0.33348297732741855,-1,-15.243770043519318,LV-M
Crypto_BTC_USDT,Random_Forest,4,58,0,0,0.39537911848979773,0.36879372877819294,0.23582715273200933,-1,-15.293780039596077,LV-M
Crypto_BTC_USDT,Random_Forest,4,59,0,0,0.493754036029317,0.34253078460829683,0.16371517936238625,-1,-15.243770038843877,LV-T
Crypto_BTC_USDT,Random_Forest,4,60,0,1,0.24215661176539263,0.49151972567445606,0.26632366256015144,0,0.0,LV-T
Crypto_BTC_USDT,Random_Forest,4,61,0,1,0.2586611779057532,0.44667978212075715,0.2946590399734897,0,0.0,HV-T
Crypto_BTC_USDT,Random_Forest,4,62,0,2,0.24505203091592662,0.3231598292698897,0.4317881398141838,1,-15.693750037100308,HV-T
Crypto_BTC_USDT,Random_Forest,4,63,0,1,0.3095029877282551,0.42904666226121047,0.2614503500105345,0,0.0,HV-T
Crypto_BTC_USDT,Random_Forest,4,64,0,2,0.3530884310277908,0.23555888124808896,0.4113526877241203,1,-15.593730042556784,HV-T
Crypto_BTC_USDT,Random_Forest,4,65,0,1,0.35193318624758674,0.4348894193796451,0.21317739437276814,0,0.0,LV-T
Crypto_BTC_USDT,Random_Forest,4,66,0,0,0.36991111657011033,0.27864197390242706,0.35144690952746244,-1,-15.193730042548058,LV-T
Crypto_BTC_USDT,Random_Forest,4,67,0,1,0.3487305112877801,0.3571085971423513,0.2941608915698686,0,0.0,LV-T
Crypto_BTC_USDT,Random_Forest,4,68,0,0,0.3444259534693613,0.33020082432857606,0.3253732222020625,0,0.0,LV-T
Crypto_BTC_USDT,Random_Forest,4,69,0,1,0.28111608024008405,0.4422315264185129,0.276652393341403,0,0.0,LV-T
Crypto_BTC_USDT,Random_Forest,4,70,0,2,0.22734534718508329,0.31994485675096307,0.4527097960639537,1,-15.943730041384013,LV-T
Crypto_BTC_USDT,Random_Forest,4,71,0,1,0.20452570282903143,0.49443553764916404,0.30103875952180453,0,0.0,LV-T
Crypto_BTC_USDT,Random_Forest,4,72,0,1,0.1455687421939274,0.4359676715091066,0.4184635862969661,0,0.0,LV-T
Crypto_BTC_USDT,Random_Forest,4,73,0,1,0.24686380502820784,0.4340092762149213,0.3191269187568708,0,0.0,LV-T
Crypto_BTC_USDT,Random_Forest,4,74,0,1,0.19211334091240445,0.4217255278740627,0.3861611312135328,0,0.0,LV-T
Crypto_BTC_USDT,Random_Forest,4,75,0,1,0.26917203186527533,0.5271414785871024,0.20368648954762228,0,0.0,LV-T
Crypto_BTC_USDT,Random_Forest,4,76,0,1,0.2544081332420503,0.5173127784327342,0.2282790883252155,0,0.0,LV-M
Crypto_BTC_USDT,Random_Forest,4,77,0,1,0.2624982970859677,0.5072770042358433,0.23022469867818884,0,0.0,LV-M
Crypto_BTC_USDT,Random_Forest,4,78,0,1,0.20201654229711696,0.5394507545280287,0.2585327031748543,0,0.0,LV-M
Crypto_BTC_USDT,Random_Forest,4,79,0,1,0.3030948333437055,0.45520936960487185,0.24169579705142255,0,0.0,LV-M
Crypto_BTC_USDT,Random_Forest,4,80,0,1,0.29864182918436233,0.46641896135462624,0.23493920946101132,0,0.0,LV-M
Crypto_BTC_USDT,Random_Forest,4,81,1,1,0.26684186580496766,0.47786447855886116,0.2552936556361711,0,0.0,LV-M
Crypto_BTC_USDT,Random_Forest,4,82,1,1,0.22562142576715946,0.4890280814916101,0.2853504927412303,0,0.0,LV-M
Crypto_BTC_USDT,Random_Forest,4,83,1,1,0.31306237913550455,0.5192279110566501,0.16770970980784522,0,0.0,LV-M
Crypto_BTC_USDT,Random_Forest,4,84,1,1,0.21551104028635792,0.5304548856074104,0.25403407410623163,0,0.0,LV-M
Crypto_BTC_USDT,Random_Forest,4,85,1,1,0.2383740880288881,0.558126863242582,0.20349904872852995,0,0.0,LV-M
Crypto_BTC_USDT,Random_Forest,4,86,2,1,0.17872002973622864,0.4536681628632476,0.3676118074005239,0,0.0,LV-T
Crypto_BTC_USDT,Random_Forest,4,87,2,1,0.23258375130291029,0.4640422277514925,0.3033740209455973,0,0.0,LV-T
Crypto_BTC_USDT,Random_Forest,4,88,2,1,0.2554748229695493,0.5322936259419676,0.212231551088483,0,0.0,LV-T
Crypto_BTC_USDT,Random_Forest,4,89,2,1,0.30322389393966154,0.47020235277604194,0.22657375328429652,0,0.0,HV-T
Crypto_BTC_USDT,Random_Forest,4,90,2,2,0.2393413859893576,0.378810346706566,0.38184826730407634,1,-15.29365004078078,HV-T
Crypto_BTC_USDT,Random_Forest,4,91,2,2,0.24362267517108216,0.3754904658823893,0.38088685894652846,1,-15.293650040719092,HV-T
Crypto_BTC_USDT,Random_Forest,4,92,2,1,0.2878637049974676,0.43382099251850315,0.27831530248402936,0,0.0,HV-T
Crypto_BTC_USDT,Random_Forest,4,93,2,1,0.17406033297377946,0.4275732963497403,0.3983663706764803,0,0.0,HV-T
Crypto_BTC_USDT,Random_Forest,4,94,2,1,0.16459828550072125,0.4695201202236861,0.3658815942755925,0,0.0,HV-T
Crypto_BTC_USDT,Random_Forest,4,95,2,1,0.17760922164545814,0.5127893585665451,0.3096014197879968,0,0.0,HV-T
Crypto_BTC_USDT,Random_Forest,4,96,2,2,0.14906744103866143,0.3673210763871142,0.48361148257422426,1,-15.493680036584381,HV-T
Crypto_BTC_USDT,Random_Forest,4,97,2,2,0.08663006214709706,0.1897952027884145,0.7235747350644884,1,-15.493690036762914,HV-T
Crypto_BTC_USDT,Random_Forest,4,98,2,1,0.16494343735358952,0.5048830689865901,0.3301734936598205,0,0.0,HV-T
Crypto_BTC_USDT,Random_Forest,4,99,1,2,0.1689020931035082,0.32379957050605773,0.5072983363904341,1,-15.493690038481589,HV-T
Crypto_BTC_USDT,Random_Forest,4,100,1,2,0.15999754743030675,0.22274555981690103,0.6172568927527923,1,-15.393690038143365,HV-T
Crypto_BTC_USDT,Random_Forest,4,101,1,1,0.22966915545492184,0.4058465350117924,0.36448430953328576,0,0.0,HV-T
Crypto_BTC_USDT,Random_Forest,4,102,1,1,0.2925589173120636,0.4149563466340935,0.2924847360538429,0,0.0,HV-T
Crypto_BTC_USDT,Random_Forest,4,103,2,1,0.16475139135945038,0.435099530433921,0.40014907820662865,0,0.0,HV-T
Crypto_BTC_USDT,Random_Forest,4,104,2,1,0.25101742903382274,0.41894471815822876,0.3300378528079485,0,0.0,HV-T
Crypto_BTC_USDT,Random_Forest,4,105,2,2,0.24507571549690957,0.3302296418064059,0.42469464269668444,1,-15.193690035369974,LV-T
Crypto_BTC_USDT,Random_Forest,4,106,2,1,0.1676064785800777,0.479546620286888,0.35284690113303424,0,0.0,LV-T
Crypto_BTC_USDT,Random_Forest,4,107,2,2,0.17560062958053244,0.3998844404571079,0.4245149299623596,1,-15.193690034086906,LV-T
Crypto_BTC_USDT,Random_Forest,4,108,2,2,0.20002335046633968,0.3555287814614722,0.44444786807218806,1,-15.393710035189624,LV-M
Crypto_BTC_USDT,Random_Forest,4,109,2,1,0.2725325153953261,0.47195807421364344,0.25550941039103064,0,0.0,LV-M
Crypto_BTC_USDT,Random_Forest,4,110,2,2,0.17131972849352528,0.3425504882719775,0.48612978323449707,1,-15.3437100345377,LV-M
Crypto_BTC_USDT,Random_Forest,4,111,2,1,0.16068567002598447,0.515643259415645,0.3236710705583705,0,0.0,LV-M
Crypto_BTC_USDT,Random_Forest,4,112,2,1,0.19014647530175868,0.43868930543510415,0.37116421926313703,0,0.0,LV-M
Crypto_BTC_USDT,Random_Forest,4,113,2,2,0.14411129986580395,0.2956559984639701,0.5602327016702258,1,-15.493750036841119,LV-M
Crypto_BTC_USDT,Random_Forest,4,114,1,1,0.09626382900913384,0.4589612493339672,0.44477492165689897,0,0.0,LV-M
Crypto_BTC_USDT,Random_Forest,4,115,1,2,0.18284750845005257,0.37190750160222785,0.4452449899477196,1,-15.593750036978323,LV-M
Crypto_BTC_USDT,Random_Forest,4,116,1,2,0.15798545086970192,0.34527583495064607,0.4967387141796522,1,-15.693750036984143,LV-M
Crypto_BTC_USDT,Random_Forest,4,117,0,2,0.20526184586335547,0.38869114803912597,0.4060470060975184,1,-15.693750036317699,LV-M
Crypto_BTC_USDT,Random_Forest,4,118,0,1,0.2500089285359596,0.387558781647579,0.3624322898164615,0,0.0,LV-M
Crypto_BTC_USDT,Random_Forest,4,119,1,2,0.30414662641685114,0.3307067554171749,0.3651466181659739,1,-15.493730036645475,LV-M
Crypto_BTC_USDT,Random_Forest,4,120,1,2,0.17859148221842816,0.3526701006391242,0.4687384171424477,1,-15.493740036652774,LV-M
Crypto_BTC_USDT,Random_Forest,4,121,1,2,0.2174645161625351,0.39011564397239873,0.3924198398650662,1,-15.543750036741548,LV-M
Crypto_BTC_USDT,Random_Forest,4,122,1,1,0.31487540097313077,0.4137321772447075,0.27139242178216166,0,0.0,LV-M
Crypto_BTC_USDT,Random_Forest,4,123,1,2,0.24940903941952958,0.27909578885006997,0.47149517173040045,1,-15.493750041178275,LV-M
Crypto_BTC_USDT,Random_Forest,4,124,1,1,0.2855608085236261,0.4386786506057591,0.2757605408706148,0,0.0,LV-M
Crypto_BTC_USDT,Random_Forest,4,125,1,2,0.34395177084619843,0.2526227455919609,0.40342548356184077,1,-15.293730042520233,LV-M
Crypto_BTC_USDT,Random_Forest,4,126,2,0,0.4677261882395623,0.3212054922365881,0.21106831952384952,-1,-15.84371004169816,LV-M
Crypto_BTC_USDT,Random_Forest,4,127,2,2,0.22805428398638022,0.35060405490668856,0.4213416611069313,1,-15.043710041493917,LV-M
Crypto_BTC_USDT,Random_Forest,4,128,2,1,0.23150985557895168,0.4046089320896155,0.3638812123314328,0,0.0,LV-M
Crypto_BTC_USDT,Random_Forest,4,129,2,2,0.3120079742584161,0.2722808835606259,0.415711142180958,1,-15.093730040337853,LV-M
Crypto_BTC_USDT,Random_Forest,4,130,2,2,0.22413296481798015,0.2879168440051844,0.4879501911768353,1,-15.09375004120439,LV-M
Crypto_BTC_USDT,Random_Forest,4,131,2,2,0.21052696624149178,0.2866241833774088,0.5028488503810994,1,-15.093740041567468,LV-M
Crypto_BTC_USDT,Random_Forest,4,132,2,2,0.24465319871866162,0.36487394543597096,0.3904728558453674,1,-15.093730041574714,LV-M
Crypto_BTC_USDT,Random_Forest,4,133,2,2,0.2624016874031567,0.22108400861147348,0.5165143039853697,1,-15.093750042237382,LV-T
Crypto_BTC_USDT,Random_Forest,4,134,2,2,0.24390942921700082,0.35999703545314704,0.3960935353298521,1,-15.193750042081334,HV-T
Crypto_BTC_USDT,Random_Forest,4,135,2,2,0.30737746941831495,0.2242021303935104,0.4684204001881747,1,-15.393770042518845,HV-T
Crypto_BTC_USDT,Random_Forest,4,136,2,2,0.13713119218121306,0.19800228968004419,0.6648665181387428,1,-15.49378004260528,HV-T
Crypto_BTC_USDT,Random_Forest,4,137,2,2,0.12701247561440324,0.2637047003094979,0.6092828240760988,1,-15.54380004329171,HV-T
Crypto_BTC_USDT,Random_Forest,4,138,2,2,0.17295273170283187,0.2568810625703497,0.5701662057268184,1,-15.393790043030107,HV-M
Crypto_BTC_USDT,Random_Forest,4,139,1,2,0.1543104198260849,0.2867955518631816,0.5588940283107334,1,-15.49381004234816,LV-M
Crypto_BTC_USDT,Random_Forest,4,140,1,2,0.13893707727191137,0.29375376763193933,0.5673091550961492,1,-15.693830042345294,HV-M
Crypto_BTC_USDT,Random_Forest,4,141,1,2,0.15659983513655196,0.419729557478961,0.423670607384487,1,-15.793830042351114,HV-M
Crypto_BTC_USDT,Random_Forest,4,142,1,1,0.1921883621925988,0.5432621486271275,0.2645494891802735,0,0.0,HV-M
Crypto_BTC_USDT,Random_Forest,4,143,0,2,0.15601027402944628,0.3625320682800444,0.48145765769050924,1,-15.693830040965558,HV-T
Crypto_BTC_USDT,Random_Forest,4,144,0,1,0.25448333781255816,0.4875785152385271,0.2579381469489147,0,0.0,HV-T
Crypto_BTC_USDT,Random_Forest,4,145,0,1,0.303522881605105,0.3673146645812204,0.32916245381367465,0,0.0,HV-T
Crypto_BTC_USDT,Random_Forest,4,146,1,0,0.49526683528739324,0.3031016014704553,0.20163156324215156,0,0.0,HV-T
Crypto_BTC_USDT,Random_Forest,4,147,1,1,0.24054780486966007,0.5095064355913321,0.24994575953900786,0,0.0,HV-T
Crypto_BTC_USDT,Random_Forest,4,148,1,1,0.3237318011842028,0.35913566481786224,0.3171325339979349,0,0.0,HV-M
Crypto_BTC_USDT,Random_Forest,4,149,1,0,0.38288418823252945,0.31154041215241207,0.3055753996150587,0,0.0,HV-M
Crypto_BTC_USDT,Random_Forest,4,150,1,1,0.3756226495580466,0.4084798093171856,0.21589754112476775,0,0.0,HV-M
Crypto_BTC_USDT,Random_Forest,4,151,1,1,0.23084210994768992,0.4973324137028209,0.27182547634948917,0,0.0,HV-M
Crypto_BTC_USDT,Random_Forest,4,152,1,1,0.27003070288685316,0.40161800263753816,0.32835129447560873,0,0.0,HV-M
Crypto_BTC_USDT,Random_Forest,4,153,1,1,0.22408636476611513,0.4842143600470849,0.29169927518680006,0,0.0,HV-M
Crypto_BTC_USDT,Random_Forest,4,154,1,2,0.30030247675455174,0.3208342306161367,0.37886329262931157,0,0.0,HV-M
Crypto_BTC_USDT,Random_Forest,4,155,0,2,0.23546321277454652,0.28661279860985595,0.47792398861559754,0,0.0,HV-T
Crypto_BTC_USDT,XGBoost_GBDT,4,0,1,2,0.26282504200935364,0.06308458000421524,0.6740903854370117,1,-15.493888609627911,HV-T
Crypto_BTC_USDT,XGBoost_GBDT,4,1,1,0,0.4041360318660736,0.3418504595756531,0.2540135681629181,-1,-15.493860017687867,HV-T
Crypto_BTC_USDT,XGBoost_GBDT,4,2,1,2,0.23173561692237854,0.28347456455230713,0.48478975892066956,1,-15.593850024994172,HV-T
Crypto_BTC_USDT,XGBoost_GBDT,4,3,1,1,0.11955947428941727,0.47087082266807556,0.409569650888443,0,0.0,HV-T
Crypto_BTC_USDT,XGBoost_GBDT,4,4,1,2,0.14429064095020294,0.412600576877594,0.44310879707336426,1,-15.493850017680575,HV-T
Crypto_BTC_USDT,XGBoost_GBDT,4,5,1,1,0.15262582898139954,0.5725691318511963,0.2748050391674042,0,0.0,HV-T
Crypto_BTC_USDT,XGBoost_GBDT,4,6,1,1,0.10843334347009659,0.5940090417861938,0.29755762219429016,0,0.0,HV-T
Crypto_BTC_USDT,XGBoost_GBDT,4,7,1,1,0.23355811834335327,0.45397529006004333,0.312466561794281,0,0.0,LV-M
Crypto_BTC_USDT,XGBoost_GBDT,4,8,1,1,0.0832822248339653,0.6925286650657654,0.22418907284736633,0,0.0,LV-M
Crypto_BTC_USDT,XGBoost_GBDT,4,9,1,1,0.39411619305610657,0.4807727336883545,0.12511104345321655,0,0.0,LV-M
Crypto_BTC_USDT,XGBoost_GBDT,4,10,1,2,0.16609391570091248,0.37476417422294617,0.4591418504714966,1,-15.593850033542495,LV-M
Crypto_BTC_USDT,XGBoost_GBDT,4,11,1,2,0.395050048828125,0.19085568189620972,0.4140942692756653,1,-15.493850031983037,LV-M
Crypto_BTC_USDT,XGBoost_GBDT,4,12,1,1,0.3105284571647644,0.47608283162117004,0.21338877081871033,0,0.0,LV-M
Crypto_BTC_USDT,XGBoost_GBDT,4,13,1,2,0.36623042821884155,0.2033495157957077,0.43042001128196716,1,-15.593830032319016,LV-M
Crypto_BTC_USDT,XGBoost_GBDT,4,14,1,1,0.1275298148393631,0.5577508807182312,0.3147193193435669,0,0.0,LV-M
Crypto_BTC_USDT,XGBoost_GBDT,4,15,1,1,0.025763435289263725,0.8895801305770874,0.0846564844250679,0,0.0,LV-M
Crypto_BTC_USDT,XGBoost_GBDT,4,16,0,1,0.03068932145833969,0.7080973982810974,0.2612133324146271,0,0.0,LV-M
Crypto_BTC_USDT,XGBoost_GBDT,4,17,0,1,0.08032599836587906,0.67052161693573,0.24915242195129395,0,0.0,LV-M
Crypto_BTC_USDT,XGBoost_GBDT,4,18,0,2,0.06218331679701805,0.34628987312316895,0.5915267467498779,1,-16.093870036232197,LV-M
Crypto_BTC_USDT,XGBoost_GBDT,4,19,0,1,0.23333758115768433,0.5281466841697693,0.23851576447486877,0,0.0,LV-M
Crypto_BTC_USDT,XGBoost_GBDT,4,20,0,1,0.2706710696220398,0.6780928373336792,0.051236044615507126,0,0.0,LV-M
Crypto_BTC_USDT,XGBoost_GBDT,4,21,0,1,0.08528789132833481,0.5477517247200012,0.36696043610572815,0,0.0,LV-T
Crypto_BTC_USDT,XGBoost_GBDT,4,22,0,2,0.1326058954000473,0.3425440192222595,0.5248501300811768,1,-16.09384003493504,LV-T
Crypto_BTC_USDT,XGBoost_GBDT,4,23,0,2,0.2956755757331848,0.34708553552627563,0.35723885893821716,1,-15.89381003734574,HV-T
Crypto_BTC_USDT,XGBoost_GBDT,4,24,0,1,0.2575294077396393,0.38477623462677,0.3576943278312683,0,0.0,HV-T
Crypto_BTC_USDT,XGBoost_GBDT,4,25,0,0,0.39538028836250305,0.3776118755340576,0.2270078808069229,-1,-15.293800036067292,HV-T
Crypto_BTC_USDT,XGBoost_GBDT,4,26,0,1,0.13260701298713684,0.6290423274040222,0.23835060000419617,0,0.0,HV-T
Crypto_BTC_USDT,XGBoost_GBDT,4,27,0,1,0.12576569616794586,0.5061001777648926,0.36813411116600037,0,0.0,HV-T
Crypto_BTC_USDT,XGBoost_GBDT,4,28,0,2,0.12077018618583679,0.2948620617389679,0.5843676924705505,1,-15.493750039686653,HV-T
Crypto_BTC_USDT,XGBoost_GBDT,4,29,0,2,0.1526607871055603,0.1973203420639038,0.6500188708305359,1,-15.493770040438616,HV-T
Crypto_BTC_USDT,XGBoost_GBDT,4,30,0,1,0.10607153922319412,0.6598589420318604,0.23406951129436493,0,0.0,HV-T
Crypto_BTC_USDT,XGBoost_GBDT,4,31,1,2,0.24971511960029602,0.3219388723373413,0.42834600806236267,1,-15.393750040724836,HV-T
Crypto_BTC_USDT,XGBoost_GBDT,4,32,1,2,0.21624936163425446,0.3177436888217926,0.46600696444511414,1,-15.293730041320194,HV-M
Crypto_BTC_USDT,XGBoost_GBDT,4,33,1,1,0.1182224303483963,0.48490095138549805,0.39687663316726685,0,0.0,HV-T
Crypto_BTC_USDT,XGBoost_GBDT,4,34,2,2,0.18267297744750977,0.3542770445346832,0.4630499482154846,1,-15.193730041314373,HV-T
Crypto_BTC_USDT,XGBoost_GBDT,4,35,2,2,0.23225784301757812,0.27860739827156067,0.4891347289085388,1,-15.393750042713572,HV-T
Crypto_BTC_USDT,XGBoost_GBDT,4,36,2,2,0.2199389636516571,0.317632794380188,0.4624282717704773,1,-15.29373004335661,HV-T
Crypto_BTC_USDT,XGBoost_GBDT,4,37,2,1,0.21523869037628174,0.4414266347885132,0.3433346450328827,0,0.0,HV-T
Crypto_BTC_USDT,XGBoost_GBDT,4,38,2,2,0.19344240427017212,0.2799261808395386,0.5266314148902893,1,-15.34375004272524,HV-T
Crypto_BTC_USDT,XGBoost_GBDT,4,39,2,2,0.10281632840633392,0.18352602422237396,0.7136576175689697,1,-15.443770043265943,HV-T
Crypto_BTC_USDT,XGBoost_GBDT,4,40,2,2,0.19886784255504608,0.25059497356414795,0.5505372285842896,1,-15.393770042001396,HV-T
Crypto_BTC_USDT,XGBoost_GBDT,4,41,1,1,0.13047859072685242,0.49498045444488525,0.37454089522361755,0,0.0,HV-T
Crypto_BTC_USDT,XGBoost_GBDT,4,42,1,2,0.09310457110404968,0.3234351873397827,0.5834602117538452,1,-15.393770041207167,HV-T
Crypto_BTC_USDT,XGBoost_GBDT,4,43,1,1,0.10645962506532669,0.6632636189460754,0.23027679324150085,0,0.0,HV-T
Crypto_BTC_USDT,XGBoost_GBDT,4,44,2,1,0.08794286847114563,0.5537093877792358,0.35834774374961853,0,0.0,HV-T
Crypto_BTC_USDT,XGBoost_GBDT,4,45,1,1,0.300124853849411,0.414937287569046,0.28493791818618774,0,0.0,HV-T
Crypto_BTC_USDT,XGBoost_GBDT,4,46,1,1,0.136153444647789,0.6602808833122253,0.20356567203998566,0,0.0,HV-T
Crypto_BTC_USDT,XGBoost_GBDT,4,47,1,1,0.18087133765220642,0.7174409031867981,0.10168774425983429,0,0.0,HV-T
Crypto_BTC_USDT,XGBoost_GBDT,4,48,1,1,0.15543408691883087,0.7249562740325928,0.11960963159799576,0,0.0,HV-T
Crypto_BTC_USDT,XGBoost_GBDT,4,49,1,1,0.3497897684574127,0.5425789952278137,0.10763121396303177,0,0.0,HV-T
Crypto_BTC_USDT,XGBoost_GBDT,4,50,1,2,0.2141713798046112,0.38798096776008606,0.39784765243530273,1,-15.593790041738613,HV-T
Crypto_BTC_USDT,XGBoost_GBDT,4,51,1,1,0.3480415940284729,0.5247864723205566,0.12717191874980927,0,0.0,HV-T
Crypto_BTC_USDT,XGBoost_GBDT,4,52,1,1,0.19197431206703186,0.6246058940887451,0.1834198385477066,0,0.0,HV-T
Crypto_BTC_USDT,XGBoost_GBDT,4,53,0,1,0.30194780230522156,0.4393295645713806,0.2587226629257202,0,0.0,HV-T
Crypto_BTC_USDT,XGBoost_GBDT,4,54,0,0,0.5057366490364075,0.340305358171463,0.1539580076932907,-1,-15.093810040480202,HV-M
Crypto_BTC_USDT,XGBoost_GBDT,4,55,0,0,0.7503604888916016,0.13880430161952972,0.11083515733480453,-1,-15.193770044212446,HV-M
Crypto_BTC_USDT,XGBoost_GBDT,4,56,0,0,0.5532986521720886,0.3256032168865204,0.1210981160402298,-1,-15.393760044101153,LV-M
Crypto_BTC_USDT,XGBoost_GBDT,4,57,0,0,0.6192781329154968,0.157648965716362,0.22307290136814117,-1,-15.243770043519318,LV-M
Crypto_BTC_USDT,XGBoost_GBDT,4,58,0,0,0.4675784409046173,0.41427046060562134,0.11815109848976135,-1,-15.293780039596077,LV-M
Crypto_BTC_USDT,XGBoost_GBDT,4,59,0,1,0.3524992763996124,0.5756661891937256,0.07183448225259781,0,0.0,LV-T
Crypto_BTC_USDT,XGBoost_GBDT,4,60,0,1,0.11793655157089233,0.8552043437957764,0.026859112083911896,0,0.0,LV-T
Crypto_BTC_USDT,XGBoost_GBDT,4,61,0,1,0.24872758984565735,0.6741900444030762,0.07708241790533066,0,0.0,HV-T
Crypto_BTC_USDT,XGBoost_GBDT,4,62,0,1,0.30669596791267395,0.5221100449562073,0.17119403183460236,0,0.0,HV-T
Crypto_BTC_USDT,XGBoost_GBDT,4,63,0,0,0.4740346372127533,0.394110769033432,0.1318545788526535,-1,-15.393710041499611,HV-T
Crypto_BTC_USDT,XGBoost_GBDT,4,64,0,0,0.5870386958122253,0.22370971739292145,0.18925155699253082,-1,-15.393730042545142,HV-T
Crypto_BTC_USDT,XGBoost_GBDT,4,65,0,1,0.30084726214408875,0.632793128490448,0.06635960936546326,0,0.0,LV-T
Crypto_BTC_USDT,XGBoost_GBDT,4,66,0,0,0.4915870130062103,0.3031259775161743,0.20528703927993774,-1,-15.193730042548058,LV-T
Crypto_BTC_USDT,XGBoost_GBDT,4,67,0,0,0.5552724599838257,0.3354707956314087,0.10925671458244324,-1,-15.293720042790698,LV-T
Crypto_BTC_USDT,XGBoost_GBDT,4,68,0,0,0.6277391910552979,0.2013184130191803,0.17094236612319946,-1,-15.19373004200429,LV-T
Crypto_BTC_USDT,XGBoost_GBDT,4,69,0,0,0.4974868893623352,0.38533157110214233,0.11718160659074783,-1,-15.293720041042633,LV-T
Crypto_BTC_USDT,XGBoost_GBDT,4,70,0,0,0.40872669219970703,0.2791256904602051,0.3121475875377655,-1,-15.043730041389834,LV-T
Crypto_BTC_USDT,XGBoost_GBDT,4,71,0,0,0.5302401185035706,0.33715829253196716,0.1326015293598175,-1,-15.093720041567314,LV-T
Crypto_BTC_USDT,XGBoost_GBDT,4,72,0,2,0.298683226108551,0.23162636160850525,0.4696904122829437,1,-15.793710041735519,LV-T
Crypto_BTC_USDT,XGBoost_GBDT,4,73,0,2,0.3133198618888855,0.31390100717544556,0.37277916073799133,1,-15.743690042517088,LV-T
Crypto_BTC_USDT,XGBoost_GBDT,4,74,0,1,0.29373040795326233,0.4150366187095642,0.29123300313949585,0,0.0,LV-T
Crypto_BTC_USDT,XGBoost_GBDT,4,75,0,1,0.4224778711795807,0.4340279698371887,0.143494114279747,0,0.0,LV-T
Crypto_BTC_USDT,XGBoost_GBDT,4,76,0,1,0.2787773609161377,0.631386399269104,0.0898362249135971,0,0.0,LV-M
Crypto_BTC_USDT,XGBoost_GBDT,4,77,0,0,0.4356689155101776,0.40108150243759155,0.16324958205223083,-1,-15.293670042519972,LV-M
Crypto_BTC_USDT,XGBoost_GBDT,4,78,0,1,0.23821929097175598,0.669158935546875,0.09262178093194962,0,0.0,LV-M
Crypto_BTC_USDT,XGBoost_GBDT,4,79,0,1,0.40229910612106323,0.439545601606369,0.15815532207489014,0,0.0,LV-M
Crypto_BTC_USDT,XGBoost_GBDT,4,80,0,1,0.3153490126132965,0.48904964327812195,0.19560137391090393,0,0.0,LV-M
Crypto_BTC_USDT,XGBoost_GBDT,4,81,1,1,0.22681206464767456,0.6668699383735657,0.10631799697875977,0,0.0,LV-M
Crypto_BTC_USDT,XGBoost_GBDT,4,82,1,1,0.28960222005844116,0.5208399891853333,0.18955779075622559,0,0.0,LV-M
Crypto_BTC_USDT,XGBoost_GBDT,4,83,1,0,0.42951700091362,0.39902302622795105,0.17146000266075134,-1,-15.5936400408203,LV-M
Crypto_BTC_USDT,XGBoost_GBDT,4,84,1,1,0.3259737491607666,0.5327478051185608,0.1412784457206726,0,0.0,LV-M
Crypto_BTC_USDT,XGBoost_GBDT,4,85,1,1,0.2629062831401825,0.6333902478218079,0.10370347648859024,0,0.0,LV-M
Crypto_BTC_USDT,XGBoost_GBDT,4,86,2,1,0.16346512734889984,0.6706187129020691,0.16591617465019226,0,0.0,LV-T
Crypto_BTC_USDT,XGBoost_GBDT,4,87,2,1,0.2840273082256317,0.5483940839767456,0.1675785779953003,0,0.0,LV-T
Crypto_BTC_USDT,XGBoost_GBDT,4,88,2,1,0.36307576298713684,0.5024663209915161,0.13445794582366943,0,0.0,LV-T
Crypto_BTC_USDT,XGBoost_GBDT,4,89,2,0,0.5915148854255676,0.2986827790737152,0.10980231314897537,-1,-15.79364004030079,HV-T
Crypto_BTC_USDT,XGBoost_GBDT,4,90,2,1,0.3415505886077881,0.38082003593444824,0.27762940526008606,0,0.0,HV-T
Crypto_BTC_USDT,XGBoost_GBDT,4,91,2,1,0.26802927255630493,0.4183769226074219,0.3135937750339508,0,0.0,HV-T
Crypto_BTC_USDT,XGBoost_GBDT,4,92,2,0,0.4892333447933197,0.4220239818096161,0.08874274045228958,-1,-15.743640040708886,HV-T
Crypto_BTC_USDT,XGBoost_GBDT,4,93,2,1,0.1326446235179901,0.7114825248718262,0.15587283670902252,0,0.0,HV-T
Crypto_BTC_USDT,XGBoost_GBDT,4,94,2,1,0.04017416760325432,0.8736835718154907,0.08614230155944824,0,0.0,HV-T
Crypto_BTC_USDT,XGBoost_GBDT,4,95,2,1,0.03133803606033325,0.9367342591285706,0.03192775323987007,0,0.0,HV-T
Crypto_BTC_USDT,XGBoost_GBDT,4,96,2,1,0.03032340668141842,0.6823408007621765,0.2873358130455017,0,0.0,HV-T
Crypto_BTC_USDT,XGBoost_GBDT,4,97,2,2,0.03531811013817787,0.273928701877594,0.6907532215118408,1,-15.493690036762914,HV-T
Crypto_BTC_USDT,XGBoost_GBDT,4,98,2,1,0.07215780764818192,0.7365241050720215,0.19131812453269958,0,0.0,HV-T
Crypto_BTC_USDT,XGBoost_GBDT,4,99,1,1,0.11288159340620041,0.640518307685852,0.24660009145736694,0,0.0,HV-T
Crypto_BTC_USDT,XGBoost_GBDT,4,100,1,1,0.17330269515514374,0.4725356698036194,0.35416164994239807,0,0.0,HV-T
Crypto_BTC_USDT,XGBoost_GBDT,4,101,1,1,0.3074325621128082,0.5457504987716675,0.1468169093132019,0,0.0,HV-T
Crypto_BTC_USDT,XGBoost_GBDT,4,102,1,1,0.334669828414917,0.5402977466583252,0.125032439827919,0,0.0,HV-T
Crypto_BTC_USDT,XGBoost_GBDT,4,103,2,1,0.14998269081115723,0.5398394465446472,0.31017786264419556,0,0.0,HV-T
Crypto_BTC_USDT,XGBoost_GBDT,4,104,2,0,0.3786773085594177,0.356816828250885,0.26450589299201965,-1,-15.893700036252731,HV-T
Crypto_BTC_USDT,XGBoost_GBDT,4,105,2,2,0.2437848597764969,0.1970854252576828,0.5591297149658203,1,-15.193690035369974,LV-T
Crypto_BTC_USDT,XGBoost_GBDT,4,106,2,2,0.2236603945493698,0.28676870465278625,0.48957088589668274,1,-15.193690034086906,LV-T
Crypto_BTC_USDT,XGBoost_GBDT,4,107,2,2,0.14068603515625,0.23750944435596466,0.6218045353889465,1,-15.193690034086906,LV-T
Crypto_BTC_USDT,XGBoost_GBDT,4,108,2,2,0.17082194983959198,0.2764723002910614,0.5527057647705078,1,-15.393710035189624,LV-M
Crypto_BTC_USDT,XGBoost_GBDT,4,109,2,0,0.4363372325897217,0.299481064081192,0.2641817033290863,-1,-15.693690036514914,LV-M
Crypto_BTC_USDT,XGBoost_GBDT,4,110,2,0,0.44564089179039,0.22610320150852203,0.32825592160224915,-1,-15.643710034555163,LV-M
Crypto_BTC_USDT,XGBoost_GBDT,4,111,2,1,0.24003706872463226,0.5270713567733765,0.23289155960083008,0,0.0,LV-M
Crypto_BTC_USDT,XGBoost_GBDT,4,112,2,2,0.3390601873397827,0.28962305188179016,0.37131673097610474,1,-15.443710033088282,LV-M
Crypto_BTC_USDT,XGBoost_GBDT,4,113,2,1,0.10158618539571762,0.49859628081321716,0.399817556142807,0,0.0,LV-M
Crypto_BTC_USDT,XGBoost_GBDT,4,114,1,2,0.12776786088943481,0.39385899901390076,0.47837308049201965,1,-15.693770036984217,LV-M
Crypto_BTC_USDT,XGBoost_GBDT,4,115,1,1,0.13925719261169434,0.44116589426994324,0.41957688331604004,0,0.0,LV-M
Crypto_BTC_USDT,XGBoost_GBDT,4,116,1,1,0.231728196144104,0.5808048248291016,0.18746693432331085,0,0.0,LV-M
Crypto_BTC_USDT,XGBoost_GBDT,4,117,0,1,0.13664552569389343,0.6724926233291626,0.19086183607578278,0,0.0,LV-M
Crypto_BTC_USDT,XGBoost_GBDT,4,118,0,1,0.3269047141075134,0.5150266289710999,0.1580686718225479,0,0.0,LV-M
Crypto_BTC_USDT,XGBoost_GBDT,4,119,1,1,0.2298492193222046,0.511860191822052,0.2582905888557434,0,0.0,LV-M
Crypto_BTC_USDT,XGBoost_GBDT,4,120,1,1,0.09210498631000519,0.6943691968917847,0.21352584660053253,0,0.0,LV-M
Crypto_BTC_USDT,XGBoost_GBDT,4,121,1,1,0.2433750331401825,0.4836269021034241,0.2729980945587158,0,0.0,LV-M
Crypto_BTC_USDT,XGBoost_GBDT,4,122,1,1,0.308548241853714,0.5791655778884888,0.11228618025779724,0,0.0,LV-M
Crypto_BTC_USDT,XGBoost_GBDT,4,123,1,0,0.4889959990978241,0.17705269157886505,0.33395132422447205,-1,-15.493750041178275,LV-M
Crypto_BTC_USDT,XGBoost_GBDT,4,124,1,1,0.3696276843547821,0.468957781791687,0.16141460835933685,0,0.0,LV-M
Crypto_BTC_USDT,XGBoost_GBDT,4,125,1,0,0.3990325331687927,0.3329344689846039,0.268032968044281,-1,-15.693730042514412,LV-M
Crypto_BTC_USDT,XGBoost_GBDT,4,126,2,0,0.4806246757507324,0.3936610519886017,0.1257142275571823,-1,-15.84371004169816,LV-M
Crypto_BTC_USDT,XGBoost_GBDT,4,127,2,1,0.3067495822906494,0.49550849199295044,0.19774191081523895,0,0.0,LV-M
Crypto_BTC_USDT,XGBoost_GBDT,4,128,2,1,0.18548178672790527,0.5852653980255127,0.22925280034542084,0,0.0,LV-M
Crypto_BTC_USDT,XGBoost_GBDT,4,129,2,0,0.42307567596435547,0.30086296796798706,0.27606135606765747,-1,-15.893730040326211,LV-M
Crypto_BTC_USDT,XGBoost_GBDT,4,130,2,0,0.44991788268089294,0.1944289207458496,0.35565316677093506,-1,-15.893750041221852,LV-M
Crypto_BTC_USDT,XGBoost_GBDT,4,131,2,1,0.2846798300743103,0.5176606774330139,0.19765950739383698,0,0.0,LV-M
Crypto_BTC_USDT,XGBoost_GBDT,4,132,2,1,0.2396610677242279,0.49884769320487976,0.26149120926856995,0,0.0,LV-M
Crypto_BTC_USDT,XGBoost_GBDT,4,133,2,0,0.45058903098106384,0.17829479277133942,0.37111616134643555,-1,-15.893750042254844,LV-T
Crypto_BTC_USDT,XGBoost_GBDT,4,134,2,2,0.2706916332244873,0.31782960891723633,0.41147881746292114,1,-15.193750042081334,HV-T
Crypto_BTC_USDT,XGBoost_GBDT,4,135,2,0,0.38064005970954895,0.3110154867172241,0.3083444833755493,-1,-15.793770042513025,HV-T
Crypto_BTC_USDT,XGBoost_GBDT,4,136,2,2,0.13399812579154968,0.2334260493516922,0.6325758695602417,1,-15.49378004260528,HV-T
Crypto_BTC_USDT,XGBoost_GBDT,4,137,2,2,0.06716563552618027,0.15583547949790955,0.7769988775253296,1,-15.54380004329171,HV-T
Crypto_BTC_USDT,XGBoost_GBDT,4,138,2,2,0.08038192242383957,0.10993198305368423,0.8096861243247986,1,-15.393790043030107,HV-M
Crypto_BTC_USDT,XGBoost_GBDT,4,139,1,2,0.06633852422237396,0.1946057230234146,0.7390557527542114,1,-15.49381004234816,LV-M
Crypto_BTC_USDT,XGBoost_GBDT,4,140,1,2,0.04107067361474037,0.166156604886055,0.7927727103233337,1,-15.693830042345294,HV-M
Crypto_BTC_USDT,XGBoost_GBDT,4,141,1,2,0.1291051208972931,0.4079114496707916,0.4629833996295929,1,-15.793830042351114,HV-M
Crypto_BTC_USDT,XGBoost_GBDT,4,142,1,1,0.14463265240192413,0.5340290665626526,0.3213382959365845,0,0.0,HV-M
Crypto_BTC_USDT,XGBoost_GBDT,4,143,0,2,0.13713054358959198,0.43029895424842834,0.43257051706314087,1,-15.693830040965558,HV-T
Crypto_BTC_USDT,XGBoost_GBDT,4,144,0,1,0.11675027757883072,0.7302164435386658,0.1530333161354065,0,0.0,HV-T
Crypto_BTC_USDT,XGBoost_GBDT,4,145,0,0,0.4635498821735382,0.4037066698074341,0.1327434927225113,-1,-15.59381004015944,HV-T
Crypto_BTC_USDT,XGBoost_GBDT,4,146,1,0,0.5065972805023193,0.3379473388195038,0.15545536577701569,0,0.0,HV-T
Crypto_BTC_USDT,XGBoost_GBDT,4,147,1,1,0.2077067643404007,0.7266044020652771,0.06568882614374161,0,0.0,HV-T
Crypto_BTC_USDT,XGBoost_GBDT,4,148,1,1,0.3965873420238495,0.43144407868385315,0.17196860909461975,0,0.0,HV-M
Crypto_BTC_USDT,XGBoost_GBDT,4,149,1,0,0.6922823190689087,0.13572490215301514,0.1719927191734314,0,0.0,HV-M
Crypto_BTC_USDT,XGBoost_GBDT,4,150,1,1,0.36136385798454285,0.5206305384635925,0.11800559610128403,0,0.0,HV-M
Crypto_BTC_USDT,XGBoost_GBDT,4,151,1,1,0.21295088529586792,0.6986437439918518,0.08840532600879669,0,0.0,HV-M
Crypto_BTC_USDT,XGBoost_GBDT,4,152,1,0,0.4182993173599243,0.3805140256881714,0.20118659734725952,0,0.0,HV-M
Crypto_BTC_USDT,XGBoost_GBDT,4,153,1,1,0.21068286895751953,0.6243835687637329,0.16493354737758636,0,0.0,HV-M
Crypto_BTC_USDT,XGBoost_GBDT,4,154,1,0,0.42302581667900085,0.36434370279312134,0.2126304656267166,0,0.0,HV-M
Crypto_BTC_USDT,XGBoost_GBDT,4,155,0,0,0.4677663743495941,0.18603166937828064,0.34620195627212524,0,0.0,HV-T
Crypto_BTC_USDT,Kernel_SVM,4,0,1,2,0.20338666971866623,0.32029375279678735,0.4763195774845465,1,-15.493888609627911,HV-T
Crypto_BTC_USDT,Kernel_SVM,4,1,1,2,0.20609369861386648,0.38749794041967667,0.40640836096645705,1,-15.593860017664584,HV-T
Crypto_BTC_USDT,Kernel_SVM,4,2,1,1,0.20151250903690573,0.500454583705325,0.2980329072577694,0,0.0,HV-T
Crypto_BTC_USDT,Kernel_SVM,4,3,1,1,0.20531983902260612,0.5315915134308683,0.2630886475465255,0,0.0,HV-T
Crypto_BTC_USDT,Kernel_SVM,4,4,1,1,0.22411869571214285,0.45596271327994226,0.31991859100791487,0,0.0,HV-T
Crypto_BTC_USDT,Kernel_SVM,4,5,1,1,0.30685076337463,0.5145049149820464,0.17864432164332358,0,0.0,HV-T
Crypto_BTC_USDT,Kernel_SVM,4,6,1,1,0.30436019822468147,0.4378002226802265,0.2578395790950923,0,0.0,HV-T
Crypto_BTC_USDT,Kernel_SVM,4,7,1,1,0.35821870432830405,0.4163043400656962,0.22547695560599992,0,0.0,LV-M
Crypto_BTC_USDT,Kernel_SVM,4,8,1,1,0.2789747502045278,0.48023537039530295,0.24078987940016913,0,0.0,LV-M
Crypto_BTC_USDT,Kernel_SVM,4,9,1,1,0.20551573454281977,0.4593291260894231,0.3351551393677572,0,0.0,LV-M
Crypto_BTC_USDT,Kernel_SVM,4,10,1,1,0.19255934826307725,0.4158421427107846,0.3915985090261381,0,0.0,LV-M
Crypto_BTC_USDT,Kernel_SVM,4,11,1,0,0.3606713802916933,0.34996124933734,0.2893673703709667,-1,-15.493850031983037,LV-M
Crypto_BTC_USDT,Kernel_SVM,4,12,1,1,0.23350279654421188,0.5890501959809165,0.1774470074748719,0,0.0,LV-M
Crypto_BTC_USDT,Kernel_SVM,4,13,1,2,0.24943110783076297,0.3575416245171118,0.3930272676521251,1,-15.593830032319016,LV-M
Crypto_BTC_USDT,Kernel_SVM,4,14,1,2,0.16092121613689875,0.34940468314739637,0.4896741007157049,1,-15.693850034069278,LV-M
Crypto_BTC_USDT,Kernel_SVM,4,15,1,1,0.20468689173418522,0.603469127032771,0.19184398123304375,0,0.0,LV-M
Crypto_BTC_USDT,Kernel_SVM,4,16,0,1,0.20948884664762626,0.5762127391357948,0.21429841421657897,0,0.0,LV-M
Crypto_BTC_USDT,Kernel_SVM,4,17,0,1,0.23419498229214292,0.5236772311531146,0.24212778655474249,0,0.0,LV-M
Crypto_BTC_USDT,Kernel_SVM,4,18,0,1,0.1900489576241418,0.44247012164435945,0.3674809207314987,0,0.0,LV-M
Crypto_BTC_USDT,Kernel_SVM,4,19,0,1,0.2908119672313,0.4861008773208405,0.22308715544785954,0,0.0,LV-M
Crypto_BTC_USDT,Kernel_SVM,4,20,0,1,0.2750209121311429,0.4788937127128199,0.24608537515603698,0,0.0,LV-M
Crypto_BTC_USDT,Kernel_SVM,4,21,0,1,0.2481688083949674,0.5313901638079275,0.2204410277971052,0,0.0,LV-T
Crypto_BTC_USDT,Kernel_SVM,4,22,0,1,0.2452156579018915,0.5121960807956352,0.24258826130247332,0,0.0,LV-T
Crypto_BTC_USDT,Kernel_SVM,4,23,0,1,0.273557054166855,0.48005240761278145,0.24639053822036358,0,0.0,HV-T
Crypto_BTC_USDT,Kernel_SVM,4,24,0,1,0.32896658073780455,0.3491451614902883,0.321888257771907,0,0.0,HV-T
Crypto_BTC_USDT,Kernel_SVM,4,25,0,2,0.32366771897973007,0.3073789067156186,0.36895337430465097,1,-15.793800036067292,HV-T
Crypto_BTC_USDT,Kernel_SVM,4,26,0,1,0.20563090195289876,0.5041761527142065,0.29019294533289464,0,0.0,HV-T
Crypto_BTC_USDT,Kernel_SVM,4,27,0,1,0.2457249462502967,0.5487787758606678,0.20549627788903563,0,0.0,HV-T
Crypto_BTC_USDT,Kernel_SVM,4,28,0,1,0.27938012660662065,0.37385833759448023,0.34676153579889896,0,0.0,HV-T
Crypto_BTC_USDT,Kernel_SVM,4,29,0,1,0.20650437405110403,0.4240748124026361,0.3694208135462597,0,0.0,HV-T
Crypto_BTC_USDT,Kernel_SVM,4,30,0,1,0.22760209502159476,0.47130583114237384,0.30109207383603165,0,0.0,HV-T
Crypto_BTC_USDT,Kernel_SVM,4,31,1,1,0.31332377844030357,0.45198615647675255,0.23469006508294388,0,0.0,HV-T
Crypto_BTC_USDT,Kernel_SVM,4,32,1,1,0.3301081119082684,0.4432067014723785,0.2266851866193532,0,0.0,HV-M
Crypto_BTC_USDT,Kernel_SVM,4,33,1,1,0.29314376197137104,0.4756712793349034,0.23118495869372557,0,0.0,HV-T
Crypto_BTC_USDT,Kernel_SVM,4,34,2,1,0.24491617404738147,0.43339646417861366,0.32168736177400453,0,0.0,HV-T
Crypto_BTC_USDT,Kernel_SVM,4,35,2,1,0.2585155958954815,0.45162785190890214,0.28985655219561607,0,0.0,HV-T
Crypto_BTC_USDT,Kernel_SVM,4,36,2,1,0.29645416316970896,0.4776523743590054,0.2258934624712855,0,0.0,HV-T
Crypto_BTC_USDT,Kernel_SVM,4,37,2,1,0.26835234753138015,0.5086736441113742,0.2229740083572454,0,0.0,HV-T
Crypto_BTC_USDT,Kernel_SVM,4,38,2,1,0.20271352075902102,0.47909081531312997,0.31819566392784887,0,0.0,HV-T
Crypto_BTC_USDT,Kernel_SVM,4,39,2,2,0.21762040802946586,0.3908467043560981,0.391532887614436,1,-15.443770043265943,HV-T
Crypto_BTC_USDT,Kernel_SVM,4,40,2,1,0.2943580664280259,0.4575013484533103,0.24814058511866366,0,0.0,HV-T
Crypto_BTC_USDT,Kernel_SVM,4,41,1,1,0.17530603681324133,0.5669246898633197,0.25776927332343874,0,0.0,HV-T
Crypto_BTC_USDT,Kernel_SVM,4,42,1,1,0.2612936400444449,0.48811370390365594,0.25059265605189945,0,0.0,HV-T
Crypto_BTC_USDT,Kernel_SVM,4,43,1,1,0.1822705801457203,0.5179967644277078,0.299732655426572,0,0.0,HV-T
Crypto_BTC_USDT,Kernel_SVM,4,44,2,1,0.1368746303655998,0.5050849391269434,0.3580404305074567,0,0.0,HV-T
Crypto_BTC_USDT,Kernel_SVM,4,45,1,1,0.2065168580692158,0.5021334678320523,0.2913496740987316,0,0.0,HV-T
Crypto_BTC_USDT,Kernel_SVM,4,46,1,1,0.19703248758480177,0.4964882897854771,0.30647922262972127,0,0.0,HV-T
Crypto_BTC_USDT,Kernel_SVM,4,47,1,1,0.29327429916174474,0.47039631330944287,0.23632938752881213,0,0.0,HV-T
Crypto_BTC_USDT,Kernel_SVM,4,48,1,1,0.15509942801125487,0.5516281923598166,0.29327237962892855,0,0.0,HV-T
Crypto_BTC_USDT,Kernel_SVM,4,49,1,1,0.28703094384776323,0.44224243129471424,0.27072662485752264,0,0.0,HV-T
Crypto_BTC_USDT,Kernel_SVM,4,50,1,2,0.15935543616825032,0.353878919015278,0.4867656448164718,1,-15.593790041738613,HV-T
Crypto_BTC_USDT,Kernel_SVM,4,51,1,1,0.16961008311651973,0.4933644880405071,0.33702542884297326,0,0.0,HV-T
Crypto_BTC_USDT,Kernel_SVM,4,52,1,1,0.15356675149766688,0.5762931482216271,0.27014010028070556,0,0.0,HV-T
Crypto_BTC_USDT,Kernel_SVM,4,53,0,2,0.1616662411831133,0.33066377649586226,0.5076699823210243,1,-15.993810040474381,HV-T
Crypto_BTC_USDT,Kernel_SVM,4,54,0,2,0.24911621334422496,0.37315835923319907,0.37772542742257587,1,-15.89381004046856,HV-M
Crypto_BTC_USDT,Kernel_SVM,4,55,0,1,0.330277758657688,0.3435412830471854,0.3261809582951265,0,0.0,HV-M
Crypto_BTC_USDT,Kernel_SVM,4,56,0,1,0.19694298585994885,0.5568153848241755,0.24624162931587548,0,0.0,LV-M
Crypto_BTC_USDT,Kernel_SVM,4,57,0,2,0.22561666699300315,0.31862181554940366,0.45576151745759336,1,-15.743770043519318,LV-M
Crypto_BTC_USDT,Kernel_SVM,4,58,0,1,0.2696436636915449,0.38071106544397587,0.3496452708644792,0,0.0,LV-M
Crypto_BTC_USDT,Kernel_SVM,4,59,0,1,0.31528968257222706,0.4071676809642316,0.27754263646354105,0,0.0,LV-T
Crypto_BTC_USDT,Kernel_SVM,4,60,0,1,0.18497834109587352,0.5615681808974888,0.2534534780066381,0,0.0,LV-T
Crypto_BTC_USDT,Kernel_SVM,4,61,0,1,0.2686959103233215,0.5220889559188,0.20921513375787829,0,0.0,HV-T
Crypto_BTC_USDT,Kernel_SVM,4,62,0,1,0.23010962555873962,0.4022705775832415,0.3676197968580187,0,0.0,HV-T
Crypto_BTC_USDT,Kernel_SVM,4,63,0,1,0.27578992364965216,0.4525278724928817,0.2716822038574662,0,0.0,HV-T
Crypto_BTC_USDT,Kernel_SVM,4,64,0,2,0.1920781513304315,0.38774411786013546,0.42017773080943316,1,-15.593730042556784,HV-T
Crypto_BTC_USDT,Kernel_SVM,4,65,0,1,0.2098155959955047,0.5056173986479677,0.28456700535652735,0,0.0,LV-T
Crypto_BTC_USDT,Kernel_SVM,4,66,0,1,0.1724845065997903,0.43905252731656197,0.3884629660836476,0,0.0,LV-T
Crypto_BTC_USDT,Kernel_SVM,4,67,0,1,0.22678937180644299,0.48578427686495546,0.2874263513286014,0,0.0,LV-T
Crypto_BTC_USDT,Kernel_SVM,4,68,0,2,0.23997246986992565,0.3598858791115489,0.4001416510185253,1,-15.793730042010111,LV-T
Crypto_BTC_USDT,Kernel_SVM,4,69,0,1,0.23811005620360143,0.4344510916169502,0.32743885217944835,0,0.0,LV-T
Crypto_BTC_USDT,Kernel_SVM,4,70,0,2,0.23588793481396506,0.31268856397095085,0.451423501215084,1,-15.943730041384013,LV-T
Crypto_BTC_USDT,Kernel_SVM,4,71,0,1,0.24592093901237688,0.42783587774169973,0.32624318324592333,0,0.0,LV-T
Crypto_BTC_USDT,Kernel_SVM,4,72,0,1,0.23505096109589113,0.44501580223764314,0.3199332366664656,0,0.0,LV-T
Crypto_BTC_USDT,Kernel_SVM,4,73,0,1,0.17979756473144673,0.5077969911468764,0.31240544412167676,0,0.0,LV-T
Crypto_BTC_USDT,Kernel_SVM,4,74,0,2,0.21137243751558785,0.3559606702987751,0.43266689218563703,1,-15.893710042511332,LV-T
Crypto_BTC_USDT,Kernel_SVM,4,75,0,1,0.19756175091120526,0.4702763609852674,0.3321618881035271,0,0.0,LV-T
Crypto_BTC_USDT,Kernel_SVM,4,76,0,1,0.2298808763274874,0.4780287763155641,0.29209034735694844,0,0.0,LV-M
Crypto_BTC_USDT,Kernel_SVM,4,77,0,1,0.1629421290693092,0.45478145383823076,0.38227641709245996,0,0.0,LV-M
Crypto_BTC_USDT,Kernel_SVM,4,78,0,1,0.18907937797634372,0.40592137959654656,0.40499924242710966,0,0.0,LV-M
Crypto_BTC_USDT,Kernel_SVM,4,79,0,1,0.22058774140796508,0.40636749022639107,0.3730447683656437,0,0.0,LV-M
Crypto_BTC_USDT,Kernel_SVM,4,80,0,1,0.21979187494824717,0.4433631426306963,0.3368449824210568,0,0.0,LV-M
Crypto_BTC_USDT,Kernel_SVM,4,81,1,1,0.19131825017379137,0.44417797229303146,0.3645037775331769,0,0.0,LV-M
Crypto_BTC_USDT,Kernel_SVM,4,82,1,1,0.17591959595572879,0.41781280302949,0.4062676010147808,0,0.0,LV-M
Crypto_BTC_USDT,Kernel_SVM,4,83,1,1,0.24631369451992474,0.47471302888469097,0.27897327659538407,0,0.0,LV-M
Crypto_BTC_USDT,Kernel_SVM,4,84,1,1,0.1916566246642214,0.4495373222252064,0.3588060531105721,0,0.0,LV-M
Crypto_BTC_USDT,Kernel_SVM,4,85,1,1,0.20371738506322667,0.4662326691755101,0.33004994576126295,0,0.0,LV-M
Crypto_BTC_USDT,Kernel_SVM,4,86,2,2,0.18771219487833413,0.353737608007653,0.4585501971140128,1,-15.143610038152477,LV-T
Crypto_BTC_USDT,Kernel_SVM,4,87,2,1,0.1449749411746474,0.44381637542313224,0.4112086834022204,0,0.0,LV-T
Crypto_BTC_USDT,Kernel_SVM,4,88,2,1,0.2277308083329546,0.43429902636349044,0.33797016530355506,0,0.0,LV-T
Crypto_BTC_USDT,Kernel_SVM,4,89,2,1,0.21318904682447765,0.419314538486789,0.3674964146887334,0,0.0,HV-T
Crypto_BTC_USDT,Kernel_SVM,4,90,2,1,0.167052190882021,0.45127619638908756,0.3816716127288914,0,0.0,HV-T
Crypto_BTC_USDT,Kernel_SVM,4,91,2,1,0.17867225667080835,0.4318816280374364,0.38944611529175516,0,0.0,HV-T
Crypto_BTC_USDT,Kernel_SVM,4,92,2,1,0.1698923348434361,0.48696947362590454,0.34313819153065933,0,0.0,HV-T
Crypto_BTC_USDT,Kernel_SVM,4,93,2,2,0.22203668105046268,0.35146583716045,0.42649748178908714,1,-15.393650037360217,HV-T
Crypto_BTC_USDT,Kernel_SVM,4,94,2,2,0.15495901231367126,0.36758583213170704,0.47745515555462165,1,-15.243650035922627,HV-T
Crypto_BTC_USDT,Kernel_SVM,4,95,2,1,0.1447470260502447,0.49624804336660366,0.3590049305831515,0,0.0,HV-T
Crypto_BTC_USDT,Kernel_SVM,4,96,2,2,0.13622537584000602,0.35176329848188853,0.5120113256781056,1,-15.493680036584381,HV-T
Crypto_BTC_USDT,Kernel_SVM,4,97,2,2,0.11774688726297206,0.3451132661548169,0.5371398465822108,1,-15.493690036762914,HV-T
Crypto_BTC_USDT,Kernel_SVM,4,98,2,1,0.19959609460281427,0.44008370275195124,0.36032020264523434,0,0.0,HV-T
Crypto_BTC_USDT,Kernel_SVM,4,99,1,2,0.10519274931133495,0.39986747200716966,0.4949397786814956,1,-15.493690038481589,HV-T
Crypto_BTC_USDT,Kernel_SVM,4,100,1,2,0.1554772739231362,0.3012917665524823,0.5432309595243814,1,-15.393690038143365,HV-T
Crypto_BTC_USDT,Kernel_SVM,4,101,1,2,0.1406592865536526,0.42752356527717295,0.43181714816917455,1,-15.393690037911538,HV-T
Crypto_BTC_USDT,Kernel_SVM,4,102,1,1,0.19141131248045173,0.4984006968930399,0.3101879906265084,0,0.0,HV-T
Crypto_BTC_USDT,Kernel_SVM,4,103,2,1,0.11733692604472871,0.46012371858466006,0.42253935537061116,0,0.0,HV-T
Crypto_BTC_USDT,Kernel_SVM,4,104,2,2,0.20807218742292816,0.3717022312970005,0.4202255812800713,1,-15.19370003624109,HV-T
Crypto_BTC_USDT,Kernel_SVM,4,105,2,2,0.22111504053770667,0.37510786681299363,0.4037770926492996,1,-15.193690035369974,LV-T
Crypto_BTC_USDT,Kernel_SVM,4,106,2,1,0.15280149414559147,0.46239166012168287,0.3848068457327256,0,0.0,LV-T
Crypto_BTC_USDT,Kernel_SVM,4,107,2,1,0.1424491181261854,0.4453033091933906,0.41224757268042395,0,0.0,LV-T
Crypto_BTC_USDT,Kernel_SVM,4,108,2,2,0.14929404395608034,0.3460058041070047,0.5047001519369146,1,-15.393710035189624,LV-M
Crypto_BTC_USDT,Kernel_SVM,4,109,2,1,0.1794910326100518,0.4978087256922313,0.32270024169771655,0,0.0,LV-M
Crypto_BTC_USDT,Kernel_SVM,4,110,2,2,0.15677907174820718,0.29645868924027197,0.5467622390115208,1,-15.3437100345377,LV-M
Crypto_BTC_USDT,Kernel_SVM,4,111,2,1,0.12993147010598166,0.51783906214524,0.35222946774877834,0,0.0,LV-M
Crypto_BTC_USDT,Kernel_SVM,4,112,2,1,0.1290449167449069,0.4377017528168016,0.4332533304382917,0,0.0,LV-M
Crypto_BTC_USDT,Kernel_SVM,4,113,2,2,0.13504384280692677,0.24694402983426947,0.6180121273588037,1,-15.493750036841119,LV-M
Crypto_BTC_USDT,Kernel_SVM,4,114,1,2,0.16826325472635584,0.34952622263046185,0.4822105226431823,1,-15.693770036984217,LV-M
Crypto_BTC_USDT,Kernel_SVM,4,115,1,2,0.17448478046650204,0.36969482109176205,0.4558203984417359,1,-15.593750036978323,LV-M
Crypto_BTC_USDT,Kernel_SVM,4,116,1,2,0.14328630458760575,0.37100055688611916,0.48571313852627473,1,-15.693750036984143,LV-M
Crypto_BTC_USDT,Kernel_SVM,4,117,0,1,0.14641291389140246,0.4538141313059481,0.3997729548026495,0,0.0,LV-M
Crypto_BTC_USDT,Kernel_SVM,4,118,0,1,0.2586216480722754,0.42410873076405253,0.3172696211636721,0,0.0,LV-M
Crypto_BTC_USDT,Kernel_SVM,4,119,1,1,0.18058105514228506,0.5138327076693836,0.30558623718833144,0,0.0,LV-M
Crypto_BTC_USDT,Kernel_SVM,4,120,1,2,0.20823426972088604,0.329328383191844,0.46243734708726975,1,-15.493740036652774,LV-M
Crypto_BTC_USDT,Kernel_SVM,4,121,1,2,0.16368439090137024,0.4070236284458383,0.4292919806527919,1,-15.543750036741548,LV-M
Crypto_BTC_USDT,Kernel_SVM,4,122,1,1,0.2700852497263613,0.40951803461874836,0.32039671565489025,0,0.0,LV-M
Crypto_BTC_USDT,Kernel_SVM,4,123,1,2,0.19559861428104,0.2988314930055375,0.5055698927134222,1,-15.493750041178275,LV-M
Crypto_BTC_USDT,Kernel_SVM,4,124,1,1,0.17405309762050208,0.482961172091113,0.3429857302883848,0,0.0,LV-M
Crypto_BTC_USDT,Kernel_SVM,4,125,1,2,0.2284547465669622,0.38235450776700153,0.38919074566603595,1,-15.293730042520233,LV-M
Crypto_BTC_USDT,Kernel_SVM,4,126,2,1,0.26463185185320354,0.45984456341821345,0.27552358472858296,0,0.0,LV-M
Crypto_BTC_USDT,Kernel_SVM,4,127,2,1,0.13357887563409923,0.4932462225472541,0.3731749018186465,0,0.0,LV-M
Crypto_BTC_USDT,Kernel_SVM,4,128,2,2,0.1455934944021152,0.3723006734147725,0.48210583218311226,1,-15.193730041210165,LV-M
Crypto_BTC_USDT,Kernel_SVM,4,129,2,2,0.1875136134126742,0.38057050095024764,0.4319158856370781,1,-15.093730040337853,LV-M
Crypto_BTC_USDT,Kernel_SVM,4,130,2,2,0.14699165200897932,0.27132628318830765,0.581682064802713,1,-15.09375004120439,LV-M
Crypto_BTC_USDT,Kernel_SVM,4,131,2,1,0.2033214909395368,0.4698551537031454,0.32682335535731794,0,0.0,LV-M
Crypto_BTC_USDT,Kernel_SVM,4,132,2,2,0.17610667191530935,0.390386369819747,0.43350695826494384,1,-15.093730041574714,LV-M
Crypto_BTC_USDT,Kernel_SVM,4,133,2,2,0.16666188175525626,0.3723176219461569,0.46102049629858655,1,-15.093750042237382,LV-T
Crypto_BTC_USDT,Kernel_SVM,4,134,2,1,0.1192596268171152,0.48769957826084137,0.3930407949220435,0,0.0,HV-T
Crypto_BTC_USDT,Kernel_SVM,4,135,2,2,0.19951633173025385,0.3865897232523705,0.41389394501737525,1,-15.393770042518845,HV-T
Crypto_BTC_USDT,Kernel_SVM,4,136,2,2,0.11480622742702362,0.3166010988870972,0.5685926736858793,1,-15.49378004260528,HV-T
Crypto_BTC_USDT,Kernel_SVM,4,137,2,2,0.16410739261943066,0.3310385333819187,0.5048540739986509,1,-15.54380004329171,HV-T
Crypto_BTC_USDT,Kernel_SVM,4,138,2,2,0.12219969256159176,0.4041495956661087,0.4736507117722994,1,-15.393790043030107,HV-M
Crypto_BTC_USDT,Kernel_SVM,4,139,1,2,0.16215756059581699,0.27163668610465763,0.5662057532995255,1,-15.49381004234816,LV-M
Crypto_BTC_USDT,Kernel_SVM,4,140,1,2,0.12933234242528602,0.248825883778517,0.6218417737961969,1,-15.693830042345294,HV-M
Crypto_BTC_USDT,Kernel_SVM,4,141,1,2,0.164178096553472,0.39188197336966896,0.44393993007685884,1,-15.793830042351114,HV-M
Crypto_BTC_USDT,Kernel_SVM,4,142,1,1,0.15933937934345505,0.4306543522405405,0.4100062684160044,0,0.0,HV-M
Crypto_BTC_USDT,Kernel_SVM,4,143,0,2,0.1483561315842126,0.348504526002494,0.5031393424132933,1,-15.693830040965558,HV-T
Crypto_BTC_USDT,Kernel_SVM,4,144,0,1,0.18751979581411843,0.48985446993996923,0.3226257342459123,0,0.0,HV-T
Crypto_BTC_USDT,Kernel_SVM,4,145,0,1,0.24349918770530182,0.4520600337515162,0.30444077854318186,0,0.0,HV-T
Crypto_BTC_USDT,Kernel_SVM,4,146,1,1,0.3185748536658917,0.3861148974039015,0.29531024893020663,0,0.0,HV-T
Crypto_BTC_USDT,Kernel_SVM,4,147,1,1,0.208262004904916,0.4561786218469769,0.33555937324810736,0,0.0,HV-T
Crypto_BTC_USDT,Kernel_SVM,4,148,1,1,0.2710087998322782,0.405764033525357,0.3232271666423648,0,0.0,HV-M
Crypto_BTC_USDT,Kernel_SVM,4,149,1,0,0.3552884225441463,0.3277833969752379,0.3169281804806158,0,0.0,HV-M
Crypto_BTC_USDT,Kernel_SVM,4,150,1,1,0.24704376306067313,0.5117938022735956,0.24116243466573126,0,0.0,HV-M
Crypto_BTC_USDT,Kernel_SVM,4,151,1,1,0.1940811442227703,0.5035208381054264,0.3023980176718034,0,0.0,HV-M
Crypto_BTC_USDT,Kernel_SVM,4,152,1,2,0.17424640071676856,0.36251132857744744,0.46324227070578405,0,0.0,HV-M
Crypto_BTC_USDT,Kernel_SVM,4,153,1,1,0.1744095509117966,0.545997723417707,0.27959272567049626,0,0.0,HV-M
Crypto_BTC_USDT,Kernel_SVM,4,154,1,1,0.23245356038733356,0.4022525239529178,0.3652939156597486,0,0.0,HV-M
Crypto_BTC_USDT,Kernel_SVM,4,155,0,2,0.17989163700191887,0.3446386451340163,0.47546971786406456,0,0.0,HV-T
Crypto_BTC_USDT,DeepLOB_Spatial_CNN,4,0,1,1,0.32073840498924255,0.3427569568157196,0.3365045487880707,0,0.0,HV-T
Crypto_BTC_USDT,DeepLOB_Spatial_CNN,4,1,1,1,0.31785595417022705,0.3421521484851837,0.33999183773994446,0,0.0,HV-T
Crypto_BTC_USDT,DeepLOB_Spatial_CNN,4,2,1,2,0.3193309009075165,0.3399718999862671,0.34069719910621643,0,0.0,HV-T
Crypto_BTC_USDT,DeepLOB_Spatial_CNN,4,3,1,1,0.32327890396118164,0.341683566570282,0.3350375294685364,0,0.0,HV-T
Crypto_BTC_USDT,DeepLOB_Spatial_CNN,4,4,1,1,0.32402896881103516,0.3425803780555725,0.33339065313339233,0,0.0,HV-T
Crypto_BTC_USDT,DeepLOB_Spatial_CNN,4,5,1,1,0.33016470074653625,0.3425939381122589,0.32724133133888245,0,0.0,HV-T
Crypto_BTC_USDT,DeepLOB_Spatial_CNN,4,6,1,1,0.33224382996559143,0.34717226028442383,0.32058385014533997,0,0.0,HV-T
Crypto_BTC_USDT,DeepLOB_Spatial_CNN,4,7,1,1,0.3361387848854065,0.34786152839660645,0.31599968671798706,0,0.0,LV-M
Crypto_BTC_USDT,DeepLOB_Spatial_CNN,4,8,1,1,0.33903971314430237,0.34747475385665894,0.3134855628013611,0,0.0,LV-M
Crypto_BTC_USDT,DeepLOB_Spatial_CNN,4,9,1,1,0.3370565176010132,0.34807243943214417,0.31487101316452026,0,0.0,LV-M
Crypto_BTC_USDT,DeepLOB_Spatial_CNN,4,10,1,1,0.33722811937332153,0.34363171458244324,0.3191401958465576,0,0.0,LV-M
Crypto_BTC_USDT,DeepLOB_Spatial_CNN,4,11,1,1,0.3331362009048462,0.3430183231830597,0.32384541630744934,0,0.0,LV-M
Crypto_BTC_USDT,DeepLOB_Spatial_CNN,4,12,1,1,0.33345508575439453,0.34376612305641174,0.3227787911891937,0,0.0,LV-M
Crypto_BTC_USDT,DeepLOB_Spatial_CNN,4,13,1,1,0.3294612467288971,0.3444557189941406,0.32608306407928467,0,0.0,LV-M
Crypto_BTC_USDT,DeepLOB_Spatial_CNN,4,14,1,1,0.32616737484931946,0.3473396599292755,0.32649290561676025,0,0.0,LV-M
Crypto_BTC_USDT,DeepLOB_Spatial_CNN,4,15,1,1,0.32431837916374207,0.3456917405128479,0.3299899399280548,0,0.0,LV-M
Crypto_BTC_USDT,DeepLOB_Spatial_CNN,4,16,0,1,0.32419607043266296,0.3473798632621765,0.3284241259098053,0,0.0,LV-M
Crypto_BTC_USDT,DeepLOB_Spatial_CNN,4,17,0,1,0.323868066072464,0.3465789556503296,0.3295529782772064,0,0.0,LV-M
Crypto_BTC_USDT,DeepLOB_Spatial_CNN,4,18,0,1,0.32342883944511414,0.3471532166004181,0.32941797375679016,0,0.0,LV-M
Crypto_BTC_USDT,DeepLOB_Spatial_CNN,4,19,0,1,0.3223167359828949,0.3452804982662201,0.3324028253555298,0,0.0,LV-M
Crypto_BTC_USDT,DeepLOB_Spatial_CNN,4,20,0,1,0.32401904463768005,0.3419443964958191,0.33403655886650085,0,0.0,LV-M
Crypto_BTC_USDT,DeepLOB_Spatial_CNN,4,21,0,1,0.32380610704421997,0.3462527394294739,0.3299410939216614,0,0.0,LV-T
Crypto_BTC_USDT,DeepLOB_Spatial_CNN,4,22,0,1,0.3242650330066681,0.34491509199142456,0.3308199346065521,0,0.0,LV-T
Crypto_BTC_USDT,DeepLOB_Spatial_CNN,4,23,0,1,0.3264835476875305,0.3425067365169525,0.3310096561908722,0,0.0,HV-T
Crypto_BTC_USDT,DeepLOB_Spatial_CNN,4,24,0,1,0.3272111117839813,0.3449229598045349,0.32786592841148376,0,0.0,HV-T
Crypto_BTC_USDT,DeepLOB_Spatial_CNN,4,25,0,1,0.32641640305519104,0.34272685647010803,0.3308567404747009,0,0.0,HV-T
Crypto_BTC_USDT,DeepLOB_Spatial_CNN,4,26,0,1,0.32409006357192993,0.3417941629886627,0.33411574363708496,0,0.0,HV-T
Crypto_BTC_USDT,DeepLOB_Spatial_CNN,4,27,0,1,0.32280394434928894,0.34074705839157104,0.3364489674568176,0,0.0,HV-T
Crypto_BTC_USDT,DeepLOB_Spatial_CNN,4,28,0,2,0.32078787684440613,0.33886608481407166,0.3403460383415222,0,0.0,HV-T
Crypto_BTC_USDT,DeepLOB_Spatial_CNN,4,29,0,2,0.31662559509277344,0.3387918472290039,0.34458258748054504,0,0.0,HV-T
Crypto_BTC_USDT,DeepLOB_Spatial_CNN,4,30,0,2,0.312122642993927,0.3378762900829315,0.35000109672546387,1,-15.493770040438616,HV-T
Crypto_BTC_USDT,DeepLOB_Spatial_CNN,4,31,1,2,0.30967313051223755,0.3361263871192932,0.35420048236846924,1,-15.393750040724836,HV-T
Crypto_BTC_USDT,DeepLOB_Spatial_CNN,4,32,1,2,0.3098364472389221,0.3334917724132538,0.3566717207431793,1,-15.293730041320194,HV-M
Crypto_BTC_USDT,DeepLOB_Spatial_CNN,4,33,1,2,0.3040499687194824,0.3342006206512451,0.36174941062927246,1,-15.293730041320194,HV-T
Crypto_BTC_USDT,DeepLOB_Spatial_CNN,4,34,2,2,0.2982179820537567,0.330974817276001,0.3708072304725647,1,-15.193730041314373,HV-T
Crypto_BTC_USDT,DeepLOB_Spatial_CNN,4,35,2,2,0.2934090793132782,0.32835322618484497,0.37823769450187683,1,-15.393750042713572,HV-T
Crypto_BTC_USDT,DeepLOB_Spatial_CNN,4,36,2,2,0.2887687683105469,0.32568812370300293,0.3855430781841278,1,-15.29373004335661,HV-T
Crypto_BTC_USDT,DeepLOB_Spatial_CNN,4,37,2,2,0.2868421673774719,0.32739076018333435,0.38576704263687134,1,-15.39373004272808,HV-T
Crypto_BTC_USDT,DeepLOB_Spatial_CNN,4,38,2,2,0.286445289850235,0.3281181752681732,0.385436475276947,1,-15.34375004272524,HV-T
Crypto_BTC_USDT,DeepLOB_Spatial_CNN,4,39,2,2,0.2862246632575989,0.32601043581962585,0.38776493072509766,1,-15.443770043265943,HV-T
Crypto_BTC_USDT,DeepLOB_Spatial_CNN,4,40,2,2,0.28490665555000305,0.3204810321331024,0.39461228251457214,1,-15.393770042001396,HV-T
Crypto_BTC_USDT,DeepLOB_Spatial_CNN,4,41,1,2,0.28641772270202637,0.31964606046676636,0.3939362168312073,1,-15.393770042001396,HV-T
Crypto_BTC_USDT,DeepLOB_Spatial_CNN,4,42,1,2,0.29154863953590393,0.3211687207221985,0.3872826397418976,1,-15.393770041207167,HV-T
Crypto_BTC_USDT,DeepLOB_Spatial_CNN,4,43,1,2,0.2940618097782135,0.3192519545555115,0.386686235666275,1,-15.293770041215899,HV-T
Crypto_BTC_USDT,DeepLOB_Spatial_CNN,4,44,2,2,0.29805099964141846,0.3145945370197296,0.38735446333885193,1,-15.393790041221783,HV-T
Crypto_BTC_USDT,DeepLOB_Spatial_CNN,4,45,1,2,0.2956796884536743,0.31719279289245605,0.387127548456192,1,-15.493770041878767,HV-T
Crypto_BTC_USDT,DeepLOB_Spatial_CNN,4,46,1,2,0.29783979058265686,0.3221021890640259,0.38005805015563965,1,-15.543770041508443,HV-T
Crypto_BTC_USDT,DeepLOB_Spatial_CNN,4,47,1,2,0.2971193194389343,0.32273396849632263,0.38014668226242065,1,-15.393750042112385,HV-T
Crypto_BTC_USDT,DeepLOB_Spatial_CNN,4,48,1,2,0.298033207654953,0.3229711651802063,0.3789955973625183,1,-15.543780042113951,HV-T
Crypto_BTC_USDT,DeepLOB_Spatial_CNN,4,49,1,2,0.30095750093460083,0.32153528928756714,0.3775072395801544,1,-15.59378004210231,HV-T
Crypto_BTC_USDT,DeepLOB_Spatial_CNN,4,50,1,2,0.3030655086040497,0.32482197880744934,0.3721124529838562,1,-15.593790041738613,HV-T
Crypto_BTC_USDT,DeepLOB_Spatial_CNN,4,51,1,2,0.30694469809532166,0.32262152433395386,0.3704337477684021,1,-15.643790041756075,HV-T
Crypto_BTC_USDT,DeepLOB_Spatial_CNN,4,52,1,2,0.30943819880485535,0.3236458897590637,0.3669159710407257,1,-15.693790041580568,HV-T
Crypto_BTC_USDT,DeepLOB_Spatial_CNN,4,53,0,2,0.30811482667922974,0.32398051023483276,0.3679046332836151,1,-15.993810040474381,HV-T
Crypto_BTC_USDT,DeepLOB_Spatial_CNN,4,54,0,2,0.31174716353416443,0.3251926600933075,0.3630601763725281,1,-15.89381004046856,HV-M
Crypto_BTC_USDT,DeepLOB_Spatial_CNN,4,55,0,2,0.31418749690055847,0.32305702567100525,0.3627554476261139,1,-15.793770044218267,HV-M
Crypto_BTC_USDT,DeepLOB_Spatial_CNN,4,56,0,2,0.31771978735923767,0.32604849338531494,0.3562317192554474,1,-15.693760044060408,LV-M
Crypto_BTC_USDT,DeepLOB_Spatial_CNN,4,57,0,2,0.31815555691719055,0.3319447338581085,0.3498997390270233,0,0.0,LV-M
Crypto_BTC_USDT,DeepLOB_Spatial_CNN,4,58,0,2,0.3171069622039795,0.3281593322753906,0.3547336757183075,1,-15.793780039566974,LV-M
Crypto_BTC_USDT,DeepLOB_Spatial_CNN,4,59,0,2,0.31535759568214417,0.3242950737476349,0.36034730076789856,1,-15.743770038843877,LV-T
Crypto_BTC_USDT,DeepLOB_Spatial_CNN,4,60,0,2,0.3169132173061371,0.32342618703842163,0.3596605956554413,1,-15.693770038840967,LV-T
Crypto_BTC_USDT,DeepLOB_Spatial_CNN,4,61,0,2,0.31743985414505005,0.3256937861442566,0.35686635971069336,1,-15.743760037971146,HV-T
Crypto_BTC_USDT,DeepLOB_Spatial_CNN,4,62,0,2,0.31563812494277954,0.3254659175872803,0.3588959574699402,1,-15.693750037100308,HV-T
Crypto_BTC_USDT,DeepLOB_Spatial_CNN,4,63,0,2,0.3137087821960449,0.3276742100715637,0.35861706733703613,1,-15.593710041482149,HV-T
Crypto_BTC_USDT,DeepLOB_Spatial_CNN,4,64,0,2,0.31069791316986084,0.3274693787097931,0.3618326783180237,1,-15.593730042556784,HV-T
Crypto_BTC_USDT,DeepLOB_Spatial_CNN,4,65,0,2,0.30600443482398987,0.32622990012168884,0.3677656054496765,1,-15.593710042406888,LV-T
Crypto_BTC_USDT,DeepLOB_Spatial_CNN,4,66,0,2,0.2971824109554291,0.3153490722179413,0.38746851682662964,1,-15.793730042553879,LV-T
Crypto_BTC_USDT,DeepLOB_Spatial_CNN,4,67,0,2,0.29548346996307373,0.3126470148563385,0.39186954498291016,1,-15.793720042790698,LV-T
Crypto_BTC_USDT,DeepLOB_Spatial_CNN,4,68,0,2,0.293057918548584,0.30611321330070496,0.4008288085460663,1,-15.793730042010111,LV-T
Crypto_BTC_USDT,DeepLOB_Spatial_CNN,4,69,0,2,0.28825196623802185,0.30382803082466125,0.4079200327396393,1,-15.793720041042633,LV-T
Crypto_BTC_USDT,DeepLOB_Spatial_CNN,4,70,0,2,0.282373309135437,0.30053773522377014,0.41708895564079285,1,-15.943730041384013,LV-T
Crypto_BTC_USDT,DeepLOB_Spatial_CNN,4,71,0,2,0.2799478769302368,0.3010171055793762,0.4190349876880646,1,-15.993720041561494,LV-T
Crypto_BTC_USDT,DeepLOB_Spatial_CNN,4,72,0,2,0.2751832604408264,0.2971746623516083,0.4276421070098877,1,-15.793710041735519,LV-T
Crypto_BTC_USDT,DeepLOB_Spatial_CNN,4,73,0,2,0.27026695013046265,0.2938550114631653,0.43587803840637207,1,-15.743690042517088,LV-T
Crypto_BTC_USDT,DeepLOB_Spatial_CNN,4,74,0,2,0.26859328150749207,0.2911756932735443,0.44023096561431885,1,-15.893710042511332,LV-T
Crypto_BTC_USDT,DeepLOB_Spatial_CNN,4,75,0,2,0.2644607424736023,0.2895400822162628,0.4459992051124573,1,-15.89369004252584,LV-T
Crypto_BTC_USDT,DeepLOB_Spatial_CNN,4,76,0,2,0.2608232796192169,0.28943660855293274,0.44974014163017273,1,-15.79367004322384,LV-M
Crypto_BTC_USDT,DeepLOB_Spatial_CNN,4,77,0,2,0.25370123982429504,0.28844016790390015,0.4578586220741272,1,-15.693670042514151,LV-M
Crypto_BTC_USDT,DeepLOB_Spatial_CNN,4,78,0,2,0.2543308138847351,0.2823682129383087,0.4633009135723114,1,-15.593670039664017,LV-M
Crypto_BTC_USDT,DeepLOB_Spatial_CNN,4,79,0,2,0.2537037432193756,0.2776022255420685,0.4686940312385559,1,-15.643670039652376,LV-M
Crypto_BTC_USDT,DeepLOB_Spatial_CNN,4,80,0,2,0.2520749270915985,0.272931307554245,0.4749937951564789,1,-15.493640040878724,LV-M
Crypto_BTC_USDT,DeepLOB_Spatial_CNN,4,81,1,2,0.24653838574886322,0.2745073735713959,0.4789541959762573,1,-15.393630040871363,LV-M
Crypto_BTC_USDT,DeepLOB_Spatial_CNN,4,82,1,2,0.23658418655395508,0.2681236267089844,0.49529221653938293,1,-15.5436500424039,LV-M
Crypto_BTC_USDT,DeepLOB_Spatial_CNN,4,83,1,2,0.23037859797477722,0.2601616382598877,0.5094597935676575,1,-15.493640040843584,LV-M
Crypto_BTC_USDT,DeepLOB_Spatial_CNN,4,84,1,2,0.22063550353050232,0.2538963556289673,0.525468111038208,1,-15.393630040801007,LV-M
Crypto_BTC_USDT,DeepLOB_Spatial_CNN,4,85,1,2,0.21286192536354065,0.2559487223625183,0.5311894416809082,1,-15.293610038137237,LV-M
Crypto_BTC_USDT,DeepLOB_Spatial_CNN,4,86,2,2,0.20428985357284546,0.24869339168071747,0.5470167994499207,1,-15.143610038152477,LV-T
Crypto_BTC_USDT,DeepLOB_Spatial_CNN,4,87,2,2,0.1940828263759613,0.2426743358373642,0.5632428526878357,1,-15.19363003924559,LV-T
Crypto_BTC_USDT,DeepLOB_Spatial_CNN,4,88,2,2,0.18635234236717224,0.23642735183238983,0.5772203207015991,1,-15.393650040299354,LV-T
Crypto_BTC_USDT,DeepLOB_Spatial_CNN,4,89,2,2,0.18481481075286865,0.23112650215625763,0.5840587019920349,1,-15.29364004030079,HV-T
Crypto_BTC_USDT,DeepLOB_Spatial_CNN,4,90,2,2,0.18369367718696594,0.22847488522529602,0.587831437587738,1,-15.29365004078078,HV-T
Crypto_BTC_USDT,DeepLOB_Spatial_CNN,4,91,2,2,0.17759814858436584,0.22791174054145813,0.5944901704788208,1,-15.293650040719092,HV-T
Crypto_BTC_USDT,DeepLOB_Spatial_CNN,4,92,2,2,0.1755417287349701,0.22824856638908386,0.5962097644805908,1,-15.34364004074381,HV-T
Crypto_BTC_USDT,DeepLOB_Spatial_CNN,4,93,2,2,0.17531391978263855,0.2237340211868286,0.6009520292282104,1,-15.393650037360217,HV-T
Crypto_BTC_USDT,DeepLOB_Spatial_CNN,4,94,2,2,0.17176850140094757,0.2231041043996811,0.6051274538040161,1,-15.243650035922627,HV-T
Crypto_BTC_USDT,DeepLOB_Spatial_CNN,4,95,2,2,0.17764173448085785,0.22053593397140503,0.6018223762512207,1,-15.293650034978906,HV-T
Crypto_BTC_USDT,DeepLOB_Spatial_CNN,4,96,2,2,0.1850799173116684,0.22489991784095764,0.5900201797485352,1,-15.493680036584381,HV-T
Crypto_BTC_USDT,DeepLOB_Spatial_CNN,4,97,2,2,0.18964476883411407,0.22617633640766144,0.5841789245605469,1,-15.493690036762914,HV-T
Crypto_BTC_USDT,DeepLOB_Spatial_CNN,4,98,2,2,0.19437286257743835,0.22542932629585266,0.5801977515220642,1,-15.293670037376303,HV-T
Crypto_BTC_USDT,DeepLOB_Spatial_CNN,4,99,1,2,0.1996402144432068,0.22511883080005646,0.5752409100532532,1,-15.493690038481589,HV-T
Crypto_BTC_USDT,DeepLOB_Spatial_CNN,4,100,1,2,0.20738977193832397,0.23185329139232635,0.5607569217681885,1,-15.393690038143365,HV-T
Crypto_BTC_USDT,DeepLOB_Spatial_CNN,4,101,1,2,0.2159515768289566,0.2365247756242752,0.5475236177444458,1,-15.393690037911538,HV-T
Crypto_BTC_USDT,DeepLOB_Spatial_CNN,4,102,1,2,0.22042706608772278,0.24291814863681793,0.5366547107696533,1,-15.393680037904234,HV-T
Crypto_BTC_USDT,DeepLOB_Spatial_CNN,4,103,2,2,0.22408971190452576,0.24822686612606049,0.5276833772659302,1,-15.193690037153695,HV-T
Crypto_BTC_USDT,DeepLOB_Spatial_CNN,4,104,2,2,0.22616879642009735,0.2509114742279053,0.522919774055481,1,-15.19370003624109,HV-T
Crypto_BTC_USDT,DeepLOB_Spatial_CNN,4,105,2,2,0.22902600467205048,0.24967651069164276,0.5212975144386292,1,-15.193690035369974,LV-T
Crypto_BTC_USDT,DeepLOB_Spatial_CNN,4,106,2,2,0.2349802851676941,0.2539060711860657,0.5111136436462402,1,-15.193690034086906,LV-T
Crypto_BTC_USDT,DeepLOB_Spatial_CNN,4,107,2,2,0.2393425554037094,0.26157841086387634,0.49907901883125305,1,-15.193690034086906,LV-T
Crypto_BTC_USDT,DeepLOB_Spatial_CNN,4,108,2,2,0.2424793541431427,0.26573845744132996,0.4917822480201721,1,-15.393710035189624,LV-M
Crypto_BTC_USDT,DeepLOB_Spatial_CNN,4,109,2,2,0.24724291265010834,0.2669075131416321,0.4858495891094208,1,-15.293690036520735,LV-M
Crypto_BTC_USDT,DeepLOB_Spatial_CNN,4,110,2,2,0.2533521056175232,0.26545917987823486,0.48118871450424194,1,-15.3437100345377,LV-M
Crypto_BTC_USDT,DeepLOB_Spatial_CNN,4,111,2,2,0.2464599609375,0.26897990703582764,0.48456019163131714,1,-15.3937100340913,LV-M
Crypto_BTC_USDT,DeepLOB_Spatial_CNN,4,112,2,2,0.2505786120891571,0.27012893557548523,0.47929245233535767,1,-15.443710033088282,LV-M
Crypto_BTC_USDT,DeepLOB_Spatial_CNN,4,113,2,2,0.2515113055706024,0.27181121706962585,0.4766775071620941,1,-15.493750036841119,LV-M
Crypto_BTC_USDT,DeepLOB_Spatial_CNN,4,114,1,2,0.2474723905324936,0.2657342255115509,0.4867933392524719,1,-15.693770036984217,LV-M
Crypto_BTC_USDT,DeepLOB_Spatial_CNN,4,115,1,2,0.24914494156837463,0.2651593089103699,0.4856957197189331,1,-15.593750036978323,LV-M
Crypto_BTC_USDT,DeepLOB_Spatial_CNN,4,116,1,2,0.25273260474205017,0.26809442043304443,0.47917303442955017,1,-15.693750036984143,LV-M
Crypto_BTC_USDT,DeepLOB_Spatial_CNN,4,117,0,2,0.260236531496048,0.2756716310977936,0.46409186720848083,1,-15.693750036317699,LV-M
Crypto_BTC_USDT,DeepLOB_Spatial_CNN,4,118,0,2,0.2709013819694519,0.28301551938056946,0.4460831582546234,1,-15.493730037103346,LV-M
Crypto_BTC_USDT,DeepLOB_Spatial_CNN,4,119,1,2,0.27167776226997375,0.29260629415512085,0.4357158839702606,1,-15.493730036645475,LV-M
Crypto_BTC_USDT,DeepLOB_Spatial_CNN,4,120,1,2,0.2732127010822296,0.2977665364742279,0.4290207326412201,1,-15.493740036652774,LV-M
Crypto_BTC_USDT,DeepLOB_Spatial_CNN,4,121,1,2,0.27725929021835327,0.3012107014656067,0.4215300381183624,1,-15.543750036741548,LV-M
Crypto_BTC_USDT,DeepLOB_Spatial_CNN,4,122,1,2,0.28194567561149597,0.30528464913368225,0.41276970505714417,1,-15.493720039351102,LV-M
Crypto_BTC_USDT,DeepLOB_Spatial_CNN,4,123,1,2,0.2861740291118622,0.30730578303337097,0.40652012825012207,1,-15.493750041178275,LV-M
Crypto_BTC_USDT,DeepLOB_Spatial_CNN,4,124,1,2,0.2887673079967499,0.31000474095344543,0.4012278914451599,1,-15.393730042526053,LV-M
Crypto_BTC_USDT,DeepLOB_Spatial_CNN,4,125,1,2,0.29371705651283264,0.3120192289352417,0.39426374435424805,1,-15.293730042520233,LV-M
Crypto_BTC_USDT,DeepLOB_Spatial_CNN,4,126,2,2,0.2972583770751953,0.31379541754722595,0.3889462351799011,1,-15.143710041715622,LV-M
Crypto_BTC_USDT,DeepLOB_Spatial_CNN,4,127,2,2,0.2967037856578827,0.3123305141925812,0.39096570014953613,1,-15.043710041493917,LV-M
Crypto_BTC_USDT,DeepLOB_Spatial_CNN,4,128,2,2,0.29354268312454224,0.30804842710494995,0.3984088599681854,1,-15.193730041210165,LV-M
Crypto_BTC_USDT,DeepLOB_Spatial_CNN,4,129,2,2,0.28982460498809814,0.3067789077758789,0.4033964276313782,1,-15.093730040337853,LV-M
Crypto_BTC_USDT,DeepLOB_Spatial_CNN,4,130,2,2,0.28382712602615356,0.2998649775981903,0.41630783677101135,1,-15.09375004120439,LV-M
Crypto_BTC_USDT,DeepLOB_Spatial_CNN,4,131,2,2,0.2821054756641388,0.30186599493026733,0.41602858901023865,1,-15.093740041567468,LV-M
Crypto_BTC_USDT,DeepLOB_Spatial_CNN,4,132,2,2,0.2820190191268921,0.3006852865219116,0.4172956943511963,1,-15.093730041574714,LV-M
Crypto_BTC_USDT,DeepLOB_Spatial_CNN,4,133,2,2,0.2832734286785126,0.3015708029270172,0.4151557981967926,1,-15.093750042237382,LV-T
Crypto_BTC_USDT,DeepLOB_Spatial_CNN,4,134,2,2,0.2821716070175171,0.3022599220275879,0.415568470954895,1,-15.193750042081334,HV-T
Crypto_BTC_USDT,DeepLOB_Spatial_CNN,4,135,2,2,0.28341519832611084,0.299733966588974,0.41685083508491516,1,-15.393770042518845,HV-T
Crypto_BTC_USDT,DeepLOB_Spatial_CNN,4,136,2,2,0.28496938943862915,0.3035622835159302,0.41146835684776306,1,-15.49378004260528,HV-T
Crypto_BTC_USDT,DeepLOB_Spatial_CNN,4,137,2,2,0.28461769223213196,0.30335134267807007,0.4120309352874756,1,-15.54380004329171,HV-T
Crypto_BTC_USDT,DeepLOB_Spatial_CNN,4,138,2,2,0.28749993443489075,0.31018370389938354,0.4023163318634033,1,-15.393790043030107,HV-M
Crypto_BTC_USDT,DeepLOB_Spatial_CNN,4,139,1,2,0.29353559017181396,0.30699190497398376,0.39947256445884705,1,-15.49381004234816,LV-M
Crypto_BTC_USDT,DeepLOB_Spatial_CNN,4,140,1,2,0.2959554195404053,0.30879053473472595,0.39525410532951355,1,-15.693830042345294,HV-M
Crypto_BTC_USDT,DeepLOB_Spatial_CNN,4,141,1,2,0.3009321391582489,0.31059831380844116,0.3884696066379547,1,-15.793830042351114,HV-M
Crypto_BTC_USDT,DeepLOB_Spatial_CNN,4,142,1,2,0.3075278699398041,0.31305769085884094,0.3794144093990326,1,-15.593810043708423,HV-M
Crypto_BTC_USDT,DeepLOB_Spatial_CNN,4,143,0,2,0.3112730383872986,0.31684762239456177,0.37187936902046204,1,-15.693830040965558,HV-T
Crypto_BTC_USDT,DeepLOB_Spatial_CNN,4,144,0,2,0.3137151896953583,0.3211649954319,0.3651198148727417,1,-15.593810041378411,HV-T
Crypto_BTC_USDT,DeepLOB_Spatial_CNN,4,145,0,2,0.3171684145927429,0.3232416808605194,0.35958990454673767,1,-15.393810040147798,HV-T
Crypto_BTC_USDT,DeepLOB_Spatial_CNN,4,146,1,2,0.3196712136268616,0.3277708888053894,0.3525579273700714,0,0.0,HV-T
Crypto_BTC_USDT,DeepLOB_Spatial_CNN,4,147,1,2,0.3225816488265991,0.3313430845737457,0.34607523679733276,0,0.0,HV-T
Crypto_BTC_USDT,DeepLOB_Spatial_CNN,4,148,1,2,0.321316123008728,0.3358340561389923,0.34284988045692444,0,0.0,HV-M
Crypto_BTC_USDT,DeepLOB_Spatial_CNN,4,149,1,2,0.32376065850257874,0.33445802330970764,0.3417813777923584,0,0.0,HV-M
Crypto_BTC_USDT,DeepLOB_Spatial_CNN,4,150,1,2,0.3237781226634979,0.3346410095691681,0.34158089756965637,0,0.0,HV-M
Crypto_BTC_USDT,DeepLOB_Spatial_CNN,4,151,1,2,0.3240448832511902,0.3357602059841156,0.3401949107646942,0,0.0,HV-M
Crypto_BTC_USDT,DeepLOB_Spatial_CNN,4,152,1,2,0.32161861658096313,0.3351430892944336,0.34323829412460327,0,0.0,HV-M
Crypto_BTC_USDT,DeepLOB_Spatial_CNN,4,153,1,2,0.3166338801383972,0.3364599943161011,0.3469060957431793,0,0.0,HV-M
Crypto_BTC_USDT,DeepLOB_Spatial_CNN,4,154,1,2,0.31460949778556824,0.3337162435054779,0.35167428851127625,0,0.0,HV-M
Crypto_BTC_USDT,DeepLOB_Spatial_CNN,4,155,0,2,0.3108777105808258,0.3313675820827484,0.35775476694107056,0,0.0,HV-T
Crypto_BTC_USDT,DeepLOB_CNN_LSTM,4,0,1,0,0.4164280295372009,0.35713323950767517,0.2264387607574463,-1,-15.493888609627911,HV-T
Crypto_BTC_USDT,DeepLOB_CNN_LSTM,4,1,1,0,0.4044629633426666,0.36202096939086914,0.23351606726646423,-1,-15.493860017687867,HV-T
Crypto_BTC_USDT,DeepLOB_CNN_LSTM,4,2,1,0,0.399781197309494,0.36876562237739563,0.23145319521427155,-1,-15.393850025011634,HV-T
Crypto_BTC_USDT,DeepLOB_CNN_LSTM,4,3,1,0,0.38837528228759766,0.3745506703853607,0.237074077129364,-1,-15.39385002042405,HV-T
Crypto_BTC_USDT,DeepLOB_CNN_LSTM,4,4,1,0,0.3977651000022888,0.3692859709262848,0.23294895887374878,-1,-15.493850017680575,HV-T
Crypto_BTC_USDT,DeepLOB_CNN_LSTM,4,5,1,0,0.42666923999786377,0.36489132046699524,0.208439439535141,-1,-15.443850015825936,HV-T
Crypto_BTC_USDT,DeepLOB_CNN_LSTM,4,6,1,0,0.45668020844459534,0.35213032364845276,0.19118943810462952,-1,-15.493850014436664,HV-T
Crypto_BTC_USDT,DeepLOB_CNN_LSTM,4,7,1,0,0.4853549599647522,0.3423927128314972,0.17225231230258942,-1,-15.543830022165924,LV-M
Crypto_BTC_USDT,DeepLOB_CNN_LSTM,4,8,1,0,0.4976358115673065,0.33724111318588257,0.1651230901479721,-1,-15.593850027959595,LV-M
Crypto_BTC_USDT,DeepLOB_CNN_LSTM,4,9,1,0,0.4888814389705658,0.346518337726593,0.16460025310516357,-1,-15.793830030744884,LV-M
Crypto_BTC_USDT,DeepLOB_CNN_LSTM,4,10,1,0,0.47484904527664185,0.3554143011569977,0.16973674297332764,-1,-15.593850033542495,LV-M
Crypto_BTC_USDT,DeepLOB_CNN_LSTM,4,11,1,0,0.4984487295150757,0.3414582908153534,0.1600930541753769,-1,-15.493850031983037,LV-M
Crypto_BTC_USDT,DeepLOB_CNN_LSTM,4,12,1,0,0.5042015314102173,0.3414016664028168,0.15439680218696594,-1,-15.543830033618407,LV-M
Crypto_BTC_USDT,DeepLOB_CNN_LSTM,4,13,1,0,0.4886153042316437,0.3493829667568207,0.16200169920921326,-1,-15.393830032307374,LV-M
Crypto_BTC_USDT,DeepLOB_CNN_LSTM,4,14,1,0,0.4671848714351654,0.3606570065021515,0.1721581220626831,-1,-15.2938500340751,LV-M
Crypto_BTC_USDT,DeepLOB_CNN_LSTM,4,15,1,0,0.4325634241104126,0.3804313838481903,0.1870051771402359,-1,-15.34384003348908,LV-M
Crypto_BTC_USDT,DeepLOB_CNN_LSTM,4,16,0,0,0.4235270917415619,0.3882490396499634,0.18822388350963593,-1,-15.293850033077732,LV-M
Crypto_BTC_USDT,DeepLOB_CNN_LSTM,4,17,0,0,0.4027846157550812,0.39667221903800964,0.20054323971271515,-1,-15.293840032619611,LV-M
Crypto_BTC_USDT,DeepLOB_CNN_LSTM,4,18,0,0,0.4124331474304199,0.389221727848053,0.1983451396226883,-1,-14.893870036220555,LV-M
Crypto_BTC_USDT,DeepLOB_CNN_LSTM,4,19,0,0,0.4367871880531311,0.37280723452568054,0.19040560722351074,-1,-14.993870035265154,LV-M
Crypto_BTC_USDT,DeepLOB_CNN_LSTM,4,20,0,0,0.469492644071579,0.360786497592926,0.169720858335495,-1,-15.193850036235734,LV-M
Crypto_BTC_USDT,DeepLOB_CNN_LSTM,4,21,0,0,0.48547184467315674,0.35330575704574585,0.16122233867645264,-1,-15.093850035356809,LV-T
Crypto_BTC_USDT,DeepLOB_CNN_LSTM,4,22,0,0,0.5026203393936157,0.34486278891563416,0.1525169014930725,-1,-14.99384003492922,LV-T
Crypto_BTC_USDT,DeepLOB_CNN_LSTM,4,23,0,0,0.5123509168624878,0.33745336532592773,0.1501956731081009,-1,-15.09381003735738,HV-T
Crypto_BTC_USDT,DeepLOB_CNN_LSTM,4,24,0,0,0.5214834809303284,0.3317915201187134,0.14672507345676422,-1,-15.093810036580502,HV-T
Crypto_BTC_USDT,DeepLOB_CNN_LSTM,4,25,0,0,0.5416755676269531,0.3158777952194214,0.1424465924501419,-1,-15.293800036067292,HV-T
Crypto_BTC_USDT,DeepLOB_CNN_LSTM,4,26,0,0,0.5225977301597595,0.3292226195335388,0.14817965030670166,-1,-15.09381003583926,HV-T
Crypto_BTC_USDT,DeepLOB_CNN_LSTM,4,27,0,0,0.5055602192878723,0.34276023507118225,0.15167947113513947,-1,-15.193790036232894,HV-T
Crypto_BTC_USDT,DeepLOB_CNN_LSTM,4,28,0,0,0.4898047149181366,0.34896793961524963,0.16122739017009735,-1,-15.493750039686653,HV-T
Crypto_BTC_USDT,DeepLOB_CNN_LSTM,4,29,0,0,0.4840829074382782,0.34868431091308594,0.16723278164863586,-1,-15.493770040438616,HV-T
Crypto_BTC_USDT,DeepLOB_CNN_LSTM,4,30,0,0,0.4607306122779846,0.3551464080810547,0.1841229796409607,-1,-15.493770040438616,HV-T
Crypto_BTC_USDT,DeepLOB_CNN_LSTM,4,31,1,0,0.4495372474193573,0.35967817902565,0.1907844990491867,-1,-15.593750040736477,HV-T
Crypto_BTC_USDT,DeepLOB_CNN_LSTM,4,32,1,0,0.4554479122161865,0.3548613488674164,0.1896907240152359,-1,-15.693730041314373,HV-M
Crypto_BTC_USDT,DeepLOB_CNN_LSTM,4,33,1,0,0.4574003517627716,0.3517630100250244,0.19083662331104279,-1,-15.693730041314373,HV-T
Crypto_BTC_USDT,DeepLOB_CNN_LSTM,4,34,2,0,0.4235195517539978,0.3632223308086395,0.21325808763504028,-1,-15.793730041320194,HV-T
Crypto_BTC_USDT,DeepLOB_CNN_LSTM,4,35,2,0,0.3999243378639221,0.36455047130584717,0.2355252057313919,-1,-15.593750042725214,HV-T
Crypto_BTC_USDT,DeepLOB_CNN_LSTM,4,36,2,0,0.38359567523002625,0.36772438883781433,0.248679980635643,-1,-15.69373004335079,HV-T
Crypto_BTC_USDT,DeepLOB_CNN_LSTM,4,37,2,0,0.377226322889328,0.3723132610321045,0.2504604756832123,-1,-15.593730042710618,HV-T
Crypto_BTC_USDT,DeepLOB_CNN_LSTM,4,38,2,0,0.37324124574661255,0.3699142038822174,0.2568446099758148,-1,-15.643750042713599,HV-T
Crypto_BTC_USDT,DeepLOB_CNN_LSTM,4,39,2,0,0.36898303031921387,0.36388474702835083,0.26713213324546814,-1,-15.54377004324266,HV-T
Crypto_BTC_USDT,DeepLOB_CNN_LSTM,4,40,2,0,0.3770979046821594,0.3584606349468231,0.26444146037101746,-1,-15.593770042013038,HV-T
Crypto_BTC_USDT,DeepLOB_CNN_LSTM,4,41,1,0,0.36672690510749817,0.3613288700580597,0.2719442546367645,-1,-15.593770042013038,HV-T
Crypto_BTC_USDT,DeepLOB_CNN_LSTM,4,42,1,0,0.3885670602321625,0.3587305247783661,0.25270241498947144,-1,-15.593770041218809,HV-T
Crypto_BTC_USDT,DeepLOB_CNN_LSTM,4,43,1,0,0.38416481018066406,0.365251749753952,0.2505834400653839,-1,-15.693770041210078,HV-T
Crypto_BTC_USDT,DeepLOB_CNN_LSTM,4,44,2,1,0.34400227665901184,0.3795872926712036,0.27641046047210693,0,0.0,HV-T
Crypto_BTC_USDT,DeepLOB_CNN_LSTM,4,45,1,1,0.31891417503356934,0.3873312473297119,0.29375454783439636,0,0.0,HV-T
Crypto_BTC_USDT,DeepLOB_CNN_LSTM,4,46,1,1,0.2937377691268921,0.39904671907424927,0.30721545219421387,0,0.0,HV-T
Crypto_BTC_USDT,DeepLOB_CNN_LSTM,4,47,1,1,0.29422473907470703,0.39483681321144104,0.3109385073184967,0,0.0,HV-T
Crypto_BTC_USDT,DeepLOB_CNN_LSTM,4,48,1,1,0.2830056846141815,0.38923630118370056,0.3277580142021179,0,0.0,HV-T
Crypto_BTC_USDT,DeepLOB_CNN_LSTM,4,49,1,1,0.29318952560424805,0.3923823833465576,0.3144281506538391,0,0.0,HV-T
Crypto_BTC_USDT,DeepLOB_CNN_LSTM,4,50,1,1,0.27664437890052795,0.38768166303634644,0.3356739580631256,0,0.0,HV-T
Crypto_BTC_USDT,DeepLOB_CNN_LSTM,4,51,1,1,0.26310622692108154,0.38138458132743835,0.3555091917514801,0,0.0,HV-T
Crypto_BTC_USDT,DeepLOB_CNN_LSTM,4,52,1,1,0.2604066729545593,0.3945482075214386,0.3450451195240021,0,0.0,HV-T
Crypto_BTC_USDT,DeepLOB_CNN_LSTM,4,53,0,1,0.25605204701423645,0.3954375386238098,0.34851041436195374,0,0.0,HV-T
Crypto_BTC_USDT,DeepLOB_CNN_LSTM,4,54,0,1,0.2625879645347595,0.39183878898620605,0.3455732464790344,0,0.0,HV-M
Crypto_BTC_USDT,DeepLOB_CNN_LSTM,4,55,0,1,0.29540106654167175,0.3822104036808014,0.32238849997520447,0,0.0,HV-M
Crypto_BTC_USDT,DeepLOB_CNN_LSTM,4,56,0,1,0.31068548560142517,0.382659912109375,0.3066546320915222,0,0.0,LV-M
Crypto_BTC_USDT,DeepLOB_CNN_LSTM,4,57,0,1,0.3371947705745697,0.37246230244636536,0.29034289717674255,0,0.0,LV-M
Crypto_BTC_USDT,DeepLOB_CNN_LSTM,4,58,0,1,0.34936413168907166,0.37107351422309875,0.27956244349479675,0,0.0,LV-M
Crypto_BTC_USDT,DeepLOB_CNN_LSTM,4,59,0,1,0.3675452768802643,0.37131401896476746,0.26114073395729065,0,0.0,LV-T
Crypto_BTC_USDT,DeepLOB_CNN_LSTM,4,60,0,1,0.37302902340888977,0.37680819630622864,0.2501627504825592,0,0.0,LV-T
Crypto_BTC_USDT,DeepLOB_CNN_LSTM,4,61,0,0,0.4052407741546631,0.3699665665626526,0.22479264438152313,-1,-15.34376003800607,HV-T
Crypto_BTC_USDT,DeepLOB_CNN_LSTM,4,62,0,0,0.43232497572898865,0.358763188123703,0.20891179144382477,-1,-15.293750037106129,HV-T
Crypto_BTC_USDT,DeepLOB_CNN_LSTM,4,63,0,0,0.43539950251579285,0.36006397008895874,0.2045365571975708,-1,-15.393710041499611,HV-T
Crypto_BTC_USDT,DeepLOB_CNN_LSTM,4,64,0,0,0.42187219858169556,0.3651794195175171,0.21294836699962616,-1,-15.393730042545142,HV-T
Crypto_BTC_USDT,DeepLOB_CNN_LSTM,4,65,0,0,0.40333327651023865,0.375905841588974,0.22076088190078735,-1,-15.39371004242435,LV-T
Crypto_BTC_USDT,DeepLOB_CNN_LSTM,4,66,0,1,0.3675905764102936,0.37678632140159607,0.25562307238578796,0,0.0,LV-T
Crypto_BTC_USDT,DeepLOB_CNN_LSTM,4,67,0,1,0.36265406012535095,0.3805912733078003,0.25675466656684875,0,0.0,LV-T
Crypto_BTC_USDT,DeepLOB_CNN_LSTM,4,68,0,1,0.3560497462749481,0.3723903298377991,0.2715599238872528,0,0.0,LV-T
Crypto_BTC_USDT,DeepLOB_CNN_LSTM,4,69,0,1,0.35094425082206726,0.3704931437969208,0.27856260538101196,0,0.0,LV-T
Crypto_BTC_USDT,DeepLOB_CNN_LSTM,4,70,0,1,0.3499014973640442,0.3654569685459137,0.2846415340900421,0,0.0,LV-T
Crypto_BTC_USDT,DeepLOB_CNN_LSTM,4,71,0,1,0.3324260115623474,0.3677885830402374,0.29978543519973755,0,0.0,LV-T
Crypto_BTC_USDT,DeepLOB_CNN_LSTM,4,72,0,1,0.3294028639793396,0.369789183139801,0.3008078932762146,0,0.0,LV-T
Crypto_BTC_USDT,DeepLOB_CNN_LSTM,4,73,0,1,0.3167249262332916,0.37462717294692993,0.30864793062210083,0,0.0,LV-T
Crypto_BTC_USDT,DeepLOB_CNN_LSTM,4,74,0,1,0.3044177293777466,0.37162819504737854,0.3239540755748749,0,0.0,LV-T
Crypto_BTC_USDT,DeepLOB_CNN_LSTM,4,75,0,1,0.2900180518627167,0.3648068606853485,0.3451751172542572,0,0.0,LV-T
Crypto_BTC_USDT,DeepLOB_CNN_LSTM,4,76,0,1,0.28810378909111023,0.3625279664993286,0.34936821460723877,0,0.0,LV-M
Crypto_BTC_USDT,DeepLOB_CNN_LSTM,4,77,0,2,0.2724412679672241,0.35878846049308777,0.3687702417373657,1,-15.693670042514151,LV-M
Crypto_BTC_USDT,DeepLOB_CNN_LSTM,4,78,0,2,0.2654268145561218,0.3568049371242523,0.37776830792427063,1,-15.593670039664017,LV-M
Crypto_BTC_USDT,DeepLOB_CNN_LSTM,4,79,0,2,0.26939550042152405,0.350678950548172,0.37992551922798157,1,-15.643670039652376,LV-M
Crypto_BTC_USDT,DeepLOB_CNN_LSTM,4,80,0,2,0.26436498761177063,0.35227686166763306,0.3833581209182739,1,-15.493640040878724,LV-M
Crypto_BTC_USDT,DeepLOB_CNN_LSTM,4,81,1,2,0.255501925945282,0.35406720638275146,0.39043086767196655,1,-15.393630040871363,LV-M
Crypto_BTC_USDT,DeepLOB_CNN_LSTM,4,82,1,2,0.24047592282295227,0.34753504395484924,0.4119890630245209,1,-15.5436500424039,LV-M
Crypto_BTC_USDT,DeepLOB_CNN_LSTM,4,83,1,2,0.24903364479541779,0.34897202253341675,0.40199437737464905,1,-15.493640040843584,LV-M
Crypto_BTC_USDT,DeepLOB_CNN_LSTM,4,84,1,2,0.23684847354888916,0.351692795753479,0.4114587604999542,1,-15.393630040801007,LV-M
Crypto_BTC_USDT,DeepLOB_CNN_LSTM,4,85,1,2,0.23173318803310394,0.3523920178413391,0.41587480902671814,1,-15.293610038137237,LV-M
Crypto_BTC_USDT,DeepLOB_CNN_LSTM,4,86,2,2,0.2252880036830902,0.3475032150745392,0.4272087514400482,1,-15.143610038152477,LV-T
Crypto_BTC_USDT,DeepLOB_CNN_LSTM,4,87,2,2,0.20902417600154877,0.3409007489681244,0.45007506012916565,1,-15.19363003924559,LV-T
Crypto_BTC_USDT,DeepLOB_CNN_LSTM,4,88,2,2,0.20319056510925293,0.33704307675361633,0.45976635813713074,1,-15.393650040299354,LV-T
Crypto_BTC_USDT,DeepLOB_CNN_LSTM,4,89,2,2,0.21163903176784515,0.33695587515830994,0.4514050781726837,1,-15.29364004030079,HV-T
Crypto_BTC_USDT,DeepLOB_CNN_LSTM,4,90,2,2,0.21918992698192596,0.3377779424190521,0.4430321455001831,1,-15.29365004078078,HV-T
Crypto_BTC_USDT,DeepLOB_CNN_LSTM,4,91,2,2,0.22741037607192993,0.3445243835449219,0.4280652403831482,1,-15.293650040719092,HV-T
Crypto_BTC_USDT,DeepLOB_CNN_LSTM,4,92,2,2,0.229059100151062,0.3487160801887512,0.42222484946250916,1,-15.34364004074381,HV-T
Crypto_BTC_USDT,DeepLOB_CNN_LSTM,4,93,2,2,0.21179179847240448,0.34124940633773804,0.4469587802886963,1,-15.393650037360217,HV-T
Crypto_BTC_USDT,DeepLOB_CNN_LSTM,4,94,2,2,0.20969080924987793,0.34090811014175415,0.4494010806083679,1,-15.243650035922627,HV-T
Crypto_BTC_USDT,DeepLOB_CNN_LSTM,4,95,2,2,0.20724739134311676,0.3412172496318817,0.4515353739261627,1,-15.293650034978906,HV-T
Crypto_BTC_USDT,DeepLOB_CNN_LSTM,4,96,2,2,0.19382357597351074,0.3341219127178192,0.47205445170402527,1,-15.493680036584381,HV-T
Crypto_BTC_USDT,DeepLOB_CNN_LSTM,4,97,2,2,0.18209737539291382,0.328423410654068,0.48947930335998535,1,-15.493690036762914,HV-T
Crypto_BTC_USDT,DeepLOB_CNN_LSTM,4,98,2,2,0.19657757878303528,0.3329868018627167,0.4704357087612152,1,-15.293670037376303,HV-T
Crypto_BTC_USDT,DeepLOB_CNN_LSTM,4,99,1,2,0.19476599991321564,0.332726389169693,0.47250765562057495,1,-15.493690038481589,HV-T
Crypto_BTC_USDT,DeepLOB_CNN_LSTM,4,100,1,2,0.20039625465869904,0.3291003406047821,0.4705033600330353,1,-15.393690038143365,HV-T
Crypto_BTC_USDT,DeepLOB_CNN_LSTM,4,101,1,2,0.2054789960384369,0.3292972147464752,0.4652237594127655,1,-15.393690037911538,HV-T
Crypto_BTC_USDT,DeepLOB_CNN_LSTM,4,102,1,2,0.20907695591449738,0.33232399821281433,0.4585990607738495,1,-15.393680037904234,HV-T
Crypto_BTC_USDT,DeepLOB_CNN_LSTM,4,103,2,2,0.21036258339881897,0.3376712501049042,0.45196616649627686,1,-15.193690037153695,HV-T
Crypto_BTC_USDT,DeepLOB_CNN_LSTM,4,104,2,2,0.21936045587062836,0.3393004238605499,0.4413391947746277,1,-15.19370003624109,HV-T
Crypto_BTC_USDT,DeepLOB_CNN_LSTM,4,105,2,2,0.23855508863925934,0.3390098810195923,0.42243504524230957,1,-15.193690035369974,LV-T
Crypto_BTC_USDT,DeepLOB_CNN_LSTM,4,106,2,2,0.24866603314876556,0.34293684363365173,0.4083971381187439,1,-15.193690034086906,LV-T
Crypto_BTC_USDT,DeepLOB_CNN_LSTM,4,107,2,2,0.24353830516338348,0.34598100185394287,0.41048064827919006,1,-15.193690034086906,LV-T
Crypto_BTC_USDT,DeepLOB_CNN_LSTM,4,108,2,2,0.23183636367321014,0.34889572858810425,0.4192679822444916,1,-15.393710035189624,LV-M
Crypto_BTC_USDT,DeepLOB_CNN_LSTM,4,109,2,2,0.22968259453773499,0.3569182753562927,0.4133991003036499,1,-15.293690036520735,LV-M
Crypto_BTC_USDT,DeepLOB_CNN_LSTM,4,110,2,2,0.22547520697116852,0.3526774048805237,0.421847403049469,1,-15.3437100345377,LV-M
Crypto_BTC_USDT,DeepLOB_CNN_LSTM,4,111,2,2,0.2019786536693573,0.3527493178844452,0.4452720880508423,1,-15.3937100340913,LV-M
Crypto_BTC_USDT,DeepLOB_CNN_LSTM,4,112,2,2,0.1981455534696579,0.350324809551239,0.4515296518802643,1,-15.443710033088282,LV-M
Crypto_BTC_USDT,DeepLOB_CNN_LSTM,4,113,2,2,0.19448721408843994,0.3450268805027008,0.4604858458042145,1,-15.493750036841119,LV-M
Crypto_BTC_USDT,DeepLOB_CNN_LSTM,4,114,1,2,0.17969733476638794,0.33365461230278015,0.4866480827331543,1,-15.693770036984217,LV-M
Crypto_BTC_USDT,DeepLOB_CNN_LSTM,4,115,1,2,0.17965443432331085,0.3330594003200531,0.487286239862442,1,-15.593750036978323,LV-M
Crypto_BTC_USDT,DeepLOB_CNN_LSTM,4,116,1,2,0.1834995150566101,0.33461621403694153,0.481884241104126,1,-15.693750036984143,LV-M
Crypto_BTC_USDT,DeepLOB_CNN_LSTM,4,117,0,2,0.1964830905199051,0.3419886529445648,0.46152830123901367,1,-15.693750036317699,LV-M
Crypto_BTC_USDT,DeepLOB_CNN_LSTM,4,118,0,2,0.2170485258102417,0.3490335941314697,0.4339178800582886,1,-15.493730037103346,LV-M
Crypto_BTC_USDT,DeepLOB_CNN_LSTM,4,119,1,2,0.22738170623779297,0.3595176339149475,0.4131007194519043,1,-15.493730036645475,LV-M
Crypto_BTC_USDT,DeepLOB_CNN_LSTM,4,120,1,2,0.23069874942302704,0.36122697591781616,0.4080742597579956,1,-15.493740036652774,LV-M
Crypto_BTC_USDT,DeepLOB_CNN_LSTM,4,121,1,2,0.23950226604938507,0.36253342032432556,0.39796432852745056,1,-15.543750036741548,LV-M
Crypto_BTC_USDT,DeepLOB_CNN_LSTM,4,122,1,2,0.24511213600635529,0.36733508110046387,0.3875527083873749,1,-15.493720039351102,LV-M
Crypto_BTC_USDT,DeepLOB_CNN_LSTM,4,123,1,2,0.25520139932632446,0.3622110188007355,0.38258761167526245,1,-15.493750041178275,LV-M
Crypto_BTC_USDT,DeepLOB_CNN_LSTM,4,124,1,2,0.25639086961746216,0.3663846552371979,0.37722447514533997,1,-15.393730042526053,LV-M
Crypto_BTC_USDT,DeepLOB_CNN_LSTM,4,125,1,2,0.2664903700351715,0.3634912073612213,0.3700183629989624,1,-15.293730042520233,LV-M
Crypto_BTC_USDT,DeepLOB_CNN_LSTM,4,126,2,1,0.2919391095638275,0.3684031069278717,0.3396577537059784,0,0.0,LV-M
Crypto_BTC_USDT,DeepLOB_CNN_LSTM,4,127,2,1,0.28655949234962463,0.3743138611316681,0.3391266167163849,0,0.0,LV-M
Crypto_BTC_USDT,DeepLOB_CNN_LSTM,4,128,2,1,0.26360708475112915,0.37498146295547485,0.36141154170036316,0,0.0,LV-M
Crypto_BTC_USDT,DeepLOB_CNN_LSTM,4,129,2,2,0.2526666820049286,0.37287288904190063,0.3744603991508484,1,-15.093730040337853,LV-M
Crypto_BTC_USDT,DeepLOB_CNN_LSTM,4,130,2,2,0.23470346629619598,0.35871148109436035,0.40658503770828247,1,-15.09375004120439,LV-M
Crypto_BTC_USDT,DeepLOB_CNN_LSTM,4,131,2,2,0.22698982059955597,0.35861435532569885,0.414395809173584,1,-15.093740041567468,LV-M
Crypto_BTC_USDT,DeepLOB_CNN_LSTM,4,132,2,2,0.23104357719421387,0.3573779761791229,0.4115784764289856,1,-15.093730041574714,LV-M
Crypto_BTC_USDT,DeepLOB_CNN_LSTM,4,133,2,2,0.2283044457435608,0.35793668031692505,0.4137588441371918,1,-15.093750042237382,LV-T
Crypto_BTC_USDT,DeepLOB_CNN_LSTM,4,134,2,2,0.2153151035308838,0.3614169955253601,0.4232678711414337,1,-15.193750042081334,HV-T
Crypto_BTC_USDT,DeepLOB_CNN_LSTM,4,135,2,2,0.2311040163040161,0.357890248298645,0.4110056757926941,1,-15.393770042518845,HV-T
Crypto_BTC_USDT,DeepLOB_CNN_LSTM,4,136,2,2,0.23319189250469208,0.3579884171485901,0.40881964564323425,1,-15.49378004260528,HV-T
Crypto_BTC_USDT,DeepLOB_CNN_LSTM,4,137,2,2,0.22497417032718658,0.35907498002052307,0.41595083475112915,1,-15.54380004329171,HV-T
Crypto_BTC_USDT,DeepLOB_CNN_LSTM,4,138,2,2,0.2129773050546646,0.3617323040962219,0.42529040575027466,1,-15.393790043030107,HV-M
Crypto_BTC_USDT,DeepLOB_CNN_LSTM,4,139,1,2,0.20399145781993866,0.3569669723510742,0.4390415847301483,1,-15.49381004234816,LV-M
Crypto_BTC_USDT,DeepLOB_CNN_LSTM,4,140,1,2,0.19266319274902344,0.35206785798072815,0.4552689492702484,1,-15.693830042345294,HV-M
Crypto_BTC_USDT,DeepLOB_CNN_LSTM,4,141,1,2,0.19528347253799438,0.35195741057395935,0.4527590870857239,1,-15.793830042351114,HV-M
Crypto_BTC_USDT,DeepLOB_CNN_LSTM,4,142,1,2,0.20381496846675873,0.3575819432735443,0.43860310316085815,1,-15.593810043708423,HV-M
Crypto_BTC_USDT,DeepLOB_CNN_LSTM,4,143,0,2,0.21874754130840302,0.3593728542327881,0.4218795895576477,1,-15.693830040965558,HV-T
Crypto_BTC_USDT,DeepLOB_CNN_LSTM,4,144,0,2,0.2233838438987732,0.3613263964653015,0.4152897000312805,1,-15.593810041378411,HV-T
Crypto_BTC_USDT,DeepLOB_CNN_LSTM,4,145,0,1,0.2521316409111023,0.3754933178424835,0.3723749816417694,0,0.0,HV-T
Crypto_BTC_USDT,DeepLOB_CNN_LSTM,4,146,1,1,0.29681503772735596,0.3717334270477295,0.33145156502723694,0,0.0,HV-T
Crypto_BTC_USDT,DeepLOB_CNN_LSTM,4,147,1,1,0.31191718578338623,0.3735943138599396,0.3144885301589966,0,0.0,HV-T
Crypto_BTC_USDT,DeepLOB_CNN_LSTM,4,148,1,1,0.29151156544685364,0.37935346364974976,0.3291349709033966,0,0.0,HV-M
Crypto_BTC_USDT,DeepLOB_CNN_LSTM,4,149,1,1,0.34202173352241516,0.37413713335990906,0.2838411331176758,0,0.0,HV-M
Crypto_BTC_USDT,DeepLOB_CNN_LSTM,4,150,1,1,0.3512687683105469,0.37625813484191895,0.27247312664985657,0,0.0,HV-M
Crypto_BTC_USDT,DeepLOB_CNN_LSTM,4,151,1,1,0.3381476104259491,0.3881458342075348,0.2737065553665161,0,0.0,HV-M
Crypto_BTC_USDT,DeepLOB_CNN_LSTM,4,152,1,1,0.32956117391586304,0.3913685083389282,0.27907031774520874,0,0.0,HV-M
Crypto_BTC_USDT,DeepLOB_CNN_LSTM,4,153,1,1,0.31036102771759033,0.4025639295578003,0.28707507252693176,0,0.0,HV-M
Crypto_BTC_USDT,DeepLOB_CNN_LSTM,4,154,1,1,0.31373828649520874,0.40026453137397766,0.2859971821308136,0,0.0,HV-M
Crypto_BTC_USDT,DeepLOB_CNN_LSTM,4,155,0,1,0.3205724060535431,0.39171352982521057,0.28771403431892395,0,0.0,HV-T
Crypto_BTC_USDT,LiT_Transformer,4,0,1,2,0.054193731397390366,0.21408942341804504,0.7317168116569519,1,-15.493888609627911,HV-T
Crypto_BTC_USDT,LiT_Transformer,4,1,1,2,0.056080859154462814,0.2162546068429947,0.7276644706726074,1,-15.593860017664584,HV-T
Crypto_BTC_USDT,LiT_Transformer,4,2,1,2,0.05834846943616867,0.2202000916004181,0.7214513421058655,1,-15.593850024994172,HV-T
Crypto_BTC_USDT,LiT_Transformer,4,3,1,2,0.05721062049269676,0.21694189310073853,0.7258474826812744,1,-15.593850020406588,HV-T
Crypto_BTC_USDT,LiT_Transformer,4,4,1,2,0.07012287527322769,0.2391517609357834,0.6907253265380859,1,-15.493850017680575,HV-T
Crypto_BTC_USDT,LiT_Transformer,4,5,1,2,0.09332337230443954,0.26801177859306335,0.6386648416519165,1,-15.543850015802652,HV-T
Crypto_BTC_USDT,LiT_Transformer,4,6,1,2,0.16742093861103058,0.3320440948009491,0.5005349516868591,1,-15.493850014436664,HV-T
Crypto_BTC_USDT,LiT_Transformer,4,7,1,1,0.3089035451412201,0.37218451499938965,0.31891196966171265,0,0.0,LV-M
Crypto_BTC_USDT,LiT_Transformer,4,8,1,0,0.39205673336982727,0.36994004249572754,0.23800326883792877,-1,-15.593850027959595,LV-M
Crypto_BTC_USDT,LiT_Transformer,4,9,1,2,0.20960448682308197,0.35008546710014343,0.4403100907802582,1,-15.3938300307216,LV-M
Crypto_BTC_USDT,LiT_Transformer,4,10,1,2,0.17431335151195526,0.33904001116752625,0.4866466224193573,1,-15.593850033542495,LV-M
Crypto_BTC_USDT,LiT_Transformer,4,11,1,2,0.18572823703289032,0.3423248529434204,0.47194695472717285,1,-15.493850031983037,LV-M
Crypto_BTC_USDT,LiT_Transformer,4,12,1,2,0.1598677635192871,0.32876506447792053,0.5113672018051147,1,-15.443830033612587,LV-M
Crypto_BTC_USDT,LiT_Transformer,4,13,1,2,0.1489606648683548,0.32076606154441833,0.5302733182907104,1,-15.593830032319016,LV-M
Crypto_BTC_USDT,LiT_Transformer,4,14,1,2,0.16231219470500946,0.3314633071422577,0.5062244534492493,1,-15.693850034069278,LV-M
Crypto_BTC_USDT,LiT_Transformer,4,15,1,2,0.13883835077285767,0.31739678978919983,0.5437648296356201,1,-15.743840033512363,LV-M
Crypto_BTC_USDT,LiT_Transformer,4,16,0,2,0.20337148010730743,0.35622137784957886,0.44040706753730774,1,-15.69385003307191,LV-M
Crypto_BTC_USDT,LiT_Transformer,4,17,0,2,0.20414595305919647,0.35949578881263733,0.4363583028316498,1,-15.793840032619611,LV-M
Crypto_BTC_USDT,LiT_Transformer,4,18,0,2,0.22095663845539093,0.36578845977783203,0.41325488686561584,1,-16.093870036232197,LV-M
Crypto_BTC_USDT,LiT_Transformer,4,19,0,2,0.21271272003650665,0.3604525029659271,0.4268347918987274,1,-15.993870035265154,LV-M
Crypto_BTC_USDT,LiT_Transformer,4,20,0,2,0.19930621981620789,0.35610952973365784,0.44458428025245667,1,-15.993850036224092,LV-M
Crypto_BTC_USDT,LiT_Transformer,4,21,0,2,0.1656147837638855,0.3389863967895508,0.4953988194465637,1,-16.09385003535681,LV-T
Crypto_BTC_USDT,LiT_Transformer,4,22,0,2,0.17990055680274963,0.3464743196964264,0.4736250936985016,1,-16.09384003493504,LV-T
Crypto_BTC_USDT,LiT_Transformer,4,23,0,2,0.21172714233398438,0.36197006702423096,0.42630282044410706,1,-15.89381003734574,HV-T
Crypto_BTC_USDT,LiT_Transformer,4,24,0,0,0.43360379338264465,0.3831701874732971,0.18322601914405823,-1,-15.093810036580502,HV-T
Crypto_BTC_USDT,LiT_Transformer,4,25,0,0,0.4695888161659241,0.37055665254592896,0.1598544716835022,-1,-15.293800036067292,HV-T
Crypto_BTC_USDT,LiT_Transformer,4,26,0,0,0.4301395118236542,0.3852843940258026,0.18457616865634918,-1,-15.09381003583926,HV-T
Crypto_BTC_USDT,LiT_Transformer,4,27,0,1,0.3648424744606018,0.40068504214286804,0.23447248339653015,0,0.0,HV-T
Crypto_BTC_USDT,LiT_Transformer,4,28,0,1,0.32122963666915894,0.4080035984516144,0.2707667648792267,0,0.0,HV-T
Crypto_BTC_USDT,LiT_Transformer,4,29,0,1,0.3031761646270752,0.4112180769443512,0.2856057584285736,0,0.0,HV-T
Crypto_BTC_USDT,LiT_Transformer,4,30,0,1,0.36386117339134216,0.4256495535373688,0.2104891985654831,0,0.0,HV-T
Crypto_BTC_USDT,LiT_Transformer,4,31,1,1,0.34987959265708923,0.43730464577674866,0.21281571686267853,0,0.0,HV-T
Crypto_BTC_USDT,LiT_Transformer,4,32,1,1,0.3426316976547241,0.4462823271751404,0.21108607947826385,0,0.0,HV-M
Crypto_BTC_USDT,LiT_Transformer,4,33,1,1,0.3598860204219818,0.454806923866272,0.1853070855140686,0,0.0,HV-T
Crypto_BTC_USDT,LiT_Transformer,4,34,2,1,0.31545397639274597,0.4674767255783081,0.21706929802894592,0,0.0,HV-T
Crypto_BTC_USDT,LiT_Transformer,4,35,2,1,0.33483749628067017,0.4703034460544586,0.19485905766487122,0,0.0,HV-T
Crypto_BTC_USDT,LiT_Transformer,4,36,2,1,0.3924306035041809,0.4655921459197998,0.14197726547718048,0,0.0,HV-T
Crypto_BTC_USDT,LiT_Transformer,4,37,2,1,0.4163816571235657,0.45980504155158997,0.12381324172019958,0,0.0,HV-T
Crypto_BTC_USDT,LiT_Transformer,4,38,2,1,0.4383779466152191,0.4484567642211914,0.11316536366939545,0,0.0,HV-T
Crypto_BTC_USDT,LiT_Transformer,4,39,2,0,0.47845444083213806,0.42293959856033325,0.0986059382557869,-1,-15.54377004324266,HV-T
Crypto_BTC_USDT,LiT_Transformer,4,40,2,0,0.5009913444519043,0.4085479974746704,0.09046066552400589,-1,-15.593770042013038,HV-T
Crypto_BTC_USDT,LiT_Transformer,4,41,1,0,0.5153118371963501,0.3990255296230316,0.08566268533468246,-1,-15.593770042013038,HV-T
Crypto_BTC_USDT,LiT_Transformer,4,42,1,0,0.5455303192138672,0.37517237663269043,0.07929720729589462,-1,-15.593770041218809,HV-T
Crypto_BTC_USDT,LiT_Transformer,4,43,1,0,0.5747533440589905,0.3501404821872711,0.0751061961054802,-1,-15.693770041210078,HV-T
Crypto_BTC_USDT,LiT_Transformer,4,44,2,0,0.5874814987182617,0.33805006742477417,0.07446848601102829,-1,-15.59379004120432,HV-T
Crypto_BTC_USDT,LiT_Transformer,4,45,1,0,0.5669711828231812,0.3509013056755066,0.08212748914957047,-1,-15.493770041878767,HV-T
Crypto_BTC_USDT,LiT_Transformer,4,46,1,0,0.5721251964569092,0.34440046548843384,0.08347436785697937,-1,-15.443770041473519,HV-T
Crypto_BTC_USDT,LiT_Transformer,4,47,1,0,0.580839216709137,0.33701175451278687,0.08214899152517319,-1,-15.593750042124027,HV-T
Crypto_BTC_USDT,LiT_Transformer,4,48,1,0,0.5626984238624573,0.3442000448703766,0.09310150891542435,-1,-15.543780042113951,HV-T
Crypto_BTC_USDT,LiT_Transformer,4,49,1,0,0.5727132558822632,0.3324928879737854,0.09479379653930664,-1,-15.493780042125593,HV-T
Crypto_BTC_USDT,LiT_Transformer,4,50,1,0,0.565523624420166,0.33471158146858215,0.09976470470428467,-1,-15.393790041726971,HV-T
Crypto_BTC_USDT,LiT_Transformer,4,51,1,0,0.5343396663665771,0.3481062948703766,0.11755405366420746,-1,-15.343790041709509,HV-T
Crypto_BTC_USDT,LiT_Transformer,4,52,1,0,0.54738450050354,0.3429693877696991,0.10964616388082504,-1,-15.293790041557285,HV-T
Crypto_BTC_USDT,LiT_Transformer,4,53,0,0,0.558020293712616,0.3364620506763458,0.10551765561103821,-1,-14.993810040474381,HV-T
Crypto_BTC_USDT,LiT_Transformer,4,54,0,0,0.5588356256484985,0.335337370634079,0.10582700371742249,-1,-15.093810040480202,HV-M
Crypto_BTC_USDT,LiT_Transformer,4,55,0,0,0.5572900176048279,0.33470332622528076,0.10800664871931076,-1,-15.193770044212446,HV-M
Crypto_BTC_USDT,LiT_Transformer,4,56,0,0,0.5545898675918579,0.3379199206829071,0.1074901893734932,-1,-15.393760044101153,LV-M
Crypto_BTC_USDT,LiT_Transformer,4,57,0,0,0.5579824447631836,0.3350101709365845,0.10700734704732895,-1,-15.243770043519318,LV-M
Crypto_BTC_USDT,LiT_Transformer,4,58,0,0,0.5562987923622131,0.33499589562416077,0.10870535671710968,-1,-15.293780039596077,LV-M
Crypto_BTC_USDT,LiT_Transformer,4,59,0,0,0.5767895579338074,0.3232344686985016,0.09997603297233582,-1,-15.243770038843877,LV-T
Crypto_BTC_USDT,LiT_Transformer,4,60,0,0,0.6214510202407837,0.2926424741744995,0.0859064981341362,-1,-15.293770038846787,LV-T
Crypto_BTC_USDT,LiT_Transformer,4,61,0,0,0.6132349967956543,0.2982768416404724,0.08848821371793747,-1,-15.34376003800607,HV-T
Crypto_BTC_USDT,LiT_Transformer,4,62,0,0,0.6028038263320923,0.30294668674468994,0.09424955397844315,-1,-15.293750037106129,HV-T
Crypto_BTC_USDT,LiT_Transformer,4,63,0,0,0.5882059335708618,0.3156181275844574,0.09617599099874496,-1,-15.393710041499611,HV-T
Crypto_BTC_USDT,LiT_Transformer,4,64,0,0,0.5828033089637756,0.32001054286956787,0.09718608856201172,-1,-15.393730042545142,HV-T
Crypto_BTC_USDT,LiT_Transformer,4,65,0,0,0.5567666888237,0.33863934874534607,0.10459393262863159,-1,-15.39371004242435,LV-T
Crypto_BTC_USDT,LiT_Transformer,4,66,0,0,0.472553014755249,0.37329164147377014,0.15415532886981964,-1,-15.193730042548058,LV-T
Crypto_BTC_USDT,LiT_Transformer,4,67,0,0,0.4016735255718231,0.39785003662109375,0.20047634840011597,-1,-15.293720042790698,LV-T
Crypto_BTC_USDT,LiT_Transformer,4,68,0,1,0.34005385637283325,0.4078930616378784,0.25205302238464355,0,0.0,LV-T
Crypto_BTC_USDT,LiT_Transformer,4,69,0,1,0.2552493214607239,0.4023161232471466,0.34243452548980713,0,0.0,LV-T
Crypto_BTC_USDT,LiT_Transformer,4,70,0,1,0.23586943745613098,0.3971295952796936,0.3670009672641754,0,0.0,LV-T
Crypto_BTC_USDT,LiT_Transformer,4,71,0,2,0.2186221182346344,0.38790255784988403,0.3934752643108368,1,-15.993720041561494,LV-T
Crypto_BTC_USDT,LiT_Transformer,4,72,0,1,0.22047659754753113,0.39791905879974365,0.38160431385040283,0,0.0,LV-T
Crypto_BTC_USDT,LiT_Transformer,4,73,0,1,0.27417343854904175,0.42943254113197327,0.29639407992362976,0,0.0,LV-T
Crypto_BTC_USDT,LiT_Transformer,4,74,0,1,0.24391548335552216,0.4202384352684021,0.33584609627723694,0,0.0,LV-T
Crypto_BTC_USDT,LiT_Transformer,4,75,0,1,0.24880097806453705,0.4218219518661499,0.32937702536582947,0,0.0,LV-T
Crypto_BTC_USDT,LiT_Transformer,4,76,0,1,0.22724375128746033,0.416592538356781,0.35616371035575867,0,0.0,LV-M
Crypto_BTC_USDT,LiT_Transformer,4,77,0,2,0.17124275863170624,0.37426042556762695,0.4544967710971832,1,-15.693670042514151,LV-M
Crypto_BTC_USDT,LiT_Transformer,4,78,0,2,0.16260214149951935,0.3679507374763489,0.46944713592529297,1,-15.593670039664017,LV-M
Crypto_BTC_USDT,LiT_Transformer,4,79,0,2,0.157573863863945,0.363777220249176,0.47864893078804016,1,-15.643670039652376,LV-M
Crypto_BTC_USDT,LiT_Transformer,4,80,0,2,0.10969337821006775,0.3026803433895111,0.5876263380050659,1,-15.493640040878724,LV-M
Crypto_BTC_USDT,LiT_Transformer,4,81,1,2,0.166417196393013,0.3787388503551483,0.45484399795532227,1,-15.393630040871363,LV-M
Crypto_BTC_USDT,LiT_Transformer,4,82,1,2,0.14511477947235107,0.35026249289512634,0.5046226382255554,1,-15.5436500424039,LV-M
Crypto_BTC_USDT,LiT_Transformer,4,83,1,2,0.17502190172672272,0.3870158791542053,0.43796223402023315,1,-15.493640040843584,LV-M
Crypto_BTC_USDT,LiT_Transformer,4,84,1,2,0.16792644560337067,0.37332025170326233,0.4587532579898834,1,-15.393630040801007,LV-M
Crypto_BTC_USDT,LiT_Transformer,4,85,1,2,0.1378091275691986,0.34115535020828247,0.5210355520248413,1,-15.293610038137237,LV-M
Crypto_BTC_USDT,LiT_Transformer,4,86,2,2,0.1214737668633461,0.30936259031295776,0.5691637396812439,1,-15.143610038152477,LV-T
Crypto_BTC_USDT,LiT_Transformer,4,87,2,2,0.10091374069452286,0.2695523500442505,0.6295338869094849,1,-15.19363003924559,LV-T
Crypto_BTC_USDT,LiT_Transformer,4,88,2,2,0.09066779911518097,0.25142568349838257,0.6579065322875977,1,-15.393650040299354,LV-T
Crypto_BTC_USDT,LiT_Transformer,4,89,2,2,0.10807658731937408,0.28116682171821594,0.6107566356658936,1,-15.29364004030079,HV-T
Crypto_BTC_USDT,LiT_Transformer,4,90,2,2,0.13011384010314941,0.31313878297805786,0.556747317314148,1,-15.29365004078078,HV-T
Crypto_BTC_USDT,LiT_Transformer,4,91,2,2,0.17101900279521942,0.3577684164047241,0.47121262550354004,1,-15.293650040719092,HV-T
Crypto_BTC_USDT,LiT_Transformer,4,92,2,2,0.19874899089336395,0.37873053550720215,0.4225204586982727,1,-15.34364004074381,HV-T
Crypto_BTC_USDT,LiT_Transformer,4,93,2,1,0.23339076340198517,0.3964879512786865,0.3701213300228119,0,0.0,HV-T
Crypto_BTC_USDT,LiT_Transformer,4,94,2,1,0.24591751396656036,0.40708062052726746,0.34700191020965576,0,0.0,HV-T
Crypto_BTC_USDT,LiT_Transformer,4,95,2,1,0.288085401058197,0.4104706346988678,0.3014439344406128,0,0.0,HV-T
Crypto_BTC_USDT,LiT_Transformer,4,96,2,1,0.2576296627521515,0.3898823857307434,0.3524879813194275,0,0.0,HV-T
Crypto_BTC_USDT,LiT_Transformer,4,97,2,2,0.2157471626996994,0.36949554085731506,0.4147573411464691,1,-15.493690036762914,HV-T
Crypto_BTC_USDT,LiT_Transformer,4,98,2,2,0.18224743008613586,0.3445124924182892,0.47324007749557495,1,-15.293670037376303,HV-T
Crypto_BTC_USDT,LiT_Transformer,4,99,1,2,0.15384311974048615,0.31996968388557434,0.5261871814727783,1,-15.493690038481589,HV-T
Crypto_BTC_USDT,LiT_Transformer,4,100,1,2,0.1403866857290268,0.311099112033844,0.5485142469406128,1,-15.393690038143365,HV-T
Crypto_BTC_USDT,LiT_Transformer,4,101,1,2,0.13560990989208221,0.3085141181945801,0.5558759570121765,1,-15.393690037911538,HV-T
Crypto_BTC_USDT,LiT_Transformer,4,102,1,2,0.13963136076927185,0.31288325786590576,0.5474853515625,1,-15.393680037904234,HV-T
Crypto_BTC_USDT,LiT_Transformer,4,103,2,2,0.11551046371459961,0.29473286867141724,0.5897566676139832,1,-15.193690037153695,HV-T
Crypto_BTC_USDT,LiT_Transformer,4,104,2,2,0.08547913283109665,0.2649218440055847,0.6495990753173828,1,-15.19370003624109,HV-T
Crypto_BTC_USDT,LiT_Transformer,4,105,2,2,0.10492511093616486,0.28716564178466797,0.6079092025756836,1,-15.193690035369974,LV-T
Crypto_BTC_USDT,LiT_Transformer,4,106,2,2,0.057703956961631775,0.22792914509773254,0.7143668532371521,1,-15.193690034086906,LV-T
Crypto_BTC_USDT,LiT_Transformer,4,107,2,2,0.060767631977796555,0.23903870582580566,0.7001937031745911,1,-15.193690034086906,LV-T
Crypto_BTC_USDT,LiT_Transformer,4,108,2,2,0.0699893906712532,0.2527662515640259,0.6772444248199463,1,-15.393710035189624,LV-M
Crypto_BTC_USDT,LiT_Transformer,4,109,2,2,0.06355548650026321,0.23674920201301575,0.699695348739624,1,-15.293690036520735,LV-M
Crypto_BTC_USDT,LiT_Transformer,4,110,2,2,0.06808227300643921,0.24923424422740936,0.682683527469635,1,-15.3437100345377,LV-M
Crypto_BTC_USDT,LiT_Transformer,4,111,2,2,0.034232914447784424,0.17513130605220795,0.7906358242034912,1,-15.3937100340913,LV-M
Crypto_BTC_USDT,LiT_Transformer,4,112,2,2,0.03447955101728439,0.1730138212442398,0.7925066351890564,1,-15.443710033088282,LV-M
Crypto_BTC_USDT,LiT_Transformer,4,113,2,2,0.031078405678272247,0.1685832440853119,0.8003383278846741,1,-15.493750036841119,LV-M
Crypto_BTC_USDT,LiT_Transformer,4,114,1,2,0.029753800481557846,0.16433840990066528,0.8059077858924866,1,-15.693770036984217,LV-M
Crypto_BTC_USDT,LiT_Transformer,4,115,1,2,0.03150419145822525,0.16898372769355774,0.7995120882987976,1,-15.593750036978323,LV-M
Crypto_BTC_USDT,LiT_Transformer,4,116,1,2,0.03141108527779579,0.16925428807735443,0.7993346452713013,1,-15.693750036984143,LV-M
Crypto_BTC_USDT,LiT_Transformer,4,117,0,2,0.033647552132606506,0.179030641913414,0.7873218655586243,1,-15.693750036317699,LV-M
Crypto_BTC_USDT,LiT_Transformer,4,118,0,2,0.040100570768117905,0.19497783482074738,0.7649216651916504,1,-15.493730037103346,LV-M
Crypto_BTC_USDT,LiT_Transformer,4,119,1,2,0.04529149457812309,0.20527373254299164,0.749434769153595,1,-15.493730036645475,LV-M
Crypto_BTC_USDT,LiT_Transformer,4,120,1,2,0.045197952538728714,0.20962826907634735,0.7451737523078918,1,-15.493740036652774,LV-M
Crypto_BTC_USDT,LiT_Transformer,4,121,1,2,0.05420824885368347,0.23164449632167816,0.7141472697257996,1,-15.543750036741548,LV-M
Crypto_BTC_USDT,LiT_Transformer,4,122,1,2,0.05694815516471863,0.2360922247171402,0.70695960521698,1,-15.493720039351102,LV-M
Crypto_BTC_USDT,LiT_Transformer,4,123,1,2,0.04154181480407715,0.20238378643989563,0.7560743689537048,1,-15.493750041178275,LV-M
Crypto_BTC_USDT,LiT_Transformer,4,124,1,2,0.04390253126621246,0.2091616839170456,0.7469357848167419,1,-15.393730042526053,LV-M
Crypto_BTC_USDT,LiT_Transformer,4,125,1,2,0.04268709942698479,0.20200997591018677,0.755302906036377,1,-15.293730042520233,LV-M
Crypto_BTC_USDT,LiT_Transformer,4,126,2,2,0.17903342843055725,0.33819448947906494,0.48277202248573303,1,-15.143710041715622,LV-M
Crypto_BTC_USDT,LiT_Transformer,4,127,2,2,0.1622828096151352,0.3328515887260437,0.5048655867576599,1,-15.043710041493917,LV-M
Crypto_BTC_USDT,LiT_Transformer,4,128,2,2,0.1399087905883789,0.3191383183002472,0.5409529209136963,1,-15.193730041210165,LV-M
Crypto_BTC_USDT,LiT_Transformer,4,129,2,2,0.24564899504184723,0.37230390310287476,0.3820470869541168,1,-15.093730040337853,LV-M
Crypto_BTC_USDT,LiT_Transformer,4,130,2,2,0.1618616133928299,0.3428955376148224,0.49524280428886414,1,-15.09375004120439,LV-M
Crypto_BTC_USDT,LiT_Transformer,4,131,2,2,0.17973972856998444,0.3539695739746094,0.46629074215888977,1,-15.093740041567468,LV-M
Crypto_BTC_USDT,LiT_Transformer,4,132,2,2,0.20732752978801727,0.36870113015174866,0.42397138476371765,1,-15.093730041574714,LV-M
Crypto_BTC_USDT,LiT_Transformer,4,133,2,2,0.19368889927864075,0.3682367503643036,0.43807440996170044,1,-15.093750042237382,LV-T
Crypto_BTC_USDT,LiT_Transformer,4,134,2,2,0.2177637219429016,0.37978094816207886,0.40245532989501953,1,-15.193750042081334,HV-T
Crypto_BTC_USDT,LiT_Transformer,4,135,2,1,0.2433403581380844,0.3898085057735443,0.3668511211872101,0,0.0,HV-T
Crypto_BTC_USDT,LiT_Transformer,4,136,2,2,0.18904109299182892,0.36973199248313904,0.44122686982154846,1,-15.49378004260528,HV-T
Crypto_BTC_USDT,LiT_Transformer,4,137,2,1,0.2867946922779083,0.3922627568244934,0.32094258069992065,0,0.0,HV-T
Crypto_BTC_USDT,LiT_Transformer,4,138,2,1,0.3305439054965973,0.388723224401474,0.2807328999042511,0,0.0,HV-M
Crypto_BTC_USDT,LiT_Transformer,4,139,1,1,0.3030773997306824,0.38675448298454285,0.3101681172847748,0,0.0,LV-M
Crypto_BTC_USDT,LiT_Transformer,4,140,1,1,0.37121087312698364,0.3802260458469391,0.24856305122375488,0,0.0,HV-M
Crypto_BTC_USDT,LiT_Transformer,4,141,1,0,0.3945949971675873,0.3708374500274658,0.2345675826072693,-1,-15.193830042345294,HV-M
Crypto_BTC_USDT,LiT_Transformer,4,142,1,0,0.4364459812641144,0.3575219511985779,0.20603209733963013,-1,-15.393810043725885,HV-M
Crypto_BTC_USDT,LiT_Transformer,4,143,0,0,0.5178295373916626,0.326252818107605,0.15591764450073242,-1,-15.293830040971379,HV-T
Crypto_BTC_USDT,LiT_Transformer,4,144,0,0,0.4416036605834961,0.3496529161930084,0.2087433934211731,-1,-15.393810041395874,HV-T
Crypto_BTC_USDT,LiT_Transformer,4,145,0,0,0.48936301469802856,0.3298514783382416,0.18078549206256866,-1,-15.59381004015944,HV-T
Crypto_BTC_USDT,LiT_Transformer,4,146,1,0,0.45513418316841125,0.33792734146118164,0.20693853497505188,0,0.0,HV-T
Crypto_BTC_USDT,LiT_Transformer,4,147,1,1,0.3270544707775116,0.36371538043022156,0.30923017859458923,0,0.0,HV-T
Crypto_BTC_USDT,LiT_Transformer,4,148,1,1,0.27596551179885864,0.3643859326839447,0.35964858531951904,0,0.0,HV-M
Crypto_BTC_USDT,LiT_Transformer,4,149,1,2,0.24814429879188538,0.3620630204677582,0.38979268074035645,0,0.0,HV-M
Crypto_BTC_USDT,LiT_Transformer,4,150,1,0,0.3661937415599823,0.35163313150405884,0.28217315673828125,0,0.0,HV-M
Crypto_BTC_USDT,LiT_Transformer,4,151,1,2,0.2735064625740051,0.3509227931499481,0.37557074427604675,0,0.0,HV-M
Crypto_BTC_USDT,LiT_Transformer,4,152,1,2,0.29231518507003784,0.3480374813079834,0.35964730381965637,0,0.0,HV-M
Crypto_BTC_USDT,LiT_Transformer,4,153,1,2,0.18886463344097137,0.32914698123931885,0.48198840022087097,0,0.0,HV-M
Crypto_BTC_USDT,LiT_Transformer,4,154,1,2,0.16065354645252228,0.3159085810184479,0.5234378576278687,0,0.0,HV-M
Crypto_BTC_USDT,LiT_Transformer,4,155,0,2,0.15939009189605713,0.31593531370162964,0.5246745347976685,0,0.0,HV-T
Crypto_ETH_USDT,Logistic_Regression,4,0,2,2,4.1732533324282326e-05,0.03000190696845801,0.9699563604982177,1,-0.5243252733096453,LV-T
Crypto_ETH_USDT,Logistic_Regression,4,1,1,2,1.6776362231999377e-05,0.04568847665696984,0.9542947469807982,1,-0.5293240000002092,LV-T
Crypto_ETH_USDT,Logistic_Regression,4,2,1,2,0.0008597735279150571,0.10211267906117238,0.8970275474109125,1,-0.5293240000002092,LV-M
Crypto_ETH_USDT,Logistic_Regression,4,3,1,2,0.0005292633473546892,0.034791602995487045,0.9646791336571583,1,-0.5343250012500934,LV-M
Crypto_ETH_USDT,Logistic_Regression,4,4,0,2,0.0012094006872362085,0.20745988780469307,0.7913307115080707,1,-0.5343250011181272,LV-M
Crypto_ETH_USDT,Logistic_Regression,4,5,0,2,0.052170585332548855,0.16869773748495784,0.7791316771824933,1,-0.5293250010210593,LV-M
Crypto_ETH_USDT,Logistic_Regression,4,6,0,2,0.001194807744249518,0.15663410556753377,0.8421710866882166,1,-0.5443240014430014,LV-M
Crypto_ETH_USDT,Logistic_Regression,4,7,0,2,0.00278256474973883,0.15345783688292833,0.8437595983673329,1,-0.5393250016019221,LV-M
Crypto_ETH_USDT,Logistic_Regression,4,8,0,2,0.012887543365242686,0.2921764186709053,0.694936037963852,1,-0.5293250015027514,LV-M
Crypto_ETH_USDT,Logistic_Regression,4,9,0,1,0.010729054591503714,0.6933779408889127,0.29589300451958356,0,0.0,LV-M
Crypto_ETH_USDT,Logistic_Regression,4,10,0,2,0.00028118146861871065,0.06080408530258,0.9389147332288014,1,-0.5093230020784715,LV-M
Crypto_ETH_USDT,Logistic_Regression,4,11,1,2,0.01464788840653937,0.07253712844480477,0.912814983148656,1,-0.504322002086771,LV-M
Crypto_ETH_USDT,Logistic_Regression,4,12,1,2,0.0020540019025497946,0.10566800736900227,0.8922779907284479,1,-0.5093220020013648,LV-M
Crypto_ETH_USDT,Logistic_Regression,4,13,1,2,0.0572988434381119,0.041653179536490746,0.9010479770253973,1,-0.5043210020043375,LV-M
Crypto_ETH_USDT,Logistic_Regression,4,14,1,2,0.024221264439960043,0.03745542783599554,0.9383233077240444,1,-0.5143210019365885,LV-M
Crypto_ETH_USDT,Logistic_Regression,4,15,1,2,0.0016120891786785695,0.025044102256573723,0.9733438085647477,1,-0.5193220020155479,LV-M
Crypto_ETH_USDT,Logistic_Regression,4,16,1,2,0.005382406586324588,0.020520142851207887,0.9740974505624675,1,-0.4943190026168658,LV-M
Crypto_ETH_USDT,Logistic_Regression,4,17,1,2,0.000473338590808308,0.006728233478790867,0.9927984279304009,1,-0.5143200026510099,LV-M
Crypto_ETH_USDT,Logistic_Regression,4,18,1,2,7.09308368278616e-05,0.011339496772035525,0.9885895723911365,1,-0.524322002873706,LV-M
Crypto_ETH_USDT,Logistic_Regression,4,19,1,2,0.11543124848386209,0.07570703881543363,0.8088617127007042,1,-0.524321002841636,LV-M
Crypto_ETH_USDT,Logistic_Regression,4,20,1,2,0.005426669577963273,0.10165522445112608,0.8929181059709106,1,-0.5543240032594596,LV-M
Crypto_ETH_USDT,Logistic_Regression,4,21,0,2,0.00027767790784658615,0.008116556040005374,0.9916057660521479,1,-0.5543250032254812,LV-M
Crypto_ETH_USDT,Logistic_Regression,4,22,0,2,3.9867883026579016e-07,0.0370061545643378,0.962993446756832,1,-0.554324003197868,LV-M
Crypto_ETH_USDT,Logistic_Regression,4,23,0,1,0.0007251962160650773,0.7176673084991493,0.2816074952847857,0,0.0,LV-M
Crypto_ETH_USDT,Logistic_Regression,4,24,0,2,0.036786770132030445,0.09563969866114996,0.8675735312068196,1,-0.5043210032530869,LV-M
Crypto_ETH_USDT,Logistic_Regression,4,25,0,2,0.0005405986536256961,0.12872610783747068,0.8707332935089036,1,-0.5043220032340925,LV-M
Crypto_ETH_USDT,Logistic_Regression,4,26,1,1,0.0010440120524278825,0.6622409317702906,0.33671505617728154,0,0.0,LV-M
Crypto_ETH_USDT,Logistic_Regression,4,27,2,2,0.05404312808063031,0.4132560232457888,0.5327008486735808,1,-0.4793210032869223,LV-M
Crypto_ETH_USDT,Logistic_Regression,4,28,2,2,0.008820626603501367,0.03876481316062865,0.95241456023587,1,-0.4593210032285461,LV-M
Crypto_ETH_USDT,Logistic_Regression,4,29,2,2,0.03935091537106154,0.2506464362799733,0.7100026483489651,1,-0.44931900328861674,LV-M
Crypto_ETH_USDT,Logistic_Regression,4,30,2,2,0.04315123593285465,0.06604793917833476,0.8908008248888106,1,-0.43431700339152635,HV-M
Crypto_ETH_USDT,Logistic_Regression,4,31,2,2,0.01350690782188082,0.0686026448862036,0.9178904472919156,1,-0.4443170033912899,HV-M
Crypto_ETH_USDT,Logistic_Regression,4,32,2,2,0.0060727342916274815,0.006681918295042566,0.9872453474133299,1,-0.43431700339152635,HV-T
Crypto_ETH_USDT,Logistic_Regression,4,33,2,2,0.005507929990392766,0.004103903009476654,0.9903881670001305,1,-0.4543190034989152,HV-T
Crypto_ETH_USDT,Logistic_Regression,4,34,2,2,2.395962517721509e-05,0.015667441487171176,0.9843085988876515,1,-0.45932300399021864,HV-T
Crypto_ETH_USDT,Logistic_Regression,4,35,2,2,0.00022543269532358202,0.02069337560447532,0.9790811917002011,1,-0.47932500410032797,HV-T
Crypto_ETH_USDT,Logistic_Regression,4,36,2,1,8.021679799402072e-05,0.5348820232351384,0.46503775996686764,0,0.0,HV-T
Crypto_ETH_USDT,Logistic_Regression,4,37,2,1,0.00036467938674720807,0.529485209993753,0.4701501106194997,0,0.0,HV-T
Crypto_ETH_USDT,Logistic_Regression,4,38,2,1,4.509101899233493e-06,0.9655754978487021,0.034419993049398724,0,0.0,HV-T
Crypto_ETH_USDT,Logistic_Regression,4,39,2,1,2.745617264575903e-06,0.9967618987446079,0.0032353556381276636,0,0.0,HV-M
Crypto_ETH_USDT,Logistic_Regression,4,40,1,1,0.00020166061682733703,0.9953604846586833,0.004437854724489345,0,0.0,HV-M
Crypto_ETH_USDT,Logistic_Regression,4,41,1,1,7.929893346757072e-05,0.9998821107592405,3.859030729202939e-05,0,0.0,HV-M
Crypto_ETH_USDT,Logistic_Regression,4,42,1,1,0.00011560538385617715,0.9994454135553843,0.00043898106075944675,0,0.0,HV-M
Crypto_ETH_USDT,Logistic_Regression,4,43,1,1,0.000229509034680867,0.9997465658554746,2.392510984456256e-05,0,0.0,HV-M
Crypto_ETH_USDT,Logistic_Regression,4,44,1,1,8.285966947493598e-06,0.9999182328217034,7.348121134904033e-05,0,0.0,HV-M
Crypto_ETH_USDT,Logistic_Regression,4,45,1,1,0.00021723746287783524,0.9997714472434117,1.1315293710510363e-05,0,0.0,HV-M
Crypto_ETH_USDT,Logistic_Regression,4,46,0,1,6.114328562488611e-05,0.9998591675490951,7.968916528010011e-05,0,0.0,HV-M
Crypto_ETH_USDT,Logistic_Regression,4,47,0,1,0.0037802878858879648,0.9962010889951425,1.8623118969562037e-05,0,0.0,HV-M
Crypto_ETH_USDT,Logistic_Regression,4,48,0,1,0.00924398363963809,0.9844588470418694,0.006297169318492566,0,0.0,HV-M
Crypto_ETH_USDT,Logistic_Regression,4,49,0,1,5.0949206984814464e-05,0.9995295849319515,0.00041946586106354593,0,0.0,HV-T
Crypto_ETH_USDT,Logistic_Regression,4,50,0,1,0.016310703782961403,0.9832187111622706,0.0004705850547680629,0,0.0,HV-T
Crypto_ETH_USDT,Logistic_Regression,4,51,0,1,0.0023801803367541623,0.9864430222584729,0.011176797404772874,0,0.0,HV-T
Crypto_ETH_USDT,Logistic_Regression,4,52,0,1,0.03170770609486631,0.967445975644785,0.0008463182603488047,0,0.0,HV-T
Crypto_ETH_USDT,Logistic_Regression,4,53,0,1,0.00012372907552325385,0.9989671189035064,0.0009091520209702751,0,0.0,HV-T
Crypto_ETH_USDT,Logistic_Regression,4,54,0,1,0.00032758094359292483,0.9993048917684624,0.00036752728794477754,0,0.0,HV-T
Crypto_ETH_USDT,Logistic_Regression,4,55,0,1,0.002393437619131659,0.9953038927017313,0.002302669679137098,0,0.0,HV-T
Crypto_ETH_USDT,Logistic_Regression,4,56,0,1,0.02772376428689442,0.9664571165823341,0.00581911913077156,0,0.0,HV-T
Crypto_ETH_USDT,Logistic_Regression,4,57,0,1,0.0020522778673054613,0.9917286501530675,0.006219071979626928,0,0.0,HV-T
Crypto_ETH_USDT,Logistic_Regression,4,58,0,1,0.0034418804408473235,0.9909484373575201,0.005609682201632599,0,0.0,HV-T
Crypto_ETH_USDT,Logistic_Regression,4,59,0,1,0.003923874759499204,0.9947821211782285,0.0012940040622724872,0,0.0,HV-T
Crypto_ETH_USDT,Logistic_Regression,4,60,0,1,0.010621814838498049,0.9866932785001972,0.0026849066613048966,0,0.0,HV-T
Crypto_ETH_USDT,Logistic_Regression,4,61,0,1,0.018206566850234675,0.9316269528466664,0.05016648030309886,0,0.0,HV-T
Crypto_ETH_USDT,Logistic_Regression,4,62,1,1,0.006696688287667266,0.9878794460886616,0.005423865623671063,0,0.0,HV-T
Crypto_ETH_USDT,Logistic_Regression,4,63,1,1,0.022792267696491886,0.9566519520864012,0.020555780217106922,0,0.0,HV-T
Crypto_ETH_USDT,Logistic_Regression,4,64,1,1,0.00029980112383675827,0.9679464291363027,0.031753769739860487,0,0.0,HV-T
Crypto_ETH_USDT,Logistic_Regression,4,65,1,1,0.0015176803280602788,0.8782656175376065,0.12021670213433323,0,0.0,HV-T
Crypto_ETH_USDT,Logistic_Regression,4,66,1,2,4.248542015515723e-05,0.29935574615745486,0.70060176842239,1,-0.5143240042079666,HV-T
Crypto_ETH_USDT,Logistic_Regression,4,67,1,1,0.00039001391903581396,0.8653134185208816,0.13429656756008254,0,0.0,LV-M
Crypto_ETH_USDT,Logistic_Regression,4,68,2,2,0.0002374134613828236,0.1561068365215712,0.843655750017046,1,-0.494325003753447,LV-T
Crypto_ETH_USDT,Logistic_Regression,4,69,2,2,3.1217747792568904e-05,0.35870040058903246,0.641268381663175,1,-0.49432400376754015,LV-T
Crypto_ETH_USDT,Logistic_Regression,4,70,2,1,0.0001518118891956454,0.6580690544015807,0.3417791337092236,0,0.0,LV-T
Crypto_ETH_USDT,Logistic_Regression,4,71,2,1,0.019976998684225818,0.6953749122599386,0.28464808905583566,0,0.0,LV-T
Crypto_ETH_USDT,Logistic_Regression,4,72,2,2,3.106132122262229e-06,0.17584978169271104,0.8241471121751667,1,-0.5193240036642093,LV-T
Crypto_ETH_USDT,Logistic_Regression,4,73,2,1,0.00012915796956652908,0.5714137286549157,0.4284571133755179,0,0.0,HV-T
Crypto_ETH_USDT,Logistic_Regression,4,74,2,1,0.00044350582334396616,0.8012421206377696,0.19831437353888656,0,0.0,HV-T
Crypto_ETH_USDT,Logistic_Regression,4,75,1,2,1.5517064232555897e-05,0.1908438559086583,0.8091406270271092,1,-0.5343250033273018,HV-T
Crypto_ETH_USDT,Logistic_Regression,4,76,1,1,8.728162920710059e-05,0.5585582019674306,0.4413545164033624,0,0.0,HV-T
Crypto_ETH_USDT,Logistic_Regression,4,77,0,2,0.0002820426082424416,0.14000217536232454,0.859715782029433,1,-0.5543270034575354,HV-T
Crypto_ETH_USDT,Logistic_Regression,4,78,0,2,0.0001438628521233987,0.06367406851862208,0.9361820686292546,1,-0.55932900355655,HV-T
Crypto_ETH_USDT,Logistic_Regression,4,79,0,2,0.0022056221644671734,0.2666085425887221,0.7311858352468108,1,-0.5443290035191141,HV-T
Crypto_ETH_USDT,Logistic_Regression,4,80,0,2,0.010420430212788948,0.38595051320333085,0.6036290565838802,1,-0.5443290034071022,HV-T
Crypto_ETH_USDT,Logistic_Regression,4,81,0,2,0.0003183012901790478,0.27714425578970414,0.7225374429201168,1,-0.5543290034073205,HV-T
Crypto_ETH_USDT,Logistic_Regression,4,82,0,1,0.15094375471289484,0.8076678493026109,0.04138839598449428,0,0.0,HV-T
Crypto_ETH_USDT,Logistic_Regression,4,83,0,1,0.007733750847946862,0.5246824640500221,0.46758378510203114,0,0.0,HV-T
Crypto_ETH_USDT,Logistic_Regression,4,84,0,0,0.5988209312631045,0.35994520281662046,0.04123386592027492,-1,-0.4893230041488017,HV-T
Crypto_ETH_USDT,Logistic_Regression,4,85,0,0,0.5868253816253225,0.4060116231068352,0.007162995267842186,-1,-0.5093210041492248,HV-T
Crypto_ETH_USDT,Logistic_Regression,4,86,0,0,0.7105322227528261,0.190090222251126,0.0993775549960479,-1,-0.5143190042209628,HV-M
Crypto_ETH_USDT,Logistic_Regression,4,87,0,1,0.12647635322948206,0.47322748590295044,0.40029616086756764,0,0.0,HV-M
Crypto_ETH_USDT,Logistic_Regression,4,88,1,2,0.005412496875522469,0.389892498623652,0.6046950045008255,1,-0.5343200040553894,HV-M
Crypto_ETH_USDT,Logistic_Regression,4,89,1,2,0.008644915344245132,0.03384069637420582,0.9575143882815491,1,-0.5343230042413608,HV-M
Crypto_ETH_USDT,Logistic_Regression,4,90,0,2,0.005161753254975222,0.07430315159536219,0.9205350951496626,1,-0.5443230041491064,HV-M
Crypto_ETH_USDT,Logistic_Regression,4,91,0,2,0.12282404464498003,0.05745086585010128,0.8197250895049187,1,-0.5293210042412364,HV-M
Crypto_ETH_USDT,Logistic_Regression,4,92,0,2,0.008341033800292575,0.043427260243235885,0.9482317059564715,1,-0.5193190043095102,HV-M
Crypto_ETH_USDT,Logistic_Regression,4,93,0,2,3.1436712202502006e-05,0.28665521872884975,0.7133133445589478,1,-0.5343190042918431,HV-T
Crypto_ETH_USDT,Logistic_Regression,4,94,0,2,0.011038263115857845,0.29053695803082225,0.6984247788533199,1,-0.5343180042215709,HV-T
Crypto_ETH_USDT,Logistic_Regression,4,95,0,2,0.001339559634167673,0.23220233485535283,0.7664581055104795,1,-0.5343200042220436,HV-T
Crypto_ETH_USDT,Logistic_Regression,4,96,1,1,0.0017346612537241773,0.768402853125167,0.22986248562110895,0,0.0,HV-M
Crypto_ETH_USDT,Logistic_Regression,4,97,1,1,0.00010363180176182036,0.7545530528969354,0.24534331530130282,0,0.0,HV-M
Crypto_ETH_USDT,Logistic_Regression,4,98,1,1,0.010185354345092693,0.5109128651984055,0.47890178045650184,0,0.0,LV-M
Crypto_ETH_USDT,Logistic_Regression,4,99,1,2,1.2257327931267674e-05,0.26221761842762503,0.7377701242444438,1,-0.49431900450503286,LV-M
Crypto_ETH_USDT,Logistic_Regression,4,100,2,1,0.001843441879926629,0.8858174831173514,0.1123390750027219,0,0.0,LV-M
Crypto_ETH_USDT,Logistic_Regression,4,101,2,1,0.00011557378614316057,0.5777869287294317,0.4220974974844251,0,0.0,LV-M
Crypto_ETH_USDT,Logistic_Regression,4,102,2,1,3.3193346226078676e-05,0.6887078114905607,0.3112589951632133,0,0.0,HV-M
Crypto_ETH_USDT,Logistic_Regression,4,103,2,1,0.0005426075508403616,0.9715493757609543,0.02790801668820517,0,0.0,HV-M
Crypto_ETH_USDT,Logistic_Regression,4,104,2,1,0.0024643366622958797,0.9562282970467424,0.04130736629096176,0,0.0,HV-T
Crypto_ETH_USDT,Logistic_Regression,4,105,2,2,0.0006966163364891319,0.48518104408919144,0.5141223395743195,1,-0.4593170046390559,HV-T
Crypto_ETH_USDT,Logistic_Regression,4,106,2,1,0.0005388170471967512,0.9605034687077659,0.038957714245037266,0,0.0,HV-T
Crypto_ETH_USDT,Logistic_Regression,4,107,2,1,0.001713803955257026,0.7636656713467931,0.23462052469794986,0,0.0,HV-T
Crypto_ETH_USDT,Logistic_Regression,4,108,2,1,6.207054887156566e-05,0.6015381948666932,0.3983997345844351,0,0.0,HV-T
Crypto_ETH_USDT,Logistic_Regression,4,109,2,1,6.547060489672557e-05,0.9089317300812227,0.09100279931388046,0,0.0,HV-T
Crypto_ETH_USDT,Logistic_Regression,4,110,2,1,0.0008674582494896011,0.7910577892671831,0.20807475248332732,0,0.0,HV-T
Crypto_ETH_USDT,Logistic_Regression,4,111,2,1,0.0002158558997776049,0.956295483070907,0.04348866102931559,0,0.0,HV-T
Crypto_ETH_USDT,Logistic_Regression,4,112,2,1,6.270655994856511e-05,0.8597771999908442,0.14016009344920705,0,0.0,HV-T
Crypto_ETH_USDT,Logistic_Regression,4,113,2,1,0.00013875668507012194,0.9843998019388137,0.015461441376116117,0,0.0,HV-T
Crypto_ETH_USDT,Logistic_Regression,4,114,2,1,1.1035069104293865e-05,0.9962157322137926,0.0037732327171031413,0,0.0,HV-T
Crypto_ETH_USDT,Logistic_Regression,4,115,2,1,0.0006352532538307181,0.9672931387754448,0.03207160797072465,0,0.0,HV-T
Crypto_ETH_USDT,Logistic_Regression,4,116,2,1,0.0001004147198889594,0.9818871123369876,0.018012472943123446,0,0.0,HV-T
Crypto_ETH_USDT,Logistic_Regression,4,117,1,1,0.002158975854600965,0.9133661286600651,0.08447489548533405,0,0.0,HV-T
Crypto_ETH_USDT,Logistic_Regression,4,118,1,1,5.741957960131624e-05,0.9892643914177324,0.010678189002666467,0,0.0,HV-T
Crypto_ETH_USDT,Logistic_Regression,4,119,1,1,0.0013964783443715996,0.9935619103963473,0.00504161125928125,0,0.0,HV-T
Crypto_ETH_USDT,Logistic_Regression,4,120,1,1,0.0055898210880688005,0.9725814678972348,0.021828711014696283,0,0.0,HV-T
Crypto_ETH_USDT,Logistic_Regression,4,121,1,1,0.0013145292101208984,0.8016308884812169,0.1970545823086623,0,0.0,HV-T
Crypto_ETH_USDT,Logistic_Regression,4,122,1,1,0.006447686986956185,0.9062458051603215,0.08730650785272218,0,0.0,HV-T
Crypto_ETH_USDT,Logistic_Regression,4,123,1,1,0.00877185554556433,0.9742301711742145,0.016997973280221113,0,0.0,HV-T
Crypto_ETH_USDT,Logistic_Regression,4,124,1,1,0.06250811137835008,0.9300767210984081,0.007415167523241839,0,0.0,HV-M
Crypto_ETH_USDT,Logistic_Regression,4,125,1,1,0.2595714540391241,0.6971719899707305,0.04325655599014554,0,0.0,HV-M
Crypto_ETH_USDT,Logistic_Regression,4,126,1,1,0.00339372427169129,0.989638074528012,0.006968201200296745,0,0.0,HV-M
Crypto_ETH_USDT,Logistic_Regression,4,127,1,1,0.0556796718712751,0.9344738014879513,0.009846526640773633,0,0.0,LV-M
Crypto_ETH_USDT,Logistic_Regression,4,128,1,1,0.004833041423721724,0.9776539711733174,0.017512987402960846,0,0.0,LV-M
Crypto_ETH_USDT,Logistic_Regression,4,129,1,1,0.05635927701653539,0.9208785206776241,0.02276220230584068,0,0.0,LV-T
Crypto_ETH_USDT,Logistic_Regression,4,130,1,1,0.0037353378268514927,0.9536718110396436,0.04259285113350486,0,0.0,HV-T
Crypto_ETH_USDT,Logistic_Regression,4,131,1,1,7.911782972543577e-05,0.9828141287248368,0.017106753445437817,0,0.0,HV-T
Crypto_ETH_USDT,Logistic_Regression,4,132,1,1,0.0065974091934548305,0.5030709279258668,0.4903316628806783,0,0.0,HV-T
Crypto_ETH_USDT,Logistic_Regression,4,133,1,1,0.0009197426054154124,0.943593651085553,0.055486606309031586,0,0.0,HV-T
Crypto_ETH_USDT,Logistic_Regression,4,134,1,1,0.0004637918920781909,0.971582324693699,0.02795388341422273,0,0.0,HV-T
Crypto_ETH_USDT,Logistic_Regression,4,135,1,1,0.014590896963680116,0.839163694316196,0.14624540872012384,0,0.0,LV-T
Crypto_ETH_USDT,Logistic_Regression,4,136,1,1,0.00028684093968294984,0.9818838000146216,0.01782935904569536,0,0.0,LV-T
Crypto_ETH_USDT,Logistic_Regression,4,137,1,1,0.000587788755180392,0.8646219045804314,0.1347903066643881,0,0.0,LV-T
Crypto_ETH_USDT,Logistic_Regression,4,138,1,1,0.00011998629148491303,0.7769236913186922,0.2229563223898229,0,0.0,LV-T
Crypto_ETH_USDT,Logistic_Regression,4,139,1,1,0.00023792429307026942,0.9045726482807976,0.0951894274261322,0,0.0,LV-M
Crypto_ETH_USDT,Logistic_Regression,4,140,1,1,0.004504929608977695,0.9759309145357823,0.019564155855240135,0,0.0,LV-M
Crypto_ETH_USDT,Logistic_Regression,4,141,1,2,3.729168036656402e-05,0.379265842024727,0.6206968662949064,1,-0.5343310042005472,LV-M
Crypto_ETH_USDT,Logistic_Regression,4,142,0,1,0.017552507876178968,0.5136492844499567,0.4687982076738644,0,0.0,LV-M
Crypto_ETH_USDT,Logistic_Regression,4,143,0,2,0.00018006606815922782,0.46773580792984354,0.5320841260019972,1,-0.5443310039794341,LV-M
Crypto_ETH_USDT,Logistic_Regression,4,144,0,1,0.036835327185799176,0.4947846050043818,0.4683800678098189,0,0.0,LV-M
Crypto_ETH_USDT,Logistic_Regression,4,145,0,2,0.011835984510138344,0.42954829739339273,0.5586157180964689,1,-0.5643310038481635,LV-M
Crypto_ETH_USDT,Logistic_Regression,4,146,0,1,0.03905189314311804,0.7020570745474752,0.2588910323094068,0,0.0,LV-T
Crypto_ETH_USDT,Logistic_Regression,4,147,0,2,0.07096540059978826,0.40598476142562057,0.5230498379745911,0,0.0,LV-T
Crypto_ETH_USDT,Logistic_Regression,4,148,0,2,0.11812246616431209,0.3185136046607031,0.5633639291749848,0,0.0,LV-T
Crypto_ETH_USDT,Logistic_Regression,4,149,0,2,0.006468524979313599,0.197258401592606,0.7962730734280803,0,0.0,LV-T
Crypto_ETH_USDT,Logistic_Regression,4,150,0,0,0.3769471479399159,0.3304961895391544,0.2925566625209296,0,0.0,LV-T
Crypto_ETH_USDT,Logistic_Regression,4,151,0,1,0.011748136289805103,0.6171810102804417,0.37107085342975327,0,0.0,HV-T
Crypto_ETH_USDT,Logistic_Regression,4,152,0,0,0.7038250262831205,0.07944923190894801,0.21672574180793147,0,0.0,HV-T
Crypto_ETH_USDT,Logistic_Regression,4,153,0,2,0.014842518188017522,0.07705743030383554,0.9081000515081469,0,0.0,HV-T
Crypto_ETH_USDT,Logistic_Regression,4,154,0,2,0.35470914681591276,0.08025277341381946,0.5650380797702679,0,0.0,HV-T
Crypto_ETH_USDT,Logistic_Regression,4,155,0,0,0.8330771049763557,0.002799261851299066,0.16412363317234527,0,0.0,HV-T
Crypto_ETH_USDT,Random_Forest,4,0,2,2,0.0,0.2942778976584083,0.7057221023415917,1,-0.5243252733096453,LV-T
Crypto_ETH_USDT,Random_Forest,4,1,1,2,0.02360616308254157,0.19961780633865786,0.7767760305788005,1,-0.5293240000002092,LV-T
Crypto_ETH_USDT,Random_Forest,4,2,1,2,0.022892051895704747,0.29930064829659236,0.6778072998077027,1,-0.5293240000002092,LV-M
Crypto_ETH_USDT,Random_Forest,4,3,1,2,0.0007281672643795231,0.1970228327572366,0.802248999978384,1,-0.5343250012500934,LV-M
Crypto_ETH_USDT,Random_Forest,4,4,0,2,0.04080345552921001,0.14397441486314647,0.8152221296076435,1,-0.5343250011181272,LV-M
Crypto_ETH_USDT,Random_Forest,4,5,0,2,0.020803455529210008,0.2014983533257392,0.7776981911450507,1,-0.5293250010210593,LV-M
Crypto_ETH_USDT,Random_Forest,4,6,0,2,0.040270987996742474,0.3047649114974705,0.654964100505787,1,-0.5443240014430014,LV-M
Crypto_ETH_USDT,Random_Forest,4,7,0,2,0.03027098799674248,0.21787336183872721,0.7518556501645304,1,-0.5393250016019221,LV-M
Crypto_ETH_USDT,Random_Forest,4,8,0,2,0.04027098799674248,0.19646859877436287,0.7632604132288947,1,-0.5293250015027514,LV-M
Crypto_ETH_USDT,Random_Forest,4,9,0,2,0.25930260825525453,0.24256029164429233,0.49813710010045315,1,-0.5243230021893078,LV-M
Crypto_ETH_USDT,Random_Forest,4,10,0,2,0.05,0.21163748117496486,0.738362518825035,1,-0.5093230020784715,LV-M
Crypto_ETH_USDT,Random_Forest,4,11,1,2,0.08930260825525449,0.3334853683948208,0.5772120233499246,1,-0.504322002086771,LV-M
Crypto_ETH_USDT,Random_Forest,4,12,1,2,0.0,0.30719629828622597,0.692803701713774,1,-0.5093220020013648,LV-M
Crypto_ETH_USDT,Random_Forest,4,13,1,2,0.12,0.3004174596680956,0.5795825403319044,1,-0.5043210020043375,LV-M
Crypto_ETH_USDT,Random_Forest,4,14,1,2,0.0693026082552545,0.19125642890185598,0.7394409628428893,1,-0.5143210019365885,LV-M
Crypto_ETH_USDT,Random_Forest,4,15,1,2,0.03,0.21272158615666087,0.7572784138433392,1,-0.5193220020155479,LV-M
Crypto_ETH_USDT,Random_Forest,4,16,1,2,0.07228249144798649,0.3103212358461591,0.6173962727058544,1,-0.4943190026168658,LV-M
Crypto_ETH_USDT,Random_Forest,4,17,1,2,0.01,0.24052609789269938,0.7494739021073006,1,-0.5143200026510099,LV-M
Crypto_ETH_USDT,Random_Forest,4,18,1,2,0.00027098799674247874,0.15345188254260758,0.84627712946065,1,-0.524322002873706,LV-M
Crypto_ETH_USDT,Random_Forest,4,19,1,2,0.050616240771095125,0.22271814893390662,0.726665610294998,1,-0.524321002841636,LV-M
Crypto_ETH_USDT,Random_Forest,4,20,1,2,0.020270987996742477,0.1365571818229534,0.8431718301803041,1,-0.5543240032594596,LV-M
Crypto_ETH_USDT,Random_Forest,4,21,0,2,0.020270987996742477,0.24232287176282685,0.7374061402404305,1,-0.5543250032254812,LV-M
Crypto_ETH_USDT,Random_Forest,4,22,0,2,0.04587193508843674,0.12511038859200252,0.8290176763195608,1,-0.554324003197868,LV-M
Crypto_ETH_USDT,Random_Forest,4,23,0,2,0.062979883192732,0.2425158871875174,0.6945042296197506,1,-0.5343230031691697,LV-M
Crypto_ETH_USDT,Random_Forest,4,24,0,2,0.11341463414634147,0.22367298872044614,0.6629123771332124,1,-0.5043210032530869,LV-M
Crypto_ETH_USDT,Random_Forest,4,25,0,2,0.04,0.1953678909655791,0.7646321090344208,1,-0.5043220032340925,LV-M
Crypto_ETH_USDT,Random_Forest,4,26,1,2,0.07,0.1626918867136415,0.7673081132863584,1,-0.4843230032140329,LV-M
Crypto_ETH_USDT,Random_Forest,4,27,2,2,0.19034525277435266,0.32798752765925376,0.4816672195663935,1,-0.4793210032869223,LV-M
Crypto_ETH_USDT,Random_Forest,4,28,2,2,0.01957359625199697,0.11597576821619247,0.8644506355318106,1,-0.4593210032285461,LV-M
Crypto_ETH_USDT,Random_Forest,4,29,2,2,0.2293026082552545,0.28745047399797974,0.48324691774676576,1,-0.44931900328861674,LV-M
Crypto_ETH_USDT,Random_Forest,4,30,2,1,0.16297988319273202,0.43868680087816786,0.39833331592910015,0,0.0,HV-M
Crypto_ETH_USDT,Random_Forest,4,31,2,2,0.09297988319273198,0.3388775347727493,0.5681425820345187,1,-0.4443170033912899,HV-M
Crypto_ETH_USDT,Random_Forest,4,32,2,2,0.1,0.3011297804753406,0.5988702195246594,1,-0.43431700339152635,HV-T
Crypto_ETH_USDT,Random_Forest,4,33,2,2,0.051036990199178,0.22424859344941483,0.7247144163514072,1,-0.4543190034989152,HV-T
Crypto_ETH_USDT,Random_Forest,4,34,2,2,0.021990438143011996,0.17026046244149837,0.8077490994154897,1,-0.45932300399021864,HV-T
Crypto_ETH_USDT,Random_Forest,4,35,2,2,0.02,0.12017967315892168,0.8598203268410783,1,-0.47932500410032797,HV-T
Crypto_ETH_USDT,Random_Forest,4,36,2,2,0.04,0.3320083214159509,0.627991678584049,1,-0.499329004457149,HV-T
Crypto_ETH_USDT,Random_Forest,4,37,2,2,0.03402453642285615,0.4679744391966652,0.4980010243804786,1,-0.5043280044698982,HV-T
Crypto_ETH_USDT,Random_Forest,4,38,2,1,0.08220837342622458,0.48599780409987126,0.4317938224739041,0,0.0,HV-T
Crypto_ETH_USDT,Random_Forest,4,39,2,1,0.07077513639405106,0.5518912636903225,0.3773335999156265,0,0.0,HV-M
Crypto_ETH_USDT,Random_Forest,4,40,1,2,0.1746714913130082,0.26416799984206657,0.5611605088449252,1,-0.5243330047038424,HV-M
Crypto_ETH_USDT,Random_Forest,4,41,1,2,0.15983257316815122,0.375758118543597,0.4644093082882519,1,-0.5143310047865681,HV-M
Crypto_ETH_USDT,Random_Forest,4,42,1,2,0.11691376047458087,0.3982972650751887,0.48478897445023045,1,-0.5243330048460135,HV-M
Crypto_ETH_USDT,Random_Forest,4,43,1,2,0.21167807221987275,0.34888699633945963,0.4394349314406675,1,-0.5193310049283799,HV-M
Crypto_ETH_USDT,Random_Forest,4,44,1,1,0.10677324587609133,0.47926692103286334,0.4139598330910453,0,0.0,HV-M
Crypto_ETH_USDT,Random_Forest,4,45,1,1,0.2720041926030535,0.49469012622248343,0.23330568117446315,0,0.0,HV-M
Crypto_ETH_USDT,Random_Forest,4,46,0,1,0.0875197596022835,0.6747909472929178,0.23768929310479867,0,0.0,HV-M
Crypto_ETH_USDT,Random_Forest,4,47,0,1,0.20057090420063006,0.4698179614397589,0.3296111343596111,0,0.0,HV-M
Crypto_ETH_USDT,Random_Forest,4,48,0,1,0.1233577060136513,0.49567800941354967,0.38096428457279896,0,0.0,HV-M
Crypto_ETH_USDT,Random_Forest,4,49,0,1,0.17549555084258692,0.515838682323974,0.308665766833439,0,0.0,HV-T
Crypto_ETH_USDT,Random_Forest,4,50,0,0,0.36827636598515867,0.3042915944865655,0.32743203952827576,-1,-0.4843310048548938,HV-T
Crypto_ETH_USDT,Random_Forest,4,51,0,2,0.06512157188458195,0.35990348983587755,0.5749749382795405,1,-0.5443310048426999,HV-T
Crypto_ETH_USDT,Random_Forest,4,52,0,2,0.08338461867806472,0.31981256658952795,0.5968028147324073,1,-0.5493310048108062,HV-T
Crypto_ETH_USDT,Random_Forest,4,53,0,1,0.22019127284906945,0.4402450956050427,0.33956363154588787,0,0.0,HV-T
Crypto_ETH_USDT,Random_Forest,4,54,0,2,0.06344324244018795,0.41231638314402225,0.5242403744157899,1,-0.56433100470421,HV-T
Crypto_ETH_USDT,Random_Forest,4,55,0,1,0.1965427855983488,0.40287862206989095,0.4005785923317602,0,0.0,HV-T
Crypto_ETH_USDT,Random_Forest,4,56,0,2,0.08181301326595072,0.27179536293617473,0.6463916237978745,1,-0.5393290047978533,HV-T
Crypto_ETH_USDT,Random_Forest,4,57,0,2,0.2283119032126924,0.27279743827111297,0.49889065851619463,1,-0.5243270047979596,HV-T
Crypto_ETH_USDT,Random_Forest,4,58,0,2,0.04170518204528442,0.2664333168777687,0.6918615010769468,1,-0.534329004866134,HV-T
Crypto_ETH_USDT,Random_Forest,4,59,0,2,0.20207221018529067,0.30429907988569077,0.49362870992901847,1,-0.5293270048664575,HV-T
Crypto_ETH_USDT,Random_Forest,4,60,0,2,0.20207221018529067,0.31416933488321847,0.4837584549314907,1,-0.5143250048661077,HV-T
Crypto_ETH_USDT,Random_Forest,4,61,0,2,0.09430222287449627,0.17427721882624958,0.731420558299254,1,-0.5243250048658712,HV-T
Crypto_ETH_USDT,Random_Forest,4,62,1,2,0.07,0.41093656561520836,0.5190634343847917,1,-0.5193240048990853,HV-T
Crypto_ETH_USDT,Random_Forest,4,63,1,2,0.11,0.31258822464827213,0.5774117753517278,1,-0.5093230048575667,HV-T
Crypto_ETH_USDT,Random_Forest,4,64,1,2,0.08276960193003619,0.41378857089607324,0.5034418271738906,1,-0.5043210045924201,HV-T
Crypto_ETH_USDT,Random_Forest,4,65,1,2,0.04,0.20946106135381773,0.7505389386461822,1,-0.5043230045928937,HV-T
Crypto_ETH_USDT,Random_Forest,4,66,1,2,0.022293057061966538,0.4273191645280247,0.5503877784100086,1,-0.5143240042079666,HV-T
Crypto_ETH_USDT,Random_Forest,4,67,1,2,0.01470383201197104,0.3362727561965198,0.6490234117915091,1,-0.5143250042216103,LV-M
Crypto_ETH_USDT,Random_Forest,4,68,2,2,0.011484891989081217,0.22292763135068433,0.7655874766602344,1,-0.494325003753447,LV-T
Crypto_ETH_USDT,Random_Forest,4,69,2,2,0.039311913876392414,0.4199438928651996,0.5407441932584081,1,-0.49432400376754015,LV-T
Crypto_ETH_USDT,Random_Forest,4,70,2,2,0.011719450146269517,0.3069868113752599,0.6812937384784706,1,-0.4943250037677761,LV-T
Crypto_ETH_USDT,Random_Forest,4,71,2,2,0.0836623431398235,0.3696977952699316,0.5466398615902449,1,-0.48432300376800097,LV-T
Crypto_ETH_USDT,Random_Forest,4,72,2,2,0.02202206906522406,0.41098167646730155,0.5669962544674744,1,-0.5193240036642093,LV-T
Crypto_ETH_USDT,Random_Forest,4,73,2,2,0.031339609118132536,0.2767941931513732,0.6918661977304942,1,-0.5143240035767987,HV-T
Crypto_ETH_USDT,Random_Forest,4,74,2,2,0.05,0.3246319027579317,0.6253680972420682,1,-0.5143230032486443,HV-T
Crypto_ETH_USDT,Random_Forest,4,75,1,2,0.02,0.18845494924846257,0.7915450507515374,1,-0.5343250033273018,HV-T
Crypto_ETH_USDT,Random_Forest,4,76,1,2,0.0,0.23554601822407153,0.7644539817759284,1,-0.5443250033270653,HV-T
Crypto_ETH_USDT,Random_Forest,4,77,0,2,0.0036856221430839418,0.12316285318104558,0.8731515246758704,1,-0.5543270034575354,HV-T
Crypto_ETH_USDT,Random_Forest,4,78,0,2,0.010270987996742477,0.13841085076868354,0.8513181612345738,1,-0.55932900355655,HV-T
Crypto_ETH_USDT,Random_Forest,4,79,0,2,0.016870086643811052,0.2542558334001505,0.7288740799560384,1,-0.5443290035191141,HV-T
Crypto_ETH_USDT,Random_Forest,4,80,0,2,0.0009934549570949018,0.18209309992813083,0.8169134451147743,1,-0.5443290034071022,HV-T
Crypto_ETH_USDT,Random_Forest,4,81,0,2,0.0009934549570949018,0.18191637342420083,0.8170901716187043,1,-0.5543290034073205,HV-T
Crypto_ETH_USDT,Random_Forest,4,82,0,2,0.13564372974805375,0.406336577283447,0.4580196929684992,1,-0.5443240040829674,HV-T
Crypto_ETH_USDT,Random_Forest,4,83,0,2,0.049759787522891535,0.2365054941462444,0.713734718330864,1,-0.5443250041042607,HV-T
Crypto_ETH_USDT,Random_Forest,4,84,0,1,0.1152270567090151,0.448487171334894,0.4362857719560908,0,0.0,HV-T
Crypto_ETH_USDT,Random_Forest,4,85,0,2,0.1127696019300362,0.3225694548177311,0.5646609432522328,1,-0.5193210041485335,HV-T
Crypto_ETH_USDT,Random_Forest,4,86,0,1,0.23034525277435264,0.4993218249075215,0.2703329223181258,0,0.0,HV-M
Crypto_ETH_USDT,Random_Forest,4,87,0,1,0.09103699019917799,0.5023070068430827,0.4066560029577392,0,0.0,HV-M
Crypto_ETH_USDT,Random_Forest,4,88,1,1,0.011339609118132537,0.6037281276095041,0.3849322632723633,0,0.0,HV-M
Crypto_ETH_USDT,Random_Forest,4,89,1,2,0.04539556943679639,0.19477016154929397,0.7598342690139096,1,-0.5343230042413608,HV-M
Crypto_ETH_USDT,Random_Forest,4,90,0,2,0.006427294024480865,0.32093656302122237,0.6726361429542967,1,-0.5443230041491064,HV-M
Crypto_ETH_USDT,Random_Forest,4,91,0,2,0.07391976461714891,0.40669966505176597,0.5193805703310851,1,-0.5293210042412364,HV-M
Crypto_ETH_USDT,Random_Forest,4,92,0,2,0.1327696019300362,0.2980457238169867,0.569184674252977,1,-0.5193190043095102,HV-M
Crypto_ETH_USDT,Random_Forest,4,93,0,2,0.02549821845234695,0.24997686194140617,0.7245249196062469,1,-0.5343190042918431,HV-T
Crypto_ETH_USDT,Random_Forest,4,94,0,2,0.13030261891895453,0.43291133889336153,0.4367860421876839,1,-0.5343180042215709,HV-T
Crypto_ETH_USDT,Random_Forest,4,95,0,2,0.02275167785234899,0.32984929160982346,0.6473990305378277,1,-0.5343200042220436,HV-T
Crypto_ETH_USDT,Random_Forest,4,96,1,2,0.035437337971710905,0.20489154266300652,0.7596711193652824,1,-0.5093190042080824,HV-M
Crypto_ETH_USDT,Random_Forest,4,97,1,2,0.006645652535801012,0.28241209630009545,0.7109422511641036,1,-0.5143200042084278,HV-M
Crypto_ETH_USDT,Random_Forest,4,98,1,2,0.09297988319273198,0.34657677765273076,0.5604433391545371,1,-0.4943170044009557,LV-M
Crypto_ETH_USDT,Random_Forest,4,99,1,2,0.00027098799674247874,0.1895080261861848,0.8102209858170727,1,-0.49431900450503286,LV-M
Crypto_ETH_USDT,Random_Forest,4,100,2,1,0.09297988319273198,0.48673739516658904,0.4202827216406789,0,0.0,LV-M
Crypto_ETH_USDT,Random_Forest,4,101,2,2,0.00027098799674247874,0.27650121304243064,0.7232277989608269,1,-0.49431800450479946,LV-M
Crypto_ETH_USDT,Random_Forest,4,102,2,2,0.03272844277572139,0.25402135534465314,0.7132502018796255,1,-0.4793180044721169,HV-M
Crypto_ETH_USDT,Random_Forest,4,103,2,2,0.06034525277435265,0.37999837853316193,0.5596563686924854,1,-0.4543150046494342,HV-M
Crypto_ETH_USDT,Random_Forest,4,104,2,2,0.020457179267637047,0.387503317460023,0.5920395032723398,1,-0.4443150046396165,HV-T
Crypto_ETH_USDT,Random_Forest,4,105,2,2,0.013414634146341461,0.20131422407905458,0.7852711417746038,1,-0.4593170046390559,HV-T
Crypto_ETH_USDT,Random_Forest,4,106,2,2,0.012293057061966537,0.40561848878517465,0.5820884541528587,1,-0.48432000487277727,HV-T
Crypto_ETH_USDT,Random_Forest,4,107,2,2,0.021765157463557516,0.327929381052047,0.6503054614843954,1,-0.4843210047975297,HV-T
Crypto_ETH_USDT,Random_Forest,4,108,2,2,0.04,0.23106760453291791,0.728932395467082,1,-0.4743210046856522,HV-T
Crypto_ETH_USDT,Random_Forest,4,109,2,2,0.0019904381430119944,0.19464945230424285,0.8033601095527453,1,-0.4843230047980057,HV-T
Crypto_ETH_USDT,Random_Forest,4,110,2,2,0.031307978195920474,0.21240632133668416,0.7562857004673955,1,-0.4843230047980057,HV-T
Crypto_ETH_USDT,Random_Forest,4,111,2,2,0.01245670578918675,0.299894643922175,0.6876486502886381,1,-0.4843230047980057,HV-T
Crypto_ETH_USDT,Random_Forest,4,112,2,2,0.01125606686278854,0.2353129806718154,0.753430952465396,1,-0.4943260044495429,HV-T
Crypto_ETH_USDT,Random_Forest,4,113,2,2,0.0019904381430119944,0.2216157879515914,0.7763937739053965,1,-0.48932700445012445,HV-T
Crypto_ETH_USDT,Random_Forest,4,114,2,2,0.006661852181669165,0.15660197164432177,0.8367361761740091,1,-0.5143290044238693,HV-T
Crypto_ETH_USDT,Random_Forest,4,115,2,2,0.07061624077109513,0.25121737010740325,0.6781663891215015,1,-0.5143280043396468,HV-T
Crypto_ETH_USDT,Random_Forest,4,116,2,2,0.01,0.24636382715537095,0.7436361728446289,1,-0.5143270042516034,HV-T
Crypto_ETH_USDT,Random_Forest,4,117,1,2,0.010270987996742477,0.2122366495875857,0.7774923624156717,1,-0.5143270042516034,HV-T
Crypto_ETH_USDT,Random_Forest,4,118,1,2,0.00027098799674247874,0.13389904274985004,0.8658299692534074,1,-0.5043290043126356,HV-T
Crypto_ETH_USDT,Random_Forest,4,119,1,2,0.02297988319273199,0.16467220146990968,0.8123479153373583,1,-0.5043290041209746,HV-T
Crypto_ETH_USDT,Random_Forest,4,120,1,2,0.01034525277435265,0.18854731831883703,0.8011074289068102,1,-0.5043290041209746,HV-T
Crypto_ETH_USDT,Random_Forest,4,121,1,2,0.00027098799674247874,0.12737449768194856,0.8723545143213091,1,-0.4943290039901257,HV-T
Crypto_ETH_USDT,Random_Forest,4,122,1,2,0.020270987996742477,0.20891702241562993,0.7708119895876275,1,-0.5143310039174366,HV-T
Crypto_ETH_USDT,Random_Forest,4,123,1,2,0.0707697281131731,0.2964920257113833,0.6327382461754436,1,-0.5293320039221259,HV-T
Crypto_ETH_USDT,Random_Forest,4,124,1,2,0.13289205189570474,0.19768709569493392,0.6694208524093612,1,-0.5143290041774508,HV-M
Crypto_ETH_USDT,Random_Forest,4,125,1,2,0.01478807398413068,0.19400995711858507,0.7912019688972842,1,-0.5143290041080824,HV-M
Crypto_ETH_USDT,Random_Forest,4,126,1,2,0.2699188490263496,0.3079549779212219,0.4221261730524284,1,-0.504327004200819,HV-M
Crypto_ETH_USDT,Random_Forest,4,127,1,2,0.1674450297035842,0.337608804176961,0.49494616611945474,1,-0.49432700418775377,LV-M
Crypto_ETH_USDT,Random_Forest,4,128,1,2,0.1517194501462695,0.30475408223590805,0.5435264676178223,1,-0.5243310042412179,LV-M
Crypto_ETH_USDT,Random_Forest,4,129,1,2,0.06789104264983864,0.2973949014257145,0.6347140559244469,1,-0.5143310041834659,LV-T
Crypto_ETH_USDT,Random_Forest,4,130,1,2,0.10307369555007403,0.31680335261647957,0.5801229518334462,1,-0.5243310040332897,HV-T
Crypto_ETH_USDT,Random_Forest,4,131,1,2,0.08182301131116321,0.3506446209803902,0.5675323677084464,1,-0.5243330040868183,HV-T
Crypto_ETH_USDT,Random_Forest,4,132,1,1,0.15289205189570473,0.45711046267855415,0.3899974854257412,0,0.0,HV-T
Crypto_ETH_USDT,Random_Forest,4,133,1,1,0.1906478716933072,0.4307083155853213,0.3786438127213716,0,0.0,HV-T
Crypto_ETH_USDT,Random_Forest,4,134,1,2,0.1415326209444601,0.25686375841879694,0.6016036206367429,1,-0.5043290040328214,HV-T
Crypto_ETH_USDT,Random_Forest,4,135,1,2,0.08814242144832968,0.20150772764584338,0.7103498509058269,1,-0.5043290039717913,LV-T
Crypto_ETH_USDT,Random_Forest,4,136,1,2,0.0927696019300362,0.35695956075197616,0.5502708373179874,1,-0.5143290037801689,LV-T
Crypto_ETH_USDT,Random_Forest,4,137,1,2,0.06944404591104734,0.19903690099111906,0.7315190530978336,1,-0.5243310038472766,LV-T
Crypto_ETH_USDT,Random_Forest,4,138,1,2,0.12970870952132063,0.36943430759488893,0.5008569828837905,1,-0.529329003990145,LV-T
Crypto_ETH_USDT,Random_Forest,4,139,1,2,0.013691394149839662,0.2500260109396646,0.7362825949104956,1,-0.524331003990276,LV-M
Crypto_ETH_USDT,Random_Forest,4,140,1,2,0.08289205189570474,0.27843819905915007,0.6386697490451451,1,-0.5193290041207801,LV-M
Crypto_ETH_USDT,Random_Forest,4,141,1,2,0.04099457259392685,0.2317898020076276,0.7272156253984454,1,-0.5343310042005472,LV-M
Crypto_ETH_USDT,Random_Forest,4,142,0,2,0.006604798951095675,0.16991410632425233,0.8234810947246521,1,-0.5443310039983461,LV-M
Crypto_ETH_USDT,Random_Forest,4,143,0,2,0.005788671600445151,0.2573161715401103,0.7368951568594446,1,-0.5443310039794341,LV-M
Crypto_ETH_USDT,Random_Forest,4,144,0,2,0.009659970408658155,0.1603478036679666,0.8299922259233751,1,-0.5543310038804802,LV-M
Crypto_ETH_USDT,Random_Forest,4,145,0,2,0.02237403745410368,0.26067642253646534,0.7169495400094309,1,-0.5643310038481635,LV-M
Crypto_ETH_USDT,Random_Forest,4,146,0,2,0.20176006303423344,0.28281432679822754,0.515425610167539,0,0.0,LV-T
Crypto_ETH_USDT,Random_Forest,4,147,0,2,0.08285671814959318,0.22008717878122347,0.6970561030691832,0,0.0,LV-T
Crypto_ETH_USDT,Random_Forest,4,148,0,2,0.15646242034512114,0.3022595446955975,0.5412780349592814,0,0.0,LV-T
Crypto_ETH_USDT,Random_Forest,4,149,0,2,0.11045717926763704,0.29869229444003,0.5908505262923329,0,0.0,LV-T
Crypto_ETH_USDT,Random_Forest,4,150,0,2,0.09409128697048154,0.3391007636127221,0.5668079494167965,0,0.0,LV-T
Crypto_ETH_USDT,Random_Forest,4,151,0,2,0.06010504029724419,0.3723836612255168,0.5675112984772389,0,0.0,HV-T
Crypto_ETH_USDT,Random_Forest,4,152,0,2,0.2222824914479865,0.32169195726754396,0.45602555128446953,0,0.0,HV-T
Crypto_ETH_USDT,Random_Forest,4,153,0,2,0.050457179267637035,0.28466419175688246,0.6648786289754804,0,0.0,HV-T
Crypto_ETH_USDT,Random_Forest,4,154,0,2,0.19045717926763703,0.3356710758754193,0.4738717448569437,0,0.0,HV-T
Crypto_ETH_USDT,Random_Forest,4,155,0,1,0.20045717926763704,0.4341141168053431,0.36542870392701987,0,0.0,HV-T
Crypto_ETH_USDT,XGBoost_GBDT,4,0,2,2,0.010597612708806992,0.05030752718448639,0.9390949010848999,1,-0.5243252733096453,LV-T
Crypto_ETH_USDT,XGBoost_GBDT,4,1,1,2,0.011444232426583767,0.03536064922809601,0.9531951546669006,1,-0.5293240000002092,LV-T
Crypto_ETH_USDT,XGBoost_GBDT,4,2,1,2,0.015064208768308163,0.03700190782546997,0.9479338526725769,1,-0.5293240000002092,LV-M
Crypto_ETH_USDT,XGBoost_GBDT,4,3,1,2,0.008484864607453346,0.04901985451579094,0.9424953460693359,1,-0.5343250012500934,LV-M
Crypto_ETH_USDT,XGBoost_GBDT,4,4,0,2,0.012782295234501362,0.03713326156139374,0.9500844478607178,1,-0.5343250011181272,LV-M
Crypto_ETH_USDT,XGBoost_GBDT,4,5,0,2,0.01804104447364807,0.040599290281534195,0.9413596987724304,1,-0.5293250010210593,LV-M
Crypto_ETH_USDT,XGBoost_GBDT,4,6,0,2,0.02334057353436947,0.04904288798570633,0.927616536617279,1,-0.5443240014430014,LV-M
Crypto_ETH_USDT,XGBoost_GBDT,4,7,0,2,0.01193997636437416,0.024745633825659752,0.9633143544197083,1,-0.5393250016019221,LV-M
Crypto_ETH_USDT,XGBoost_GBDT,4,8,0,2,0.007235054392367601,0.031635161489248276,0.9611297845840454,1,-0.5293250015027514,LV-M
Crypto_ETH_USDT,XGBoost_GBDT,4,9,0,2,0.12394626438617706,0.06529780477285385,0.8107559680938721,1,-0.5243230021893078,LV-M
Crypto_ETH_USDT,XGBoost_GBDT,4,10,0,2,0.013224588707089424,0.04975085332989693,0.9370245337486267,1,-0.5093230020784715,LV-M
Crypto_ETH_USDT,XGBoost_GBDT,4,11,1,2,0.05287378653883934,0.06506147235631943,0.8820647597312927,1,-0.504322002086771,LV-M
Crypto_ETH_USDT,XGBoost_GBDT,4,12,1,2,0.014422526583075523,0.0597384050488472,0.9258390069007874,1,-0.5093220020013648,LV-M
Crypto_ETH_USDT,XGBoost_GBDT,4,13,1,2,0.05943852290511131,0.06154251843690872,0.8790189623832703,1,-0.5043210020043375,LV-M
Crypto_ETH_USDT,XGBoost_GBDT,4,14,1,2,0.011647539213299751,0.05037339776754379,0.9379791021347046,1,-0.5143210019365885,LV-M
Crypto_ETH_USDT,XGBoost_GBDT,4,15,1,2,0.012317133136093616,0.02525024302303791,0.9624326229095459,1,-0.5193220020155479,LV-M
Crypto_ETH_USDT,XGBoost_GBDT,4,16,1,2,0.064177967607975,0.09545398503541946,0.8403680920600891,1,-0.4943190026168658,LV-M
Crypto_ETH_USDT,XGBoost_GBDT,4,17,1,2,0.021770989522337914,0.08260838687419891,0.895620584487915,1,-0.5143200026510099,LV-M
Crypto_ETH_USDT,XGBoost_GBDT,4,18,1,2,0.012324280105531216,0.03837762773036957,0.9492980241775513,1,-0.524322002873706,LV-M
Crypto_ETH_USDT,XGBoost_GBDT,4,19,1,2,0.036697596311569214,0.05555769428610802,0.9077447652816772,1,-0.524321002841636,LV-M
Crypto_ETH_USDT,XGBoost_GBDT,4,20,1,2,0.02807108871638775,0.12036026269197464,0.8515686988830566,1,-0.5543240032594596,LV-M
Crypto_ETH_USDT,XGBoost_GBDT,4,21,0,2,0.018317902460694313,0.057547781616449356,0.9241342544555664,1,-0.5543250032254812,LV-M
Crypto_ETH_USDT,XGBoost_GBDT,4,22,0,2,0.03205450624227524,0.05444760620594025,0.9134978652000427,1,-0.554324003197868,LV-M
Crypto_ETH_USDT,XGBoost_GBDT,4,23,0,2,0.04444735869765282,0.10083572566509247,0.8547168970108032,1,-0.5343230031691697,LV-M
Crypto_ETH_USDT,XGBoost_GBDT,4,24,0,2,0.06605801731348038,0.05764598771929741,0.8762959837913513,1,-0.5043210032530869,LV-M
Crypto_ETH_USDT,XGBoost_GBDT,4,25,0,2,0.031543467193841934,0.06240994110703468,0.9060466289520264,1,-0.5043220032340925,LV-M
Crypto_ETH_USDT,XGBoost_GBDT,4,26,1,2,0.019957993179559708,0.06058944761753082,0.9194525480270386,1,-0.4843230032140329,LV-M
Crypto_ETH_USDT,XGBoost_GBDT,4,27,2,2,0.1666792631149292,0.147848442196846,0.685472309589386,1,-0.4793210032869223,LV-M
Crypto_ETH_USDT,XGBoost_GBDT,4,28,2,2,0.017696527764201164,0.027157394215464592,0.9551461338996887,1,-0.4593210032285461,LV-M
Crypto_ETH_USDT,XGBoost_GBDT,4,29,2,2,0.31319350004196167,0.15991464257240295,0.5268918871879578,1,-0.44931900328861674,LV-M
Crypto_ETH_USDT,XGBoost_GBDT,4,30,2,2,0.3636504113674164,0.21751715242862701,0.4188324213027954,1,-0.43431700339152635,HV-M
Crypto_ETH_USDT,XGBoost_GBDT,4,31,2,2,0.05371904745697975,0.1687542200088501,0.7775267958641052,1,-0.4443170033912899,HV-M
Crypto_ETH_USDT,XGBoost_GBDT,4,32,2,2,0.21892757713794708,0.1151934266090393,0.66587895154953,1,-0.43431700339152635,HV-T
Crypto_ETH_USDT,XGBoost_GBDT,4,33,2,2,0.05319535359740257,0.07322614639997482,0.8735784888267517,1,-0.4543190034989152,HV-T
Crypto_ETH_USDT,XGBoost_GBDT,4,34,2,2,0.03897572681307793,0.2171555459499359,0.7438687086105347,1,-0.45932300399021864,HV-T
Crypto_ETH_USDT,XGBoost_GBDT,4,35,2,2,0.0359511598944664,0.08523426949977875,0.8788146376609802,1,-0.47932500410032797,HV-T
Crypto_ETH_USDT,XGBoost_GBDT,4,36,2,2,0.038385890424251556,0.3716738820075989,0.5899401903152466,1,-0.499329004457149,HV-T
Crypto_ETH_USDT,XGBoost_GBDT,4,37,2,2,0.0305483378469944,0.48418599367141724,0.48526573181152344,1,-0.5043280044698982,HV-T
Crypto_ETH_USDT,XGBoost_GBDT,4,38,2,2,0.023471496999263763,0.2607956826686859,0.7157328128814697,1,-0.5193320048104181,HV-T
Crypto_ETH_USDT,XGBoost_GBDT,4,39,2,1,0.015413775108754635,0.5884579420089722,0.39612823724746704,0,0.0,HV-M
Crypto_ETH_USDT,XGBoost_GBDT,4,40,1,2,0.03208775073289871,0.4461335837841034,0.5217786431312561,1,-0.5243330047038424,HV-M
Crypto_ETH_USDT,XGBoost_GBDT,4,41,1,1,0.06153595820069313,0.5206822156906128,0.417781800031662,0,0.0,HV-M
Crypto_ETH_USDT,XGBoost_GBDT,4,42,1,1,0.024966679513454437,0.8528289198875427,0.12220440059900284,0,0.0,HV-M
Crypto_ETH_USDT,XGBoost_GBDT,4,43,1,2,0.09222082048654556,0.43426668643951416,0.4735125005245209,1,-0.5193310049283799,HV-M
Crypto_ETH_USDT,XGBoost_GBDT,4,44,1,1,0.028677377849817276,0.8952435255050659,0.0760791078209877,0,0.0,HV-M
Crypto_ETH_USDT,XGBoost_GBDT,4,45,1,1,0.16258004307746887,0.767917275428772,0.06950262188911438,0,0.0,HV-M
Crypto_ETH_USDT,XGBoost_GBDT,4,46,0,1,0.026533272117376328,0.9460829496383667,0.027383752167224884,0,0.0,HV-M
Crypto_ETH_USDT,XGBoost_GBDT,4,47,0,1,0.0940435603260994,0.8135148286819458,0.09244156628847122,0,0.0,HV-M
Crypto_ETH_USDT,XGBoost_GBDT,4,48,0,1,0.09843382984399796,0.6749187111854553,0.2266474813222885,0,0.0,HV-M
Crypto_ETH_USDT,XGBoost_GBDT,4,49,0,1,0.06178358942270279,0.8066751956939697,0.1315411925315857,0,0.0,HV-T
Crypto_ETH_USDT,XGBoost_GBDT,4,50,0,1,0.10628154128789902,0.6887181997299194,0.20500028133392334,0,0.0,HV-T
Crypto_ETH_USDT,XGBoost_GBDT,4,51,0,2,0.04321189597249031,0.3674314022064209,0.5893566608428955,1,-0.5443310048426999,HV-T
Crypto_ETH_USDT,XGBoost_GBDT,4,52,0,1,0.022514672949910164,0.5708571076393127,0.40662825107574463,0,0.0,HV-T
Crypto_ETH_USDT,XGBoost_GBDT,4,53,0,1,0.09311724454164505,0.7298585772514343,0.17702414095401764,0,0.0,HV-T
Crypto_ETH_USDT,XGBoost_GBDT,4,54,0,1,0.034729160368442535,0.633186399936676,0.33208441734313965,0,0.0,HV-T
Crypto_ETH_USDT,XGBoost_GBDT,4,55,0,1,0.0996897742152214,0.4925101399421692,0.4078000485897064,0,0.0,HV-T
Crypto_ETH_USDT,XGBoost_GBDT,4,56,0,2,0.01915130764245987,0.29117241501808167,0.6896762251853943,1,-0.5393290047978533,HV-T
Crypto_ETH_USDT,XGBoost_GBDT,4,57,0,2,0.17315012216567993,0.1283058077096939,0.6985440254211426,1,-0.5243270047979596,HV-T
Crypto_ETH_USDT,XGBoost_GBDT,4,58,0,2,0.0258217491209507,0.10781384259462357,0.8663644194602966,1,-0.534329004866134,HV-T
Crypto_ETH_USDT,XGBoost_GBDT,4,59,0,2,0.13598674535751343,0.25900357961654663,0.6050096750259399,1,-0.5293270048664575,HV-T
Crypto_ETH_USDT,XGBoost_GBDT,4,60,0,2,0.1711856573820114,0.24205611646175385,0.5867582559585571,1,-0.5143250048661077,HV-T
Crypto_ETH_USDT,XGBoost_GBDT,4,61,0,2,0.04529573768377304,0.14714455604553223,0.8075597286224365,1,-0.5243250048658712,HV-T
Crypto_ETH_USDT,XGBoost_GBDT,4,62,1,2,0.03641954064369202,0.26634296774864197,0.697237491607666,1,-0.5193240048990853,HV-T
Crypto_ETH_USDT,XGBoost_GBDT,4,63,1,2,0.09920117259025574,0.26636528968811035,0.6344335675239563,1,-0.5093230048575667,HV-T
Crypto_ETH_USDT,XGBoost_GBDT,4,64,1,2,0.12787440419197083,0.32473841309547424,0.5473871827125549,1,-0.5043210045924201,HV-T
Crypto_ETH_USDT,XGBoost_GBDT,4,65,1,2,0.02928236685693264,0.08837484568357468,0.8823427557945251,1,-0.5043230045928937,HV-T
Crypto_ETH_USDT,XGBoost_GBDT,4,66,1,1,0.02007300779223442,0.6460851430892944,0.33384183049201965,0,0.0,HV-T
Crypto_ETH_USDT,XGBoost_GBDT,4,67,1,2,0.026166632771492004,0.1911129206418991,0.7827205061912537,1,-0.5143250042216103,LV-M
Crypto_ETH_USDT,XGBoost_GBDT,4,68,2,2,0.02370411530137062,0.21136076748371124,0.7649350762367249,1,-0.494325003753447,LV-T
Crypto_ETH_USDT,XGBoost_GBDT,4,69,2,2,0.023759834468364716,0.4787231981754303,0.4975169897079468,1,-0.49432400376754015,LV-T
Crypto_ETH_USDT,XGBoost_GBDT,4,70,2,2,0.028142130002379417,0.359846830368042,0.6120110750198364,1,-0.4943250037677761,LV-T
Crypto_ETH_USDT,XGBoost_GBDT,4,71,2,1,0.08469493687152863,0.5986670851707458,0.3166379928588867,0,0.0,LV-T
Crypto_ETH_USDT,XGBoost_GBDT,4,72,2,2,0.021021805703639984,0.44188547134399414,0.5370926856994629,1,-0.5193240036642093,LV-T
Crypto_ETH_USDT,XGBoost_GBDT,4,73,2,2,0.029056617990136147,0.2648490369319916,0.7060943841934204,1,-0.5143240035767987,HV-T
Crypto_ETH_USDT,XGBoost_GBDT,4,74,2,2,0.02245575562119484,0.1924094706773758,0.7851347327232361,1,-0.5143230032486443,HV-T
Crypto_ETH_USDT,XGBoost_GBDT,4,75,1,2,0.008616670966148376,0.08742217719554901,0.903961181640625,1,-0.5343250033273018,HV-T
Crypto_ETH_USDT,XGBoost_GBDT,4,76,1,2,0.010740655474364758,0.20229218900203705,0.7869671583175659,1,-0.5443250033270653,HV-T
Crypto_ETH_USDT,XGBoost_GBDT,4,77,0,2,0.006157022435218096,0.07071307301521301,0.9231299161911011,1,-0.5543270034575354,HV-T
Crypto_ETH_USDT,XGBoost_GBDT,4,78,0,2,0.008961476385593414,0.11233032494783401,0.8787081837654114,1,-0.55932900355655,HV-T
Crypto_ETH_USDT,XGBoost_GBDT,4,79,0,2,0.013019337318837643,0.16682355105876923,0.8201571106910706,1,-0.5443290035191141,HV-T
Crypto_ETH_USDT,XGBoost_GBDT,4,80,0,2,0.009968366473913193,0.12273992598056793,0.8672916889190674,1,-0.5443290034071022,HV-T
Crypto_ETH_USDT,XGBoost_GBDT,4,81,0,2,0.011337576434016228,0.10441139340400696,0.8842509984970093,1,-0.5543290034073205,HV-T
Crypto_ETH_USDT,XGBoost_GBDT,4,82,0,1,0.11158814281225204,0.6342954039573669,0.2541164457798004,0,0.0,HV-T
Crypto_ETH_USDT,XGBoost_GBDT,4,83,0,2,0.10975038260221481,0.3820958137512207,0.5081537961959839,1,-0.5443250041042607,HV-T
Crypto_ETH_USDT,XGBoost_GBDT,4,84,0,1,0.23754486441612244,0.43063849210739136,0.3318166434764862,0,0.0,HV-T
Crypto_ETH_USDT,XGBoost_GBDT,4,85,0,1,0.22016453742980957,0.4362730383872986,0.34356242418289185,0,0.0,HV-T
Crypto_ETH_USDT,XGBoost_GBDT,4,86,0,1,0.4145704507827759,0.45937222242355347,0.12605734169483185,0,0.0,HV-M
Crypto_ETH_USDT,XGBoost_GBDT,4,87,0,1,0.15047508478164673,0.6558665037155151,0.19365844130516052,0,0.0,HV-M
Crypto_ETH_USDT,XGBoost_GBDT,4,88,1,1,0.029237989336252213,0.7367729544639587,0.23398901522159576,0,0.0,HV-M
Crypto_ETH_USDT,XGBoost_GBDT,4,89,1,2,0.019488081336021423,0.2626447081565857,0.7178671956062317,1,-0.5343230042413608,HV-M
Crypto_ETH_USDT,XGBoost_GBDT,4,90,0,2,0.020930591970682144,0.3577996790409088,0.621269702911377,1,-0.5443230041491064,HV-M
Crypto_ETH_USDT,XGBoost_GBDT,4,91,0,1,0.04476144164800644,0.6012741923332214,0.35396435856819153,0,0.0,HV-M
Crypto_ETH_USDT,XGBoost_GBDT,4,92,0,1,0.15390577912330627,0.5253877639770508,0.32070648670196533,0,0.0,HV-M
Crypto_ETH_USDT,XGBoost_GBDT,4,93,0,2,0.036458566784858704,0.30426838994026184,0.6592730283737183,1,-0.5343190042918431,HV-T
Crypto_ETH_USDT,XGBoost_GBDT,4,94,0,2,0.06666213274002075,0.4282853305339813,0.5050525665283203,1,-0.5343180042215709,HV-T
Crypto_ETH_USDT,XGBoost_GBDT,4,95,0,2,0.018883030861616135,0.12572073936462402,0.8553962111473083,1,-0.5343200042220436,HV-T
Crypto_ETH_USDT,XGBoost_GBDT,4,96,1,2,0.022678066045045853,0.10240485519170761,0.8749170899391174,1,-0.5093190042080824,HV-M
Crypto_ETH_USDT,XGBoost_GBDT,4,97,1,2,0.01031029038131237,0.0846145898103714,0.9050750732421875,1,-0.5143200042084278,HV-M
Crypto_ETH_USDT,XGBoost_GBDT,4,98,1,2,0.06720434874296188,0.34859058260917664,0.5842050909996033,1,-0.4943170044009557,LV-M
Crypto_ETH_USDT,XGBoost_GBDT,4,99,1,2,0.007728217635303736,0.07570308446884155,0.9165686964988708,1,-0.49431900450503286,LV-M
Crypto_ETH_USDT,XGBoost_GBDT,4,100,2,1,0.052134789526462555,0.5038266181945801,0.4440385699272156,0,0.0,LV-M
Crypto_ETH_USDT,XGBoost_GBDT,4,101,2,2,0.014124482870101929,0.15314188599586487,0.8327336311340332,1,-0.49431800450479946,LV-M
Crypto_ETH_USDT,XGBoost_GBDT,4,102,2,2,0.018006954342126846,0.19017183780670166,0.7918212413787842,1,-0.4793180044721169,HV-M
Crypto_ETH_USDT,XGBoost_GBDT,4,103,2,2,0.05040966346859932,0.3528020679950714,0.5967882871627808,1,-0.4543150046494342,HV-M
Crypto_ETH_USDT,XGBoost_GBDT,4,104,2,2,0.02884681522846222,0.25783759355545044,0.7133156061172485,1,-0.4443150046396165,HV-T
Crypto_ETH_USDT,XGBoost_GBDT,4,105,2,2,0.01178710162639618,0.17815668880939484,0.8100561499595642,1,-0.4593170046390559,HV-T
Crypto_ETH_USDT,XGBoost_GBDT,4,106,2,2,0.02363215945661068,0.41607004404067993,0.5602977871894836,1,-0.48432000487277727,HV-T
Crypto_ETH_USDT,XGBoost_GBDT,4,107,2,2,0.018190309405326843,0.3550412654876709,0.6267684102058411,1,-0.4843210047975297,HV-T
Crypto_ETH_USDT,XGBoost_GBDT,4,108,2,1,0.021338237449526787,0.5923598408699036,0.3863018751144409,0,0.0,HV-T
Crypto_ETH_USDT,XGBoost_GBDT,4,109,2,2,0.011368053033947945,0.27350911498069763,0.7151228785514832,1,-0.4843230047980057,HV-T
Crypto_ETH_USDT,XGBoost_GBDT,4,110,2,2,0.01227259635925293,0.25830012559890747,0.7294272780418396,1,-0.4843230047980057,HV-T
Crypto_ETH_USDT,XGBoost_GBDT,4,111,2,1,0.026521028950810432,0.5292062163352966,0.4442727863788605,0,0.0,HV-T
Crypto_ETH_USDT,XGBoost_GBDT,4,112,2,2,0.018794307485222816,0.31364914774894714,0.6675565242767334,1,-0.4943260044495429,HV-T
Crypto_ETH_USDT,XGBoost_GBDT,4,113,2,2,0.013807371258735657,0.28918057680130005,0.6970120072364807,1,-0.48932700445012445,HV-T
Crypto_ETH_USDT,XGBoost_GBDT,4,114,2,2,0.010255315341055393,0.28276729583740234,0.706977367401123,1,-0.5143290044238693,HV-T
Crypto_ETH_USDT,XGBoost_GBDT,4,115,2,1,0.018526939675211906,0.5143028497695923,0.46717023849487305,0,0.0,HV-T
Crypto_ETH_USDT,XGBoost_GBDT,4,116,2,1,0.022317783907055855,0.4907796382904053,0.4869025647640228,0,0.0,HV-T
Crypto_ETH_USDT,XGBoost_GBDT,4,117,1,2,0.01318754255771637,0.2619878351688385,0.7248246669769287,1,-0.5143270042516034,HV-T
Crypto_ETH_USDT,XGBoost_GBDT,4,118,1,2,0.016200780868530273,0.3027838468551636,0.6810153126716614,1,-0.5043290043126356,HV-T
Crypto_ETH_USDT,XGBoost_GBDT,4,119,1,2,0.010786067694425583,0.19689247012138367,0.7923214435577393,1,-0.5043290041209746,HV-T
Crypto_ETH_USDT,XGBoost_GBDT,4,120,1,2,0.015202540904283524,0.44010114669799805,0.5446963310241699,1,-0.5043290041209746,HV-T
Crypto_ETH_USDT,XGBoost_GBDT,4,121,1,2,0.014622101560235023,0.30890339612960815,0.6764745116233826,1,-0.4943290039901257,HV-T
Crypto_ETH_USDT,XGBoost_GBDT,4,122,1,2,0.03295198082923889,0.15791460871696472,0.8091334104537964,1,-0.5143310039174366,HV-T
Crypto_ETH_USDT,XGBoost_GBDT,4,123,1,1,0.01872706040740013,0.6789055466651917,0.30236735939979553,0,0.0,HV-T
Crypto_ETH_USDT,XGBoost_GBDT,4,124,1,2,0.0521572083234787,0.39591899514198303,0.5519238114356995,1,-0.5143290041774508,HV-M
Crypto_ETH_USDT,XGBoost_GBDT,4,125,1,2,0.06882248818874359,0.3657383620738983,0.5654391646385193,1,-0.5143290041080824,HV-M
Crypto_ETH_USDT,XGBoost_GBDT,4,126,1,1,0.27474793791770935,0.5558348298072815,0.16941721737384796,0,0.0,HV-M
Crypto_ETH_USDT,XGBoost_GBDT,4,127,1,1,0.2314852774143219,0.5572945475578308,0.2112201750278473,0,0.0,LV-M
Crypto_ETH_USDT,XGBoost_GBDT,4,128,1,1,0.06728632003068924,0.6850934028625488,0.2476203292608261,0,0.0,LV-M
Crypto_ETH_USDT,XGBoost_GBDT,4,129,1,1,0.08572009205818176,0.6186721920967102,0.29560768604278564,0,0.0,LV-T
Crypto_ETH_USDT,XGBoost_GBDT,4,130,1,1,0.08919253200292587,0.6931354403495789,0.21767199039459229,0,0.0,HV-T
Crypto_ETH_USDT,XGBoost_GBDT,4,131,1,1,0.03985888883471489,0.6592792868614197,0.30086174607276917,0,0.0,HV-T
Crypto_ETH_USDT,XGBoost_GBDT,4,132,1,1,0.1709621101617813,0.45907241106033325,0.36996549367904663,0,0.0,HV-T
Crypto_ETH_USDT,XGBoost_GBDT,4,133,1,1,0.10371822118759155,0.5668681263923645,0.32941368222236633,0,0.0,HV-T
Crypto_ETH_USDT,XGBoost_GBDT,4,134,1,1,0.11402124166488647,0.5578204989433289,0.32815825939178467,0,0.0,HV-T
Crypto_ETH_USDT,XGBoost_GBDT,4,135,1,2,0.1480199098587036,0.3420944809913635,0.5098856091499329,1,-0.5043290039717913,LV-T
Crypto_ETH_USDT,XGBoost_GBDT,4,136,1,2,0.0891425833106041,0.4495800733566284,0.4612773358821869,1,-0.5143290037801689,LV-T
Crypto_ETH_USDT,XGBoost_GBDT,4,137,1,2,0.041171230375766754,0.4224403202533722,0.5363883972167969,1,-0.5243310038472766,LV-T
Crypto_ETH_USDT,XGBoost_GBDT,4,138,1,2,0.020564384758472443,0.24234755337238312,0.7370880246162415,1,-0.529329003990145,LV-T
Crypto_ETH_USDT,XGBoost_GBDT,4,139,1,2,0.011104406788945198,0.45935797691345215,0.5295376181602478,1,-0.524331003990276,LV-M
Crypto_ETH_USDT,XGBoost_GBDT,4,140,1,2,0.01969720609486103,0.2147120237350464,0.7655907869338989,1,-0.5193290041207801,LV-M
Crypto_ETH_USDT,XGBoost_GBDT,4,141,1,2,0.01507851853966713,0.13847792148590088,0.8464435935020447,1,-0.5343310042005472,LV-M
Crypto_ETH_USDT,XGBoost_GBDT,4,142,0,2,0.01194565650075674,0.24086131155490875,0.7471929788589478,1,-0.5443310039983461,LV-M
Crypto_ETH_USDT,XGBoost_GBDT,4,143,0,2,0.01366830337792635,0.2684662640094757,0.7178654670715332,1,-0.5443310039794341,LV-M
Crypto_ETH_USDT,XGBoost_GBDT,4,144,0,2,0.0076362681575119495,0.26181676983833313,0.7305468916893005,1,-0.5543310038804802,LV-M
Crypto_ETH_USDT,XGBoost_GBDT,4,145,0,2,0.018608039245009422,0.23784616589546204,0.7435458302497864,1,-0.5643310038481635,LV-M
Crypto_ETH_USDT,XGBoost_GBDT,4,146,0,1,0.10548605769872665,0.48508477210998535,0.4094292223453522,0,0.0,LV-T
Crypto_ETH_USDT,XGBoost_GBDT,4,147,0,2,0.030330251902341843,0.2184017151594162,0.7512680292129517,0,0.0,LV-T
Crypto_ETH_USDT,XGBoost_GBDT,4,148,0,2,0.27672848105430603,0.35562288761138916,0.3676486313343048,0,0.0,LV-T
Crypto_ETH_USDT,XGBoost_GBDT,4,149,0,2,0.16136054694652557,0.4019005298614502,0.4367389678955078,0,0.0,LV-T
Crypto_ETH_USDT,XGBoost_GBDT,4,150,0,2,0.04657930135726929,0.20249398052692413,0.7509267330169678,0,0.0,LV-T
Crypto_ETH_USDT,XGBoost_GBDT,4,151,0,2,0.04460950940847397,0.3265347182750702,0.6288557648658752,0,0.0,HV-T
Crypto_ETH_USDT,XGBoost_GBDT,4,152,0,2,0.1538608819246292,0.39233288168907166,0.45380622148513794,0,0.0,HV-T
Crypto_ETH_USDT,XGBoost_GBDT,4,153,0,2,0.03962447866797447,0.11928988248109818,0.8410856127738953,0,0.0,HV-T
Crypto_ETH_USDT,XGBoost_GBDT,4,154,0,2,0.1567896008491516,0.20438432693481445,0.6388260722160339,0,0.0,HV-T
Crypto_ETH_USDT,XGBoost_GBDT,4,155,0,2,0.2276490032672882,0.2630273997783661,0.5093235969543457,0,0.0,HV-T
Crypto_ETH_USDT,Kernel_SVM,4,0,2,2,0.015281171784892779,0.2280092202057746,0.7567096080093326,1,-0.5243252733096453,LV-T
Crypto_ETH_USDT,Kernel_SVM,4,1,1,2,0.015081195461970683,0.14553144593739603,0.8393873586006331,1,-0.5293240000002092,LV-T
Crypto_ETH_USDT,Kernel_SVM,4,2,1,2,0.020547899699266858,0.20476209455012712,0.7746900057506061,1,-0.5293240000002092,LV-M
Crypto_ETH_USDT,Kernel_SVM,4,3,1,2,0.018260880769075127,0.11971456813573536,0.8620245510951896,1,-0.5343250012500934,LV-M
Crypto_ETH_USDT,Kernel_SVM,4,4,0,2,0.04234445161673126,0.25516800176341997,0.7024875466198487,1,-0.5343250011181272,LV-M
Crypto_ETH_USDT,Kernel_SVM,4,5,0,2,0.04712962831882007,0.1921180646173529,0.7607523070638268,1,-0.5293250010210593,LV-M
Crypto_ETH_USDT,Kernel_SVM,4,6,0,2,0.03929748983491066,0.2866260569544837,0.6740764532106055,1,-0.5443240014430014,LV-M
Crypto_ETH_USDT,Kernel_SVM,4,7,0,2,0.018794794589041878,0.14827752591487547,0.8329276794960827,1,-0.5393250016019221,LV-M
Crypto_ETH_USDT,Kernel_SVM,4,8,0,2,0.027297283529406642,0.10322314998296307,0.8694795664876304,1,-0.5293250015027514,LV-M
Crypto_ETH_USDT,Kernel_SVM,4,9,0,2,0.19621801683620524,0.3666271002612136,0.4371548829025811,1,-0.5243230021893078,LV-M
Crypto_ETH_USDT,Kernel_SVM,4,10,0,2,0.022613384550780557,0.12246361946029388,0.8549229959889254,1,-0.5093230020784715,LV-M
Crypto_ETH_USDT,Kernel_SVM,4,11,1,2,0.16482676108272715,0.20213181395794466,0.6330414249593285,1,-0.504322002086771,LV-M
Crypto_ETH_USDT,Kernel_SVM,4,12,1,2,0.030077673134143022,0.2241222275250441,0.7458000993408128,1,-0.5093220020013648,LV-M
Crypto_ETH_USDT,Kernel_SVM,4,13,1,2,0.09426907790745219,0.2248029588337967,0.6809279632587509,1,-0.5043210020043375,LV-M
Crypto_ETH_USDT,Kernel_SVM,4,14,1,2,0.03071171335795227,0.17787688669865667,0.7914113999433908,1,-0.5143210019365885,LV-M
Crypto_ETH_USDT,Kernel_SVM,4,15,1,2,0.021047143693733204,0.2137836538074855,0.7651692024987814,1,-0.5193220020155479,LV-M
Crypto_ETH_USDT,Kernel_SVM,4,16,1,2,0.09692682729039946,0.31829985491453827,0.5847733177950624,1,-0.4943190026168658,LV-M
Crypto_ETH_USDT,Kernel_SVM,4,17,1,2,0.01576105709901263,0.11959681875631457,0.8646421241446729,1,-0.5143200026510099,LV-M
Crypto_ETH_USDT,Kernel_SVM,4,18,1,2,0.010919738034985091,0.151970930822423,0.837109331142592,1,-0.524322002873706,LV-M
Crypto_ETH_USDT,Kernel_SVM,4,19,1,2,0.10367962543906287,0.33975899546385485,0.5565613790970821,1,-0.524321002841636,LV-M
Crypto_ETH_USDT,Kernel_SVM,4,20,1,2,0.02086894519361294,0.23732969447286564,0.7418013603335211,1,-0.5543240032594596,LV-M
Crypto_ETH_USDT,Kernel_SVM,4,21,0,2,0.027558549124795693,0.17551031312475068,0.7969311377504542,1,-0.5543250032254812,LV-M
Crypto_ETH_USDT,Kernel_SVM,4,22,0,2,0.06910046714182838,0.33884074151711335,0.5920587913410582,1,-0.554324003197868,LV-M
Crypto_ETH_USDT,Kernel_SVM,4,23,0,1,0.1747292873836162,0.42689600322022025,0.39837470939616354,0,0.0,LV-M
Crypto_ETH_USDT,Kernel_SVM,4,24,0,2,0.15236438552765283,0.3913939649471873,0.4562416495251598,1,-0.5043210032530869,LV-M
Crypto_ETH_USDT,Kernel_SVM,4,25,0,2,0.019998573385501376,0.2918948077557292,0.6881066188587696,1,-0.5043220032340925,LV-M
Crypto_ETH_USDT,Kernel_SVM,4,26,1,2,0.031480452452848647,0.24348029336846544,0.7250392541786858,1,-0.4843230032140329,LV-M
Crypto_ETH_USDT,Kernel_SVM,4,27,2,1,0.2199440880624888,0.43124423349759144,0.3488116784399197,0,0.0,LV-M
Crypto_ETH_USDT,Kernel_SVM,4,28,2,2,0.025122094694488145,0.1471992054818389,0.8276786998236729,1,-0.4593210032285461,LV-M
Crypto_ETH_USDT,Kernel_SVM,4,29,2,2,0.2270967715758356,0.22632536886453483,0.5465778595596296,1,-0.44931900328861674,LV-M
Crypto_ETH_USDT,Kernel_SVM,4,30,2,1,0.22150331307788573,0.4561648390454225,0.3223318478766916,0,0.0,HV-M
Crypto_ETH_USDT,Kernel_SVM,4,31,2,2,0.04801886369582294,0.3065692926690382,0.6454118436351388,1,-0.4443170033912899,HV-M
Crypto_ETH_USDT,Kernel_SVM,4,32,2,2,0.09176246614457337,0.2838250226069994,0.6244125112484274,1,-0.43431700339152635,HV-T
Crypto_ETH_USDT,Kernel_SVM,4,33,2,2,0.01362820746268079,0.11463842303854788,0.8717333694987714,1,-0.4543190034989152,HV-T
Crypto_ETH_USDT,Kernel_SVM,4,34,2,2,0.0070618415812968,0.1098213089621519,0.8831168494565516,1,-0.45932300399021864,HV-T
Crypto_ETH_USDT,Kernel_SVM,4,35,2,2,0.007238050249501475,0.0864071143284785,0.9063548354220199,1,-0.47932500410032797,HV-T
Crypto_ETH_USDT,Kernel_SVM,4,36,2,2,0.03123372869461193,0.30984354488429966,0.6589227264210885,1,-0.499329004457149,HV-T
Crypto_ETH_USDT,Kernel_SVM,4,37,2,1,0.07572258437737273,0.4627078439816928,0.4615695716409344,0,0.0,HV-T
Crypto_ETH_USDT,Kernel_SVM,4,38,2,2,0.02932430254560588,0.3932251509534831,0.5774505465009111,1,-0.5193320048104181,HV-T
Crypto_ETH_USDT,Kernel_SVM,4,39,2,1,0.051745002868829486,0.5311582714302118,0.41709672570095824,0,0.0,HV-M
Crypto_ETH_USDT,Kernel_SVM,4,40,1,1,0.08091660153751896,0.5313589241118393,0.3877244743506418,0,0.0,HV-M
Crypto_ETH_USDT,Kernel_SVM,4,41,1,1,0.3292522209751879,0.6172087363697852,0.0535390426550269,0,0.0,HV-M
Crypto_ETH_USDT,Kernel_SVM,4,42,1,1,0.09444219717600928,0.7016346481466734,0.20392315467731728,0,0.0,HV-M
Crypto_ETH_USDT,Kernel_SVM,4,43,1,1,0.35372560461578184,0.5893059397092789,0.05696845567493941,0,0.0,HV-M
Crypto_ETH_USDT,Kernel_SVM,4,44,1,1,0.07772801436188607,0.7195308304442081,0.2027411551939057,0,0.0,HV-M
Crypto_ETH_USDT,Kernel_SVM,4,45,1,1,0.3293316125222633,0.6093315093108771,0.06133687816685942,0,0.0,HV-M
Crypto_ETH_USDT,Kernel_SVM,4,46,0,1,0.14463296281359483,0.5791318902634229,0.27623514692298223,0,0.0,HV-M
Crypto_ETH_USDT,Kernel_SVM,4,47,0,1,0.3186817620491084,0.6469466560951063,0.034371581855785226,0,0.0,HV-M
Crypto_ETH_USDT,Kernel_SVM,4,48,0,2,0.1274680994774502,0.23435021927465685,0.638181681247893,1,-0.5343320049275666,HV-M
Crypto_ETH_USDT,Kernel_SVM,4,49,0,1,0.14815921642275034,0.5373614990210951,0.31447928455615437,0,0.0,HV-T
Crypto_ETH_USDT,Kernel_SVM,4,50,0,1,0.448280426091527,0.4522382932985126,0.09948128060996045,0,0.0,HV-T
Crypto_ETH_USDT,Kernel_SVM,4,51,0,2,0.15736121249055332,0.35236274348789615,0.4902760440215508,1,-0.5443310048426999,HV-T
Crypto_ETH_USDT,Kernel_SVM,4,52,0,2,0.19802409626220935,0.35549541889373093,0.4464804848440597,1,-0.5493310048108062,HV-T
Crypto_ETH_USDT,Kernel_SVM,4,53,0,1,0.2693468297334999,0.5665661060735611,0.16408706419293906,0,0.0,HV-T
Crypto_ETH_USDT,Kernel_SVM,4,54,0,2,0.06987687236237732,0.39977901954171635,0.5303441080959062,1,-0.56433100470421,HV-T
Crypto_ETH_USDT,Kernel_SVM,4,55,0,0,0.3858551086236008,0.33647548612488337,0.2776694052515159,-1,-0.48432900481072816,HV-T
Crypto_ETH_USDT,Kernel_SVM,4,56,0,2,0.16593838312335263,0.24092459704380426,0.5931370198328433,1,-0.5393290047978533,HV-T
Crypto_ETH_USDT,Kernel_SVM,4,57,0,2,0.25631625133279506,0.21264400433261407,0.531039744334591,1,-0.5243270047979596,HV-T
Crypto_ETH_USDT,Kernel_SVM,4,58,0,2,0.028770119689670286,0.24403444793491694,0.727195432375413,1,-0.534329004866134,HV-T
Crypto_ETH_USDT,Kernel_SVM,4,59,0,1,0.30309659706584935,0.4054063057639918,0.2914970971701589,0,0.0,HV-T
Crypto_ETH_USDT,Kernel_SVM,4,60,0,1,0.3590514917783433,0.37463667501118425,0.26631183321047247,0,0.0,HV-T
Crypto_ETH_USDT,Kernel_SVM,4,61,0,2,0.04311410187152299,0.11851846967127697,0.8383674284572002,1,-0.5243250048658712,HV-T
Crypto_ETH_USDT,Kernel_SVM,4,62,1,1,0.0994598750115172,0.5044926005322607,0.3960475244562218,0,0.0,HV-T
Crypto_ETH_USDT,Kernel_SVM,4,63,1,2,0.1187088217141776,0.3442436649111549,0.5370475133746675,1,-0.5093230048575667,HV-T
Crypto_ETH_USDT,Kernel_SVM,4,64,1,1,0.11241107182240224,0.5049490007231826,0.38263992745441483,0,0.0,HV-T
Crypto_ETH_USDT,Kernel_SVM,4,65,1,2,0.026277351956608814,0.23528929122184655,0.7384333568215445,1,-0.5043230045928937,HV-T
Crypto_ETH_USDT,Kernel_SVM,4,66,1,2,0.02284141397444964,0.3155261418002407,0.6616324442253099,1,-0.5143240042079666,HV-T
Crypto_ETH_USDT,Kernel_SVM,4,67,1,2,0.04168338648006189,0.31825869329483175,0.6400579202251067,1,-0.5143250042216103,LV-M
Crypto_ETH_USDT,Kernel_SVM,4,68,2,2,0.00786632309855027,0.08125719873831529,0.9108764781631344,1,-0.494325003753447,LV-T
Crypto_ETH_USDT,Kernel_SVM,4,69,2,2,0.020826016045651635,0.26581568279289564,0.7133583011614528,1,-0.49432400376754015,LV-T
Crypto_ETH_USDT,Kernel_SVM,4,70,2,2,0.01837180660960262,0.15901464322814773,0.8226135501622496,1,-0.4943250037677761,LV-T
Crypto_ETH_USDT,Kernel_SVM,4,71,2,2,0.1293375324322154,0.35412071918170474,0.5165417483860796,1,-0.48432300376800097,LV-T
Crypto_ETH_USDT,Kernel_SVM,4,72,2,2,0.02306204778960479,0.21031045732402215,0.7666274948863733,1,-0.5193240036642093,LV-T
Crypto_ETH_USDT,Kernel_SVM,4,73,2,2,0.04324064403734653,0.24680370562001158,0.7099556503426417,1,-0.5143240035767987,HV-T
Crypto_ETH_USDT,Kernel_SVM,4,74,2,2,0.07901570141002326,0.35418535655886496,0.5667989420311115,1,-0.5143230032486443,HV-T
Crypto_ETH_USDT,Kernel_SVM,4,75,1,2,0.010878999098911022,0.13895400338261513,0.8501669975184738,1,-0.5343250033273018,HV-T
Crypto_ETH_USDT,Kernel_SVM,4,76,1,2,0.021692062053421887,0.18088438089857853,0.7974235570479997,1,-0.5443250033270653,HV-T
Crypto_ETH_USDT,Kernel_SVM,4,77,0,2,0.011660209041885871,0.11309622280854702,0.8752435681495672,1,-0.5543270034575354,HV-T
Crypto_ETH_USDT,Kernel_SVM,4,78,0,2,0.010821451267743589,0.12316068287822445,0.866017865854032,1,-0.55932900355655,HV-T
Crypto_ETH_USDT,Kernel_SVM,4,79,0,2,0.035340174108916066,0.24844722608587097,0.7162125998052128,1,-0.5443290035191141,HV-T
Crypto_ETH_USDT,Kernel_SVM,4,80,0,2,0.05152549045503249,0.24402834491622893,0.7044461646287383,1,-0.5443290034071022,HV-T
Crypto_ETH_USDT,Kernel_SVM,4,81,0,2,0.029300309028232486,0.1906439329249968,0.7800557580467704,1,-0.5543290034073205,HV-T
Crypto_ETH_USDT,Kernel_SVM,4,82,0,1,0.29158504305417166,0.5562745494589822,0.1521404074868458,0,0.0,HV-T
Crypto_ETH_USDT,Kernel_SVM,4,83,0,2,0.04510416544419242,0.3927599812775507,0.5621358532782571,1,-0.5443250041042607,HV-T
Crypto_ETH_USDT,Kernel_SVM,4,84,0,1,0.2588732642751808,0.6312943416587817,0.10983239406603747,0,0.0,HV-T
Crypto_ETH_USDT,Kernel_SVM,4,85,0,1,0.23774001624856045,0.5890676744358112,0.17319230931562796,0,0.0,HV-T
Crypto_ETH_USDT,Kernel_SVM,4,86,0,1,0.2030650536756099,0.5995102881578878,0.1974246581665022,0,0.0,HV-M
Crypto_ETH_USDT,Kernel_SVM,4,87,0,1,0.05276964172911251,0.5817686459146968,0.3654617123561905,0,0.0,HV-M
Crypto_ETH_USDT,Kernel_SVM,4,88,1,1,0.031145029400025268,0.5555210340041778,0.4133339365957971,0,0.0,HV-M
Crypto_ETH_USDT,Kernel_SVM,4,89,1,2,0.017648713902550416,0.19813522877074954,0.7842160573267001,1,-0.5343230042413608,HV-M
Crypto_ETH_USDT,Kernel_SVM,4,90,0,2,0.03462764811103461,0.20335580135397766,0.7620165505349876,1,-0.5443230041491064,HV-M
Crypto_ETH_USDT,Kernel_SVM,4,91,0,2,0.07733374191786654,0.398873754263848,0.5237925038182852,1,-0.5293210042412364,HV-M
Crypto_ETH_USDT,Kernel_SVM,4,92,0,2,0.06981330163988826,0.1680474693524477,0.7621392290076637,1,-0.5193190043095102,HV-M
Crypto_ETH_USDT,Kernel_SVM,4,93,0,2,0.020167771493221184,0.21188499660347906,0.7679472319033002,1,-0.5343190042918431,HV-T
Crypto_ETH_USDT,Kernel_SVM,4,94,0,2,0.1016763060906334,0.41841986377193763,0.47990383013742915,1,-0.5343180042215709,HV-T
Crypto_ETH_USDT,Kernel_SVM,4,95,0,2,0.02181766125290415,0.24495438103471048,0.7332279577123857,1,-0.5343200042220436,HV-T
Crypto_ETH_USDT,Kernel_SVM,4,96,1,2,0.0330618543004664,0.19101768093272659,0.7759204647668069,1,-0.5093190042080824,HV-M
Crypto_ETH_USDT,Kernel_SVM,4,97,1,2,0.02050862988576497,0.3103347808061976,0.6691565893080372,1,-0.5143200042084278,HV-M
Crypto_ETH_USDT,Kernel_SVM,4,98,1,2,0.10290567543533095,0.2823916171883554,0.6147027073763138,1,-0.4943170044009557,LV-M
Crypto_ETH_USDT,Kernel_SVM,4,99,1,2,0.003948806251712527,0.09799134888694924,0.8980598448613383,1,-0.49431900450503286,LV-M
Crypto_ETH_USDT,Kernel_SVM,4,100,2,1,0.07357420053892195,0.6124427680685863,0.3139830313924915,0,0.0,LV-M
Crypto_ETH_USDT,Kernel_SVM,4,101,2,2,0.010471583607060356,0.258292133907013,0.7312362824859265,1,-0.49431800450479946,LV-M
Crypto_ETH_USDT,Kernel_SVM,4,102,2,2,0.018156080454788757,0.249796431540726,0.7320474880044853,1,-0.4793180044721169,HV-M
Crypto_ETH_USDT,Kernel_SVM,4,103,2,1,0.07646719318741306,0.48804409878474464,0.4354887080278423,0,0.0,HV-M
Crypto_ETH_USDT,Kernel_SVM,4,104,2,1,0.03263035028093376,0.4849730365560406,0.4823966131630255,0,0.0,HV-T
Crypto_ETH_USDT,Kernel_SVM,4,105,2,2,0.008058801714878036,0.15183834948472819,0.8401028488003935,1,-0.4593170046390559,HV-T
Crypto_ETH_USDT,Kernel_SVM,4,106,2,2,0.023230847862876332,0.36549881855802663,0.6112703335790971,1,-0.48432000487277727,HV-T
Crypto_ETH_USDT,Kernel_SVM,4,107,2,2,0.027542375248978696,0.3025508994550938,0.6699067252959277,1,-0.4843210047975297,HV-T
Crypto_ETH_USDT,Kernel_SVM,4,108,2,2,0.015359190970149405,0.2014282811739184,0.7832125278559321,1,-0.4743210046856522,HV-T
Crypto_ETH_USDT,Kernel_SVM,4,109,2,2,0.010734437784860273,0.16917040928770619,0.8200951529274335,1,-0.4843230047980057,HV-T
Crypto_ETH_USDT,Kernel_SVM,4,110,2,2,0.016022303967800047,0.10517294762591256,0.8788047484062872,1,-0.4843230047980057,HV-T
Crypto_ETH_USDT,Kernel_SVM,4,111,2,2,0.03734272472487746,0.28836919075184986,0.6742880845232726,1,-0.4843230047980057,HV-T
Crypto_ETH_USDT,Kernel_SVM,4,112,2,2,0.013518273643519596,0.20421928274332526,0.7822624436131551,1,-0.4943260044495429,HV-T
Crypto_ETH_USDT,Kernel_SVM,4,113,2,2,0.022584027522594596,0.24014614180389116,0.7372698306735145,1,-0.48932700445012445,HV-T
Crypto_ETH_USDT,Kernel_SVM,4,114,2,2,0.042501797008675485,0.4164345703520884,0.5410636326392362,1,-0.5143290044238693,HV-T
Crypto_ETH_USDT,Kernel_SVM,4,115,2,2,0.08579175146341099,0.32962983890104086,0.5845784096355482,1,-0.5143280043396468,HV-T
Crypto_ETH_USDT,Kernel_SVM,4,116,2,2,0.059269455683103454,0.28306105026598816,0.6576694940509085,1,-0.5143270042516034,HV-T
Crypto_ETH_USDT,Kernel_SVM,4,117,1,2,0.04517481546979115,0.19473291182155353,0.7600922727086553,1,-0.5143270042516034,HV-T
Crypto_ETH_USDT,Kernel_SVM,4,118,1,2,0.040651250863818,0.29078814566235095,0.6685606034738311,1,-0.5043290043126356,HV-T
Crypto_ETH_USDT,Kernel_SVM,4,119,1,2,0.15857807795688766,0.3870783783415514,0.4543435437015608,1,-0.5043290041209746,HV-T
Crypto_ETH_USDT,Kernel_SVM,4,120,1,2,0.09120202527961356,0.31992703698744895,0.5888709377329379,1,-0.5043290041209746,HV-T
Crypto_ETH_USDT,Kernel_SVM,4,121,1,2,0.03279147787892623,0.1998141302808563,0.7673943918402178,1,-0.4943290039901257,HV-T
Crypto_ETH_USDT,Kernel_SVM,4,122,1,2,0.0359358668300369,0.20920639662607882,0.7548577365438842,1,-0.5143310039174366,HV-T
Crypto_ETH_USDT,Kernel_SVM,4,123,1,2,0.044235391446742905,0.21545951156536927,0.7403050969878879,1,-0.5293320039221259,HV-T
Crypto_ETH_USDT,Kernel_SVM,4,124,1,0,0.41716196266955197,0.3663708691231199,0.2164671682073281,-1,-0.5143290041774508,HV-M
Crypto_ETH_USDT,Kernel_SVM,4,125,1,2,0.17156415656692764,0.2880885659159522,0.5403472775171199,1,-0.5143290041080824,HV-M
Crypto_ETH_USDT,Kernel_SVM,4,126,1,1,0.30081198882696236,0.42926086560046917,0.26992714557256825,0,0.0,HV-M
Crypto_ETH_USDT,Kernel_SVM,4,127,1,1,0.23631378008633955,0.5119994766841689,0.2516867432294916,0,0.0,LV-M
Crypto_ETH_USDT,Kernel_SVM,4,128,1,2,0.0856235538969816,0.41804704200534204,0.4963294040976764,1,-0.5243310042412179,LV-M
Crypto_ETH_USDT,Kernel_SVM,4,129,1,2,0.18510028752090193,0.2715880805911129,0.5433116318879853,1,-0.5143310041834659,LV-T
Crypto_ETH_USDT,Kernel_SVM,4,130,1,2,0.12967809207344955,0.31578204332406445,0.5545398646024859,1,-0.5243310040332897,HV-T
Crypto_ETH_USDT,Kernel_SVM,4,131,1,2,0.04199182164846647,0.3165019344381559,0.6415062439133776,1,-0.5243330040868183,HV-T
Crypto_ETH_USDT,Kernel_SVM,4,132,1,2,0.16694730610320815,0.24293725524678705,0.5901154386500046,1,-0.5143310042389014,HV-T
Crypto_ETH_USDT,Kernel_SVM,4,133,1,1,0.25735586555927414,0.3789623097050329,0.3636818247356927,0,0.0,HV-T
Crypto_ETH_USDT,Kernel_SVM,4,134,1,2,0.16241569780711929,0.3406482357604144,0.496936066432466,1,-0.5043290040328214,HV-T
Crypto_ETH_USDT,Kernel_SVM,4,135,1,2,0.15434553749424945,0.39468552283359304,0.4509689396721574,1,-0.5043290039717913,LV-T
Crypto_ETH_USDT,Kernel_SVM,4,136,1,1,0.223036309168886,0.5013997518583347,0.2755639389727789,0,0.0,LV-T
Crypto_ETH_USDT,Kernel_SVM,4,137,1,2,0.09452392725411238,0.3047006658239678,0.6007754069219196,1,-0.5243310038472766,LV-T
Crypto_ETH_USDT,Kernel_SVM,4,138,1,2,0.041475485547974936,0.23074974333444728,0.7277747711175776,1,-0.529329003990145,LV-T
Crypto_ETH_USDT,Kernel_SVM,4,139,1,2,0.031496148154184736,0.21172682495529868,0.7567770268905164,1,-0.524331003990276,LV-M
Crypto_ETH_USDT,Kernel_SVM,4,140,1,1,0.18822883358314185,0.5072622148162821,0.304508951600576,0,0.0,LV-M
Crypto_ETH_USDT,Kernel_SVM,4,141,1,2,0.00910606914184052,0.08503632842040465,0.9058576024377548,1,-0.5343310042005472,LV-M
Crypto_ETH_USDT,Kernel_SVM,4,142,0,2,0.06988453239897524,0.2400130063379373,0.6901024612630872,1,-0.5443310039983461,LV-M
Crypto_ETH_USDT,Kernel_SVM,4,143,0,2,0.023756225506944693,0.21833944970965746,0.757904324783398,1,-0.5443310039794341,LV-M
Crypto_ETH_USDT,Kernel_SVM,4,144,0,2,0.07054456514721422,0.23773048922324086,0.6917249456295451,1,-0.5543310038804802,LV-M
Crypto_ETH_USDT,Kernel_SVM,4,145,0,2,0.04711324763464224,0.19371257025283392,0.7591741821125239,1,-0.5643310038481635,LV-M
Crypto_ETH_USDT,Kernel_SVM,4,146,0,2,0.1456300046678827,0.3420911354018984,0.5122788599302185,0,0.0,LV-T
Crypto_ETH_USDT,Kernel_SVM,4,147,0,2,0.04614047347623462,0.11530432738003324,0.8385551991437317,0,0.0,LV-T
Crypto_ETH_USDT,Kernel_SVM,4,148,0,2,0.12948193340252356,0.2892412089026476,0.5812768576948286,0,0.0,LV-T
Crypto_ETH_USDT,Kernel_SVM,4,149,0,2,0.03905836228176589,0.21914860103468844,0.741793036683546,0,0.0,LV-T
Crypto_ETH_USDT,Kernel_SVM,4,150,0,2,0.1303373901781489,0.2835326283791694,0.5861299814426816,0,0.0,LV-T
Crypto_ETH_USDT,Kernel_SVM,4,151,0,2,0.046472441102597926,0.24962628827961722,0.7039012706177851,0,0.0,HV-T
Crypto_ETH_USDT,Kernel_SVM,4,152,0,2,0.20552635538501876,0.31807160417541397,0.47640204043956685,0,0.0,HV-T
Crypto_ETH_USDT,Kernel_SVM,4,153,0,2,0.01846761912587076,0.11604377312597004,0.8654886077481593,0,0.0,HV-T
Crypto_ETH_USDT,Kernel_SVM,4,154,0,2,0.1312605364337457,0.387464485272655,0.481274978293599,0,0.0,HV-T
Crypto_ETH_USDT,Kernel_SVM,4,155,0,2,0.21163388506124767,0.3120001541414687,0.47636596079728366,0,0.0,HV-T
Crypto_ETH_USDT,DeepLOB_Spatial_CNN,4,0,2,2,0.267633318901062,0.3251388967037201,0.4072277247905731,1,-0.5243252733096453,LV-T
Crypto_ETH_USDT,DeepLOB_Spatial_CNN,4,1,1,2,0.26139718294143677,0.320417195558548,0.41818562150001526,1,-0.5293240000002092,LV-T
Crypto_ETH_USDT,DeepLOB_Spatial_CNN,4,2,1,2,0.26403748989105225,0.3151572346687317,0.4208052456378937,1,-0.5293240000002092,LV-M
Crypto_ETH_USDT,DeepLOB_Spatial_CNN,4,3,1,2,0.2669515311717987,0.31083741784095764,0.42221108078956604,1,-0.5343250012500934,LV-M
Crypto_ETH_USDT,DeepLOB_Spatial_CNN,4,4,0,2,0.2775919735431671,0.3069137632846832,0.4154943525791168,1,-0.5343250011181272,LV-M
Crypto_ETH_USDT,DeepLOB_Spatial_CNN,4,5,0,2,0.29095327854156494,0.31246519088745117,0.3965815603733063,1,-0.5293250010210593,LV-M
Crypto_ETH_USDT,DeepLOB_Spatial_CNN,4,6,0,2,0.2987537682056427,0.31974565982818604,0.3815005421638489,1,-0.5443240014430014,LV-M
Crypto_ETH_USDT,DeepLOB_Spatial_CNN,4,7,0,2,0.3067382276058197,0.32345935702323914,0.36980247497558594,1,-0.5393250016019221,LV-M
Crypto_ETH_USDT,DeepLOB_Spatial_CNN,4,8,0,2,0.3101460933685303,0.33295100927352905,0.3569028973579407,1,-0.5293250015027514,LV-M
Crypto_ETH_USDT,DeepLOB_Spatial_CNN,4,9,0,2,0.3180069625377655,0.336824893951416,0.3451681435108185,0,0.0,LV-M
Crypto_ETH_USDT,DeepLOB_Spatial_CNN,4,10,0,2,0.32739827036857605,0.33266592025756836,0.33993586897850037,0,0.0,LV-M
Crypto_ETH_USDT,DeepLOB_Spatial_CNN,4,11,1,1,0.3296487033367157,0.3354943096637726,0.33485695719718933,0,0.0,LV-M
Crypto_ETH_USDT,DeepLOB_Spatial_CNN,4,12,1,2,0.3185586631298065,0.33776336908340454,0.34367793798446655,0,0.0,LV-M
Crypto_ETH_USDT,DeepLOB_Spatial_CNN,4,13,1,2,0.3100642263889313,0.3409869074821472,0.3489488363265991,0,0.0,LV-M
Crypto_ETH_USDT,DeepLOB_Spatial_CNN,4,14,1,2,0.298793226480484,0.3344206213951111,0.36678609251976013,1,-0.5143210019365885,LV-M
Crypto_ETH_USDT,DeepLOB_Spatial_CNN,4,15,1,2,0.28946468234062195,0.32468318939208984,0.3858520984649658,1,-0.5193220020155479,LV-M
Crypto_ETH_USDT,DeepLOB_Spatial_CNN,4,16,1,2,0.28206968307495117,0.3205306828022003,0.3973996639251709,1,-0.4943190026168658,LV-M
Crypto_ETH_USDT,DeepLOB_Spatial_CNN,4,17,1,2,0.2722761631011963,0.3109622299671173,0.416761577129364,1,-0.5143200026510099,LV-M
Crypto_ETH_USDT,DeepLOB_Spatial_CNN,4,18,1,2,0.26147761940956116,0.3093695342540741,0.4291527569293976,1,-0.524322002873706,LV-M
Crypto_ETH_USDT,DeepLOB_Spatial_CNN,4,19,1,2,0.26006633043289185,0.3057548999786377,0.43417876958847046,1,-0.524321002841636,LV-M
Crypto_ETH_USDT,DeepLOB_Spatial_CNN,4,20,1,2,0.26135891675949097,0.3025255799293518,0.4361155331134796,1,-0.5543240032594596,LV-M
Crypto_ETH_USDT,DeepLOB_Spatial_CNN,4,21,0,2,0.2623131275177002,0.3038524389266968,0.433834433555603,1,-0.5543250032254812,LV-M
Crypto_ETH_USDT,DeepLOB_Spatial_CNN,4,22,0,2,0.2715391218662262,0.3062545955181122,0.422206312417984,1,-0.554324003197868,LV-M
Crypto_ETH_USDT,DeepLOB_Spatial_CNN,4,23,0,2,0.28838568925857544,0.3141258955001831,0.39748844504356384,1,-0.5343230031691697,LV-M
Crypto_ETH_USDT,DeepLOB_Spatial_CNN,4,24,0,2,0.3088439404964447,0.3111342787742615,0.3800218403339386,1,-0.5043210032530869,LV-M
Crypto_ETH_USDT,DeepLOB_Spatial_CNN,4,25,0,2,0.3097911775112152,0.3207578957080841,0.3694508969783783,1,-0.5043220032340925,LV-M
Crypto_ETH_USDT,DeepLOB_Spatial_CNN,4,26,1,2,0.30158084630966187,0.32777777314186096,0.3706413507461548,1,-0.4843230032140329,LV-M
Crypto_ETH_USDT,DeepLOB_Spatial_CNN,4,27,2,2,0.3145347833633423,0.3234187364578247,0.362046480178833,1,-0.4793210032869223,LV-M
Crypto_ETH_USDT,DeepLOB_Spatial_CNN,4,28,2,2,0.3110714852809906,0.3218974471092224,0.367031067609787,1,-0.4593210032285461,LV-M
Crypto_ETH_USDT,DeepLOB_Spatial_CNN,4,29,2,2,0.3108190894126892,0.31911683082580566,0.3700640797615051,1,-0.44931900328861674,LV-M
Crypto_ETH_USDT,DeepLOB_Spatial_CNN,4,30,2,2,0.3038704991340637,0.3255661129951477,0.3705633878707886,1,-0.43431700339152635,HV-M
Crypto_ETH_USDT,DeepLOB_Spatial_CNN,4,31,2,2,0.29134663939476013,0.33458828926086426,0.3740651309490204,1,-0.4443170033912899,HV-M
Crypto_ETH_USDT,DeepLOB_Spatial_CNN,4,32,2,2,0.2671701908111572,0.33757737278938293,0.3952524960041046,1,-0.43431700339152635,HV-T
Crypto_ETH_USDT,DeepLOB_Spatial_CNN,4,33,2,2,0.24860918521881104,0.33284083008766174,0.4185499846935272,1,-0.4543190034989152,HV-T
Crypto_ETH_USDT,DeepLOB_Spatial_CNN,4,34,2,2,0.23986469209194183,0.31955209374427795,0.4405832290649414,1,-0.45932300399021864,HV-T
Crypto_ETH_USDT,DeepLOB_Spatial_CNN,4,35,2,2,0.23736624419689178,0.30760011076927185,0.4550336003303528,1,-0.47932500410032797,HV-T
Crypto_ETH_USDT,DeepLOB_Spatial_CNN,4,36,2,2,0.2431536614894867,0.3005829453468323,0.4562634527683258,1,-0.499329004457149,HV-T
Crypto_ETH_USDT,DeepLOB_Spatial_CNN,4,37,2,2,0.2563702464103699,0.3005094826221466,0.4431202709674835,1,-0.5043280044698982,HV-T
Crypto_ETH_USDT,DeepLOB_Spatial_CNN,4,38,2,2,0.26537027955055237,0.30607861280441284,0.42855116724967957,1,-0.5193320048104181,HV-T
Crypto_ETH_USDT,DeepLOB_Spatial_CNN,4,39,2,2,0.2733561098575592,0.3174826502799988,0.40916118025779724,1,-0.5143320046954354,HV-M
Crypto_ETH_USDT,DeepLOB_Spatial_CNN,4,40,1,2,0.28306153416633606,0.3253486156463623,0.39158985018730164,1,-0.5243330047038424,HV-M
Crypto_ETH_USDT,DeepLOB_Spatial_CNN,4,41,1,2,0.304912805557251,0.33723145723342896,0.35785573720932007,1,-0.5143310047865681,HV-M
Crypto_ETH_USDT,DeepLOB_Spatial_CNN,4,42,1,1,0.3195570409297943,0.34649160504341125,0.3339513838291168,0,0.0,HV-M
Crypto_ETH_USDT,DeepLOB_Spatial_CNN,4,43,1,1,0.3338915705680847,0.3590101897716522,0.3070981800556183,0,0.0,HV-M
Crypto_ETH_USDT,DeepLOB_Spatial_CNN,4,44,1,1,0.3314138948917389,0.36365950107574463,0.3049266040325165,0,0.0,HV-M
Crypto_ETH_USDT,DeepLOB_Spatial_CNN,4,45,1,1,0.3424062728881836,0.36404064297676086,0.2935531437397003,0,0.0,HV-M
Crypto_ETH_USDT,DeepLOB_Spatial_CNN,4,46,0,1,0.33996152877807617,0.3625200390815735,0.2975184917449951,0,0.0,HV-M
Crypto_ETH_USDT,DeepLOB_Spatial_CNN,4,47,0,1,0.3452683687210083,0.3589746356010437,0.2957570254802704,0,0.0,HV-M
Crypto_ETH_USDT,DeepLOB_Spatial_CNN,4,48,0,1,0.3427267372608185,0.352225661277771,0.30504754185676575,0,0.0,HV-M
Crypto_ETH_USDT,DeepLOB_Spatial_CNN,4,49,0,1,0.3419046103954315,0.34305059909820557,0.3150447607040405,0,0.0,HV-T
Crypto_ETH_USDT,DeepLOB_Spatial_CNN,4,50,0,0,0.34748488664627075,0.3348480463027954,0.3176670968532562,0,0.0,HV-T
Crypto_ETH_USDT,DeepLOB_Spatial_CNN,4,51,0,0,0.34771350026130676,0.3296198546886444,0.32266658544540405,0,0.0,HV-T
Crypto_ETH_USDT,DeepLOB_Spatial_CNN,4,52,0,0,0.34559765458106995,0.33181890845298767,0.32258346676826477,0,0.0,HV-T
Crypto_ETH_USDT,DeepLOB_Spatial_CNN,4,53,0,0,0.33894118666648865,0.33862408995628357,0.32243475317955017,0,0.0,HV-T
Crypto_ETH_USDT,DeepLOB_Spatial_CNN,4,54,0,2,0.3316839933395386,0.3326035737991333,0.33571240305900574,0,0.0,HV-T
Crypto_ETH_USDT,DeepLOB_Spatial_CNN,4,55,0,2,0.3256527781486511,0.3322199583053589,0.3421272933483124,0,0.0,HV-T
Crypto_ETH_USDT,DeepLOB_Spatial_CNN,4,56,0,2,0.3246859312057495,0.3228648602962494,0.3524491488933563,1,-0.5393290047978533,HV-T
Crypto_ETH_USDT,DeepLOB_Spatial_CNN,4,57,0,2,0.3200294077396393,0.3261006772518158,0.3538699448108673,1,-0.5243270047979596,HV-T
Crypto_ETH_USDT,DeepLOB_Spatial_CNN,4,58,0,2,0.31114694476127625,0.3241216242313385,0.36473140120506287,1,-0.534329004866134,HV-T
Crypto_ETH_USDT,DeepLOB_Spatial_CNN,4,59,0,2,0.31028616428375244,0.3275090754032135,0.36220473051071167,1,-0.5293270048664575,HV-T
Crypto_ETH_USDT,DeepLOB_Spatial_CNN,4,60,0,2,0.3062950670719147,0.33253899216651917,0.3611658811569214,1,-0.5143250048661077,HV-T
Crypto_ETH_USDT,DeepLOB_Spatial_CNN,4,61,0,2,0.2984672486782074,0.3308023512363434,0.37073037028312683,1,-0.5243250048658712,HV-T
Crypto_ETH_USDT,DeepLOB_Spatial_CNN,4,62,1,2,0.28681743144989014,0.3321726322174072,0.38100993633270264,1,-0.5193240048990853,HV-T
Crypto_ETH_USDT,DeepLOB_Spatial_CNN,4,63,1,2,0.2759672701358795,0.3226141333580017,0.40141862630844116,1,-0.5093230048575667,HV-T
Crypto_ETH_USDT,DeepLOB_Spatial_CNN,4,64,1,2,0.26913073658943176,0.32618576288223267,0.40468350052833557,1,-0.5043210045924201,HV-T
Crypto_ETH_USDT,DeepLOB_Spatial_CNN,4,65,1,2,0.25652387738227844,0.32371237874031067,0.4197637736797333,1,-0.5043230045928937,HV-T
Crypto_ETH_USDT,DeepLOB_Spatial_CNN,4,66,1,2,0.2458576261997223,0.32200294733047485,0.43213945627212524,1,-0.5143240042079666,HV-T
Crypto_ETH_USDT,DeepLOB_Spatial_CNN,4,67,1,2,0.2370752990245819,0.31546545028686523,0.44745925068855286,1,-0.5143250042216103,LV-M
Crypto_ETH_USDT,DeepLOB_Spatial_CNN,4,68,2,2,0.24160343408584595,0.30684399604797363,0.45155248045921326,1,-0.494325003753447,LV-T
Crypto_ETH_USDT,DeepLOB_Spatial_CNN,4,69,2,2,0.24376700818538666,0.3058423101902008,0.45039069652557373,1,-0.49432400376754015,LV-T
Crypto_ETH_USDT,DeepLOB_Spatial_CNN,4,70,2,2,0.24779856204986572,0.3059505522251129,0.44625088572502136,1,-0.4943250037677761,LV-T
Crypto_ETH_USDT,DeepLOB_Spatial_CNN,4,71,2,2,0.25937166810035706,0.30994489789009094,0.4306833744049072,1,-0.48432300376800097,LV-T
Crypto_ETH_USDT,DeepLOB_Spatial_CNN,4,72,2,2,0.2649025022983551,0.3066261410713196,0.42847132682800293,1,-0.5193240036642093,LV-T
Crypto_ETH_USDT,DeepLOB_Spatial_CNN,4,73,2,2,0.27331116795539856,0.30846837162971497,0.4182204008102417,1,-0.5143240035767987,HV-T
Crypto_ETH_USDT,DeepLOB_Spatial_CNN,4,74,2,2,0.28272518515586853,0.31129565834999084,0.405979186296463,1,-0.5143230032486443,HV-T
Crypto_ETH_USDT,DeepLOB_Spatial_CNN,4,75,1,2,0.28928348422050476,0.31374233961105347,0.3969741761684418,1,-0.5343250033273018,HV-T
Crypto_ETH_USDT,DeepLOB_Spatial_CNN,4,76,1,2,0.2915100157260895,0.31136554479599,0.39712443947792053,1,-0.5443250033270653,HV-T
Crypto_ETH_USDT,DeepLOB_Spatial_CNN,4,77,0,2,0.29726630449295044,0.3047204315662384,0.39801326394081116,1,-0.5543270034575354,HV-T
Crypto_ETH_USDT,DeepLOB_Spatial_CNN,4,78,0,2,0.3003462553024292,0.3042300045490265,0.3954237103462219,1,-0.55932900355655,HV-T
Crypto_ETH_USDT,DeepLOB_Spatial_CNN,4,79,0,2,0.30393022298812866,0.3037683367729187,0.392301470041275,1,-0.5443290035191141,HV-T
Crypto_ETH_USDT,DeepLOB_Spatial_CNN,4,80,0,2,0.3116617202758789,0.3072715401649475,0.3810667395591736,1,-0.5443290034071022,HV-T
Crypto_ETH_USDT,DeepLOB_Spatial_CNN,4,81,0,2,0.317025363445282,0.3156670928001404,0.36730754375457764,1,-0.5543290034073205,HV-T
Crypto_ETH_USDT,DeepLOB_Spatial_CNN,4,82,0,2,0.32602789998054504,0.3239510655403137,0.35002103447914124,1,-0.5443240040829674,HV-T
Crypto_ETH_USDT,DeepLOB_Spatial_CNN,4,83,0,2,0.32323071360588074,0.33273109793663025,0.344038188457489,0,0.0,HV-T
Crypto_ETH_USDT,DeepLOB_Spatial_CNN,4,84,0,1,0.32606804370880127,0.34431302547454834,0.329618901014328,0,0.0,HV-T
Crypto_ETH_USDT,DeepLOB_Spatial_CNN,4,85,0,1,0.31975916028022766,0.3606240749359131,0.31961673498153687,0,0.0,HV-T
Crypto_ETH_USDT,DeepLOB_Spatial_CNN,4,86,0,1,0.31319063901901245,0.37095704674720764,0.3158523738384247,0,0.0,HV-M
Crypto_ETH_USDT,DeepLOB_Spatial_CNN,4,87,0,1,0.2983497083187103,0.36797699332237244,0.3336733281612396,0,0.0,HV-M
Crypto_ETH_USDT,DeepLOB_Spatial_CNN,4,88,1,1,0.27307525277137756,0.36933574080467224,0.3575890064239502,0,0.0,HV-M
Crypto_ETH_USDT,DeepLOB_Spatial_CNN,4,89,1,2,0.25410905480384827,0.34952834248542786,0.39636266231536865,1,-0.5343230042413608,HV-M
Crypto_ETH_USDT,DeepLOB_Spatial_CNN,4,90,0,2,0.24392807483673096,0.3301527500152588,0.42591920495033264,1,-0.5443230041491064,HV-M
Crypto_ETH_USDT,DeepLOB_Spatial_CNN,4,91,0,2,0.2373434603214264,0.32001012563705444,0.44264641404151917,1,-0.5293210042412364,HV-M
Crypto_ETH_USDT,DeepLOB_Spatial_CNN,4,92,0,2,0.23634952306747437,0.30827248096466064,0.4553780257701874,1,-0.5193190043095102,HV-M
Crypto_ETH_USDT,DeepLOB_Spatial_CNN,4,93,0,2,0.23184511065483093,0.31094440817832947,0.4572105407714844,1,-0.5343190042918431,HV-T
Crypto_ETH_USDT,DeepLOB_Spatial_CNN,4,94,0,2,0.22798143327236176,0.323513925075531,0.44850462675094604,1,-0.5343180042215709,HV-T
Crypto_ETH_USDT,DeepLOB_Spatial_CNN,4,95,0,2,0.22967393696308136,0.32013559341430664,0.4501904845237732,1,-0.5343200042220436,HV-T
Crypto_ETH_USDT,DeepLOB_Spatial_CNN,4,96,1,2,0.23467350006103516,0.3208928108215332,0.4444335997104645,1,-0.5093190042080824,HV-M
Crypto_ETH_USDT,DeepLOB_Spatial_CNN,4,97,1,2,0.23911221325397491,0.31751206517219543,0.44337570667266846,1,-0.5143200042084278,HV-M
Crypto_ETH_USDT,DeepLOB_Spatial_CNN,4,98,1,2,0.24717994034290314,0.3184669017791748,0.4343531131744385,1,-0.4943170044009557,LV-M
Crypto_ETH_USDT,DeepLOB_Spatial_CNN,4,99,1,2,0.2448071390390396,0.318558007478714,0.4366348087787628,1,-0.49431900450503286,LV-M
Crypto_ETH_USDT,DeepLOB_Spatial_CNN,4,100,2,2,0.2491423487663269,0.32274171710014343,0.42811593413352966,1,-0.48431700454528037,LV-M
Crypto_ETH_USDT,DeepLOB_Spatial_CNN,4,101,2,2,0.24390247464179993,0.3259741961956024,0.43012335896492004,1,-0.49431800450479946,LV-M
Crypto_ETH_USDT,DeepLOB_Spatial_CNN,4,102,2,2,0.23982040584087372,0.32556554675102234,0.434613972902298,1,-0.4793180044721169,HV-M
Crypto_ETH_USDT,DeepLOB_Spatial_CNN,4,103,2,2,0.2398795634508133,0.3355749845504761,0.42454540729522705,1,-0.4543150046494342,HV-M
Crypto_ETH_USDT,DeepLOB_Spatial_CNN,4,104,2,2,0.23880504071712494,0.3386693000793457,0.42252570390701294,1,-0.4443150046396165,HV-T
Crypto_ETH_USDT,DeepLOB_Spatial_CNN,4,105,2,2,0.23732024431228638,0.33198311924934387,0.43069663643836975,1,-0.4593170046390559,HV-T
Crypto_ETH_USDT,DeepLOB_Spatial_CNN,4,106,2,2,0.23437762260437012,0.3264627754688263,0.4391596019268036,1,-0.48432000487277727,HV-T
Crypto_ETH_USDT,DeepLOB_Spatial_CNN,4,107,2,2,0.2383272349834442,0.3182818293571472,0.44339093565940857,1,-0.4843210047975297,HV-T
Crypto_ETH_USDT,DeepLOB_Spatial_CNN,4,108,2,2,0.2416980266571045,0.3128397762775421,0.4454622268676758,1,-0.4743210046856522,HV-T
Crypto_ETH_USDT,DeepLOB_Spatial_CNN,4,109,2,2,0.25232917070388794,0.3096974492073059,0.43797335028648376,1,-0.4843230047980057,HV-T
Crypto_ETH_USDT,DeepLOB_Spatial_CNN,4,110,2,2,0.25606805086135864,0.31530430912971497,0.4286275804042816,1,-0.4843230047980057,HV-T
Crypto_ETH_USDT,DeepLOB_Spatial_CNN,4,111,2,2,0.27145928144454956,0.3164558410644531,0.41208481788635254,1,-0.4843230047980057,HV-T
Crypto_ETH_USDT,DeepLOB_Spatial_CNN,4,112,2,2,0.27587491273880005,0.3232300579547882,0.4008950889110565,1,-0.4943260044495429,HV-T
Crypto_ETH_USDT,DeepLOB_Spatial_CNN,4,113,2,2,0.28020066022872925,0.32670050859451294,0.3930988311767578,1,-0.48932700445012445,HV-T
Crypto_ETH_USDT,DeepLOB_Spatial_CNN,4,114,2,2,0.28414034843444824,0.3327042758464813,0.38315534591674805,1,-0.5143290044238693,HV-T
Crypto_ETH_USDT,DeepLOB_Spatial_CNN,4,115,2,2,0.2994174063205719,0.3349222242832184,0.36566033959388733,1,-0.5143280043396468,HV-T
Crypto_ETH_USDT,DeepLOB_Spatial_CNN,4,116,2,2,0.3168888986110687,0.33846354484558105,0.3446475565433502,0,0.0,HV-T
Crypto_ETH_USDT,DeepLOB_Spatial_CNN,4,117,1,1,0.32422125339508057,0.3447650372982025,0.33101364970207214,0,0.0,HV-T
Crypto_ETH_USDT,DeepLOB_Spatial_CNN,4,118,1,1,0.32382485270500183,0.3503011465072632,0.325874000787735,0,0.0,HV-T
Crypto_ETH_USDT,DeepLOB_Spatial_CNN,4,119,1,1,0.3249933421611786,0.354413241147995,0.32059338688850403,0,0.0,HV-T
Crypto_ETH_USDT,DeepLOB_Spatial_CNN,4,120,1,1,0.3319227397441864,0.34988874197006226,0.31818845868110657,0,0.0,HV-T
Crypto_ETH_USDT,DeepLOB_Spatial_CNN,4,121,1,1,0.3356967568397522,0.3461134433746338,0.3181898295879364,0,0.0,HV-T
Crypto_ETH_USDT,DeepLOB_Spatial_CNN,4,122,1,1,0.33004769682884216,0.34427428245544434,0.3256780207157135,0,0.0,HV-T
Crypto_ETH_USDT,DeepLOB_Spatial_CNN,4,123,1,1,0.33378398418426514,0.3417520821094513,0.32446402311325073,0,0.0,HV-T
Crypto_ETH_USDT,DeepLOB_Spatial_CNN,4,124,1,0,0.3422662913799286,0.33806312084198,0.3196706175804138,0,0.0,HV-M
Crypto_ETH_USDT,DeepLOB_Spatial_CNN,4,125,1,0,0.3471246063709259,0.3342454433441162,0.3186298906803131,0,0.0,HV-M
Crypto_ETH_USDT,DeepLOB_Spatial_CNN,4,126,1,0,0.3494575619697571,0.33832070231437683,0.3122217059135437,0,0.0,HV-M
Crypto_ETH_USDT,DeepLOB_Spatial_CNN,4,127,1,1,0.34157291054725647,0.34694427251815796,0.31148284673690796,0,0.0,LV-M
Crypto_ETH_USDT,DeepLOB_Spatial_CNN,4,128,1,1,0.33538585901260376,0.34430623054504395,0.3203079104423523,0,0.0,LV-M
Crypto_ETH_USDT,DeepLOB_Spatial_CNN,4,129,1,1,0.3290150761604309,0.34130483865737915,0.32968002557754517,0,0.0,LV-T
Crypto_ETH_USDT,DeepLOB_Spatial_CNN,4,130,1,2,0.32598769664764404,0.33684778213500977,0.33716461062431335,0,0.0,HV-T
Crypto_ETH_USDT,DeepLOB_Spatial_CNN,4,131,1,2,0.3235023319721222,0.3310788571834564,0.3454188108444214,0,0.0,HV-T
Crypto_ETH_USDT,DeepLOB_Spatial_CNN,4,132,1,2,0.32596540451049805,0.3288891315460205,0.34514543414115906,0,0.0,HV-T
Crypto_ETH_USDT,DeepLOB_Spatial_CNN,4,133,1,2,0.326837956905365,0.33498379588127136,0.33817824721336365,0,0.0,HV-T
Crypto_ETH_USDT,DeepLOB_Spatial_CNN,4,134,1,1,0.3250775933265686,0.34013548493385315,0.33478686213493347,0,0.0,HV-T
Crypto_ETH_USDT,DeepLOB_Spatial_CNN,4,135,1,1,0.3183977007865906,0.3451792001724243,0.33642303943634033,0,0.0,LV-T
Crypto_ETH_USDT,DeepLOB_Spatial_CNN,4,136,1,1,0.3077061176300049,0.34753507375717163,0.3447587788105011,0,0.0,LV-T
Crypto_ETH_USDT,DeepLOB_Spatial_CNN,4,137,1,2,0.3032628893852234,0.34288859367370605,0.35384848713874817,1,-0.5243310038472766,LV-T
Crypto_ETH_USDT,DeepLOB_Spatial_CNN,4,138,1,2,0.3042374849319458,0.33677706122398376,0.35898539423942566,1,-0.529329003990145,LV-T
Crypto_ETH_USDT,DeepLOB_Spatial_CNN,4,139,1,2,0.30250993371009827,0.3288510739803314,0.3686389923095703,1,-0.524331003990276,LV-M
Crypto_ETH_USDT,DeepLOB_Spatial_CNN,4,140,1,2,0.30476459860801697,0.3249923586845398,0.370243102312088,1,-0.5193290041207801,LV-M
Crypto_ETH_USDT,DeepLOB_Spatial_CNN,4,141,1,2,0.3020950257778168,0.3194279968738556,0.37847700715065,1,-0.5343310042005472,LV-M
Crypto_ETH_USDT,DeepLOB_Spatial_CNN,4,142,0,2,0.3022294044494629,0.3155776560306549,0.3821928799152374,1,-0.5443310039983461,LV-M
Crypto_ETH_USDT,DeepLOB_Spatial_CNN,4,143,0,2,0.29685860872268677,0.31652092933654785,0.3866204619407654,1,-0.5443310039794341,LV-M
Crypto_ETH_USDT,DeepLOB_Spatial_CNN,4,144,0,2,0.3030126690864563,0.32161927223205566,0.3753681182861328,1,-0.5543310038804802,LV-M
Crypto_ETH_USDT,DeepLOB_Spatial_CNN,4,145,0,2,0.30948081612586975,0.32025575637817383,0.3702634274959564,1,-0.5643310038481635,LV-M
Crypto_ETH_USDT,DeepLOB_Spatial_CNN,4,146,0,2,0.3161222040653229,0.3272271156311035,0.356650710105896,0,0.0,LV-T
Crypto_ETH_USDT,DeepLOB_Spatial_CNN,4,147,0,2,0.32097128033638,0.32929912209510803,0.3497295677661896,0,0.0,LV-T
Crypto_ETH_USDT,DeepLOB_Spatial_CNN,4,148,0,2,0.32458698749542236,0.33076420426368713,0.3446488082408905,0,0.0,LV-T
Crypto_ETH_USDT,DeepLOB_Spatial_CNN,4,149,0,2,0.31139153242111206,0.33580484986305237,0.35280364751815796,0,0.0,LV-T
Crypto_ETH_USDT,DeepLOB_Spatial_CNN,4,150,0,2,0.306354284286499,0.3386475145816803,0.3549982011318207,0,0.0,LV-T
Crypto_ETH_USDT,DeepLOB_Spatial_CNN,4,151,0,2,0.3003706634044647,0.33675646781921387,0.36287280917167664,0,0.0,HV-T
Crypto_ETH_USDT,DeepLOB_Spatial_CNN,4,152,0,2,0.29761865735054016,0.33968299627304077,0.36269834637641907,0,0.0,HV-T
Crypto_ETH_USDT,DeepLOB_Spatial_CNN,4,153,0,2,0.2867574393749237,0.3368039131164551,0.3764386475086212,0,0.0,HV-T
Crypto_ETH_USDT,DeepLOB_Spatial_CNN,4,154,0,2,0.27171510457992554,0.3483692705631256,0.3799155652523041,0,0.0,HV-T
Crypto_ETH_USDT,DeepLOB_Spatial_CNN,4,155,0,2,0.2591398358345032,0.3482075035572052,0.3926526606082916,0,0.0,HV-T
Crypto_ETH_USDT,DeepLOB_CNN_LSTM,4,0,2,2,0.0391683466732502,0.2828953266143799,0.677936315536499,1,-0.5243252733096453,LV-T
Crypto_ETH_USDT,DeepLOB_CNN_LSTM,4,1,1,2,0.040113236755132675,0.3089088797569275,0.6509779095649719,1,-0.5293240000002092,LV-T
Crypto_ETH_USDT,DeepLOB_CNN_LSTM,4,2,1,2,0.04423584043979645,0.292546808719635,0.6632173657417297,1,-0.5293240000002092,LV-M
Crypto_ETH_USDT,DeepLOB_CNN_LSTM,4,3,1,2,0.044853560626506805,0.29855307936668396,0.656593382358551,1,-0.5343250012500934,LV-M
Crypto_ETH_USDT,DeepLOB_CNN_LSTM,4,4,0,2,0.05109278857707977,0.3333101272583008,0.6155970692634583,1,-0.5343250011181272,LV-M
Crypto_ETH_USDT,DeepLOB_CNN_LSTM,4,5,0,2,0.06175064668059349,0.3742141127586365,0.5640352368354797,1,-0.5293250010210593,LV-M
Crypto_ETH_USDT,DeepLOB_CNN_LSTM,4,6,0,2,0.062427397817373276,0.389992892742157,0.5475797057151794,1,-0.5443240014430014,LV-M
Crypto_ETH_USDT,DeepLOB_CNN_LSTM,4,7,0,2,0.057759903371334076,0.40935784578323364,0.5328822135925293,1,-0.5393250016019221,LV-M
Crypto_ETH_USDT,DeepLOB_CNN_LSTM,4,8,0,2,0.056876420974731445,0.3981800079345703,0.5449435710906982,1,-0.5293250015027514,LV-M
Crypto_ETH_USDT,DeepLOB_CNN_LSTM,4,9,0,2,0.04570662975311279,0.44140926003456116,0.5128841400146484,1,-0.5243230021893078,LV-M
Crypto_ETH_USDT,DeepLOB_CNN_LSTM,4,10,0,2,0.03142456337809563,0.4015486538410187,0.5670267343521118,1,-0.5093230020784715,LV-M
Crypto_ETH_USDT,DeepLOB_CNN_LSTM,4,11,1,2,0.031214026734232903,0.4032667279243469,0.5655192732810974,1,-0.504322002086771,LV-M
Crypto_ETH_USDT,DeepLOB_CNN_LSTM,4,12,1,2,0.030609387904405594,0.37985801696777344,0.5895324945449829,1,-0.5093220020013648,LV-M
Crypto_ETH_USDT,DeepLOB_CNN_LSTM,4,13,1,2,0.03840857744216919,0.3749582767486572,0.5866331458091736,1,-0.5043210020043375,LV-M
Crypto_ETH_USDT,DeepLOB_CNN_LSTM,4,14,1,2,0.0397622250020504,0.3454236686229706,0.6148141026496887,1,-0.5143210019365885,LV-M
Crypto_ETH_USDT,DeepLOB_CNN_LSTM,4,15,1,2,0.04053312540054321,0.3253742754459381,0.6340925097465515,1,-0.5193220020155479,LV-M
Crypto_ETH_USDT,DeepLOB_CNN_LSTM,4,16,1,2,0.03611278161406517,0.30765271186828613,0.6562345623970032,1,-0.4943190026168658,LV-M
Crypto_ETH_USDT,DeepLOB_CNN_LSTM,4,17,1,2,0.033954862505197525,0.2870835065841675,0.6789616346359253,1,-0.5143200026510099,LV-M
Crypto_ETH_USDT,DeepLOB_CNN_LSTM,4,18,1,2,0.030335890129208565,0.28949326276779175,0.6801708340644836,1,-0.524322002873706,LV-M
Crypto_ETH_USDT,DeepLOB_CNN_LSTM,4,19,1,2,0.034627515822649,0.2713364064693451,0.6940360069274902,1,-0.524321002841636,LV-M
Crypto_ETH_USDT,DeepLOB_CNN_LSTM,4,20,1,2,0.041533712297677994,0.2872396409511566,0.6712266206741333,1,-0.5543240032594596,LV-M
Crypto_ETH_USDT,DeepLOB_CNN_LSTM,4,21,0,2,0.0386335551738739,0.2810646891593933,0.6803017854690552,1,-0.5543250032254812,LV-M
Crypto_ETH_USDT,DeepLOB_CNN_LSTM,4,22,0,2,0.036482904106378555,0.3889581859111786,0.5745589137077332,1,-0.554324003197868,LV-M
Crypto_ETH_USDT,DeepLOB_CNN_LSTM,4,23,0,2,0.038135871291160583,0.4481799304485321,0.5136842131614685,1,-0.5343230031691697,LV-M
Crypto_ETH_USDT,DeepLOB_CNN_LSTM,4,24,0,2,0.04234299808740616,0.4543963074684143,0.503260612487793,1,-0.5043210032530869,LV-M
Crypto_ETH_USDT,DeepLOB_CNN_LSTM,4,25,0,2,0.04088156670331955,0.4257197082042694,0.5333988070487976,1,-0.5043220032340925,LV-M
Crypto_ETH_USDT,DeepLOB_CNN_LSTM,4,26,1,2,0.034317340701818466,0.39357393980026245,0.5721086859703064,1,-0.4843230032140329,LV-M
Crypto_ETH_USDT,DeepLOB_CNN_LSTM,4,27,2,2,0.03283250331878662,0.3576456606388092,0.609521746635437,1,-0.4793210032869223,LV-M
Crypto_ETH_USDT,DeepLOB_CNN_LSTM,4,28,2,2,0.03428220748901367,0.33011966943740845,0.6355981826782227,1,-0.4593210032285461,LV-M
Crypto_ETH_USDT,DeepLOB_CNN_LSTM,4,29,2,2,0.030388252809643745,0.32902416586875916,0.6405876278877258,1,-0.44931900328861674,LV-M
Crypto_ETH_USDT,DeepLOB_CNN_LSTM,4,30,2,2,0.02965204417705536,0.3169204890727997,0.6534274816513062,1,-0.43431700339152635,HV-M
Crypto_ETH_USDT,DeepLOB_CNN_LSTM,4,31,2,2,0.02963433228433132,0.2905145585536957,0.6798511147499084,1,-0.4443170033912899,HV-M
Crypto_ETH_USDT,DeepLOB_CNN_LSTM,4,32,2,2,0.029397180303931236,0.2175399363040924,0.7530628442764282,1,-0.43431700339152635,HV-T
Crypto_ETH_USDT,DeepLOB_CNN_LSTM,4,33,2,2,0.03317771479487419,0.18138092756271362,0.7854413390159607,1,-0.4543190034989152,HV-T
Crypto_ETH_USDT,DeepLOB_CNN_LSTM,4,34,2,2,0.03450237587094307,0.18125171959400177,0.7842459082603455,1,-0.45932300399021864,HV-T
Crypto_ETH_USDT,DeepLOB_CNN_LSTM,4,35,2,2,0.03690219298005104,0.18675349652767181,0.7763442993164062,1,-0.47932500410032797,HV-T
Crypto_ETH_USDT,DeepLOB_CNN_LSTM,4,36,2,2,0.032361049205064774,0.21640616655349731,0.7512328028678894,1,-0.499329004457149,HV-T
Crypto_ETH_USDT,DeepLOB_CNN_LSTM,4,37,2,2,0.03925645723938942,0.2743335962295532,0.6864099502563477,1,-0.5043280044698982,HV-T
Crypto_ETH_USDT,DeepLOB_CNN_LSTM,4,38,2,2,0.04333096742630005,0.36632731556892395,0.5903418064117432,1,-0.5193320048104181,HV-T
Crypto_ETH_USDT,DeepLOB_CNN_LSTM,4,39,2,2,0.04319368302822113,0.44869574904441833,0.508110523223877,1,-0.5143320046954354,HV-M
Crypto_ETH_USDT,DeepLOB_CNN_LSTM,4,40,1,1,0.042725905776023865,0.5465436577796936,0.4107305109500885,0,0.0,HV-M
Crypto_ETH_USDT,DeepLOB_CNN_LSTM,4,41,1,1,0.03923800587654114,0.6566440463066101,0.30411800742149353,0,0.0,HV-M
Crypto_ETH_USDT,DeepLOB_CNN_LSTM,4,42,1,1,0.03923317790031433,0.7002676725387573,0.26049911975860596,0,0.0,HV-M
Crypto_ETH_USDT,DeepLOB_CNN_LSTM,4,43,1,1,0.036000873893499374,0.7338989973068237,0.2301000952720642,0,0.0,HV-M
Crypto_ETH_USDT,DeepLOB_CNN_LSTM,4,44,1,1,0.03478217497467995,0.7442461252212524,0.2209717184305191,0,0.0,HV-M
Crypto_ETH_USDT,DeepLOB_CNN_LSTM,4,45,1,1,0.03651133552193642,0.7551966905593872,0.2082919478416443,0,0.0,HV-M
Crypto_ETH_USDT,DeepLOB_CNN_LSTM,4,46,0,1,0.0378175787627697,0.7683309316635132,0.19385148584842682,0,0.0,HV-M
Crypto_ETH_USDT,DeepLOB_CNN_LSTM,4,47,0,1,0.039468951523303986,0.7644571661949158,0.19607390463352203,0,0.0,HV-M
Crypto_ETH_USDT,DeepLOB_CNN_LSTM,4,48,0,1,0.03757210075855255,0.7492662668228149,0.21316175162792206,0,0.0,HV-M
Crypto_ETH_USDT,DeepLOB_CNN_LSTM,4,49,0,1,0.025807952508330345,0.7301378846168518,0.24405419826507568,0,0.0,HV-T
Crypto_ETH_USDT,DeepLOB_CNN_LSTM,4,50,0,1,0.026292700320482254,0.7253035306930542,0.24840381741523743,0,0.0,HV-T
Crypto_ETH_USDT,DeepLOB_CNN_LSTM,4,51,0,1,0.02811865694820881,0.7440885901451111,0.22779279947280884,0,0.0,HV-T
Crypto_ETH_USDT,DeepLOB_CNN_LSTM,4,52,0,1,0.03157525882124901,0.7392827272415161,0.2291419953107834,0,0.0,HV-T
Crypto_ETH_USDT,DeepLOB_CNN_LSTM,4,53,0,1,0.033651988953351974,0.7247047424316406,0.24164330959320068,0,0.0,HV-T
Crypto_ETH_USDT,DeepLOB_CNN_LSTM,4,54,0,1,0.03233351558446884,0.7055103182792664,0.26215609908103943,0,0.0,HV-T
Crypto_ETH_USDT,DeepLOB_CNN_LSTM,4,55,0,1,0.03306940943002701,0.6827652454376221,0.2841654121875763,0,0.0,HV-T
Crypto_ETH_USDT,DeepLOB_CNN_LSTM,4,56,0,1,0.038050319999456406,0.6587001085281372,0.3032495677471161,0,0.0,HV-T
Crypto_ETH_USDT,DeepLOB_CNN_LSTM,4,57,0,1,0.03279925882816315,0.6213739514350891,0.34582680463790894,0,0.0,HV-T
Crypto_ETH_USDT,DeepLOB_CNN_LSTM,4,58,0,1,0.02900293655693531,0.5791453123092651,0.3918518126010895,0,0.0,HV-T
Crypto_ETH_USDT,DeepLOB_CNN_LSTM,4,59,0,1,0.028233543038368225,0.5515632033348083,0.420203298330307,0,0.0,HV-T
Crypto_ETH_USDT,DeepLOB_CNN_LSTM,4,60,0,1,0.029127636924386024,0.5181389451026917,0.45273348689079285,0,0.0,HV-T
Crypto_ETH_USDT,DeepLOB_CNN_LSTM,4,61,0,1,0.02697664499282837,0.4941602945327759,0.4788631200790405,0,0.0,HV-T
Crypto_ETH_USDT,DeepLOB_CNN_LSTM,4,62,1,2,0.028591806069016457,0.47702574729919434,0.49438244104385376,1,-0.5193240048990853,HV-T
Crypto_ETH_USDT,DeepLOB_CNN_LSTM,4,63,1,2,0.02767549455165863,0.4679742455482483,0.5043502449989319,1,-0.5093230048575667,HV-T
Crypto_ETH_USDT,DeepLOB_CNN_LSTM,4,64,1,2,0.026412339881062508,0.4397861957550049,0.5338014960289001,1,-0.5043210045924201,HV-T
Crypto_ETH_USDT,DeepLOB_CNN_LSTM,4,65,1,2,0.02419818565249443,0.4091906249523163,0.5666111707687378,1,-0.5043230045928937,HV-T
Crypto_ETH_USDT,DeepLOB_CNN_LSTM,4,66,1,2,0.023287994787096977,0.38846302032470703,0.5882489681243896,1,-0.5143240042079666,HV-T
Crypto_ETH_USDT,DeepLOB_CNN_LSTM,4,67,1,2,0.024668842554092407,0.3810848891735077,0.5942462086677551,1,-0.5143250042216103,LV-M
Crypto_ETH_USDT,DeepLOB_CNN_LSTM,4,68,2,2,0.028232160955667496,0.32676053047180176,0.645007312297821,1,-0.494325003753447,LV-T
Crypto_ETH_USDT,DeepLOB_CNN_LSTM,4,69,2,2,0.03118501976132393,0.28654807806015015,0.682266891002655,1,-0.49432400376754015,LV-T
Crypto_ETH_USDT,DeepLOB_CNN_LSTM,4,70,2,2,0.03347045183181763,0.26749932765960693,0.6990302205085754,1,-0.4943250037677761,LV-T
Crypto_ETH_USDT,DeepLOB_CNN_LSTM,4,71,2,2,0.03757752105593681,0.24771927297115326,0.7147032022476196,1,-0.48432300376800097,LV-T
Crypto_ETH_USDT,DeepLOB_CNN_LSTM,4,72,2,2,0.040791936218738556,0.22303694486618042,0.7361711263656616,1,-0.5193240036642093,LV-T
Crypto_ETH_USDT,DeepLOB_CNN_LSTM,4,73,2,2,0.04997866228222847,0.26246291399002075,0.6875584125518799,1,-0.5143240035767987,HV-T
Crypto_ETH_USDT,DeepLOB_CNN_LSTM,4,74,2,2,0.07279358804225922,0.3069600462913513,0.6202462911605835,1,-0.5143230032486443,HV-T
Crypto_ETH_USDT,DeepLOB_CNN_LSTM,4,75,1,2,0.06078929826617241,0.3473644256591797,0.591846227645874,1,-0.5343250033273018,HV-T
Crypto_ETH_USDT,DeepLOB_CNN_LSTM,4,76,1,2,0.05105537548661232,0.3133319616317749,0.6356126070022583,1,-0.5443250033270653,HV-T
Crypto_ETH_USDT,DeepLOB_CNN_LSTM,4,77,0,2,0.04516816884279251,0.28949472308158875,0.665337085723877,1,-0.5543270034575354,HV-T
Crypto_ETH_USDT,DeepLOB_CNN_LSTM,4,78,0,2,0.05321763455867767,0.2719554007053375,0.674826979637146,1,-0.55932900355655,HV-T
Crypto_ETH_USDT,DeepLOB_CNN_LSTM,4,79,0,2,0.07165529578924179,0.27345535159111023,0.6548894047737122,1,-0.5443290035191141,HV-T
Crypto_ETH_USDT,DeepLOB_CNN_LSTM,4,80,0,2,0.09452114999294281,0.28481999039649963,0.6206588745117188,1,-0.5443290034071022,HV-T
Crypto_ETH_USDT,DeepLOB_CNN_LSTM,4,81,0,2,0.11382389068603516,0.29913952946662903,0.5870366096496582,1,-0.5543290034073205,HV-T
Crypto_ETH_USDT,DeepLOB_CNN_LSTM,4,82,0,2,0.11458025127649307,0.3453589975833893,0.5400607585906982,1,-0.5443240040829674,HV-T
Crypto_ETH_USDT,DeepLOB_CNN_LSTM,4,83,0,2,0.0871773287653923,0.3765445351600647,0.5362781882286072,1,-0.5443250041042607,HV-T
Crypto_ETH_USDT,DeepLOB_CNN_LSTM,4,84,0,2,0.06724874675273895,0.38276952505111694,0.5499817132949829,1,-0.5393230041489836,HV-T
Crypto_ETH_USDT,DeepLOB_CNN_LSTM,4,85,0,2,0.05429580807685852,0.3966926038265228,0.5490115880966187,1,-0.5193210041485335,HV-T
Crypto_ETH_USDT,DeepLOB_CNN_LSTM,4,86,0,2,0.04356060177087784,0.403801292181015,0.5526381134986877,1,-0.5143190042209628,HV-M
Crypto_ETH_USDT,DeepLOB_CNN_LSTM,4,87,0,2,0.036435842514038086,0.37604469060897827,0.5875194668769836,1,-0.5093190041487565,HV-M
Crypto_ETH_USDT,DeepLOB_CNN_LSTM,4,88,1,2,0.02993006259202957,0.3464547395706177,0.6236151456832886,1,-0.5343200040553894,HV-M
Crypto_ETH_USDT,DeepLOB_CNN_LSTM,4,89,1,2,0.025341788306832314,0.33859971165657043,0.636058509349823,1,-0.5343230042413608,HV-M
Crypto_ETH_USDT,DeepLOB_CNN_LSTM,4,90,0,2,0.024547185748815536,0.31987908482551575,0.6555736660957336,1,-0.5443230041491064,HV-M
Crypto_ETH_USDT,DeepLOB_CNN_LSTM,4,91,0,2,0.027232468128204346,0.31380677223205566,0.65896075963974,1,-0.5293210042412364,HV-M
Crypto_ETH_USDT,DeepLOB_CNN_LSTM,4,92,0,2,0.027868883684277534,0.28819724917411804,0.6839339137077332,1,-0.5193190043095102,HV-M
Crypto_ETH_USDT,DeepLOB_CNN_LSTM,4,93,0,2,0.023979509249329567,0.23982436954975128,0.7361961007118225,1,-0.5343190042918431,HV-T
Crypto_ETH_USDT,DeepLOB_CNN_LSTM,4,94,0,2,0.02383098565042019,0.2336682230234146,0.7425008416175842,1,-0.5343180042215709,HV-T
Crypto_ETH_USDT,DeepLOB_CNN_LSTM,4,95,0,2,0.025710556656122208,0.23602412641048431,0.738265335559845,1,-0.5343200042220436,HV-T
Crypto_ETH_USDT,DeepLOB_CNN_LSTM,4,96,1,2,0.02766125649213791,0.23180074989795685,0.7405380010604858,1,-0.5093190042080824,HV-M
Crypto_ETH_USDT,DeepLOB_CNN_LSTM,4,97,1,2,0.031328409910202026,0.23760662972927094,0.7310649752616882,1,-0.5143200042084278,HV-M
Crypto_ETH_USDT,DeepLOB_CNN_LSTM,4,98,1,2,0.03425021469593048,0.2409411519765854,0.7248086929321289,1,-0.4943170044009557,LV-M
Crypto_ETH_USDT,DeepLOB_CNN_LSTM,4,99,1,2,0.029218003153800964,0.22615328431129456,0.7446287870407104,1,-0.49431900450503286,LV-M
Crypto_ETH_USDT,DeepLOB_CNN_LSTM,4,100,2,2,0.02800104208290577,0.23193307220935822,0.74006587266922,1,-0.48431700454528037,LV-M
Crypto_ETH_USDT,DeepLOB_CNN_LSTM,4,101,2,2,0.02773393504321575,0.2513757646083832,0.7208902835845947,1,-0.49431800450479946,LV-M
Crypto_ETH_USDT,DeepLOB_CNN_LSTM,4,102,2,2,0.03073400817811489,0.27865132689476013,0.690614640712738,1,-0.4793180044721169,HV-M
Crypto_ETH_USDT,DeepLOB_CNN_LSTM,4,103,2,2,0.03115183673799038,0.3078157305717468,0.6610324382781982,1,-0.4543150046494342,HV-M
Crypto_ETH_USDT,DeepLOB_CNN_LSTM,4,104,2,2,0.029593320563435555,0.3145992159843445,0.6558074355125427,1,-0.4443150046396165,HV-T
Crypto_ETH_USDT,DeepLOB_CNN_LSTM,4,105,2,2,0.026567699387669563,0.3042365312576294,0.6691957116127014,1,-0.4593170046390559,HV-T
Crypto_ETH_USDT,DeepLOB_CNN_LSTM,4,106,2,2,0.02559814415872097,0.3179163634777069,0.6564854979515076,1,-0.48432000487277727,HV-T
Crypto_ETH_USDT,DeepLOB_CNN_LSTM,4,107,2,2,0.025005081668496132,0.33121323585510254,0.6437816619873047,1,-0.4843210047975297,HV-T
Crypto_ETH_USDT,DeepLOB_CNN_LSTM,4,108,2,2,0.02695564366877079,0.35361021757125854,0.619434118270874,1,-0.4743210046856522,HV-T
Crypto_ETH_USDT,DeepLOB_CNN_LSTM,4,109,2,2,0.027946200221776962,0.3334859311580658,0.6385678648948669,1,-0.4843230047980057,HV-T
Crypto_ETH_USDT,DeepLOB_CNN_LSTM,4,110,2,2,0.029413962736725807,0.33118894696235657,0.639397144317627,1,-0.4843230047980057,HV-T
Crypto_ETH_USDT,DeepLOB_CNN_LSTM,4,111,2,2,0.03328578919172287,0.34660792350769043,0.6201062798500061,1,-0.4843230047980057,HV-T
Crypto_ETH_USDT,DeepLOB_CNN_LSTM,4,112,2,2,0.03783361241221428,0.36585336923599243,0.5963130593299866,1,-0.4943260044495429,HV-T
Crypto_ETH_USDT,DeepLOB_CNN_LSTM,4,113,2,2,0.039413925260305405,0.3828968107700348,0.5776892900466919,1,-0.48932700445012445,HV-T
Crypto_ETH_USDT,DeepLOB_CNN_LSTM,4,114,2,2,0.03554007038474083,0.4535292387008667,0.5109306573867798,1,-0.5143290044238693,HV-T
Crypto_ETH_USDT,DeepLOB_CNN_LSTM,4,115,2,1,0.04224961996078491,0.5165771245956421,0.4411732852458954,0,0.0,HV-T
Crypto_ETH_USDT,DeepLOB_CNN_LSTM,4,116,2,1,0.050548724830150604,0.5748088955879211,0.37464237213134766,0,0.0,HV-T
Crypto_ETH_USDT,DeepLOB_CNN_LSTM,4,117,1,1,0.058944087475538254,0.5929419994354248,0.34811386466026306,0,0.0,HV-T
Crypto_ETH_USDT,DeepLOB_CNN_LSTM,4,118,1,1,0.05515575781464577,0.5992733240127563,0.3455708920955658,0,0.0,HV-T
Crypto_ETH_USDT,DeepLOB_CNN_LSTM,4,119,1,1,0.04998243972659111,0.6133383512496948,0.33667922019958496,0,0.0,HV-T
Crypto_ETH_USDT,DeepLOB_CNN_LSTM,4,120,1,1,0.054680079221725464,0.6224502325057983,0.3228696882724762,0,0.0,HV-T
Crypto_ETH_USDT,DeepLOB_CNN_LSTM,4,121,1,1,0.06031361222267151,0.6390173435211182,0.3006691336631775,0,0.0,HV-T
Crypto_ETH_USDT,DeepLOB_CNN_LSTM,4,122,1,1,0.06297851353883743,0.6489986777305603,0.2880227565765381,0,0.0,HV-T
Crypto_ETH_USDT,DeepLOB_CNN_LSTM,4,123,1,1,0.07463143765926361,0.6494283080101013,0.27594029903411865,0,0.0,HV-T
Crypto_ETH_USDT,DeepLOB_CNN_LSTM,4,124,1,1,0.09214521944522858,0.6627779006958008,0.24507692456245422,0,0.0,HV-M
Crypto_ETH_USDT,DeepLOB_CNN_LSTM,4,125,1,1,0.11130522936582565,0.6609681844711304,0.22772660851478577,0,0.0,HV-M
Crypto_ETH_USDT,DeepLOB_CNN_LSTM,4,126,1,1,0.08907414227724075,0.6514908671379089,0.2594349980354309,0,0.0,HV-M
Crypto_ETH_USDT,DeepLOB_CNN_LSTM,4,127,1,1,0.09851856529712677,0.6396517753601074,0.2618296444416046,0,0.0,LV-M
Crypto_ETH_USDT,DeepLOB_CNN_LSTM,4,128,1,1,0.0991777703166008,0.640105664730072,0.26071658730506897,0,0.0,LV-M
Crypto_ETH_USDT,DeepLOB_CNN_LSTM,4,129,1,1,0.13788041472434998,0.6203075647354126,0.24181202054023743,0,0.0,LV-T
Crypto_ETH_USDT,DeepLOB_CNN_LSTM,4,130,1,1,0.12472248822450638,0.5986706614494324,0.27660682797431946,0,0.0,HV-T
Crypto_ETH_USDT,DeepLOB_CNN_LSTM,4,131,1,1,0.10223627090454102,0.5977866053581238,0.2999771237373352,0,0.0,HV-T
Crypto_ETH_USDT,DeepLOB_CNN_LSTM,4,132,1,1,0.08933909237384796,0.6117432713508606,0.29891762137413025,0,0.0,HV-T
Crypto_ETH_USDT,DeepLOB_CNN_LSTM,4,133,1,1,0.07105646282434464,0.6389043927192688,0.2900390923023224,0,0.0,HV-T
Crypto_ETH_USDT,DeepLOB_CNN_LSTM,4,134,1,1,0.06078704074025154,0.657384991645813,0.28182798624038696,0,0.0,HV-T
Crypto_ETH_USDT,DeepLOB_CNN_LSTM,4,135,1,1,0.049285534769296646,0.6538825631141663,0.2968319058418274,0,0.0,LV-T
Crypto_ETH_USDT,DeepLOB_CNN_LSTM,4,136,1,1,0.041932739317417145,0.6491457223892212,0.3089214861392975,0,0.0,LV-T
Crypto_ETH_USDT,DeepLOB_CNN_LSTM,4,137,1,1,0.03559545427560806,0.6255098581314087,0.33889469504356384,0,0.0,LV-T
Crypto_ETH_USDT,DeepLOB_CNN_LSTM,4,138,1,1,0.03438195958733559,0.5966782569885254,0.36893969774246216,0,0.0,LV-T
Crypto_ETH_USDT,DeepLOB_CNN_LSTM,4,139,1,1,0.035874076187610626,0.583419680595398,0.38070616126060486,0,0.0,LV-M
Crypto_ETH_USDT,DeepLOB_CNN_LSTM,4,140,1,1,0.038904111832380295,0.5597777962684631,0.4013180434703827,0,0.0,LV-M
Crypto_ETH_USDT,DeepLOB_CNN_LSTM,4,141,1,1,0.03279545530676842,0.5206255912780762,0.4465789496898651,0,0.0,LV-M
Crypto_ETH_USDT,DeepLOB_CNN_LSTM,4,142,0,1,0.031843435019254684,0.48588448762893677,0.48227205872535706,0,0.0,LV-M
Crypto_ETH_USDT,DeepLOB_CNN_LSTM,4,143,0,2,0.030978841707110405,0.4532715678215027,0.5157495737075806,1,-0.5443310039794341,LV-M
Crypto_ETH_USDT,DeepLOB_CNN_LSTM,4,144,0,2,0.03596195578575134,0.4392664432525635,0.5247715711593628,1,-0.5543310038804802,LV-M
Crypto_ETH_USDT,DeepLOB_CNN_LSTM,4,145,0,2,0.037190549075603485,0.4012133777141571,0.5615960359573364,1,-0.5643310038481635,LV-M
Crypto_ETH_USDT,DeepLOB_CNN_LSTM,4,146,0,2,0.034484874457120895,0.373337060213089,0.5921780467033386,0,0.0,LV-T
Crypto_ETH_USDT,DeepLOB_CNN_LSTM,4,147,0,2,0.035230301320552826,0.3474467396736145,0.6173229813575745,0,0.0,LV-T
Crypto_ETH_USDT,DeepLOB_CNN_LSTM,4,148,0,2,0.03452060744166374,0.3611126244068146,0.6043667197227478,0,0.0,LV-T
Crypto_ETH_USDT,DeepLOB_CNN_LSTM,4,149,0,2,0.035434529185295105,0.3500298857688904,0.6145355105400085,0,0.0,LV-T
Crypto_ETH_USDT,DeepLOB_CNN_LSTM,4,150,0,2,0.037523556500673294,0.3351398706436157,0.6273365616798401,0,0.0,LV-T
Crypto_ETH_USDT,DeepLOB_CNN_LSTM,4,151,0,2,0.037733789533376694,0.32831642031669617,0.6339497566223145,0,0.0,HV-T
Crypto_ETH_USDT,DeepLOB_CNN_LSTM,4,152,0,2,0.0499691404402256,0.32513150572776794,0.6248993873596191,0,0.0,HV-T
Crypto_ETH_USDT,DeepLOB_CNN_LSTM,4,153,0,2,0.049337636679410934,0.31282973289489746,0.6378325819969177,0,0.0,HV-T
Crypto_ETH_USDT,DeepLOB_CNN_LSTM,4,154,0,2,0.049484238028526306,0.2864347994327545,0.6640809178352356,0,0.0,HV-T
Crypto_ETH_USDT,DeepLOB_CNN_LSTM,4,155,0,2,0.05287342891097069,0.27161791920661926,0.6755086183547974,0,0.0,HV-T
Crypto_ETH_USDT,LiT_Transformer,4,0,2,2,0.23309031128883362,0.31169283390045166,0.45521682500839233,1,-0.5243252733096453,LV-T
Crypto_ETH_USDT,LiT_Transformer,4,1,1,2,0.23235026001930237,0.3125835061073303,0.4550662636756897,1,-0.5293240000002092,LV-T
Crypto_ETH_USDT,LiT_Transformer,4,2,1,2,0.2344077080488205,0.3138393759727478,0.4517529010772705,1,-0.5293240000002092,LV-M
Crypto_ETH_USDT,LiT_Transformer,4,3,1,2,0.23400051891803741,0.31476572155952454,0.45123380422592163,1,-0.5343250012500934,LV-M
Crypto_ETH_USDT,LiT_Transformer,4,4,0,2,0.23542265594005585,0.3222860097885132,0.4422913193702698,1,-0.5343250011181272,LV-M
Crypto_ETH_USDT,LiT_Transformer,4,5,0,2,0.23647047579288483,0.32441627979278564,0.43911319971084595,1,-0.5293250010210593,LV-M
Crypto_ETH_USDT,LiT_Transformer,4,6,0,2,0.24146048724651337,0.3290548026561737,0.4294847249984741,1,-0.5443240014430014,LV-M
Crypto_ETH_USDT,LiT_Transformer,4,7,0,2,0.24154841899871826,0.33163145184516907,0.4268200993537903,1,-0.5393250016019221,LV-M
Crypto_ETH_USDT,LiT_Transformer,4,8,0,2,0.2481163740158081,0.33258020877838135,0.41930344700813293,1,-0.5293250015027514,LV-M
Crypto_ETH_USDT,LiT_Transformer,4,9,0,2,0.25488215684890747,0.33269163966178894,0.4124262034893036,1,-0.5243230021893078,LV-M
Crypto_ETH_USDT,LiT_Transformer,4,10,0,2,0.25255608558654785,0.33323198556900024,0.4142118990421295,1,-0.5093230020784715,LV-M
Crypto_ETH_USDT,LiT_Transformer,4,11,1,2,0.25639835000038147,0.3330925405025482,0.4105091392993927,1,-0.504322002086771,LV-M
Crypto_ETH_USDT,LiT_Transformer,4,12,1,2,0.25469970703125,0.3263949751853943,0.41890525817871094,1,-0.5093220020013648,LV-M
Crypto_ETH_USDT,LiT_Transformer,4,13,1,2,0.2555552124977112,0.3274436891078949,0.41700106859207153,1,-0.5043210020043375,LV-M
Crypto_ETH_USDT,LiT_Transformer,4,14,1,2,0.25286486744880676,0.32292231917381287,0.4242127537727356,1,-0.5143210019365885,LV-M
Crypto_ETH_USDT,LiT_Transformer,4,15,1,2,0.24635709822177887,0.3180677592754364,0.4355751574039459,1,-0.5193220020155479,LV-M
Crypto_ETH_USDT,LiT_Transformer,4,16,1,2,0.23950275778770447,0.3152172267436981,0.4452800750732422,1,-0.4943190026168658,LV-M
Crypto_ETH_USDT,LiT_Transformer,4,17,1,2,0.23341932892799377,0.31477510929107666,0.4518055319786072,1,-0.5143200026510099,LV-M
Crypto_ETH_USDT,LiT_Transformer,4,18,1,2,0.23042547702789307,0.3099103569984436,0.4596642255783081,1,-0.524322002873706,LV-M
Crypto_ETH_USDT,LiT_Transformer,4,19,1,2,0.22346274554729462,0.305804580450058,0.4707326889038086,1,-0.524321002841636,LV-M
Crypto_ETH_USDT,LiT_Transformer,4,20,1,2,0.2254156768321991,0.30444660782814026,0.47013771533966064,1,-0.5543240032594596,LV-M
Crypto_ETH_USDT,LiT_Transformer,4,21,0,2,0.22900936007499695,0.30626869201660156,0.4647219777107239,1,-0.5543250032254812,LV-M
Crypto_ETH_USDT,LiT_Transformer,4,22,0,2,0.23213763535022736,0.31177306175231934,0.4560893177986145,1,-0.554324003197868,LV-M
Crypto_ETH_USDT,LiT_Transformer,4,23,0,2,0.22900044918060303,0.31051105260849,0.46048858761787415,1,-0.5343230031691697,LV-M
Crypto_ETH_USDT,LiT_Transformer,4,24,0,2,0.22651244699954987,0.31785258650779724,0.4556349813938141,1,-0.5043210032530869,LV-M
Crypto_ETH_USDT,LiT_Transformer,4,25,0,2,0.22537732124328613,0.3194349408149719,0.45518776774406433,1,-0.5043220032340925,LV-M
Crypto_ETH_USDT,LiT_Transformer,4,26,1,2,0.22873298823833466,0.31938889622688293,0.45187804102897644,1,-0.4843230032140329,LV-M
Crypto_ETH_USDT,LiT_Transformer,4,27,2,2,0.2255243957042694,0.3219282627105713,0.45254725217819214,1,-0.4793210032869223,LV-M
Crypto_ETH_USDT,LiT_Transformer,4,28,2,2,0.2263476401567459,0.3237922191619873,0.449860155582428,1,-0.4593210032285461,LV-M
Crypto_ETH_USDT,LiT_Transformer,4,29,2,2,0.2300248146057129,0.33022040128707886,0.43975481390953064,1,-0.44931900328861674,LV-M
Crypto_ETH_USDT,LiT_Transformer,4,30,2,2,0.22547566890716553,0.3300325572490692,0.44449174404144287,1,-0.43431700339152635,HV-M
Crypto_ETH_USDT,LiT_Transformer,4,31,2,2,0.22598452866077423,0.33052417635917664,0.44349125027656555,1,-0.4443170033912899,HV-M
Crypto_ETH_USDT,LiT_Transformer,4,32,2,2,0.22606270015239716,0.33018478751182556,0.4437524676322937,1,-0.43431700339152635,HV-T
Crypto_ETH_USDT,LiT_Transformer,4,33,2,2,0.22198574244976044,0.32465142011642456,0.4533628821372986,1,-0.4543190034989152,HV-T
Crypto_ETH_USDT,LiT_Transformer,4,34,2,2,0.22691339254379272,0.32906219363212585,0.44402438402175903,1,-0.45932300399021864,HV-T
Crypto_ETH_USDT,LiT_Transformer,4,35,2,2,0.2286386936903,0.32931461930274963,0.4420467019081116,1,-0.47932500410032797,HV-T
Crypto_ETH_USDT,LiT_Transformer,4,36,2,2,0.23102599382400513,0.3329068124294281,0.43606722354888916,1,-0.499329004457149,HV-T
Crypto_ETH_USDT,LiT_Transformer,4,37,2,2,0.23099038004875183,0.33039605617523193,0.43861356377601624,1,-0.5043280044698982,HV-T
Crypto_ETH_USDT,LiT_Transformer,4,38,2,2,0.23998819291591644,0.3368695378303528,0.42314228415489197,1,-0.5193320048104181,HV-T
Crypto_ETH_USDT,LiT_Transformer,4,39,2,2,0.2508801221847534,0.33929741382598877,0.4098224341869354,1,-0.5143320046954354,HV-M
Crypto_ETH_USDT,LiT_Transformer,4,40,1,2,0.2574334144592285,0.3428231179714203,0.3997434973716736,1,-0.5243330047038424,HV-M
Crypto_ETH_USDT,LiT_Transformer,4,41,1,2,0.2617103159427643,0.34890586137771606,0.38938379287719727,1,-0.5143310047865681,HV-M
Crypto_ETH_USDT,LiT_Transformer,4,42,1,2,0.27765780687332153,0.35344165563583374,0.36890050768852234,1,-0.5243330048460135,HV-M
Crypto_ETH_USDT,LiT_Transformer,4,43,1,1,0.2922665476799011,0.3608976900577545,0.346835732460022,0,0.0,HV-M
Crypto_ETH_USDT,LiT_Transformer,4,44,1,1,0.3079109787940979,0.3619041442871094,0.3301849067211151,0,0.0,HV-M
Crypto_ETH_USDT,LiT_Transformer,4,45,1,1,0.33000433444976807,0.3666338324546814,0.30336180329322815,0,0.0,HV-M
Crypto_ETH_USDT,LiT_Transformer,4,46,0,1,0.35418134927749634,0.36378198862075806,0.2820366621017456,0,0.0,HV-M
Crypto_ETH_USDT,LiT_Transformer,4,47,0,1,0.3577611744403839,0.3669070303440094,0.2753317952156067,0,0.0,HV-M
Crypto_ETH_USDT,LiT_Transformer,4,48,0,0,0.3687339723110199,0.36738649010658264,0.26387953758239746,-1,-0.5043320049278213,HV-M
Crypto_ETH_USDT,LiT_Transformer,4,49,0,0,0.36786848306655884,0.3661186695098877,0.26601290702819824,-1,-0.4843330048958967,HV-T
Crypto_ETH_USDT,LiT_Transformer,4,50,0,1,0.35687756538391113,0.3682519793510437,0.27487048506736755,0,0.0,HV-T
Crypto_ETH_USDT,LiT_Transformer,4,51,0,1,0.35304006934165955,0.36596399545669556,0.2809959352016449,0,0.0,HV-T
Crypto_ETH_USDT,LiT_Transformer,4,52,0,1,0.35236963629722595,0.3637496829032898,0.28388068079948425,0,0.0,HV-T
Crypto_ETH_USDT,LiT_Transformer,4,53,0,1,0.3384302854537964,0.36335480213165283,0.29821497201919556,0,0.0,HV-T
Crypto_ETH_USDT,LiT_Transformer,4,54,0,1,0.33000093698501587,0.36059120297431946,0.3094078302383423,0,0.0,HV-T
Crypto_ETH_USDT,LiT_Transformer,4,55,0,1,0.318315327167511,0.35921236872673035,0.32247233390808105,0,0.0,HV-T
Crypto_ETH_USDT,LiT_Transformer,4,56,0,1,0.3093069791793823,0.3591631352901459,0.3315298855304718,0,0.0,HV-T
Crypto_ETH_USDT,LiT_Transformer,4,57,0,1,0.29516035318374634,0.35663869976997375,0.3482009768486023,0,0.0,HV-T
Crypto_ETH_USDT,LiT_Transformer,4,58,0,2,0.28579604625701904,0.35400089621543884,0.3602030277252197,1,-0.534329004866134,HV-T
Crypto_ETH_USDT,LiT_Transformer,4,59,0,2,0.27334511280059814,0.35368940234184265,0.37296542525291443,1,-0.5293270048664575,HV-T
Crypto_ETH_USDT,LiT_Transformer,4,60,0,2,0.2620141804218292,0.3498010039329529,0.3881848156452179,1,-0.5143250048661077,HV-T
Crypto_ETH_USDT,LiT_Transformer,4,61,0,2,0.2540074586868286,0.34698939323425293,0.39900311827659607,1,-0.5243250048658712,HV-T
Crypto_ETH_USDT,LiT_Transformer,4,62,1,2,0.2451772391796112,0.3428933918476105,0.4119293987751007,1,-0.5193240048990853,HV-T
Crypto_ETH_USDT,LiT_Transformer,4,63,1,2,0.23662200570106506,0.3443242907524109,0.41905367374420166,1,-0.5093230048575667,HV-T
Crypto_ETH_USDT,LiT_Transformer,4,64,1,2,0.2240198403596878,0.33910322189331055,0.43687695264816284,1,-0.5043210045924201,HV-T
Crypto_ETH_USDT,LiT_Transformer,4,65,1,2,0.2211364507675171,0.34063687920570374,0.43822669982910156,1,-0.5043230045928937,HV-T
Crypto_ETH_USDT,LiT_Transformer,4,66,1,2,0.219098299741745,0.3412783741950989,0.4396233558654785,1,-0.5143240042079666,HV-T
Crypto_ETH_USDT,LiT_Transformer,4,67,1,2,0.21639610826969147,0.3337830901145935,0.44982072710990906,1,-0.5143250042216103,LV-M
Crypto_ETH_USDT,LiT_Transformer,4,68,2,2,0.21664579212665558,0.3283589482307434,0.4549952745437622,1,-0.494325003753447,LV-T
Crypto_ETH_USDT,LiT_Transformer,4,69,2,2,0.21364063024520874,0.3289007842540741,0.4574586749076843,1,-0.49432400376754015,LV-T
Crypto_ETH_USDT,LiT_Transformer,4,70,2,2,0.21410951018333435,0.3273634612560272,0.4585270881652832,1,-0.4943250037677761,LV-T
Crypto_ETH_USDT,LiT_Transformer,4,71,2,2,0.21147961914539337,0.32291239500045776,0.4656079411506653,1,-0.48432300376800097,LV-T
Crypto_ETH_USDT,LiT_Transformer,4,72,2,2,0.21388506889343262,0.3219500184059143,0.4641648530960083,1,-0.5193240036642093,LV-T
Crypto_ETH_USDT,LiT_Transformer,4,73,2,2,0.21368661522865295,0.3242086172103882,0.46210476756095886,1,-0.5143240035767987,HV-T
Crypto_ETH_USDT,LiT_Transformer,4,74,2,2,0.21775127947330475,0.3199926018714905,0.4622561037540436,1,-0.5143230032486443,HV-T
Crypto_ETH_USDT,LiT_Transformer,4,75,1,2,0.2265138179063797,0.3181045353412628,0.45538169145584106,1,-0.5343250033273018,HV-T
Crypto_ETH_USDT,LiT_Transformer,4,76,1,2,0.2283421903848648,0.31525442004203796,0.45640337467193604,1,-0.5443250033270653,HV-T
Crypto_ETH_USDT,LiT_Transformer,4,77,0,2,0.23517122864723206,0.31595513224601746,0.4488736391067505,1,-0.5543270034575354,HV-T
Crypto_ETH_USDT,LiT_Transformer,4,78,0,2,0.24516712129116058,0.31232568621635437,0.44250720739364624,1,-0.55932900355655,HV-T
Crypto_ETH_USDT,LiT_Transformer,4,79,0,2,0.2578992247581482,0.32509350776672363,0.41700729727745056,1,-0.5443290035191141,HV-T
Crypto_ETH_USDT,LiT_Transformer,4,80,0,2,0.2655932605266571,0.32633233070373535,0.40807440876960754,1,-0.5443290034071022,HV-T
Crypto_ETH_USDT,LiT_Transformer,4,81,0,2,0.27329400181770325,0.3229016363620758,0.40380430221557617,1,-0.5543290034073205,HV-T
Crypto_ETH_USDT,LiT_Transformer,4,82,0,2,0.26962944865226746,0.3223598301410675,0.40801072120666504,1,-0.5443240040829674,HV-T
Crypto_ETH_USDT,LiT_Transformer,4,83,0,2,0.26990416646003723,0.3221496343612671,0.40794622898101807,1,-0.5443250041042607,HV-T
Crypto_ETH_USDT,LiT_Transformer,4,84,0,2,0.27162718772888184,0.3185558617115021,0.4098169207572937,1,-0.5393230041489836,HV-T
Crypto_ETH_USDT,LiT_Transformer,4,85,0,2,0.2666337788105011,0.32138919830322266,0.411977082490921,1,-0.5193210041485335,HV-T
Crypto_ETH_USDT,LiT_Transformer,4,86,0,2,0.2645854949951172,0.326890230178833,0.40852436423301697,1,-0.5143190042209628,HV-M
Crypto_ETH_USDT,LiT_Transformer,4,87,0,2,0.2514076828956604,0.3299567699432373,0.4186354875564575,1,-0.5093190041487565,HV-M
Crypto_ETH_USDT,LiT_Transformer,4,88,1,2,0.24373117089271545,0.3231176733970642,0.43315115571022034,1,-0.5343200040553894,HV-M
Crypto_ETH_USDT,LiT_Transformer,4,89,1,2,0.24046163260936737,0.31907156109809875,0.4404667317867279,1,-0.5343230042413608,HV-M
Crypto_ETH_USDT,LiT_Transformer,4,90,0,2,0.23154112696647644,0.31467655301094055,0.4537823498249054,1,-0.5443230041491064,HV-M
Crypto_ETH_USDT,LiT_Transformer,4,91,0,2,0.22707025706768036,0.3148007392883301,0.458128958940506,1,-0.5293210042412364,HV-M
Crypto_ETH_USDT,LiT_Transformer,4,92,0,2,0.2227718085050583,0.3169691562652588,0.4602590501308441,1,-0.5193190043095102,HV-M
Crypto_ETH_USDT,LiT_Transformer,4,93,0,2,0.2196563333272934,0.3182007968425751,0.4621428847312927,1,-0.5343190042918431,HV-T
Crypto_ETH_USDT,LiT_Transformer,4,94,0,2,0.2139562964439392,0.32204023003578186,0.4640035033226013,1,-0.5343180042215709,HV-T
Crypto_ETH_USDT,LiT_Transformer,4,95,0,2,0.21114985644817352,0.32349562644958496,0.4653545022010803,1,-0.5343200042220436,HV-T
Crypto_ETH_USDT,LiT_Transformer,4,96,1,2,0.2074136883020401,0.32236388325691223,0.470222532749176,1,-0.5093190042080824,HV-M
Crypto_ETH_USDT,LiT_Transformer,4,97,1,2,0.20836998522281647,0.32364505529403687,0.46798497438430786,1,-0.5143200042084278,HV-M
Crypto_ETH_USDT,LiT_Transformer,4,98,1,2,0.20685908198356628,0.32529217004776,0.4678487777709961,1,-0.4943170044009557,LV-M
Crypto_ETH_USDT,LiT_Transformer,4,99,1,2,0.20723553001880646,0.3274129331111908,0.46535152196884155,1,-0.49431900450503286,LV-M
Crypto_ETH_USDT,LiT_Transformer,4,100,2,2,0.2042684108018875,0.32276278734207153,0.4729687571525574,1,-0.48431700454528037,LV-M
Crypto_ETH_USDT,LiT_Transformer,4,101,2,2,0.20669397711753845,0.32270216941833496,0.4706038534641266,1,-0.49431800450479946,LV-M
Crypto_ETH_USDT,LiT_Transformer,4,102,2,2,0.20696574449539185,0.32220175862312317,0.470832496881485,1,-0.4793180044721169,HV-M
Crypto_ETH_USDT,LiT_Transformer,4,103,2,2,0.20321691036224365,0.3242783546447754,0.47250473499298096,1,-0.4543150046494342,HV-M
Crypto_ETH_USDT,LiT_Transformer,4,104,2,2,0.19930051267147064,0.3206234574317932,0.48007601499557495,1,-0.4443150046396165,HV-T
Crypto_ETH_USDT,LiT_Transformer,4,105,2,2,0.19850337505340576,0.3215298354625702,0.4799668490886688,1,-0.4593170046390559,HV-T
Crypto_ETH_USDT,LiT_Transformer,4,106,2,2,0.20140618085861206,0.3208613693714142,0.47773247957229614,1,-0.48432000487277727,HV-T
Crypto_ETH_USDT,LiT_Transformer,4,107,2,2,0.20471100509166718,0.3198738396167755,0.4754151999950409,1,-0.4843210047975297,HV-T
Crypto_ETH_USDT,LiT_Transformer,4,108,2,2,0.20445966720581055,0.3200530409812927,0.4754873216152191,1,-0.4743210046856522,HV-T
Crypto_ETH_USDT,LiT_Transformer,4,109,2,2,0.21144357323646545,0.31764668226242065,0.4709096848964691,1,-0.4843230047980057,HV-T
Crypto_ETH_USDT,LiT_Transformer,4,110,2,2,0.21144677698612213,0.3204571604728699,0.4680960476398468,1,-0.4843230047980057,HV-T
Crypto_ETH_USDT,LiT_Transformer,4,111,2,2,0.213312566280365,0.32209840416908264,0.46458899974823,1,-0.4843230047980057,HV-T
Crypto_ETH_USDT,LiT_Transformer,4,112,2,2,0.21906206011772156,0.3236720561981201,0.4572659134864807,1,-0.4943260044495429,HV-T
Crypto_ETH_USDT,LiT_Transformer,4,113,2,2,0.23095324635505676,0.32432448863983154,0.4447222948074341,1,-0.48932700445012445,HV-T
Crypto_ETH_USDT,LiT_Transformer,4,114,2,2,0.23782506585121155,0.3306453824043274,0.43152958154678345,1,-0.5143290044238693,HV-T
Crypto_ETH_USDT,LiT_Transformer,4,115,2,2,0.2557714581489563,0.3422299027442932,0.40199869871139526,1,-0.5143280043396468,HV-T
Crypto_ETH_USDT,LiT_Transformer,4,116,2,2,0.26594582200050354,0.344254732131958,0.38979947566986084,1,-0.5143270042516034,HV-T
Crypto_ETH_USDT,LiT_Transformer,4,117,1,2,0.2723347544670105,0.35009971261024475,0.37756553292274475,1,-0.5143270042516034,HV-T
Crypto_ETH_USDT,LiT_Transformer,4,118,1,1,0.2943059802055359,0.35355865955352783,0.3521353304386139,0,0.0,HV-T
Crypto_ETH_USDT,LiT_Transformer,4,119,1,1,0.3186897337436676,0.36069631576538086,0.32061392068862915,0,0.0,HV-T
Crypto_ETH_USDT,LiT_Transformer,4,120,1,1,0.33264845609664917,0.3639090061187744,0.30344244837760925,0,0.0,HV-T
Crypto_ETH_USDT,LiT_Transformer,4,121,1,1,0.338306188583374,0.3640901446342468,0.2976036071777344,0,0.0,HV-T
Crypto_ETH_USDT,LiT_Transformer,4,122,1,1,0.3524276912212372,0.36098355054855347,0.2865888178348541,0,0.0,HV-T
Crypto_ETH_USDT,LiT_Transformer,4,123,1,1,0.35439255833625793,0.35730814933776855,0.2882992923259735,0,0.0,HV-T
Crypto_ETH_USDT,LiT_Transformer,4,124,1,1,0.3526667058467865,0.35788390040397644,0.28944942355155945,0,0.0,HV-M
Crypto_ETH_USDT,LiT_Transformer,4,125,1,0,0.3580351173877716,0.3541009724140167,0.28786391019821167,-1,-0.5143290041080824,HV-M
Crypto_ETH_USDT,LiT_Transformer,4,126,1,1,0.3549766540527344,0.3558869957923889,0.2891364097595215,0,0.0,HV-M
Crypto_ETH_USDT,LiT_Transformer,4,127,1,1,0.34396159648895264,0.35691434144973755,0.2991240322589874,0,0.0,LV-M
Crypto_ETH_USDT,LiT_Transformer,4,128,1,1,0.33511847257614136,0.35698187351226807,0.30789968371391296,0,0.0,LV-M
Crypto_ETH_USDT,LiT_Transformer,4,129,1,1,0.3209153413772583,0.3544691205024719,0.3246155083179474,0,0.0,LV-T
Crypto_ETH_USDT,LiT_Transformer,4,130,1,1,0.3128632605075836,0.350680410861969,0.336456298828125,0,0.0,HV-T
Crypto_ETH_USDT,LiT_Transformer,4,131,1,1,0.3122551143169403,0.3513737916946411,0.3363710939884186,0,0.0,HV-T
Crypto_ETH_USDT,LiT_Transformer,4,132,1,1,0.3051930367946625,0.35139182209968567,0.34341517090797424,0,0.0,HV-T
Crypto_ETH_USDT,LiT_Transformer,4,133,1,2,0.29357507824897766,0.3499144911766052,0.35651037096977234,1,-0.5143300039794694,HV-T
Crypto_ETH_USDT,LiT_Transformer,4,134,1,2,0.2861078977584839,0.35263189673423767,0.36126020550727844,1,-0.5043290040328214,HV-T
Crypto_ETH_USDT,LiT_Transformer,4,135,1,2,0.27648797631263733,0.3533458709716797,0.37016618251800537,1,-0.5043290039717913,LV-T
Crypto_ETH_USDT,LiT_Transformer,4,136,1,2,0.2704824209213257,0.35366910696029663,0.3758484423160553,1,-0.5143290037801689,LV-T
Crypto_ETH_USDT,LiT_Transformer,4,137,1,2,0.26552480459213257,0.3570828437805176,0.37739235162734985,1,-0.5243310038472766,LV-T
Crypto_ETH_USDT,LiT_Transformer,4,138,1,2,0.259117990732193,0.3561980128288269,0.3846839964389801,1,-0.529329003990145,LV-T
Crypto_ETH_USDT,LiT_Transformer,4,139,1,2,0.2553715407848358,0.3581264317035675,0.3865020275115967,1,-0.524331003990276,LV-M
Crypto_ETH_USDT,LiT_Transformer,4,140,1,2,0.2516804039478302,0.35991623997688293,0.3884032964706421,1,-0.5193290041207801,LV-M
Crypto_ETH_USDT,LiT_Transformer,4,141,1,2,0.2537505626678467,0.3561190366744995,0.3901304006576538,1,-0.5343310042005472,LV-M
Crypto_ETH_USDT,LiT_Transformer,4,142,0,2,0.25331974029541016,0.3536761701107025,0.39300405979156494,1,-0.5443310039983461,LV-M
Crypto_ETH_USDT,LiT_Transformer,4,143,0,2,0.25011253356933594,0.3501863479614258,0.3997011184692383,1,-0.5443310039794341,LV-M
Crypto_ETH_USDT,LiT_Transformer,4,144,0,2,0.2513786554336548,0.3505465090274811,0.39807480573654175,1,-0.5543310038804802,LV-M
Crypto_ETH_USDT,LiT_Transformer,4,145,0,2,0.24918006360530853,0.34796711802482605,0.4028528332710266,1,-0.5643310038481635,LV-M
Crypto_ETH_USDT,LiT_Transformer,4,146,0,2,0.24233780801296234,0.3451111614704132,0.41255101561546326,0,0.0,LV-T
Crypto_ETH_USDT,LiT_Transformer,4,147,0,2,0.2414904236793518,0.341908723115921,0.41660094261169434,0,0.0,LV-T
Crypto_ETH_USDT,LiT_Transformer,4,148,0,2,0.24411292374134064,0.34521302580833435,0.4106740951538086,0,0.0,LV-T
Crypto_ETH_USDT,LiT_Transformer,4,149,0,2,0.24104662239551544,0.3391302824020386,0.4198231101036072,0,0.0,LV-T
Crypto_ETH_USDT,LiT_Transformer,4,150,0,2,0.2416108399629593,0.33492833375930786,0.42346087098121643,0,0.0,LV-T
Crypto_ETH_USDT,LiT_Transformer,4,151,0,2,0.24115779995918274,0.32753926515579224,0.43130287528038025,0,0.0,HV-T
Crypto_ETH_USDT,LiT_Transformer,4,152,0,2,0.2345874309539795,0.3228311240673065,0.4425814747810364,0,0.0,HV-T
Crypto_ETH_USDT,LiT_Transformer,4,153,0,2,0.2296297401189804,0.32099857926368713,0.44937166571617126,0,0.0,HV-T
Crypto_ETH_USDT,LiT_Transformer,4,154,0,2,0.222719207406044,0.31064629554748535,0.46663448214530945,0,0.0,HV-T
Crypto_ETH_USDT,LiT_Transformer,4,155,0,2,0.2204217165708542,0.3098722994327545,0.4697059988975525,0,0.0,HV-T
